<?xml version='1.0' encoding='UTF-8'?>
<gpx version="1.1" creator="https://www.komoot.de" xmlns="http://www.topografix.com/GPX/1/1" xmlns:xsi="http://www.w3.org/2001/XMLSchema-instance" xsi:schemaLocation="http://www.topografix.com/GPX/1/1 http://www.topografix.com/GPX/1/1/gpx.xsd">
  <metadata>
    <name>Alpentour Tag 7: von Madonna di Campiglio nach Nago-Torbole/Gardasee</name>
    <author>
      <link href="https://www.komoot.de">
        <text>komoot</text>
        <type>text/html</type>
      </link>
    </author>
  </metadata>
  <wpt lat="46.017395" lon="10.819720">
    <name>Trattoria Alla Rosa</name>
    <sym>Restaurant</sym>
  </wpt>
  <wpt lat="46.015803" lon="10.820470">
    <name>Trinkwasserstelle</name>
    <sym>Drinking Water</sym>
  </wpt>
  <trk>
    <name>Alpentour Tag 7: von Madonna di Campiglio nach Nago-Torbole/Gardasee</name>
    <type>mtb_easy</type>
    <trkseg>
      <trkpt lat="46.221193" lon="10.823013">
        <ele>1471.367133</ele>
        <time>2026-08-14T12:16:24.408Z</time>
      </trkpt>
      <trkpt lat="46.221156" lon="10.823021">
        <ele>1471.367133</ele>
        <time>2026-08-14T12:16:24.905Z</time>
      </trkpt>
      <trkpt lat="46.221033" lon="10.823093">
        <ele>1471.367133</ele>
        <time>2026-08-14T12:16:26.647Z</time>
      </trkpt>
      <trkpt lat="46.220925" lon="10.823223">
        <ele>1471.367133</ele>
        <time>2026-08-14T12:16:28.465Z</time>
      </trkpt>
      <trkpt lat="46.220748" lon="10.823436">
        <ele>1471.367133</ele>
        <time>2026-08-14T12:16:31.379Z</time>
      </trkpt>
      <trkpt lat="46.220681" lon="10.823472">
        <ele>1471.367133</ele>
        <time>2026-08-14T12:16:32.291Z</time>
      </trkpt>
      <trkpt lat="46.220335" lon="10.823446">
        <ele>1471.079958</ele>
        <time>2026-08-14T12:16:36.676Z</time>
      </trkpt>
      <trkpt lat="46.220198" lon="10.823524">
        <ele>1470.370596</ele>
        <time>2026-08-14T12:16:38.557Z</time>
      </trkpt>
      <trkpt lat="46.220107" lon="10.823729">
        <ele>1469.558750</ele>
        <time>2026-08-14T12:16:40.743Z</time>
      </trkpt>
      <trkpt lat="46.220039" lon="10.824193">
        <ele>1467.977834</ele>
        <time>2026-08-14T12:16:45.220Z</time>
      </trkpt>
      <trkpt lat="46.219782" lon="10.824099">
        <ele>1466.700701</ele>
        <time>2026-08-14T12:16:49.065Z</time>
      </trkpt>
      <trkpt lat="46.219644" lon="10.823996">
        <ele>1465.952468</ele>
        <time>2026-08-14T12:16:51.422Z</time>
      </trkpt>
      <trkpt lat="46.219582" lon="10.823854">
        <ele>1465.392787</ele>
        <time>2026-08-14T12:16:53.255Z</time>
      </trkpt>
      <trkpt lat="46.219491" lon="10.823764">
        <ele>1464.861577</ele>
        <time>2026-08-14T12:16:54.994Z</time>
      </trkpt>
      <trkpt lat="46.219327" lon="10.823664">
        <ele>1464.004069</ele>
        <time>2026-08-14T12:16:57.862Z</time>
      </trkpt>
      <trkpt lat="46.218703" lon="10.823566">
        <ele>1460.809619</ele>
        <time>2026-08-14T12:17:08.286Z</time>
      </trkpt>
      <trkpt lat="46.218541" lon="10.823588">
        <ele>1459.948069</ele>
        <time>2026-08-14T12:17:10.776Z</time>
      </trkpt>
      <trkpt lat="46.218420" lon="10.823646">
        <ele>1459.273071</ele>
        <time>2026-08-14T12:17:12.623Z</time>
      </trkpt>
      <trkpt lat="46.216592" lon="10.824743">
        <ele>1448.222070</ele>
        <time>2026-08-14T12:17:38.889Z</time>
      </trkpt>
      <trkpt lat="46.216467" lon="10.824818">
        <ele>1447.412183</ele>
        <time>2026-08-14T12:17:40.820Z</time>
      </trkpt>
      <trkpt lat="46.216365" lon="10.824810">
        <ele>1446.800928</ele>
        <time>2026-08-14T12:17:42.293Z</time>
      </trkpt>
      <trkpt lat="46.216303" lon="10.824752">
        <ele>1446.358985</ele>
        <time>2026-08-14T12:17:43.376Z</time>
      </trkpt>
      <trkpt lat="46.216290" lon="10.824635">
        <ele>1445.868343</ele>
        <time>2026-08-14T12:17:44.534Z</time>
      </trkpt>
      <trkpt lat="46.216339" lon="10.824418">
        <ele>1444.923225</ele>
        <time>2026-08-14T12:17:46.729Z</time>
      </trkpt>
      <trkpt lat="46.216330" lon="10.824240">
        <ele>1444.184255</ele>
        <time>2026-08-14T12:17:48.438Z</time>
      </trkpt>
      <trkpt lat="46.216299" lon="10.824171">
        <ele>1443.843621</ele>
        <time>2026-08-14T12:17:49.203Z</time>
      </trkpt>
      <trkpt lat="46.216223" lon="10.824103">
        <ele>1443.308744</ele>
        <time>2026-08-14T12:17:50.419Z</time>
      </trkpt>
      <trkpt lat="46.215879" lon="10.823949">
        <ele>1440.870760</ele>
        <time>2026-08-14T12:17:55.332Z</time>
      </trkpt>
      <trkpt lat="46.215713" lon="10.823949">
        <ele>1439.654633</ele>
        <time>2026-08-14T12:17:57.661Z</time>
      </trkpt>
      <trkpt lat="46.215618" lon="10.824002">
        <ele>1438.908600</ele>
        <time>2026-08-14T12:17:59.069Z</time>
      </trkpt>
      <trkpt lat="46.215431" lon="10.824171">
        <ele>1437.292812</ele>
        <time>2026-08-14T12:18:02.610Z</time>
      </trkpt>
      <trkpt lat="46.215225" lon="10.824284">
        <ele>1435.678587</ele>
        <time>2026-08-14T12:18:05.484Z</time>
      </trkpt>
      <trkpt lat="46.215040" lon="10.824313">
        <ele>1434.315316</ele>
        <time>2026-08-14T12:18:07.884Z</time>
      </trkpt>
      <trkpt lat="46.214365" lon="10.824234">
        <ele>1429.354033</ele>
        <time>2026-08-14T12:18:16.527Z</time>
      </trkpt>
      <trkpt lat="46.213875" lon="10.824244">
        <ele>1427.363222</ele>
        <time>2026-08-14T12:18:22.902Z</time>
      </trkpt>
      <trkpt lat="46.213677" lon="10.824329">
        <ele>1426.546495</ele>
        <time>2026-08-14T12:18:25.635Z</time>
      </trkpt>
      <trkpt lat="46.213428" lon="10.824208">
        <ele>1425.507748</ele>
        <time>2026-08-14T12:18:29.272Z</time>
      </trkpt>
      <trkpt lat="46.213255" lon="10.824263">
        <ele>1424.807329</ele>
        <time>2026-08-14T12:18:31.862Z</time>
      </trkpt>
      <trkpt lat="46.213083" lon="10.824408">
        <ele>1424.019960</ele>
        <time>2026-08-14T12:18:34.992Z</time>
      </trkpt>
      <trkpt lat="46.212942" lon="10.824442">
        <ele>1423.454722</ele>
        <time>2026-08-14T12:18:37.483Z</time>
      </trkpt>
      <trkpt lat="46.212906" lon="10.824451">
        <ele>1423.310260</ele>
        <time>2026-08-14T12:18:38.151Z</time>
      </trkpt>
      <trkpt lat="46.212645" lon="10.824344">
        <ele>1422.237513</ele>
        <time>2026-08-14T12:18:44.260Z</time>
      </trkpt>
      <trkpt lat="46.211917" lon="10.823548">
        <ele>1425.675296</ele>
        <time>2026-08-14T12:19:23.062Z</time>
      </trkpt>
      <trkpt lat="46.210490" lon="10.822517">
        <ele>1430.013026</ele>
        <time>2026-08-14T12:20:40.370Z</time>
      </trkpt>
      <trkpt lat="46.210200" lon="10.822217">
        <ele>1430.365183</ele>
        <time>2026-08-14T12:20:49.304Z</time>
      </trkpt>
      <trkpt lat="46.210040" lon="10.822122">
        <ele>1430.535984</ele>
        <time>2026-08-14T12:20:52.673Z</time>
      </trkpt>
      <trkpt lat="46.209721" lon="10.822010">
        <ele>1430.860129</ele>
        <time>2026-08-14T12:20:58.273Z</time>
      </trkpt>
      <trkpt lat="46.209499" lon="10.821805">
        <ele>1431.089320</ele>
        <time>2026-08-14T12:21:02.266Z</time>
      </trkpt>
      <trkpt lat="46.208977" lon="10.821031">
        <ele>1426.509923</ele>
        <time>2026-08-14T12:21:14.017Z</time>
      </trkpt>
      <trkpt lat="46.208669" lon="10.820725">
        <ele>1424.221358</ele>
        <time>2026-08-14T12:21:19.760Z</time>
      </trkpt>
      <trkpt lat="46.208529" lon="10.820376">
        <ele>1422.512083</ele>
        <time>2026-08-14T12:21:23.989Z</time>
      </trkpt>
      <trkpt lat="46.208202" lon="10.820131">
        <ele>1420.256777</ele>
        <time>2026-08-14T12:21:29.517Z</time>
      </trkpt>
      <trkpt lat="46.208135" lon="10.820053">
        <ele>1419.564614</ele>
        <time>2026-08-14T12:21:30.789Z</time>
      </trkpt>
      <trkpt lat="46.208101" lon="10.819992">
        <ele>1419.085668</ele>
        <time>2026-08-14T12:21:31.584Z</time>
      </trkpt>
      <trkpt lat="46.208094" lon="10.819841">
        <ele>1418.160251</ele>
        <time>2026-08-14T12:21:33.112Z</time>
      </trkpt>
      <trkpt lat="46.208235" lon="10.819629">
        <ele>1416.362267</ele>
        <time>2026-08-14T12:21:36.069Z</time>
      </trkpt>
      <trkpt lat="46.208240" lon="10.819540">
        <ele>1415.816254</ele>
        <time>2026-08-14T12:21:36.972Z</time>
      </trkpt>
      <trkpt lat="46.208216" lon="10.819452">
        <ele>1415.237866</ele>
        <time>2026-08-14T12:21:37.920Z</time>
      </trkpt>
      <trkpt lat="46.208030" lon="10.819300">
        <ele>1413.349749</ele>
        <time>2026-08-14T12:21:41.071Z</time>
      </trkpt>
      <trkpt lat="46.207741" lon="10.818997">
        <ele>1410.194777</ele>
        <time>2026-08-14T12:21:46.274Z</time>
      </trkpt>
      <trkpt lat="46.207644" lon="10.818801">
        <ele>1408.721321</ele>
        <time>2026-08-14T12:21:48.693Z</time>
      </trkpt>
      <trkpt lat="46.207665" lon="10.818611">
        <ele>1407.544759</ele>
        <time>2026-08-14T12:21:50.633Z</time>
      </trkpt>
      <trkpt lat="46.207607" lon="10.818566">
        <ele>1406.963068</ele>
        <time>2026-08-14T12:21:51.586Z</time>
      </trkpt>
      <trkpt lat="46.207530" lon="10.818559">
        <ele>1406.281350</ele>
        <time>2026-08-14T12:21:52.707Z</time>
      </trkpt>
      <trkpt lat="46.207494" lon="10.818707">
        <ele>1405.322062</ele>
        <time>2026-08-14T12:21:54.289Z</time>
      </trkpt>
      <trkpt lat="46.207488" lon="10.818923">
        <ele>1403.985928</ele>
        <time>2026-08-14T12:21:56.459Z</time>
      </trkpt>
      <trkpt lat="46.207700" lon="10.819346">
        <ele>1400.575807</ele>
        <time>2026-08-14T12:22:01.655Z</time>
      </trkpt>
      <trkpt lat="46.207728" lon="10.819468">
        <ele>1399.736565</ele>
        <time>2026-08-14T12:22:02.925Z</time>
      </trkpt>
      <trkpt lat="46.207688" lon="10.819605">
        <ele>1398.765694</ele>
        <time>2026-08-14T12:22:04.402Z</time>
      </trkpt>
      <trkpt lat="46.207625" lon="10.819721">
        <ele>1397.802903</ele>
        <time>2026-08-14T12:22:05.884Z</time>
      </trkpt>
      <trkpt lat="46.207608" lon="10.819890">
        <ele>1396.687847</ele>
        <time>2026-08-14T12:22:07.596Z</time>
      </trkpt>
      <trkpt lat="46.207827" lon="10.820785">
        <ele>1390.489555</ele>
        <time>2026-08-14T12:22:17.009Z</time>
      </trkpt>
      <trkpt lat="46.208090" lon="10.821481">
        <ele>1385.659840</ele>
        <time>2026-08-14T12:22:25.059Z</time>
      </trkpt>
      <trkpt lat="46.208098" lon="10.821558">
        <ele>1385.243187</ele>
        <time>2026-08-14T12:22:25.862Z</time>
      </trkpt>
      <trkpt lat="46.208076" lon="10.821625">
        <ele>1384.846352</ele>
        <time>2026-08-14T12:22:26.610Z</time>
      </trkpt>
      <trkpt lat="46.207974" lon="10.821632">
        <ele>1384.056762</ele>
        <time>2026-08-14T12:22:28.127Z</time>
      </trkpt>
      <trkpt lat="46.207932" lon="10.821568">
        <ele>1383.584792</ele>
        <time>2026-08-14T12:22:29.025Z</time>
      </trkpt>
      <trkpt lat="46.207763" lon="10.821074">
        <ele>1380.635973</ele>
        <time>2026-08-14T12:22:34.697Z</time>
      </trkpt>
      <trkpt lat="46.207303" lon="10.820249">
        <ele>1374.966657</ele>
        <time>2026-08-14T12:22:45.704Z</time>
      </trkpt>
      <trkpt lat="46.207210" lon="10.819650">
        <ele>1372.110350</ele>
        <time>2026-08-14T12:22:52.196Z</time>
      </trkpt>
      <trkpt lat="46.207148" lon="10.819582">
        <ele>1371.664777</ele>
        <time>2026-08-14T12:22:53.366Z</time>
      </trkpt>
      <trkpt lat="46.206978" lon="10.819546">
        <ele>1370.681226</ele>
        <time>2026-08-14T12:22:55.950Z</time>
      </trkpt>
      <trkpt lat="46.206957" lon="10.819506">
        <ele>1370.482323</ele>
        <time>2026-08-14T12:22:56.467Z</time>
      </trkpt>
      <trkpt lat="46.206948" lon="10.819429">
        <ele>1370.172957</ele>
        <time>2026-08-14T12:22:57.294Z</time>
      </trkpt>
      <trkpt lat="46.206971" lon="10.819297">
        <ele>1369.633702</ele>
        <time>2026-08-14T12:22:58.717Z</time>
      </trkpt>
      <trkpt lat="46.206953" lon="10.818828">
        <ele>1367.772841</ele>
        <time>2026-08-14T12:23:03.724Z</time>
      </trkpt>
      <trkpt lat="46.206877" lon="10.818717">
        <ele>1367.154256</ele>
        <time>2026-08-14T12:23:05.455Z</time>
      </trkpt>
      <trkpt lat="46.206830" lon="10.818589">
        <ele>1366.580211</ele>
        <time>2026-08-14T12:23:07.078Z</time>
      </trkpt>
      <trkpt lat="46.206834" lon="10.818180">
        <ele>1364.959738</ele>
        <time>2026-08-14T12:23:11.810Z</time>
      </trkpt>
      <trkpt lat="46.206806" lon="10.818023">
        <ele>1364.317440</ele>
        <time>2026-08-14T12:23:13.731Z</time>
      </trkpt>
      <trkpt lat="46.206629" lon="10.817655">
        <ele>1362.575533</ele>
        <time>2026-08-14T12:23:18.782Z</time>
      </trkpt>
      <trkpt lat="46.206597" lon="10.817316">
        <ele>1361.311941</ele>
        <time>2026-08-14T12:23:22.563Z</time>
      </trkpt>
      <trkpt lat="46.206317" lon="10.816666">
        <ele>1358.484290</ele>
        <time>2026-08-14T12:23:30.941Z</time>
      </trkpt>
      <trkpt lat="46.206204" lon="10.816512">
        <ele>1357.655356</ele>
        <time>2026-08-14T12:23:33.451Z</time>
      </trkpt>
      <trkpt lat="46.206129" lon="10.816470">
        <ele>1357.226107</ele>
        <time>2026-08-14T12:23:34.749Z</time>
      </trkpt>
      <trkpt lat="46.205807" lon="10.816548">
        <ele>1355.483757</ele>
        <time>2026-08-14T12:23:40.033Z</time>
      </trkpt>
      <trkpt lat="46.205572" lon="10.816450">
        <ele>1354.178481</ele>
        <time>2026-08-14T12:23:43.899Z</time>
      </trkpt>
      <trkpt lat="46.205484" lon="10.816274">
        <ele>1353.354799</ele>
        <time>2026-08-14T12:23:46.197Z</time>
      </trkpt>
      <trkpt lat="46.205492" lon="10.816036">
        <ele>1352.162138</ele>
        <time>2026-08-14T12:23:48.673Z</time>
      </trkpt>
      <trkpt lat="46.205587" lon="10.815616">
        <ele>1349.950495</ele>
        <time>2026-08-14T12:23:53.199Z</time>
      </trkpt>
      <trkpt lat="46.205587" lon="10.815501">
        <ele>1349.374889</ele>
        <time>2026-08-14T12:23:54.382Z</time>
      </trkpt>
      <trkpt lat="46.205515" lon="10.815138">
        <ele>1347.484828</ele>
        <time>2026-08-14T12:23:58.311Z</time>
      </trkpt>
      <trkpt lat="46.205435" lon="10.815018">
        <ele>1346.650850</ele>
        <time>2026-08-14T12:24:00.063Z</time>
      </trkpt>
      <trkpt lat="46.205354" lon="10.814998">
        <ele>1346.056544</ele>
        <time>2026-08-14T12:24:01.317Z</time>
      </trkpt>
      <trkpt lat="46.205254" lon="10.815042">
        <ele>1345.300526</ele>
        <time>2026-08-14T12:24:02.930Z</time>
      </trkpt>
      <trkpt lat="46.204783" lon="10.815385">
        <ele>1341.485936</ele>
        <time>2026-08-14T12:24:10.965Z</time>
      </trkpt>
      <trkpt lat="46.204679" lon="10.815323">
        <ele>1340.672274</ele>
        <time>2026-08-14T12:24:12.615Z</time>
      </trkpt>
      <trkpt lat="46.204556" lon="10.815171">
        <ele>1339.393067</ele>
        <time>2026-08-14T12:24:14.977Z</time>
      </trkpt>
      <trkpt lat="46.204507" lon="10.815013">
        <ele>1338.424954</ele>
        <time>2026-08-14T12:24:16.705Z</time>
      </trkpt>
      <trkpt lat="46.204546" lon="10.814495">
        <ele>1335.511431</ele>
        <time>2026-08-14T12:24:21.927Z</time>
      </trkpt>
      <trkpt lat="46.204475" lon="10.814414">
        <ele>1334.780551</ele>
        <time>2026-08-14T12:24:23.244Z</time>
      </trkpt>
      <trkpt lat="46.204372" lon="10.814405">
        <ele>1333.946863</ele>
        <time>2026-08-14T12:24:24.769Z</time>
      </trkpt>
      <trkpt lat="46.204103" lon="10.814527">
        <ele>1331.668983</ele>
        <time>2026-08-14T12:24:28.994Z</time>
      </trkpt>
      <trkpt lat="46.203961" lon="10.814533">
        <ele>1330.521232</ele>
        <time>2026-08-14T12:24:31.137Z</time>
      </trkpt>
      <trkpt lat="46.203853" lon="10.814426">
        <ele>1329.463244</ele>
        <time>2026-08-14T12:24:33.127Z</time>
      </trkpt>
      <trkpt lat="46.203657" lon="10.813978">
        <ele>1326.499643</ele>
        <time>2026-08-14T12:24:38.610Z</time>
      </trkpt>
      <trkpt lat="46.203557" lon="10.813830">
        <ele>1325.247481</ele>
        <time>2026-08-14T12:24:40.709Z</time>
      </trkpt>
      <trkpt lat="46.203300" lon="10.813611">
        <ele>1322.421385</ele>
        <time>2026-08-14T12:24:45.125Z</time>
      </trkpt>
      <trkpt lat="46.203132" lon="10.813404">
        <ele>1320.330069</ele>
        <time>2026-08-14T12:24:48.370Z</time>
      </trkpt>
      <trkpt lat="46.202922" lon="10.813297">
        <ele>1318.220913</ele>
        <time>2026-08-14T12:24:51.604Z</time>
      </trkpt>
      <trkpt lat="46.202744" lon="10.813078">
        <ele>1316.006474</ele>
        <time>2026-08-14T12:24:54.984Z</time>
      </trkpt>
      <trkpt lat="46.202416" lon="10.812823">
        <ele>1312.478498</ele>
        <time>2026-08-14T12:25:00.380Z</time>
      </trkpt>
      <trkpt lat="46.202281" lon="10.812651">
        <ele>1310.773651</ele>
        <time>2026-08-14T12:25:02.959Z</time>
      </trkpt>
      <trkpt lat="46.202105" lon="10.812474">
        <ele>1308.695785</ele>
        <time>2026-08-14T12:25:06.003Z</time>
      </trkpt>
      <trkpt lat="46.201237" lon="10.811209">
        <ele>1292.418967</ele>
        <time>2026-08-14T12:25:23.089Z</time>
      </trkpt>
      <trkpt lat="46.201197" lon="10.811000">
        <ele>1290.437521</ele>
        <time>2026-08-14T12:25:25.138Z</time>
      </trkpt>
      <trkpt lat="46.201172" lon="10.810995">
        <ele>1290.104316</ele>
        <time>2026-08-14T12:25:25.496Z</time>
      </trkpt>
      <trkpt lat="46.201142" lon="10.811013">
        <ele>1289.675452</ele>
        <time>2026-08-14T12:25:25.932Z</time>
      </trkpt>
      <trkpt lat="46.201127" lon="10.811071">
        <ele>1289.109676</ele>
        <time>2026-08-14T12:25:26.518Z</time>
      </trkpt>
      <trkpt lat="46.201151" lon="10.811535">
        <ele>1284.878899</ele>
        <time>2026-08-14T12:25:30.924Z</time>
      </trkpt>
      <trkpt lat="46.201091" lon="10.811535">
        <ele>1284.151300</ele>
        <time>2026-08-14T12:25:31.751Z</time>
      </trkpt>
      <trkpt lat="46.201002" lon="10.811380">
        <ele>1282.460948</ele>
        <time>2026-08-14T12:25:33.674Z</time>
      </trkpt>
      <trkpt lat="46.200968" lon="10.811400">
        <ele>1282.015780</ele>
        <time>2026-08-14T12:25:34.176Z</time>
      </trkpt>
      <trkpt lat="46.200959" lon="10.811472">
        <ele>1281.401692</ele>
        <time>2026-08-14T12:25:34.869Z</time>
      </trkpt>
      <trkpt lat="46.201034" lon="10.811916">
        <ele>1277.565724</ele>
        <time>2026-08-14T12:25:39.204Z</time>
      </trkpt>
      <trkpt lat="46.201030" lon="10.811989">
        <ele>1276.951103</ele>
        <time>2026-08-14T12:25:39.889Z</time>
      </trkpt>
      <trkpt lat="46.200949" lon="10.812224">
        <ele>1274.747647</ele>
        <time>2026-08-14T12:25:42.401Z</time>
      </trkpt>
      <trkpt lat="46.200940" lon="10.812404">
        <ele>1273.232929</ele>
        <time>2026-08-14T12:25:44.135Z</time>
      </trkpt>
      <trkpt lat="46.201082" lon="10.812647">
        <ele>1270.563661</ele>
        <time>2026-08-14T12:25:47.227Z</time>
      </trkpt>
      <trkpt lat="46.201056" lon="10.812721">
        <ele>1269.867118</ele>
        <time>2026-08-14T12:25:48.038Z</time>
      </trkpt>
      <trkpt lat="46.201016" lon="10.812838">
        <ele>1268.771845</ele>
        <time>2026-08-14T12:25:49.325Z</time>
      </trkpt>
      <trkpt lat="46.200931" lon="10.812969">
        <ele>1267.264728</ele>
        <time>2026-08-14T12:25:51.100Z</time>
      </trkpt>
      <trkpt lat="46.200950" lon="10.813334">
        <ele>1264.192548</ele>
        <time>2026-08-14T12:25:54.775Z</time>
      </trkpt>
      <trkpt lat="46.201014" lon="10.813626">
        <ele>1262.341478</ele>
        <time>2026-08-14T12:25:57.890Z</time>
      </trkpt>
      <trkpt lat="46.201035" lon="10.813916">
        <ele>1260.941528</ele>
        <time>2026-08-14T12:26:00.910Z</time>
      </trkpt>
      <trkpt lat="46.201118" lon="10.814164">
        <ele>1259.618932</ele>
        <time>2026-08-14T12:26:03.721Z</time>
      </trkpt>
      <trkpt lat="46.201093" lon="10.814220">
        <ele>1259.298987</ele>
        <time>2026-08-14T12:26:04.376Z</time>
      </trkpt>
      <trkpt lat="46.201050" lon="10.814229">
        <ele>1258.997589</ele>
        <time>2026-08-14T12:26:05.013Z</time>
      </trkpt>
      <trkpt lat="46.200864" lon="10.813803">
        <ele>1256.579308</ele>
        <time>2026-08-14T12:26:10.260Z</time>
      </trkpt>
      <trkpt lat="46.200738" lon="10.813589">
        <ele>1255.230371</ele>
        <time>2026-08-14T12:26:13.283Z</time>
      </trkpt>
      <trkpt lat="46.200536" lon="10.813394">
        <ele>1253.545130</ele>
        <time>2026-08-14T12:26:17.135Z</time>
      </trkpt>
      <trkpt lat="46.200499" lon="10.813230">
        <ele>1252.716949</ele>
        <time>2026-08-14T12:26:19.064Z</time>
      </trkpt>
      <trkpt lat="46.200563" lon="10.813117">
        <ele>1252.015914</ele>
        <time>2026-08-14T12:26:20.696Z</time>
      </trkpt>
      <trkpt lat="46.200622" lon="10.812934">
        <ele>1251.046640</ele>
        <time>2026-08-14T12:26:22.960Z</time>
      </trkpt>
      <trkpt lat="46.200579" lon="10.812834">
        <ele>1250.398752</ele>
        <time>2026-08-14T12:26:24.280Z</time>
      </trkpt>
      <trkpt lat="46.200494" lon="10.812710">
        <ele>1249.360162</ele>
        <time>2026-08-14T12:26:26.247Z</time>
      </trkpt>
      <trkpt lat="46.200384" lon="10.812672">
        <ele>1248.387711</ele>
        <time>2026-08-14T12:26:28.074Z</time>
      </trkpt>
      <trkpt lat="46.200272" lon="10.812506">
        <ele>1247.008128</ele>
        <time>2026-08-14T12:26:30.594Z</time>
      </trkpt>
      <trkpt lat="46.200418" lon="10.812128">
        <ele>1244.432060</ele>
        <time>2026-08-14T12:26:35.076Z</time>
      </trkpt>
      <trkpt lat="46.200437" lon="10.811984">
        <ele>1243.559673</ele>
        <time>2026-08-14T12:26:36.550Z</time>
      </trkpt>
      <trkpt lat="46.200281" lon="10.811740">
        <ele>1241.582912</ele>
        <time>2026-08-14T12:26:39.877Z</time>
      </trkpt>
      <trkpt lat="46.200277" lon="10.811550">
        <ele>1240.451683</ele>
        <time>2026-08-14T12:26:41.771Z</time>
      </trkpt>
      <trkpt lat="46.200240" lon="10.811443">
        <ele>1239.739869</ele>
        <time>2026-08-14T12:26:42.957Z</time>
      </trkpt>
      <trkpt lat="46.200184" lon="10.811371">
        <ele>1239.095331</ele>
        <time>2026-08-14T12:26:44.027Z</time>
      </trkpt>
      <trkpt lat="46.200113" lon="10.811347">
        <ele>1238.468380</ele>
        <time>2026-08-14T12:26:45.064Z</time>
      </trkpt>
      <trkpt lat="46.199984" lon="10.811390">
        <ele>1237.330088</ele>
        <time>2026-08-14T12:26:46.925Z</time>
      </trkpt>
      <trkpt lat="46.199737" lon="10.811585">
        <ele>1234.803567</ele>
        <time>2026-08-14T12:26:50.876Z</time>
      </trkpt>
      <trkpt lat="46.199648" lon="10.811609">
        <ele>1233.841704</ele>
        <time>2026-08-14T12:26:52.145Z</time>
      </trkpt>
      <trkpt lat="46.199470" lon="10.811581">
        <ele>1231.939462</ele>
        <time>2026-08-14T12:26:54.656Z</time>
      </trkpt>
      <trkpt lat="46.199331" lon="10.811523">
        <ele>1230.402375</ele>
        <time>2026-08-14T12:26:56.687Z</time>
      </trkpt>
      <trkpt lat="46.199286" lon="10.811354">
        <ele>1229.070863</ele>
        <time>2026-08-14T12:26:58.445Z</time>
      </trkpt>
      <trkpt lat="46.199458" lon="10.810902">
        <ele>1225.277933</ele>
        <time>2026-08-14T12:27:03.477Z</time>
      </trkpt>
      <trkpt lat="46.199432" lon="10.810677">
        <ele>1223.600522</ele>
        <time>2026-08-14T12:27:05.747Z</time>
      </trkpt>
      <trkpt lat="46.199356" lon="10.810534">
        <ele>1222.274756</ele>
        <time>2026-08-14T12:27:07.560Z</time>
      </trkpt>
      <trkpt lat="46.199133" lon="10.810418">
        <ele>1219.756731</ele>
        <time>2026-08-14T12:27:11.039Z</time>
      </trkpt>
      <trkpt lat="46.199007" lon="10.810275">
        <ele>1218.054484</ele>
        <time>2026-08-14T12:27:13.372Z</time>
      </trkpt>
      <trkpt lat="46.198831" lon="10.809745">
        <ele>1214.393321</ele>
        <time>2026-08-14T12:27:19.188Z</time>
      </trkpt>
      <trkpt lat="46.198867" lon="10.809518">
        <ele>1213.130170</ele>
        <time>2026-08-14T12:27:21.461Z</time>
      </trkpt>
      <trkpt lat="46.198831" lon="10.809334">
        <ele>1212.093051</ele>
        <time>2026-08-14T12:27:23.348Z</time>
      </trkpt>
      <trkpt lat="46.198656" lon="10.809148">
        <ele>1210.390572</ele>
        <time>2026-08-14T12:27:26.532Z</time>
      </trkpt>
      <trkpt lat="46.198161" lon="10.808789">
        <ele>1206.050264</ele>
        <time>2026-08-14T12:27:35.003Z</time>
      </trkpt>
      <trkpt lat="46.198126" lon="10.808667">
        <ele>1205.333941</ele>
        <time>2026-08-14T12:27:36.379Z</time>
      </trkpt>
      <trkpt lat="46.198121" lon="10.808421">
        <ele>1203.999048</ele>
        <time>2026-08-14T12:27:38.942Z</time>
      </trkpt>
      <trkpt lat="46.198147" lon="10.808220">
        <ele>1202.889937</ele>
        <time>2026-08-14T12:27:40.814Z</time>
      </trkpt>
      <trkpt lat="46.198137" lon="10.807971">
        <ele>1201.752933</ele>
        <time>2026-08-14T12:27:43.097Z</time>
      </trkpt>
      <trkpt lat="46.198131" lon="10.807842">
        <ele>1201.295412</ele>
        <time>2026-08-14T12:27:44.314Z</time>
      </trkpt>
      <trkpt lat="46.198012" lon="10.807628">
        <ele>1200.324016</ele>
        <time>2026-08-14T12:27:46.898Z</time>
      </trkpt>
      <trkpt lat="46.197558" lon="10.807314">
        <ele>1197.750684</ele>
        <time>2026-08-14T12:27:54.712Z</time>
      </trkpt>
      <trkpt lat="46.197412" lon="10.807132">
        <ele>1196.764809</ele>
        <time>2026-08-14T12:27:57.786Z</time>
      </trkpt>
      <trkpt lat="46.197414" lon="10.806808">
        <ele>1195.618211</ele>
        <time>2026-08-14T12:28:00.890Z</time>
      </trkpt>
      <trkpt lat="46.197382" lon="10.806536">
        <ele>1194.641869</ele>
        <time>2026-08-14T12:28:03.382Z</time>
      </trkpt>
      <trkpt lat="46.197338" lon="10.806387">
        <ele>1194.068615</ele>
        <time>2026-08-14T12:28:04.860Z</time>
      </trkpt>
      <trkpt lat="46.197216" lon="10.806170">
        <ele>1193.079315</ele>
        <time>2026-08-14T12:28:07.414Z</time>
      </trkpt>
      <trkpt lat="46.197173" lon="10.806016">
        <ele>1192.531169</ele>
        <time>2026-08-14T12:28:08.959Z</time>
      </trkpt>
      <trkpt lat="46.197170" lon="10.805640">
        <ele>1191.312114</ele>
        <time>2026-08-14T12:28:12.516Z</time>
      </trkpt>
      <trkpt lat="46.197121" lon="10.805376">
        <ele>1190.426003</ele>
        <time>2026-08-14T12:28:15.181Z</time>
      </trkpt>
      <trkpt lat="46.197050" lon="10.805180">
        <ele>1189.708823</ele>
        <time>2026-08-14T12:28:17.522Z</time>
      </trkpt>
      <trkpt lat="46.196918" lon="10.805013">
        <ele>1188.887025</ele>
        <time>2026-08-14T12:28:20.339Z</time>
      </trkpt>
      <trkpt lat="46.196596" lon="10.804241">
        <ele>1185.964945</ele>
        <time>2026-08-14T12:28:29.275Z</time>
      </trkpt>
      <trkpt lat="46.196532" lon="10.804055">
        <ele>1185.291540</ele>
        <time>2026-08-14T12:28:31.245Z</time>
      </trkpt>
      <trkpt lat="46.196517" lon="10.803696">
        <ele>1184.240023</ele>
        <time>2026-08-14T12:28:34.724Z</time>
      </trkpt>
      <trkpt lat="46.196446" lon="10.803368">
        <ele>1183.434911</ele>
        <time>2026-08-14T12:28:38.781Z</time>
      </trkpt>
      <trkpt lat="46.196422" lon="10.803312">
        <ele>1183.280607</ele>
        <time>2026-08-14T12:28:39.569Z</time>
      </trkpt>
      <trkpt lat="46.196364" lon="10.803289">
        <ele>1183.077044</ele>
        <time>2026-08-14T12:28:40.601Z</time>
      </trkpt>
      <trkpt lat="46.196259" lon="10.803298">
        <ele>1182.721044</ele>
        <time>2026-08-14T12:28:42.471Z</time>
      </trkpt>
      <trkpt lat="46.196142" lon="10.803138">
        <ele>1182.175782</ele>
        <time>2026-08-14T12:28:45.365Z</time>
      </trkpt>
      <trkpt lat="46.196070" lon="10.802981">
        <ele>1181.734571</ele>
        <time>2026-08-14T12:28:47.797Z</time>
      </trkpt>
      <trkpt lat="46.195923" lon="10.802219">
        <ele>1179.881365</ele>
        <time>2026-08-14T12:28:57.373Z</time>
      </trkpt>
      <trkpt lat="46.195745" lon="10.801855">
        <ele>1178.837265</ele>
        <time>2026-08-14T12:29:02.751Z</time>
      </trkpt>
      <trkpt lat="46.195509" lon="10.801204">
        <ele>1178.265445</ele>
        <time>2026-08-14T12:29:13.674Z</time>
      </trkpt>
      <trkpt lat="46.195151" lon="10.800396">
        <ele>1177.953583</ele>
        <time>2026-08-14T12:29:28.644Z</time>
      </trkpt>
      <trkpt lat="46.195068" lon="10.800177">
        <ele>1177.872418</ele>
        <time>2026-08-14T12:29:32.766Z</time>
      </trkpt>
      <trkpt lat="46.195065" lon="10.800064">
        <ele>1177.835657</ele>
        <time>2026-08-14T12:29:34.875Z</time>
      </trkpt>
      <trkpt lat="46.195019" lon="10.799962">
        <ele>1177.796082</ele>
        <time>2026-08-14T12:29:37.452Z</time>
      </trkpt>
      <trkpt lat="46.194704" lon="10.799586">
        <ele>1177.593589</ele>
        <time>2026-08-14T12:29:50.529Z</time>
      </trkpt>
      <trkpt lat="46.194493" lon="10.799247">
        <ele>1176.581157</ele>
        <time>2026-08-14T12:29:57.893Z</time>
      </trkpt>
      <trkpt lat="46.194507" lon="10.799110">
        <ele>1176.273613</ele>
        <time>2026-08-14T12:29:59.859Z</time>
      </trkpt>
      <trkpt lat="46.194634" lon="10.798884">
        <ele>1175.627152</ele>
        <time>2026-08-14T12:30:03.732Z</time>
      </trkpt>
      <trkpt lat="46.194638" lon="10.798750">
        <ele>1175.329291</ele>
        <time>2026-08-14T12:30:05.446Z</time>
      </trkpt>
      <trkpt lat="46.194610" lon="10.798670">
        <ele>1175.130210</ele>
        <time>2026-08-14T12:30:06.574Z</time>
      </trkpt>
      <trkpt lat="46.194507" lon="10.798562">
        <ele>1174.721895</ele>
        <time>2026-08-14T12:30:08.894Z</time>
      </trkpt>
      <trkpt lat="46.194435" lon="10.798550">
        <ele>1174.489370</ele>
        <time>2026-08-14T12:30:10.193Z</time>
      </trkpt>
      <trkpt lat="46.194375" lon="10.798576">
        <ele>1174.288402</ele>
        <time>2026-08-14T12:30:11.323Z</time>
      </trkpt>
      <trkpt lat="46.193878" lon="10.798910">
        <ele>1172.529824</ele>
        <time>2026-08-14T12:30:20.734Z</time>
      </trkpt>
      <trkpt lat="46.193796" lon="10.798951">
        <ele>1172.251437</ele>
        <time>2026-08-14T12:30:22.135Z</time>
      </trkpt>
      <trkpt lat="46.193704" lon="10.798951">
        <ele>1171.956280</ele>
        <time>2026-08-14T12:30:23.594Z</time>
      </trkpt>
      <trkpt lat="46.193642" lon="10.798897">
        <ele>1171.658738</ele>
        <time>2026-08-14T12:30:24.728Z</time>
      </trkpt>
      <trkpt lat="46.193321" lon="10.798433">
        <ele>1169.349108</ele>
        <time>2026-08-14T12:30:31.652Z</time>
      </trkpt>
      <trkpt lat="46.193039" lon="10.797892">
        <ele>1166.964717</ele>
        <time>2026-08-14T12:30:39.147Z</time>
      </trkpt>
      <trkpt lat="46.192932" lon="10.797661">
        <ele>1165.986121</ele>
        <time>2026-08-14T12:30:42.457Z</time>
      </trkpt>
      <trkpt lat="46.192818" lon="10.797320">
        <ele>1164.652840</ele>
        <time>2026-08-14T12:30:47.103Z</time>
      </trkpt>
      <trkpt lat="46.192594" lon="10.796240">
        <ele>1162.320878</ele>
        <time>2026-08-14T12:30:59.169Z</time>
      </trkpt>
      <trkpt lat="46.192552" lon="10.795916">
        <ele>1162.108669</ele>
        <time>2026-08-14T12:31:03.060Z</time>
      </trkpt>
      <trkpt lat="46.192500" lon="10.795589">
        <ele>1161.892670</ele>
        <time>2026-08-14T12:31:07.413Z</time>
      </trkpt>
      <trkpt lat="46.192413" lon="10.795231">
        <ele>1161.648408</ele>
        <time>2026-08-14T12:31:12.660Z</time>
      </trkpt>
      <trkpt lat="46.192313" lon="10.794819">
        <ele>1161.367339</ele>
        <time>2026-08-14T12:31:19.129Z</time>
      </trkpt>
      <trkpt lat="46.192303" lon="10.794521">
        <ele>1161.175268</ele>
        <time>2026-08-14T12:31:23.414Z</time>
      </trkpt>
      <trkpt lat="46.192328" lon="10.794330">
        <ele>1161.050127</ele>
        <time>2026-08-14T12:31:26.248Z</time>
      </trkpt>
      <trkpt lat="46.192480" lon="10.793901">
        <ele>1160.735087</ele>
        <time>2026-08-14T12:31:33.682Z</time>
      </trkpt>
      <trkpt lat="46.192544" lon="10.793720">
        <ele>1160.601963</ele>
        <time>2026-08-14T12:31:36.942Z</time>
      </trkpt>
      <trkpt lat="46.192646" lon="10.793430">
        <ele>1160.388904</ele>
        <time>2026-08-14T12:31:42.210Z</time>
      </trkpt>
      <trkpt lat="46.192687" lon="10.793238">
        <ele>1160.257298</ele>
        <time>2026-08-14T12:31:45.380Z</time>
      </trkpt>
      <trkpt lat="46.192739" lon="10.792992">
        <ele>1160.088826</ele>
        <time>2026-08-14T12:31:49.120Z</time>
      </trkpt>
      <trkpt lat="46.192768" lon="10.792531">
        <ele>1159.785633</ele>
        <time>2026-08-14T12:31:54.846Z</time>
      </trkpt>
      <trkpt lat="46.192715" lon="10.792202">
        <ele>1159.564384</ele>
        <time>2026-08-14T12:31:58.852Z</time>
      </trkpt>
      <trkpt lat="46.192585" lon="10.791726">
        <ele>1158.664487</ele>
        <time>2026-08-14T12:32:04.327Z</time>
      </trkpt>
      <trkpt lat="46.192513" lon="10.791502">
        <ele>1157.408465</ele>
        <time>2026-08-14T12:32:06.808Z</time>
      </trkpt>
      <trkpt lat="46.192337" lon="10.791264">
        <ele>1155.637300</ele>
        <time>2026-08-14T12:32:10.150Z</time>
      </trkpt>
      <trkpt lat="46.192329" lon="10.791184">
        <ele>1155.226217</ele>
        <time>2026-08-14T12:32:10.912Z</time>
      </trkpt>
      <trkpt lat="46.192351" lon="10.791094">
        <ele>1154.740801</ele>
        <time>2026-08-14T12:32:11.774Z</time>
      </trkpt>
      <trkpt lat="46.192423" lon="10.791049">
        <ele>1154.164446</ele>
        <time>2026-08-14T12:32:12.839Z</time>
      </trkpt>
      <trkpt lat="46.192160" lon="10.790294">
        <ele>1149.865953</ele>
        <time>2026-08-14T12:32:20.381Z</time>
      </trkpt>
      <trkpt lat="46.191831" lon="10.789830">
        <ele>1146.487934</ele>
        <time>2026-08-14T12:32:26.221Z</time>
      </trkpt>
      <trkpt lat="46.191676" lon="10.789865">
        <ele>1145.114608</ele>
        <time>2026-08-14T12:32:37.142Z</time>
      </trkpt>
      <trkpt lat="46.191466" lon="10.789998">
        <ele>1142.942698</ele>
        <time>2026-08-14T12:32:53.186Z</time>
      </trkpt>
      <trkpt lat="46.191085" lon="10.789228">
        <ele>1136.736595</ele>
        <time>2026-08-14T12:33:02.776Z</time>
      </trkpt>
      <trkpt lat="46.190847" lon="10.788942">
        <ele>1133.804193</ele>
        <time>2026-08-14T12:33:07.424Z</time>
      </trkpt>
      <trkpt lat="46.190444" lon="10.788315">
        <ele>1128.638288</ele>
        <time>2026-08-14T12:33:16.686Z</time>
      </trkpt>
      <trkpt lat="46.190236" lon="10.787901">
        <ele>1127.001807</ele>
        <time>2026-08-14T12:33:22.578Z</time>
      </trkpt>
      <trkpt lat="46.189442" lon="10.785951">
        <ele>1119.163014</ele>
        <time>2026-08-14T12:33:50.298Z</time>
      </trkpt>
      <trkpt lat="46.189356" lon="10.785749">
        <ele>1117.941280</ele>
        <time>2026-08-14T12:33:52.876Z</time>
      </trkpt>
      <trkpt lat="46.189320" lon="10.785538">
        <ele>1116.821701</ele>
        <time>2026-08-14T12:33:55.245Z</time>
      </trkpt>
      <trkpt lat="46.189307" lon="10.785419">
        <ele>1116.201038</ele>
        <time>2026-08-14T12:33:56.543Z</time>
      </trkpt>
      <trkpt lat="46.189212" lon="10.785381">
        <ele>1115.467446</ele>
        <time>2026-08-14T12:33:58.285Z</time>
      </trkpt>
      <trkpt lat="46.189186" lon="10.785321">
        <ele>1115.102767</ele>
        <time>2026-08-14T12:33:59.155Z</time>
      </trkpt>
      <trkpt lat="46.189221" lon="10.784842">
        <ele>1112.621291</ele>
        <time>2026-08-14T12:34:05.079Z</time>
      </trkpt>
      <trkpt lat="46.189178" lon="10.784662">
        <ele>1111.640285</ele>
        <time>2026-08-14T12:34:07.385Z</time>
      </trkpt>
      <trkpt lat="46.189064" lon="10.784829">
        <ele>1110.431983</ele>
        <time>2026-08-14T12:34:10.206Z</time>
      </trkpt>
      <trkpt lat="46.188981" lon="10.784953">
        <ele>1109.543361</ele>
        <time>2026-08-14T12:34:12.244Z</time>
      </trkpt>
      <trkpt lat="46.188636" lon="10.785359">
        <ele>1105.491257</ele>
        <time>2026-08-14T12:34:17.890Z</time>
      </trkpt>
      <trkpt lat="46.188472" lon="10.785498">
        <ele>1103.150979</ele>
        <time>2026-08-14T12:34:20.309Z</time>
      </trkpt>
      <trkpt lat="46.188402" lon="10.785502">
        <ele>1102.288764</ele>
        <time>2026-08-14T12:34:21.207Z</time>
      </trkpt>
      <trkpt lat="46.188269" lon="10.785448">
        <ele>1100.588400</ele>
        <time>2026-08-14T12:34:22.938Z</time>
      </trkpt>
      <trkpt lat="46.188105" lon="10.785365">
        <ele>1098.449626</ele>
        <time>2026-08-14T12:34:25.122Z</time>
      </trkpt>
      <trkpt lat="46.187830" lon="10.785160">
        <ele>1094.640855</ele>
        <time>2026-08-14T12:34:28.947Z</time>
      </trkpt>
      <trkpt lat="46.187671" lon="10.784984">
        <ele>1092.175401</ele>
        <time>2026-08-14T12:34:31.374Z</time>
      </trkpt>
      <trkpt lat="46.187571" lon="10.784813">
        <ele>1090.268116</ele>
        <time>2026-08-14T12:34:33.222Z</time>
      </trkpt>
      <trkpt lat="46.187527" lon="10.784705">
        <ele>1089.200366</ele>
        <time>2026-08-14T12:34:34.254Z</time>
      </trkpt>
      <trkpt lat="46.187452" lon="10.784618">
        <ele>1088.016475</ele>
        <time>2026-08-14T12:34:35.387Z</time>
      </trkpt>
      <trkpt lat="46.187375" lon="10.784555">
        <ele>1086.927308</ele>
        <time>2026-08-14T12:34:36.628Z</time>
      </trkpt>
      <trkpt lat="46.187026" lon="10.784470">
        <ele>1082.530985</ele>
        <time>2026-08-14T12:34:41.645Z</time>
      </trkpt>
      <trkpt lat="46.186517" lon="10.784221">
        <ele>1075.816470</ele>
        <time>2026-08-14T12:34:49.401Z</time>
      </trkpt>
      <trkpt lat="46.186462" lon="10.784247">
        <ele>1075.093408</ele>
        <time>2026-08-14T12:34:50.213Z</time>
      </trkpt>
      <trkpt lat="46.186439" lon="10.784272">
        <ele>1074.733758</ele>
        <time>2026-08-14T12:34:50.622Z</time>
      </trkpt>
      <trkpt lat="46.186442" lon="10.784379">
        <ele>1073.807439</ele>
        <time>2026-08-14T12:34:51.687Z</time>
      </trkpt>
      <trkpt lat="46.186686" lon="10.784662">
        <ele>1069.897601</ele>
        <time>2026-08-14T12:34:56.188Z</time>
      </trkpt>
      <trkpt lat="46.186753" lon="10.784796">
        <ele>1068.467806</ele>
        <time>2026-08-14T12:34:57.857Z</time>
      </trkpt>
      <trkpt lat="46.186748" lon="10.784882">
        <ele>1067.721283</ele>
        <time>2026-08-14T12:34:58.741Z</time>
      </trkpt>
      <trkpt lat="46.186700" lon="10.784902">
        <ele>1067.097095</ele>
        <time>2026-08-14T12:34:59.468Z</time>
      </trkpt>
      <trkpt lat="46.186518" lon="10.784660">
        <ele>1064.006299</ele>
        <time>2026-08-14T12:35:03.211Z</time>
      </trkpt>
      <trkpt lat="46.186301" lon="10.784548">
        <ele>1061.642837</ele>
        <time>2026-08-14T12:35:06.772Z</time>
      </trkpt>
      <trkpt lat="46.186262" lon="10.784499">
        <ele>1061.201755</ele>
        <time>2026-08-14T12:35:07.646Z</time>
      </trkpt>
      <trkpt lat="46.186253" lon="10.784237">
        <ele>1059.652021</ele>
        <time>2026-08-14T12:35:10.579Z</time>
      </trkpt>
      <trkpt lat="46.186284" lon="10.784006">
        <ele>1058.261930</ele>
        <time>2026-08-14T12:35:13.089Z</time>
      </trkpt>
      <trkpt lat="46.186239" lon="10.783638">
        <ele>1056.054227</ele>
        <time>2026-08-14T12:35:16.932Z</time>
      </trkpt>
      <trkpt lat="46.186052" lon="10.783251">
        <ele>1053.266122</ele>
        <time>2026-08-14T12:35:21.760Z</time>
      </trkpt>
      <trkpt lat="46.185665" lon="10.782570">
        <ele>1048.061130</ele>
        <time>2026-08-14T12:35:31.382Z</time>
      </trkpt>
      <trkpt lat="46.185472" lon="10.782301">
        <ele>1045.760581</ele>
        <time>2026-08-14T12:35:35.636Z</time>
      </trkpt>
      <trkpt lat="46.185440" lon="10.782268">
        <ele>1045.422618</ele>
        <time>2026-08-14T12:35:36.258Z</time>
      </trkpt>
      <trkpt lat="46.185399" lon="10.782282">
        <ele>1045.060490</ele>
        <time>2026-08-14T12:35:36.910Z</time>
      </trkpt>
      <trkpt lat="46.185381" lon="10.782320">
        <ele>1044.786494</ele>
        <time>2026-08-14T12:35:37.401Z</time>
      </trkpt>
      <trkpt lat="46.185623" lon="10.782831">
        <ele>1041.102228</ele>
        <time>2026-08-14T12:35:43.984Z</time>
      </trkpt>
      <trkpt lat="46.185818" lon="10.783410">
        <ele>1037.270643</ele>
        <time>2026-08-14T12:35:50.666Z</time>
      </trkpt>
      <trkpt lat="46.185873" lon="10.783700">
        <ele>1035.481324</ele>
        <time>2026-08-14T12:35:53.761Z</time>
      </trkpt>
      <trkpt lat="46.185901" lon="10.783972">
        <ele>1033.844908</ele>
        <time>2026-08-14T12:35:56.639Z</time>
      </trkpt>
      <trkpt lat="46.185759" lon="10.784576">
        <ele>1030.735244</ele>
        <time>2026-08-14T12:36:03.326Z</time>
      </trkpt>
      <trkpt lat="46.185817" lon="10.785120">
        <ele>1028.645121</ele>
        <time>2026-08-14T12:36:09.285Z</time>
      </trkpt>
      <trkpt lat="46.185797" lon="10.785185">
        <ele>1028.375013</ele>
        <time>2026-08-14T12:36:10.077Z</time>
      </trkpt>
      <trkpt lat="46.185748" lon="10.785194">
        <ele>1028.104084</ele>
        <time>2026-08-14T12:36:10.876Z</time>
      </trkpt>
      <trkpt lat="46.185716" lon="10.785123">
        <ele>1027.782373</ele>
        <time>2026-08-14T12:36:11.840Z</time>
      </trkpt>
      <trkpt lat="46.185662" lon="10.784586">
        <ele>1025.721782</ele>
        <time>2026-08-14T12:36:18.241Z</time>
      </trkpt>
      <trkpt lat="46.185626" lon="10.783776">
        <ele>1022.639571</ele>
        <time>2026-08-14T12:36:28.863Z</time>
      </trkpt>
      <trkpt lat="46.185593" lon="10.783614">
        <ele>1021.915123</ele>
        <time>2026-08-14T12:36:31.179Z</time>
      </trkpt>
      <trkpt lat="46.185516" lon="10.783461">
        <ele>1020.463370</ele>
        <time>2026-08-14T12:36:33.702Z</time>
      </trkpt>
      <trkpt lat="46.184951" lon="10.782636">
        <ele>1011.556907</ele>
        <time>2026-08-14T12:36:46.545Z</time>
      </trkpt>
      <trkpt lat="46.184463" lon="10.782306">
        <ele>1005.583452</ele>
        <time>2026-08-14T12:36:54.136Z</time>
      </trkpt>
      <trkpt lat="46.184150" lon="10.782137">
        <ele>1001.753714</ele>
        <time>2026-08-14T12:36:58.779Z</time>
      </trkpt>
      <trkpt lat="46.184034" lon="10.782100">
        <ele>999.804812</ele>
        <time>2026-08-14T12:37:00.423Z</time>
      </trkpt>
      <trkpt lat="46.183817" lon="10.782141">
        <ele>996.214465</ele>
        <time>2026-08-14T12:37:03.439Z</time>
      </trkpt>
      <trkpt lat="46.183662" lon="10.782139">
        <ele>993.671494</ele>
        <time>2026-08-14T12:37:05.570Z</time>
      </trkpt>
      <trkpt lat="46.183593" lon="10.782110">
        <ele>992.492556</ele>
        <time>2026-08-14T12:37:06.567Z</time>
      </trkpt>
      <trkpt lat="46.183089" lon="10.781422">
        <ele>981.115593</ele>
        <time>2026-08-14T12:37:16.177Z</time>
      </trkpt>
      <trkpt lat="46.182992" lon="10.781335">
        <ele>979.242387</ele>
        <time>2026-08-14T12:37:17.786Z</time>
      </trkpt>
      <trkpt lat="46.182925" lon="10.781166">
        <ele>977.030367</ele>
        <time>2026-08-14T12:37:19.718Z</time>
      </trkpt>
      <trkpt lat="46.182809" lon="10.780681">
        <ele>972.064397</ele>
        <time>2026-08-14T12:37:25.059Z</time>
      </trkpt>
      <trkpt lat="46.182823" lon="10.780450">
        <ele>971.018466</ele>
        <time>2026-08-14T12:37:27.655Z</time>
      </trkpt>
      <trkpt lat="46.182839" lon="10.780249">
        <ele>970.105865</ele>
        <time>2026-08-14T12:37:29.986Z</time>
      </trkpt>
      <trkpt lat="46.182885" lon="10.779522">
        <ele>966.813003</ele>
        <time>2026-08-14T12:37:38.897Z</time>
      </trkpt>
      <trkpt lat="46.182909" lon="10.779415">
        <ele>966.305676</ele>
        <time>2026-08-14T12:37:40.378Z</time>
      </trkpt>
      <trkpt lat="46.183130" lon="10.779200">
        <ele>964.569759</ele>
        <time>2026-08-14T12:37:45.301Z</time>
      </trkpt>
      <trkpt lat="46.183244" lon="10.779011">
        <ele>963.439124</ele>
        <time>2026-08-14T12:37:48.276Z</time>
      </trkpt>
      <trkpt lat="46.183290" lon="10.778877">
        <ele>962.764494</ele>
        <time>2026-08-14T12:37:49.929Z</time>
      </trkpt>
      <trkpt lat="46.183337" lon="10.778558">
        <ele>961.293409</ele>
        <time>2026-08-14T12:37:53.439Z</time>
      </trkpt>
      <trkpt lat="46.183329" lon="10.778360">
        <ele>959.953190</ele>
        <time>2026-08-14T12:37:55.500Z</time>
      </trkpt>
      <trkpt lat="46.183281" lon="10.778298">
        <ele>959.171245</ele>
        <time>2026-08-14T12:37:56.444Z</time>
      </trkpt>
      <trkpt lat="46.183252" lon="10.778308">
        <ele>958.809200</ele>
        <time>2026-08-14T12:37:56.885Z</time>
      </trkpt>
      <trkpt lat="46.183238" lon="10.778356">
        <ele>958.371302</ele>
        <time>2026-08-14T12:37:57.431Z</time>
      </trkpt>
      <trkpt lat="46.183211" lon="10.778668">
        <ele>955.727814</ele>
        <time>2026-08-14T12:38:00.615Z</time>
      </trkpt>
      <trkpt lat="46.183163" lon="10.778768">
        <ele>954.704798</ele>
        <time>2026-08-14T12:38:01.839Z</time>
      </trkpt>
      <trkpt lat="46.183116" lon="10.778815">
        <ele>954.010633</ele>
        <time>2026-08-14T12:38:02.647Z</time>
      </trkpt>
      <trkpt lat="46.182660" lon="10.779016">
        <ele>948.221275</ele>
        <time>2026-08-14T12:38:09.431Z</time>
      </trkpt>
      <trkpt lat="46.182504" lon="10.779162">
        <ele>945.964032</ele>
        <time>2026-08-14T12:38:12.078Z</time>
      </trkpt>
      <trkpt lat="46.182328" lon="10.779522">
        <ele>942.258862</ele>
        <time>2026-08-14T12:38:16.441Z</time>
      </trkpt>
      <trkpt lat="46.182305" lon="10.779646">
        <ele>941.179577</ele>
        <time>2026-08-14T12:38:17.727Z</time>
      </trkpt>
      <trkpt lat="46.182232" lon="10.779812">
        <ele>939.526222</ele>
        <time>2026-08-14T12:38:19.693Z</time>
      </trkpt>
      <trkpt lat="46.182206" lon="10.779790">
        <ele>939.160312</ele>
        <time>2026-08-14T12:38:20.134Z</time>
      </trkpt>
      <trkpt lat="46.182202" lon="10.779664">
        <ele>938.474933</ele>
        <time>2026-08-14T12:38:21.405Z</time>
      </trkpt>
      <trkpt lat="46.182341" lon="10.779233">
        <ele>936.017308</ele>
        <time>2026-08-14T12:38:26.315Z</time>
      </trkpt>
      <trkpt lat="46.182579" lon="10.778686">
        <ele>932.677982</ele>
        <time>2026-08-14T12:38:33.351Z</time>
      </trkpt>
      <trkpt lat="46.182660" lon="10.778366">
        <ele>930.916870</ele>
        <time>2026-08-14T12:38:37.173Z</time>
      </trkpt>
      <trkpt lat="46.182652" lon="10.777842">
        <ele>928.207726</ele>
        <time>2026-08-14T12:38:43.188Z</time>
      </trkpt>
      <trkpt lat="46.182547" lon="10.777519">
        <ele>926.363314</ele>
        <time>2026-08-14T12:38:47.223Z</time>
      </trkpt>
      <trkpt lat="46.182488" lon="10.777069">
        <ele>924.308836</ele>
        <time>2026-08-14T12:38:52.505Z</time>
      </trkpt>
      <trkpt lat="46.182389" lon="10.776749">
        <ele>922.840741</ele>
        <time>2026-08-14T12:38:56.607Z</time>
      </trkpt>
      <trkpt lat="46.182356" lon="10.776383">
        <ele>921.294747</ele>
        <time>2026-08-14T12:39:00.885Z</time>
      </trkpt>
      <trkpt lat="46.182316" lon="10.776281">
        <ele>920.803731</ele>
        <time>2026-08-14T12:39:02.228Z</time>
      </trkpt>
      <trkpt lat="46.182282" lon="10.776309">
        <ele>920.566951</ele>
        <time>2026-08-14T12:39:02.865Z</time>
      </trkpt>
      <trkpt lat="46.182278" lon="10.776454">
        <ele>919.959113</ele>
        <time>2026-08-14T12:39:04.479Z</time>
      </trkpt>
      <trkpt lat="46.182344" lon="10.777105">
        <ele>917.203215</ele>
        <time>2026-08-14T12:39:11.846Z</time>
      </trkpt>
      <trkpt lat="46.182257" lon="10.777559">
        <ele>915.230068</ele>
        <time>2026-08-14T12:39:17.046Z</time>
      </trkpt>
      <trkpt lat="46.182175" lon="10.777893">
        <ele>913.319686</ele>
        <time>2026-08-14T12:39:20.852Z</time>
      </trkpt>
      <trkpt lat="46.182102" lon="10.777900">
        <ele>912.691966</ele>
        <time>2026-08-14T12:39:21.951Z</time>
      </trkpt>
      <trkpt lat="46.182103" lon="10.777841">
        <ele>912.341369</ele>
        <time>2026-08-14T12:39:22.575Z</time>
      </trkpt>
      <trkpt lat="46.182138" lon="10.777586">
        <ele>910.797053</ele>
        <time>2026-08-14T12:39:25.280Z</time>
      </trkpt>
      <trkpt lat="46.182145" lon="10.777212">
        <ele>908.574482</ele>
        <time>2026-08-14T12:39:29.122Z</time>
      </trkpt>
      <trkpt lat="46.182097" lon="10.776919">
        <ele>906.785845</ele>
        <time>2026-08-14T12:39:32.211Z</time>
      </trkpt>
      <trkpt lat="46.181961" lon="10.776567">
        <ele>904.391227</ele>
        <time>2026-08-14T12:39:36.362Z</time>
      </trkpt>
      <trkpt lat="46.181889" lon="10.776000">
        <ele>900.966749</ele>
        <time>2026-08-14T12:39:42.599Z</time>
      </trkpt>
      <trkpt lat="46.181863" lon="10.775986">
        <ele>900.728670</ele>
        <time>2026-08-14T12:39:43.042Z</time>
      </trkpt>
      <trkpt lat="46.181831" lon="10.776024">
        <ele>900.373222</ele>
        <time>2026-08-14T12:39:43.699Z</time>
      </trkpt>
      <trkpt lat="46.181836" lon="10.776437">
        <ele>898.245406</ele>
        <time>2026-08-14T12:39:48.188Z</time>
      </trkpt>
      <trkpt lat="46.181820" lon="10.776506">
        <ele>897.912900</ele>
        <time>2026-08-14T12:39:48.972Z</time>
      </trkpt>
      <trkpt lat="46.181756" lon="10.776517">
        <ele>897.487537</ele>
        <time>2026-08-14T12:39:49.973Z</time>
      </trkpt>
      <trkpt lat="46.181725" lon="10.776381">
        <ele>896.833278</ele>
        <time>2026-08-14T12:39:51.546Z</time>
      </trkpt>
      <trkpt lat="46.181707" lon="10.776032">
        <ele>895.234113</ele>
        <time>2026-08-14T12:39:55.412Z</time>
      </trkpt>
      <trkpt lat="46.181609" lon="10.775732">
        <ele>893.718353</ele>
        <time>2026-08-14T12:39:59.128Z</time>
      </trkpt>
      <trkpt lat="46.181498" lon="10.775461">
        <ele>892.279561</ele>
        <time>2026-08-14T12:40:02.674Z</time>
      </trkpt>
      <trkpt lat="46.181179" lon="10.774914">
        <ele>889.011544</ele>
        <time>2026-08-14T12:40:10.844Z</time>
      </trkpt>
      <trkpt lat="46.181105" lon="10.774837">
        <ele>888.409617</ele>
        <time>2026-08-14T12:40:12.278Z</time>
      </trkpt>
      <trkpt lat="46.181031" lon="10.774805">
        <ele>887.899817</ele>
        <time>2026-08-14T12:40:13.468Z</time>
      </trkpt>
      <trkpt lat="46.180752" lon="10.774732">
        <ele>885.792569</ele>
        <time>2026-08-14T12:40:17.889Z</time>
      </trkpt>
      <trkpt lat="46.180651" lon="10.774646">
        <ele>884.891352</ele>
        <time>2026-08-14T12:40:19.693Z</time>
      </trkpt>
      <trkpt lat="46.180313" lon="10.774219">
        <ele>881.439650</ele>
        <time>2026-08-14T12:40:26.524Z</time>
      </trkpt>
      <trkpt lat="46.180227" lon="10.774176">
        <ele>880.740114</ele>
        <time>2026-08-14T12:40:27.904Z</time>
      </trkpt>
      <trkpt lat="46.180148" lon="10.774194">
        <ele>880.125367</ele>
        <time>2026-08-14T12:40:29.104Z</time>
      </trkpt>
      <trkpt lat="46.180081" lon="10.774252">
        <ele>879.524944</ele>
        <time>2026-08-14T12:40:30.277Z</time>
      </trkpt>
      <trkpt lat="46.179895" lon="10.774442">
        <ele>877.773783</ele>
        <time>2026-08-14T12:40:33.185Z</time>
      </trkpt>
      <trkpt lat="46.179856" lon="10.774472">
        <ele>877.434139</ele>
        <time>2026-08-14T12:40:33.769Z</time>
      </trkpt>
      <trkpt lat="46.179427" lon="10.773502">
        <ele>872.317752</ele>
        <time>2026-08-14T12:40:44.410Z</time>
      </trkpt>
      <trkpt lat="46.179314" lon="10.773330">
        <ele>871.603070</ele>
        <time>2026-08-14T12:40:46.797Z</time>
      </trkpt>
      <trkpt lat="46.179077" lon="10.773097">
        <ele>870.354990</ele>
        <time>2026-08-14T12:40:50.849Z</time>
      </trkpt>
      <trkpt lat="46.178516" lon="10.772777">
        <ele>867.729225</ele>
        <time>2026-08-14T12:40:59.880Z</time>
      </trkpt>
      <trkpt lat="46.178021" lon="10.772174">
        <ele>864.663404</ele>
        <time>2026-08-14T12:41:09.962Z</time>
      </trkpt>
      <trkpt lat="46.177587" lon="10.771773">
        <ele>861.802753</ele>
        <time>2026-08-14T12:41:17.241Z</time>
      </trkpt>
      <trkpt lat="46.177141" lon="10.771591">
        <ele>859.229476</ele>
        <time>2026-08-14T12:41:23.535Z</time>
      </trkpt>
      <trkpt lat="46.176873" lon="10.771499">
        <ele>857.700003</ele>
        <time>2026-08-14T12:41:27.210Z</time>
      </trkpt>
      <trkpt lat="46.176200" lon="10.771321">
        <ele>853.772479</ele>
        <time>2026-08-14T12:41:36.134Z</time>
      </trkpt>
      <trkpt lat="46.175954" lon="10.771182">
        <ele>852.207401</ele>
        <time>2026-08-14T12:41:39.676Z</time>
      </trkpt>
      <trkpt lat="46.175577" lon="10.770743">
        <ele>849.338107</ele>
        <time>2026-08-14T12:41:46.409Z</time>
      </trkpt>
      <trkpt lat="46.175505" lon="10.770726">
        <ele>848.905860</ele>
        <time>2026-08-14T12:41:47.423Z</time>
      </trkpt>
      <trkpt lat="46.175270" lon="10.770772">
        <ele>847.500811</ele>
        <time>2026-08-14T12:41:50.727Z</time>
      </trkpt>
      <trkpt lat="46.174867" lon="10.770701">
        <ele>845.098820</ele>
        <time>2026-08-14T12:41:56.394Z</time>
      </trkpt>
      <trkpt lat="46.174267" lon="10.770447">
        <ele>841.580388</ele>
        <time>2026-08-14T12:42:05.107Z</time>
      </trkpt>
      <trkpt lat="46.173592" lon="10.770071">
        <ele>837.509206</ele>
        <time>2026-08-14T12:42:14.935Z</time>
      </trkpt>
      <trkpt lat="46.173129" lon="10.769756">
        <ele>834.656357</ele>
        <time>2026-08-14T12:42:21.862Z</time>
      </trkpt>
      <trkpt lat="46.171489" lon="10.767998">
        <ele>824.531283</ele>
        <time>2026-08-14T12:42:50.289Z</time>
      </trkpt>
      <trkpt lat="46.170459" lon="10.767115">
        <ele>820.537293</ele>
        <time>2026-08-14T12:43:07.927Z</time>
      </trkpt>
      <trkpt lat="46.169378" lon="10.766386">
        <ele>818.356542</ele>
        <time>2026-08-14T12:43:30.736Z</time>
      </trkpt>
      <trkpt lat="46.168695" lon="10.765963">
        <ele>817.347425</ele>
        <time>2026-08-14T12:43:45.104Z</time>
      </trkpt>
      <trkpt lat="46.168611" lon="10.765740">
        <ele>816.945485</ele>
        <time>2026-08-14T12:43:47.807Z</time>
      </trkpt>
      <trkpt lat="46.168418" lon="10.765542">
        <ele>815.323139</ele>
        <time>2026-08-14T12:43:51.207Z</time>
      </trkpt>
      <trkpt lat="46.168280" lon="10.765354">
        <ele>814.023050</ele>
        <time>2026-08-14T12:43:53.794Z</time>
      </trkpt>
      <trkpt lat="46.168022" lon="10.764873">
        <ele>811.135807</ele>
        <time>2026-08-14T12:43:59.333Z</time>
      </trkpt>
      <trkpt lat="46.167984" lon="10.764706">
        <ele>810.301597</ele>
        <time>2026-08-14T12:44:00.908Z</time>
      </trkpt>
      <trkpt lat="46.167993" lon="10.764508">
        <ele>809.359932</ele>
        <time>2026-08-14T12:44:02.673Z</time>
      </trkpt>
      <trkpt lat="46.167973" lon="10.764361">
        <ele>808.648984</ele>
        <time>2026-08-14T12:44:03.986Z</time>
      </trkpt>
      <trkpt lat="46.167622" lon="10.763990">
        <ele>805.668210</ele>
        <time>2026-08-14T12:44:09.510Z</time>
      </trkpt>
      <trkpt lat="46.167367" lon="10.763750">
        <ele>803.750410</ele>
        <time>2026-08-14T12:44:13.416Z</time>
      </trkpt>
      <trkpt lat="46.166842" lon="10.763366">
        <ele>800.263396</ele>
        <time>2026-08-14T12:44:21.222Z</time>
      </trkpt>
      <trkpt lat="46.165591" lon="10.762367">
        <ele>792.602661</ele>
        <time>2026-08-14T12:44:41.602Z</time>
      </trkpt>
      <trkpt lat="46.165433" lon="10.762230">
        <ele>791.883139</ele>
        <time>2026-08-14T12:44:44.285Z</time>
      </trkpt>
      <trkpt lat="46.165144" lon="10.761893">
        <ele>790.432862</ele>
        <time>2026-08-14T12:44:49.708Z</time>
      </trkpt>
      <trkpt lat="46.164927" lon="10.761814">
        <ele>789.559166</ele>
        <time>2026-08-14T12:44:53.010Z</time>
      </trkpt>
      <trkpt lat="46.164778" lon="10.761644">
        <ele>788.817768</ele>
        <time>2026-08-14T12:44:55.809Z</time>
      </trkpt>
      <trkpt lat="46.164533" lon="10.761475">
        <ele>787.757722</ele>
        <time>2026-08-14T12:44:59.854Z</time>
      </trkpt>
      <trkpt lat="46.164379" lon="10.761246">
        <ele>786.930894</ele>
        <time>2026-08-14T12:45:03.162Z</time>
      </trkpt>
      <trkpt lat="46.164292" lon="10.761162">
        <ele>786.581513</ele>
        <time>2026-08-14T12:45:04.729Z</time>
      </trkpt>
      <trkpt lat="46.163553" lon="10.760557">
        <ele>783.745563</ele>
        <time>2026-08-14T12:45:17.490Z</time>
      </trkpt>
      <trkpt lat="46.163230" lon="10.760260">
        <ele>782.467211</ele>
        <time>2026-08-14T12:45:23.289Z</time>
      </trkpt>
      <trkpt lat="46.163025" lon="10.760179">
        <ele>781.757704</ele>
        <time>2026-08-14T12:45:26.483Z</time>
      </trkpt>
      <trkpt lat="46.162482" lon="10.759675">
        <ele>779.632517</ele>
        <time>2026-08-14T12:45:36.099Z</time>
      </trkpt>
      <trkpt lat="46.162460" lon="10.759620">
        <ele>779.488507</ele>
        <time>2026-08-14T12:45:36.765Z</time>
      </trkpt>
      <trkpt lat="46.162447" lon="10.759429">
        <ele>779.053347</ele>
        <time>2026-08-14T12:45:38.748Z</time>
      </trkpt>
      <trkpt lat="46.162407" lon="10.759362">
        <ele>778.852784</ele>
        <time>2026-08-14T12:45:39.661Z</time>
      </trkpt>
      <trkpt lat="46.162241" lon="10.759211">
        <ele>778.210491</ele>
        <time>2026-08-14T12:45:42.603Z</time>
      </trkpt>
      <trkpt lat="46.162000" lon="10.759214">
        <ele>777.421505</ele>
        <time>2026-08-14T12:45:46.216Z</time>
      </trkpt>
      <trkpt lat="46.161957" lon="10.759197">
        <ele>777.275554</ele>
        <time>2026-08-14T12:45:46.879Z</time>
      </trkpt>
      <trkpt lat="46.158790" lon="10.756386">
        <ele>766.249718</ele>
        <time>2026-08-14T12:46:43.598Z</time>
      </trkpt>
      <trkpt lat="46.158695" lon="10.756346">
        <ele>765.978193</ele>
        <time>2026-08-14T12:46:45.133Z</time>
      </trkpt>
      <trkpt lat="46.158599" lon="10.756334">
        <ele>765.713798</ele>
        <time>2026-08-14T12:46:46.644Z</time>
      </trkpt>
      <trkpt lat="46.158512" lon="10.756284">
        <ele>765.456864</ele>
        <time>2026-08-14T12:46:48.105Z</time>
      </trkpt>
      <trkpt lat="46.158066" lon="10.755883">
        <ele>764.749952</ele>
        <time>2026-08-14T12:46:56.571Z</time>
      </trkpt>
      <trkpt lat="46.157435" lon="10.755610">
        <ele>764.471074</ele>
        <time>2026-08-14T12:47:08.193Z</time>
      </trkpt>
      <trkpt lat="46.157179" lon="10.755388">
        <ele>764.344644</ele>
        <time>2026-08-14T12:47:13.913Z</time>
      </trkpt>
      <trkpt lat="46.157013" lon="10.755292">
        <ele>764.268937</ele>
        <time>2026-08-14T12:47:17.487Z</time>
      </trkpt>
      <trkpt lat="46.156771" lon="10.755413">
        <ele>764.160514</ele>
        <time>2026-08-14T12:47:22.774Z</time>
      </trkpt>
      <trkpt lat="46.155858" lon="10.755989">
        <ele>767.475978</ele>
        <time>2026-08-14T12:48:02.545Z</time>
      </trkpt>
      <trkpt lat="46.155553" lon="10.756263">
        <ele>768.804669</ele>
        <time>2026-08-14T12:48:22.289Z</time>
      </trkpt>
      <trkpt lat="46.155532" lon="10.756206">
        <ele>768.970078</ele>
        <time>2026-08-14T12:48:25.355Z</time>
      </trkpt>
      <trkpt lat="46.155358" lon="10.755721">
        <ele>770.369461</ele>
        <time>2026-08-14T12:48:53.297Z</time>
      </trkpt>
      <trkpt lat="46.155324" lon="10.755618">
        <ele>770.661788</ele>
        <time>2026-08-14T12:48:58.153Z</time>
      </trkpt>
      <trkpt lat="46.153853" lon="10.756532">
        <ele>769.701138</ele>
        <time>2026-08-14T12:49:32.581Z</time>
      </trkpt>
      <trkpt lat="46.153656" lon="10.756583">
        <ele>769.564297</ele>
        <time>2026-08-14T12:49:35.241Z</time>
      </trkpt>
      <trkpt lat="46.153265" lon="10.756870">
        <ele>766.580980</ele>
        <time>2026-08-14T12:49:40.960Z</time>
      </trkpt>
      <trkpt lat="46.152547" lon="10.757426">
        <ele>760.703780</ele>
        <time>2026-08-14T12:49:51.390Z</time>
      </trkpt>
      <trkpt lat="46.151823" lon="10.758354">
        <ele>754.964676</ele>
        <time>2026-08-14T12:50:04.264Z</time>
      </trkpt>
      <trkpt lat="46.150295" lon="10.761359">
        <ele>746.218389</ele>
        <time>2026-08-14T12:50:43.605Z</time>
      </trkpt>
      <trkpt lat="46.149608" lon="10.762830">
        <ele>743.427574</ele>
        <time>2026-08-14T12:51:04.029Z</time>
      </trkpt>
      <trkpt lat="46.149425" lon="10.763156">
        <ele>742.859148</ele>
        <time>2026-08-14T12:51:08.808Z</time>
      </trkpt>
      <trkpt lat="46.149255" lon="10.763357">
        <ele>742.429426</ele>
        <time>2026-08-14T12:51:12.383Z</time>
      </trkpt>
      <trkpt lat="46.148996" lon="10.763593">
        <ele>741.830480</ele>
        <time>2026-08-14T12:51:17.348Z</time>
      </trkpt>
      <trkpt lat="46.148676" lon="10.763797">
        <ele>741.146408</ele>
        <time>2026-08-14T12:51:22.957Z</time>
      </trkpt>
      <trkpt lat="46.147450" lon="10.764271">
        <ele>738.764889</ele>
        <time>2026-08-14T12:51:43.632Z</time>
      </trkpt>
      <trkpt lat="46.147343" lon="10.764275">
        <ele>738.564205</ele>
        <time>2026-08-14T12:51:45.425Z</time>
      </trkpt>
      <trkpt lat="46.147169" lon="10.764174">
        <ele>738.212576</ele>
        <time>2026-08-14T12:51:48.594Z</time>
      </trkpt>
      <trkpt lat="46.147067" lon="10.764161">
        <ele>738.020590</ele>
        <time>2026-08-14T12:51:50.332Z</time>
      </trkpt>
      <trkpt lat="46.146975" lon="10.764191">
        <ele>737.843749</ele>
        <time>2026-08-14T12:51:51.928Z</time>
      </trkpt>
      <trkpt lat="46.146146" lon="10.764697">
        <ele>736.335588</ele>
        <time>2026-08-14T12:52:07.168Z</time>
      </trkpt>
      <trkpt lat="46.144592" lon="10.765340">
        <ele>733.686912</ele>
        <time>2026-08-14T12:52:34.047Z</time>
      </trkpt>
      <trkpt lat="46.144269" lon="10.765444">
        <ele>733.155664</ele>
        <time>2026-08-14T12:52:39.589Z</time>
      </trkpt>
      <trkpt lat="46.143878" lon="10.765508">
        <ele>732.523980</ele>
        <time>2026-08-14T12:52:46.243Z</time>
      </trkpt>
      <trkpt lat="46.140814" lon="10.765358">
        <ele>728.292759</ele>
        <time>2026-08-14T12:53:38.929Z</time>
      </trkpt>
      <trkpt lat="46.139176" lon="10.765218">
        <ele>726.155679</ele>
        <time>2026-08-14T12:54:07.681Z</time>
      </trkpt>
      <trkpt lat="46.138860" lon="10.765198">
        <ele>725.725788</ele>
        <time>2026-08-14T12:54:13.102Z</time>
      </trkpt>
      <trkpt lat="46.138182" lon="10.765089">
        <ele>724.798615</ele>
        <time>2026-08-14T12:54:24.705Z</time>
      </trkpt>
      <trkpt lat="46.137581" lon="10.764869">
        <ele>724.031490</ele>
        <time>2026-08-14T12:54:35.235Z</time>
      </trkpt>
      <trkpt lat="46.137095" lon="10.764555">
        <ele>723.386345</ele>
        <time>2026-08-14T12:54:44.526Z</time>
      </trkpt>
      <trkpt lat="46.136549" lon="10.764027">
        <ele>722.590034</ele>
        <time>2026-08-14T12:54:56.140Z</time>
      </trkpt>
      <trkpt lat="46.135853" lon="10.763254">
        <ele>721.761558</ele>
        <time>2026-08-14T12:55:12.264Z</time>
      </trkpt>
      <trkpt lat="46.135477" lon="10.762904">
        <ele>721.354333</ele>
        <time>2026-08-14T12:55:20.506Z</time>
      </trkpt>
      <trkpt lat="46.135206" lon="10.762709">
        <ele>721.078727</ele>
        <time>2026-08-14T12:55:25.972Z</time>
      </trkpt>
      <trkpt lat="46.134934" lon="10.762632">
        <ele>720.819949</ele>
        <time>2026-08-14T12:55:30.893Z</time>
      </trkpt>
      <trkpt lat="46.134568" lon="10.762576">
        <ele>720.253882</ele>
        <time>2026-08-14T12:55:37.267Z</time>
      </trkpt>
      <trkpt lat="46.133353" lon="10.762501">
        <ele>718.383490</ele>
        <time>2026-08-14T12:55:57.480Z</time>
      </trkpt>
      <trkpt lat="46.132846" lon="10.762367">
        <ele>717.875659</ele>
        <time>2026-08-14T12:56:06.191Z</time>
      </trkpt>
      <trkpt lat="46.132381" lon="10.762154">
        <ele>717.571810</ele>
        <time>2026-08-14T12:56:14.789Z</time>
      </trkpt>
      <trkpt lat="46.131926" lon="10.761873">
        <ele>717.263568</ele>
        <time>2026-08-14T12:56:24.016Z</time>
      </trkpt>
      <trkpt lat="46.131172" lon="10.761346">
        <ele>716.846250</ele>
        <time>2026-08-14T12:56:42.954Z</time>
      </trkpt>
      <trkpt lat="46.131104" lon="10.761262">
        <ele>716.818562</ele>
        <time>2026-08-14T12:56:45.365Z</time>
      </trkpt>
      <trkpt lat="46.131109" lon="10.761152">
        <ele>716.794931</ele>
        <time>2026-08-14T12:56:47.375Z</time>
      </trkpt>
      <trkpt lat="46.131300" lon="10.760001">
        <ele>716.541226</ele>
        <time>2026-08-14T12:57:05.068Z</time>
      </trkpt>
      <trkpt lat="46.131319" lon="10.759885">
        <ele>716.515675</ele>
        <time>2026-08-14T12:57:06.581Z</time>
      </trkpt>
      <trkpt lat="46.131339" lon="10.759803">
        <ele>716.497040</ele>
        <time>2026-08-14T12:57:07.697Z</time>
      </trkpt>
      <trkpt lat="46.131110" lon="10.759823">
        <ele>716.426076</ele>
        <time>2026-08-14T12:57:11.704Z</time>
      </trkpt>
      <trkpt lat="46.130829" lon="10.759945">
        <ele>715.916200</ele>
        <time>2026-08-14T12:57:16.500Z</time>
      </trkpt>
      <trkpt lat="46.130496" lon="10.760070">
        <ele>715.036222</ele>
        <time>2026-08-14T12:57:21.866Z</time>
      </trkpt>
      <trkpt lat="46.129961" lon="10.760028">
        <ele>713.665960</ele>
        <time>2026-08-14T12:57:29.857Z</time>
      </trkpt>
      <trkpt lat="46.129836" lon="10.760021">
        <ele>713.346037</ele>
        <time>2026-08-14T12:57:31.727Z</time>
      </trkpt>
      <trkpt lat="46.129793" lon="10.760084">
        <ele>713.189316</ele>
        <time>2026-08-14T12:57:32.650Z</time>
      </trkpt>
      <trkpt lat="46.129778" lon="10.760486">
        <ele>712.475785</ele>
        <time>2026-08-14T12:57:36.922Z</time>
      </trkpt>
      <trkpt lat="46.129744" lon="10.760519">
        <ele>712.370990</ele>
        <time>2026-08-14T12:57:37.556Z</time>
      </trkpt>
      <trkpt lat="46.129646" lon="10.760525">
        <ele>712.120134</ele>
        <time>2026-08-14T12:57:39.100Z</time>
      </trkpt>
      <trkpt lat="46.128533" lon="10.760338">
        <ele>710.328159</ele>
        <time>2026-08-14T12:57:57.856Z</time>
      </trkpt>
      <trkpt lat="46.127698" lon="10.759984">
        <ele>709.053114</ele>
        <time>2026-08-14T12:58:13.553Z</time>
      </trkpt>
      <trkpt lat="46.127410" lon="10.759792">
        <ele>708.630860</ele>
        <time>2026-08-14T12:58:19.238Z</time>
      </trkpt>
      <trkpt lat="46.126789" lon="10.759147">
        <ele>707.612458</ele>
        <time>2026-08-14T12:58:32.562Z</time>
      </trkpt>
      <trkpt lat="46.126443" lon="10.758716">
        <ele>707.004069</ele>
        <time>2026-08-14T12:58:40.153Z</time>
      </trkpt>
      <trkpt lat="46.126279" lon="10.758467">
        <ele>706.695727</ele>
        <time>2026-08-14T12:58:44.082Z</time>
      </trkpt>
      <trkpt lat="46.125776" lon="10.757624">
        <ele>705.821649</ele>
        <time>2026-08-14T12:58:57.110Z</time>
      </trkpt>
      <trkpt lat="46.125224" lon="10.756903">
        <ele>704.977461</ele>
        <time>2026-08-14T12:59:10.375Z</time>
      </trkpt>
      <trkpt lat="46.125005" lon="10.756661">
        <ele>704.686985</ele>
        <time>2026-08-14T12:59:15.724Z</time>
      </trkpt>
      <trkpt lat="46.124575" lon="10.756328">
        <ele>704.435870</ele>
        <time>2026-08-14T12:59:25.447Z</time>
      </trkpt>
      <trkpt lat="46.124180" lon="10.756069">
        <ele>704.212618</ele>
        <time>2026-08-14T12:59:33.876Z</time>
      </trkpt>
      <trkpt lat="46.122879" lon="10.755323">
        <ele>703.850254</ele>
        <time>2026-08-14T12:59:59.820Z</time>
      </trkpt>
      <trkpt lat="46.122178" lon="10.754978">
        <ele>703.943309</ele>
        <time>2026-08-14T13:00:15.442Z</time>
      </trkpt>
      <trkpt lat="46.122150" lon="10.754919">
        <ele>703.949536</ele>
        <time>2026-08-14T13:00:16.629Z</time>
      </trkpt>
      <trkpt lat="46.122143" lon="10.754802">
        <ele>703.959763</ele>
        <time>2026-08-14T13:00:18.603Z</time>
      </trkpt>
      <trkpt lat="46.122210" lon="10.754407">
        <ele>703.995175</ele>
        <time>2026-08-14T13:00:26.082Z</time>
      </trkpt>
      <trkpt lat="46.122166" lon="10.754212">
        <ele>704.064031</ele>
        <time>2026-08-14T13:00:29.933Z</time>
      </trkpt>
      <trkpt lat="46.122113" lon="10.754123">
        <ele>704.148060</ele>
        <time>2026-08-14T13:00:32.086Z</time>
      </trkpt>
      <trkpt lat="46.121665" lon="10.753617">
        <ele>704.735906</ele>
        <time>2026-08-14T13:00:47.243Z</time>
      </trkpt>
      <trkpt lat="46.121638" lon="10.753580">
        <ele>704.774381</ele>
        <time>2026-08-14T13:00:48.228Z</time>
      </trkpt>
      <trkpt lat="46.121442" lon="10.753299">
        <ele>705.059872</ele>
        <time>2026-08-14T13:00:55.895Z</time>
      </trkpt>
      <trkpt lat="46.121045" lon="10.753459">
        <ele>705.485757</ele>
        <time>2026-08-14T13:01:07.029Z</time>
      </trkpt>
      <trkpt lat="46.120714" lon="10.753481">
        <ele>705.828110</ele>
        <time>2026-08-14T13:01:15.281Z</time>
      </trkpt>
      <trkpt lat="46.120681" lon="10.753481">
        <ele>705.862205</ele>
        <time>2026-08-14T13:01:16.096Z</time>
      </trkpt>
      <trkpt lat="46.120224" lon="10.753473">
        <ele>706.200276</ele>
        <time>2026-08-14T13:01:26.160Z</time>
      </trkpt>
      <trkpt lat="46.119460" lon="10.753458">
        <ele>706.764448</ele>
        <time>2026-08-14T13:01:45.536Z</time>
      </trkpt>
      <trkpt lat="46.118818" lon="10.753496">
        <ele>707.147048</ele>
        <time>2026-08-14T13:02:01.863Z</time>
      </trkpt>
      <trkpt lat="46.118018" lon="10.753432">
        <ele>706.569561</ele>
        <time>2026-08-14T13:02:20.131Z</time>
      </trkpt>
      <trkpt lat="46.117778" lon="10.753343">
        <ele>706.390957</ele>
        <time>2026-08-14T13:02:24.723Z</time>
      </trkpt>
      <trkpt lat="46.117580" lon="10.753274">
        <ele>706.244144</ele>
        <time>2026-08-14T13:02:28.262Z</time>
      </trkpt>
      <trkpt lat="46.117339" lon="10.753296">
        <ele>706.070095</ele>
        <time>2026-08-14T13:02:32.244Z</time>
      </trkpt>
      <trkpt lat="46.116839" lon="10.753296">
        <ele>704.952762</ele>
        <time>2026-08-14T13:02:40.050Z</time>
      </trkpt>
      <trkpt lat="46.116671" lon="10.753132">
        <ele>704.212571</ele>
        <time>2026-08-14T13:02:43.048Z</time>
      </trkpt>
      <trkpt lat="46.116614" lon="10.753066">
        <ele>703.945869</ele>
        <time>2026-08-14T13:02:44.120Z</time>
      </trkpt>
      <trkpt lat="46.116489" lon="10.752999">
        <ele>703.459282</ele>
        <time>2026-08-14T13:02:46.059Z</time>
      </trkpt>
      <trkpt lat="46.116284" lon="10.752982">
        <ele>702.710009</ele>
        <time>2026-08-14T13:02:49.028Z</time>
      </trkpt>
      <trkpt lat="46.116216" lon="10.752958">
        <ele>702.454561</ele>
        <time>2026-08-14T13:02:50.034Z</time>
      </trkpt>
      <trkpt lat="46.116184" lon="10.752968">
        <ele>702.335086</ele>
        <time>2026-08-14T13:02:50.508Z</time>
      </trkpt>
      <trkpt lat="46.116115" lon="10.753103">
        <ele>701.910823</ele>
        <time>2026-08-14T13:02:52.185Z</time>
      </trkpt>
      <trkpt lat="46.116051" lon="10.753121">
        <ele>701.672892</ele>
        <time>2026-08-14T13:02:53.143Z</time>
      </trkpt>
      <trkpt lat="46.115724" lon="10.752881">
        <ele>700.334127</ele>
        <time>2026-08-14T13:02:58.440Z</time>
      </trkpt>
      <trkpt lat="46.115376" lon="10.752770">
        <ele>698.978336</ele>
        <time>2026-08-14T13:03:03.644Z</time>
      </trkpt>
      <trkpt lat="46.114862" lon="10.752675">
        <ele>696.738106</ele>
        <time>2026-08-14T13:03:11.219Z</time>
      </trkpt>
      <trkpt lat="46.114671" lon="10.752566">
        <ele>695.850132</ele>
        <time>2026-08-14T13:03:14.135Z</time>
      </trkpt>
      <trkpt lat="46.114432" lon="10.752545">
        <ele>694.814999</ele>
        <time>2026-08-14T13:03:17.526Z</time>
      </trkpt>
      <trkpt lat="46.114012" lon="10.752367">
        <ele>692.922564</ele>
        <time>2026-08-14T13:03:23.707Z</time>
      </trkpt>
      <trkpt lat="46.113890" lon="10.752378">
        <ele>692.394119</ele>
        <time>2026-08-14T13:03:25.439Z</time>
      </trkpt>
      <trkpt lat="46.113619" lon="10.752198">
        <ele>691.269086</ele>
        <time>2026-08-14T13:03:29.732Z</time>
      </trkpt>
      <trkpt lat="46.113327" lon="10.751756">
        <ele>690.105014</ele>
        <time>2026-08-14T13:03:35.924Z</time>
      </trkpt>
      <trkpt lat="46.113111" lon="10.751249">
        <ele>688.970436</ele>
        <time>2026-08-14T13:03:42.078Z</time>
      </trkpt>
      <trkpt lat="46.112501" lon="10.749980">
        <ele>686.476275</ele>
        <time>2026-08-14T13:04:00.055Z</time>
      </trkpt>
      <trkpt lat="46.112445" lon="10.749930">
        <ele>686.434672</ele>
        <time>2026-08-14T13:04:01.221Z</time>
      </trkpt>
      <trkpt lat="46.112297" lon="10.749942">
        <ele>686.341034</ele>
        <time>2026-08-14T13:04:03.885Z</time>
      </trkpt>
      <trkpt lat="46.111979" lon="10.749766">
        <ele>686.125878</ele>
        <time>2026-08-14T13:04:09.925Z</time>
      </trkpt>
      <trkpt lat="46.111265" lon="10.749486">
        <ele>685.658479</ele>
        <time>2026-08-14T13:04:24.254Z</time>
      </trkpt>
      <trkpt lat="46.111083" lon="10.749282">
        <ele>685.512881</ele>
        <time>2026-08-14T13:04:29.644Z</time>
      </trkpt>
      <trkpt lat="46.110981" lon="10.749213">
        <ele>685.446284</ele>
        <time>2026-08-14T13:04:32.239Z</time>
      </trkpt>
      <trkpt lat="46.110305" lon="10.748389">
        <ele>684.965673</ele>
        <time>2026-08-14T13:04:50.766Z</time>
      </trkpt>
      <trkpt lat="46.109935" lon="10.748110">
        <ele>684.738952</ele>
        <time>2026-08-14T13:04:58.533Z</time>
      </trkpt>
      <trkpt lat="46.109706" lon="10.747856">
        <ele>684.582081</ele>
        <time>2026-08-14T13:05:03.662Z</time>
      </trkpt>
      <trkpt lat="46.109505" lon="10.747521">
        <ele>683.834868</ele>
        <time>2026-08-14T13:05:09.139Z</time>
      </trkpt>
      <trkpt lat="46.109387" lon="10.747420">
        <ele>683.234592</ele>
        <time>2026-08-14T13:05:11.432Z</time>
      </trkpt>
      <trkpt lat="46.109235" lon="10.747381">
        <ele>682.559182</ele>
        <time>2026-08-14T13:05:13.796Z</time>
      </trkpt>
      <trkpt lat="46.109101" lon="10.747199">
        <ele>681.753967</ele>
        <time>2026-08-14T13:05:16.475Z</time>
      </trkpt>
      <trkpt lat="46.108927" lon="10.746826">
        <ele>680.390398</ele>
        <time>2026-08-14T13:05:20.866Z</time>
      </trkpt>
      <trkpt lat="46.108830" lon="10.746345">
        <ele>678.871052</ele>
        <time>2026-08-14T13:05:25.649Z</time>
      </trkpt>
      <trkpt lat="46.108707" lon="10.746538">
        <ele>678.075932</ele>
        <time>2026-08-14T13:05:28.132Z</time>
      </trkpt>
      <trkpt lat="46.108595" lon="10.746652">
        <ele>677.476238</ele>
        <time>2026-08-14T13:05:30.016Z</time>
      </trkpt>
      <trkpt lat="46.107923" lon="10.746806">
        <ele>673.696973</ele>
        <time>2026-08-14T13:05:39.145Z</time>
      </trkpt>
      <trkpt lat="46.107242" lon="10.745678">
        <ele>667.450493</ele>
        <time>2026-08-14T13:05:53.091Z</time>
      </trkpt>
      <trkpt lat="46.106979" lon="10.745131">
        <ele>665.159332</ele>
        <time>2026-08-14T13:05:59.556Z</time>
      </trkpt>
      <trkpt lat="46.106939" lon="10.745123">
        <ele>665.021874</ele>
        <time>2026-08-14T13:06:00.114Z</time>
      </trkpt>
      <trkpt lat="46.106375" lon="10.745291">
        <ele>663.061567</ele>
        <time>2026-08-14T13:06:08.459Z</time>
      </trkpt>
      <trkpt lat="46.106350" lon="10.745136">
        <ele>662.686001</ele>
        <time>2026-08-14T13:06:10.088Z</time>
      </trkpt>
      <trkpt lat="46.106274" lon="10.744948">
        <ele>662.172411</ele>
        <time>2026-08-14T13:06:12.330Z</time>
      </trkpt>
      <trkpt lat="46.105253" lon="10.743511">
        <ele>658.348425</ele>
        <time>2026-08-14T13:06:35.603Z</time>
      </trkpt>
      <trkpt lat="46.105170" lon="10.743279">
        <ele>658.002205</ele>
        <time>2026-08-14T13:06:38.732Z</time>
      </trkpt>
      <trkpt lat="46.104858" lon="10.741943">
        <ele>656.139587</ele>
        <time>2026-08-14T13:06:54.881Z</time>
      </trkpt>
      <trkpt lat="46.104883" lon="10.741017">
        <ele>654.997152</ele>
        <time>2026-08-14T13:07:05.184Z</time>
      </trkpt>
      <trkpt lat="46.104843" lon="10.740790">
        <ele>654.708411</ele>
        <time>2026-08-14T13:07:07.813Z</time>
      </trkpt>
      <trkpt lat="46.104698" lon="10.740551">
        <ele>654.316898</ele>
        <time>2026-08-14T13:07:11.390Z</time>
      </trkpt>
      <trkpt lat="46.104276" lon="10.740418">
        <ele>653.548854</ele>
        <time>2026-08-14T13:07:18.586Z</time>
      </trkpt>
      <trkpt lat="46.103608" lon="10.740010">
        <ele>652.408259</ele>
        <time>2026-08-14T13:07:31.393Z</time>
      </trkpt>
      <trkpt lat="46.103060" lon="10.739728">
        <ele>651.573063</ele>
        <time>2026-08-14T13:07:41.596Z</time>
      </trkpt>
      <trkpt lat="46.102945" lon="10.739795">
        <ele>651.395027</ele>
        <time>2026-08-14T13:07:43.730Z</time>
      </trkpt>
      <trkpt lat="46.102931" lon="10.739669">
        <ele>651.268020</ele>
        <time>2026-08-14T13:07:45.240Z</time>
      </trkpt>
      <trkpt lat="46.102828" lon="10.739542">
        <ele>651.073502</ele>
        <time>2026-08-14T13:07:47.560Z</time>
      </trkpt>
      <trkpt lat="46.102151" lon="10.739127">
        <ele>649.802664</ele>
        <time>2026-08-14T13:07:59.736Z</time>
      </trkpt>
      <trkpt lat="46.102134" lon="10.739094">
        <ele>649.741494</ele>
        <time>2026-08-14T13:08:00.200Z</time>
      </trkpt>
      <trkpt lat="46.100647" lon="10.738124">
        <ele>646.358824</ele>
        <time>2026-08-14T13:08:26.250Z</time>
      </trkpt>
      <trkpt lat="46.100217" lon="10.737902">
        <ele>645.710854</ele>
        <time>2026-08-14T13:08:33.595Z</time>
      </trkpt>
      <trkpt lat="46.099893" lon="10.737831">
        <ele>645.245907</ele>
        <time>2026-08-14T13:08:38.970Z</time>
      </trkpt>
      <trkpt lat="46.099675" lon="10.737817">
        <ele>644.936315</ele>
        <time>2026-08-14T13:08:42.640Z</time>
      </trkpt>
      <trkpt lat="46.099192" lon="10.737850">
        <ele>644.250296</ele>
        <time>2026-08-14T13:08:51.116Z</time>
      </trkpt>
      <trkpt lat="46.098166" lon="10.738126">
        <ele>644.502046</ele>
        <time>2026-08-14T13:09:16.469Z</time>
      </trkpt>
      <trkpt lat="46.097894" lon="10.738109">
        <ele>644.642429</ele>
        <time>2026-08-14T13:09:24.819Z</time>
      </trkpt>
      <trkpt lat="46.097694" lon="10.738049">
        <ele>644.747762</ele>
        <time>2026-08-14T13:09:30.638Z</time>
      </trkpt>
      <trkpt lat="46.097194" lon="10.737695">
        <ele>644.555402</ele>
        <time>2026-08-14T13:09:44.001Z</time>
      </trkpt>
      <trkpt lat="46.096952" lon="10.737482">
        <ele>643.659997</ele>
        <time>2026-08-14T13:09:48.999Z</time>
      </trkpt>
      <trkpt lat="46.096574" lon="10.737051">
        <ele>642.138099</ele>
        <time>2026-08-14T13:09:56.315Z</time>
      </trkpt>
      <trkpt lat="46.096574" lon="10.736953">
        <ele>641.923473</ele>
        <time>2026-08-14T13:09:57.282Z</time>
      </trkpt>
      <trkpt lat="46.096502" lon="10.736871">
        <ele>641.633716</ele>
        <time>2026-08-14T13:09:58.573Z</time>
      </trkpt>
      <trkpt lat="46.096294" lon="10.736686">
        <ele>640.861904</ele>
        <time>2026-08-14T13:10:01.943Z</time>
      </trkpt>
      <trkpt lat="46.096128" lon="10.736582">
        <ele>640.290296</ele>
        <time>2026-08-14T13:10:04.427Z</time>
      </trkpt>
      <trkpt lat="46.095466" lon="10.735971">
        <ele>639.197930</ele>
        <time>2026-08-14T13:10:15.393Z</time>
      </trkpt>
      <trkpt lat="46.094541" lon="10.735997">
        <ele>639.021753</ele>
        <time>2026-08-14T13:10:34.393Z</time>
      </trkpt>
      <trkpt lat="46.094433" lon="10.735897">
        <ele>638.997312</ele>
        <time>2026-08-14T13:10:40.900Z</time>
      </trkpt>
      <trkpt lat="46.094271" lon="10.735897">
        <ele>638.966463</ele>
        <time>2026-08-14T13:10:49.309Z</time>
      </trkpt>
      <trkpt lat="46.094176" lon="10.735995">
        <ele>638.947939</ele>
        <time>2026-08-14T13:10:54.922Z</time>
      </trkpt>
      <trkpt lat="46.094008" lon="10.736599">
        <ele>639.689906</ele>
        <time>2026-08-14T13:11:15.260Z</time>
      </trkpt>
      <trkpt lat="46.093846" lon="10.737063">
        <ele>640.282193</ele>
        <time>2026-08-14T13:11:30.328Z</time>
      </trkpt>
      <trkpt lat="46.093451" lon="10.736492">
        <ele>641.201739</ele>
        <time>2026-08-14T13:11:47.834Z</time>
      </trkpt>
      <trkpt lat="46.092943" lon="10.735839">
        <ele>640.964935</ele>
        <time>2026-08-14T13:11:58.680Z</time>
      </trkpt>
      <trkpt lat="46.091806" lon="10.734527">
        <ele>635.610517</ele>
        <time>2026-08-14T13:12:19.566Z</time>
      </trkpt>
      <trkpt lat="46.091564" lon="10.734064">
        <ele>634.288726</ele>
        <time>2026-08-14T13:12:25.461Z</time>
      </trkpt>
      <trkpt lat="46.091226" lon="10.733677">
        <ele>632.916727</ele>
        <time>2026-08-14T13:12:31.868Z</time>
      </trkpt>
      <trkpt lat="46.090647" lon="10.733394">
        <ele>630.973282</ele>
        <time>2026-08-14T13:12:41.132Z</time>
      </trkpt>
      <trkpt lat="46.090177" lon="10.733233">
        <ele>629.509694</ele>
        <time>2026-08-14T13:12:48.693Z</time>
      </trkpt>
      <trkpt lat="46.089901" lon="10.733064">
        <ele>629.072942</ele>
        <time>2026-08-14T13:12:53.596Z</time>
      </trkpt>
      <trkpt lat="46.089516" lon="10.732639">
        <ele>628.366701</ele>
        <time>2026-08-14T13:13:01.784Z</time>
      </trkpt>
      <trkpt lat="46.089398" lon="10.732592">
        <ele>628.188392</ele>
        <time>2026-08-14T13:13:03.892Z</time>
      </trkpt>
      <trkpt lat="46.089187" lon="10.732567">
        <ele>627.880026</ele>
        <time>2026-08-14T13:13:07.573Z</time>
      </trkpt>
      <trkpt lat="46.089041" lon="10.732609">
        <ele>627.663180</ele>
        <time>2026-08-14T13:13:10.120Z</time>
      </trkpt>
      <trkpt lat="46.088672" lon="10.732617">
        <ele>627.125654</ele>
        <time>2026-08-14T13:13:16.559Z</time>
      </trkpt>
      <trkpt lat="46.088437" lon="10.732546">
        <ele>627.009878</ele>
        <time>2026-08-14T13:13:21.017Z</time>
      </trkpt>
      <trkpt lat="46.088184" lon="10.732333">
        <ele>627.153908</ele>
        <time>2026-08-14T13:13:26.713Z</time>
      </trkpt>
      <trkpt lat="46.087949" lon="10.732214">
        <ele>627.276357</ele>
        <time>2026-08-14T13:13:31.919Z</time>
      </trkpt>
      <trkpt lat="46.087869" lon="10.732191">
        <ele>627.316460</ele>
        <time>2026-08-14T13:13:33.875Z</time>
      </trkpt>
      <trkpt lat="46.087183" lon="10.732091">
        <ele>627.655430</ele>
        <time>2026-08-14T13:13:51.897Z</time>
      </trkpt>
      <trkpt lat="46.086311" lon="10.731874">
        <ele>627.405015</ele>
        <time>2026-08-14T13:14:17.297Z</time>
      </trkpt>
      <trkpt lat="46.085447" lon="10.731204">
        <ele>626.592770</ele>
        <time>2026-08-14T13:14:35.701Z</time>
      </trkpt>
      <trkpt lat="46.084500" lon="10.730228">
        <ele>622.854387</ele>
        <time>2026-08-14T13:14:52.258Z</time>
      </trkpt>
      <trkpt lat="46.084520" lon="10.730195">
        <ele>622.731827</ele>
        <time>2026-08-14T13:14:52.675Z</time>
      </trkpt>
      <trkpt lat="46.084684" lon="10.729932">
        <ele>621.742741</ele>
        <time>2026-08-14T13:14:56.202Z</time>
      </trkpt>
      <trkpt lat="46.084856" lon="10.729653">
        <ele>620.698798</ele>
        <time>2026-08-14T13:14:59.933Z</time>
      </trkpt>
      <trkpt lat="46.085079" lon="10.729461">
        <ele>619.651496</ele>
        <time>2026-08-14T13:15:03.688Z</time>
      </trkpt>
      <trkpt lat="46.085225" lon="10.729394">
        <ele>619.052013</ele>
        <time>2026-08-14T13:15:05.924Z</time>
      </trkpt>
      <trkpt lat="46.085293" lon="10.729402">
        <ele>618.861189</ele>
        <time>2026-08-14T13:15:06.940Z</time>
      </trkpt>
      <trkpt lat="46.085330" lon="10.729279">
        <ele>618.601105</ele>
        <time>2026-08-14T13:15:08.290Z</time>
      </trkpt>
      <trkpt lat="46.085314" lon="10.729053">
        <ele>618.160407</ele>
        <time>2026-08-14T13:15:10.655Z</time>
      </trkpt>
      <trkpt lat="46.085288" lon="10.728933">
        <ele>617.916523</ele>
        <time>2026-08-14T13:15:12.014Z</time>
      </trkpt>
      <trkpt lat="46.085254" lon="10.728805">
        <ele>617.650627</ele>
        <time>2026-08-14T13:15:13.562Z</time>
      </trkpt>
      <trkpt lat="46.085165" lon="10.728727">
        <ele>617.359319</ele>
        <time>2026-08-14T13:15:15.238Z</time>
      </trkpt>
      <trkpt lat="46.085110" lon="10.728715">
        <ele>617.203737</ele>
        <time>2026-08-14T13:15:16.157Z</time>
      </trkpt>
      <trkpt lat="46.084520" lon="10.728799">
        <ele>615.545522</ele>
        <time>2026-08-14T13:15:25.631Z</time>
      </trkpt>
      <trkpt lat="46.084241" lon="10.728813">
        <ele>614.764706</ele>
        <time>2026-08-14T13:15:29.906Z</time>
      </trkpt>
      <trkpt lat="46.084125" lon="10.728777">
        <ele>614.432831</ele>
        <time>2026-08-14T13:15:31.716Z</time>
      </trkpt>
      <trkpt lat="46.083470" lon="10.727747">
        <ele>612.141861</ele>
        <time>2026-08-14T13:15:46.853Z</time>
      </trkpt>
      <trkpt lat="46.083283" lon="10.727515">
        <ele>611.575621</ele>
        <time>2026-08-14T13:15:50.785Z</time>
      </trkpt>
      <trkpt lat="46.082929" lon="10.727233">
        <ele>610.647336</ele>
        <time>2026-08-14T13:15:57.313Z</time>
      </trkpt>
      <trkpt lat="46.082711" lon="10.727147">
        <ele>610.128587</ele>
        <time>2026-08-14T13:16:01.005Z</time>
      </trkpt>
      <trkpt lat="46.082459" lon="10.727135">
        <ele>609.753588</ele>
        <time>2026-08-14T13:16:05.227Z</time>
      </trkpt>
      <trkpt lat="46.081779" lon="10.727239">
        <ele>609.015270</ele>
        <time>2026-08-14T13:16:17.058Z</time>
      </trkpt>
      <trkpt lat="46.081568" lon="10.727131">
        <ele>608.773521</ele>
        <time>2026-08-14T13:16:21.087Z</time>
      </trkpt>
      <trkpt lat="46.080567" lon="10.726917">
        <ele>607.639870</ele>
        <time>2026-08-14T13:16:40.227Z</time>
      </trkpt>
      <trkpt lat="46.080158" lon="10.726867">
        <ele>607.138306</ele>
        <time>2026-08-14T13:16:47.597Z</time>
      </trkpt>
      <trkpt lat="46.079783" lon="10.726756">
        <ele>606.670522</ele>
        <time>2026-08-14T13:16:54.238Z</time>
      </trkpt>
      <trkpt lat="46.079636" lon="10.726656">
        <ele>606.471904</ele>
        <time>2026-08-14T13:16:57.094Z</time>
      </trkpt>
      <trkpt lat="46.079151" lon="10.726031">
        <ele>605.649086</ele>
        <time>2026-08-14T13:17:07.946Z</time>
      </trkpt>
      <trkpt lat="46.078923" lon="10.725648">
        <ele>605.119811</ele>
        <time>2026-08-14T13:17:13.616Z</time>
      </trkpt>
      <trkpt lat="46.078871" lon="10.725604">
        <ele>605.028656</ele>
        <time>2026-08-14T13:17:14.614Z</time>
      </trkpt>
      <trkpt lat="46.078827" lon="10.725657">
        <ele>604.941973</ele>
        <time>2026-08-14T13:17:15.521Z</time>
      </trkpt>
      <trkpt lat="46.078751" lon="10.725748">
        <ele>604.792613</ele>
        <time>2026-08-14T13:17:17.141Z</time>
      </trkpt>
      <trkpt lat="46.078620" lon="10.725764">
        <ele>604.593858</ele>
        <time>2026-08-14T13:17:19.317Z</time>
      </trkpt>
      <trkpt lat="46.077801" lon="10.725466">
        <ele>603.316861</ele>
        <time>2026-08-14T13:17:33.896Z</time>
      </trkpt>
      <trkpt lat="46.077451" lon="10.725427">
        <ele>602.872951</ele>
        <time>2026-08-14T13:17:40.215Z</time>
      </trkpt>
      <trkpt lat="46.077161" lon="10.725445">
        <ele>602.565751</ele>
        <time>2026-08-14T13:17:45.243Z</time>
      </trkpt>
      <trkpt lat="46.076682" lon="10.725550">
        <ele>602.052984</ele>
        <time>2026-08-14T13:17:53.829Z</time>
      </trkpt>
      <trkpt lat="46.076498" lon="10.725541">
        <ele>601.858139</ele>
        <time>2026-08-14T13:17:57.172Z</time>
      </trkpt>
      <trkpt lat="46.076317" lon="10.725475">
        <ele>601.660548</ele>
        <time>2026-08-14T13:18:00.576Z</time>
      </trkpt>
      <trkpt lat="46.076171" lon="10.725262">
        <ele>601.440709</ele>
        <time>2026-08-14T13:18:04.266Z</time>
      </trkpt>
      <trkpt lat="46.076091" lon="10.725312">
        <ele>601.348428</ele>
        <time>2026-08-14T13:18:05.893Z</time>
      </trkpt>
      <trkpt lat="46.075984" lon="10.725332">
        <ele>601.234238</ele>
        <time>2026-08-14T13:18:07.811Z</time>
      </trkpt>
      <trkpt lat="46.075562" lon="10.725188">
        <ele>600.673630</ele>
        <time>2026-08-14T13:18:15.527Z</time>
      </trkpt>
      <trkpt lat="46.075054" lon="10.724877">
        <ele>599.939844</ele>
        <time>2026-08-14T13:18:25.186Z</time>
      </trkpt>
      <trkpt lat="46.074570" lon="10.724445">
        <ele>599.182983</ele>
        <time>2026-08-14T13:18:35.067Z</time>
      </trkpt>
      <trkpt lat="46.074523" lon="10.724398">
        <ele>599.106932</ele>
        <time>2026-08-14T13:18:36.024Z</time>
      </trkpt>
      <trkpt lat="46.073953" lon="10.723761">
        <ele>597.745752</ele>
        <time>2026-08-14T13:18:47.901Z</time>
      </trkpt>
      <trkpt lat="46.073696" lon="10.723408">
        <ele>596.973643</ele>
        <time>2026-08-14T13:18:53.500Z</time>
      </trkpt>
      <trkpt lat="46.073279" lon="10.722725">
        <ele>595.600809</ele>
        <time>2026-08-14T13:19:03.406Z</time>
      </trkpt>
      <trkpt lat="46.072902" lon="10.722216">
        <ele>594.562731</ele>
        <time>2026-08-14T13:19:11.780Z</time>
      </trkpt>
      <trkpt lat="46.072682" lon="10.721857">
        <ele>593.997748</ele>
        <time>2026-08-14T13:19:17.259Z</time>
      </trkpt>
      <trkpt lat="46.072547" lon="10.721602">
        <ele>593.619402</ele>
        <time>2026-08-14T13:19:20.975Z</time>
      </trkpt>
      <trkpt lat="46.072167" lon="10.720744">
        <ele>592.418746</ele>
        <time>2026-08-14T13:19:32.984Z</time>
      </trkpt>
      <trkpt lat="46.071754" lon="10.719507">
        <ele>590.808840</ele>
        <time>2026-08-14T13:19:49.003Z</time>
      </trkpt>
      <trkpt lat="46.071737" lon="10.719387">
        <ele>590.665709</ele>
        <time>2026-08-14T13:19:50.409Z</time>
      </trkpt>
      <trkpt lat="46.071545" lon="10.719107">
        <ele>590.205625</ele>
        <time>2026-08-14T13:19:54.908Z</time>
      </trkpt>
      <trkpt lat="46.071201" lon="10.718357">
        <ele>589.154902</ele>
        <time>2026-08-14T13:20:05.228Z</time>
      </trkpt>
      <trkpt lat="46.071021" lon="10.718169">
        <ele>588.780567</ele>
        <time>2026-08-14T13:20:08.917Z</time>
      </trkpt>
      <trkpt lat="46.070197" lon="10.717597">
        <ele>587.953374</ele>
        <time>2026-08-14T13:20:24.683Z</time>
      </trkpt>
      <trkpt lat="46.068436" lon="10.715808">
        <ele>587.611114</ele>
        <time>2026-08-14T13:21:06.822Z</time>
      </trkpt>
      <trkpt lat="46.068262" lon="10.715708">
        <ele>587.678523</ele>
        <time>2026-08-14T13:21:12.113Z</time>
      </trkpt>
      <trkpt lat="46.067946" lon="10.715637">
        <ele>587.793610</ele>
        <time>2026-08-14T13:21:21.878Z</time>
      </trkpt>
      <trkpt lat="46.067022" lon="10.715633">
        <ele>588.097879</ele>
        <time>2026-08-14T13:21:49.651Z</time>
      </trkpt>
      <trkpt lat="46.066898" lon="10.715643">
        <ele>588.138687</ele>
        <time>2026-08-14T13:21:52.662Z</time>
      </trkpt>
      <trkpt lat="46.066477" lon="10.715841">
        <ele>588.284200</ele>
        <time>2026-08-14T13:22:01.484Z</time>
      </trkpt>
      <trkpt lat="46.066400" lon="10.715876">
        <ele>588.310729</ele>
        <time>2026-08-14T13:22:02.920Z</time>
      </trkpt>
      <trkpt lat="46.065554" lon="10.716188">
        <ele>586.660621</ele>
        <time>2026-08-14T13:22:16.895Z</time>
      </trkpt>
      <trkpt lat="46.063745" lon="10.716772">
        <ele>581.793305</ele>
        <time>2026-08-14T13:22:44.790Z</time>
      </trkpt>
      <trkpt lat="46.063330" lon="10.716973">
        <ele>580.751776</ele>
        <time>2026-08-14T13:22:51.683Z</time>
      </trkpt>
      <trkpt lat="46.062733" lon="10.717342">
        <ele>579.206431</ele>
        <time>2026-08-14T13:23:02.493Z</time>
      </trkpt>
      <trkpt lat="46.062470" lon="10.717379">
        <ele>579.012313</ele>
        <time>2026-08-14T13:23:07.106Z</time>
      </trkpt>
      <trkpt lat="46.062273" lon="10.717332">
        <ele>578.908699</ele>
        <time>2026-08-14T13:23:10.782Z</time>
      </trkpt>
      <trkpt lat="46.062041" lon="10.717207">
        <ele>578.780175</ele>
        <time>2026-08-14T13:23:15.599Z</time>
      </trkpt>
      <trkpt lat="46.061813" lon="10.716968">
        <ele>578.633880</ele>
        <time>2026-08-14T13:23:21.177Z</time>
      </trkpt>
      <trkpt lat="46.061752" lon="10.716858">
        <ele>578.583179</ele>
        <time>2026-08-14T13:23:23.174Z</time>
      </trkpt>
      <trkpt lat="46.061781" lon="10.716589">
        <ele>578.485162</ele>
        <time>2026-08-14T13:23:27.301Z</time>
      </trkpt>
      <trkpt lat="46.062171" lon="10.716159">
        <ele>578.230359</ele>
        <time>2026-08-14T13:23:37.761Z</time>
      </trkpt>
      <trkpt lat="46.062082" lon="10.716165">
        <ele>578.182034</ele>
        <time>2026-08-14T13:23:39.460Z</time>
      </trkpt>
      <trkpt lat="46.061804" lon="10.715644">
        <ele>577.914618</ele>
        <time>2026-08-14T13:23:47.751Z</time>
      </trkpt>
      <trkpt lat="46.061679" lon="10.715360">
        <ele>577.777777</ele>
        <time>2026-08-14T13:23:57.280Z</time>
      </trkpt>
      <trkpt lat="46.061629" lon="10.715307">
        <ele>577.741381</ele>
        <time>2026-08-14T13:23:58.345Z</time>
      </trkpt>
      <trkpt lat="46.061568" lon="10.715340">
        <ele>577.703175</ele>
        <time>2026-08-14T13:23:59.431Z</time>
      </trkpt>
      <trkpt lat="46.061092" lon="10.715816">
        <ele>577.363443</ele>
        <time>2026-08-14T13:24:09.351Z</time>
      </trkpt>
      <trkpt lat="46.060643" lon="10.715999">
        <ele>577.664803</ele>
        <time>2026-08-14T13:24:17.544Z</time>
      </trkpt>
      <trkpt lat="46.059839" lon="10.715452">
        <ele>582.526240</ele>
        <time>2026-08-14T13:24:52.448Z</time>
      </trkpt>
      <trkpt lat="46.059543" lon="10.715171">
        <ele>584.464337</ele>
        <time>2026-08-14T13:25:15.708Z</time>
      </trkpt>
      <trkpt lat="46.059468" lon="10.714972">
        <ele>585.323565</ele>
        <time>2026-08-14T13:25:26.843Z</time>
      </trkpt>
      <trkpt lat="46.059363" lon="10.714414">
        <ele>587.695621</ele>
        <time>2026-08-14T13:25:56.229Z</time>
      </trkpt>
      <trkpt lat="46.059259" lon="10.714242">
        <ele>588.848851</ele>
        <time>2026-08-14T13:26:09.421Z</time>
      </trkpt>
      <trkpt lat="46.059201" lon="10.714229">
        <ele>589.276447</ele>
        <time>2026-08-14T13:26:14.338Z</time>
      </trkpt>
      <trkpt lat="46.058855" lon="10.714518">
        <ele>592.189742</ele>
        <time>2026-08-14T13:26:46.220Z</time>
      </trkpt>
      <trkpt lat="46.058665" lon="10.714607">
        <ele>593.645130</ele>
        <time>2026-08-14T13:27:00.390Z</time>
      </trkpt>
      <trkpt lat="46.058556" lon="10.714673">
        <ele>594.506413</ele>
        <time>2026-08-14T13:27:11.012Z</time>
      </trkpt>
      <trkpt lat="46.058499" lon="10.714691">
        <ele>594.931497</ele>
        <time>2026-08-14T13:27:14.507Z</time>
      </trkpt>
      <trkpt lat="46.058249" lon="10.714639">
        <ele>596.771560</ele>
        <time>2026-08-14T13:27:28.456Z</time>
      </trkpt>
      <trkpt lat="46.058174" lon="10.714717">
        <ele>597.445338</ele>
        <time>2026-08-14T13:27:32.804Z</time>
      </trkpt>
      <trkpt lat="46.058222" lon="10.714978">
        <ele>598.810267</ele>
        <time>2026-08-14T13:27:40.901Z</time>
      </trkpt>
      <trkpt lat="46.058194" lon="10.715100">
        <ele>599.459844</ele>
        <time>2026-08-14T13:27:44.155Z</time>
      </trkpt>
      <trkpt lat="46.058142" lon="10.715156">
        <ele>599.932742</ele>
        <time>2026-08-14T13:27:46.555Z</time>
      </trkpt>
      <trkpt lat="46.057861" lon="10.715178">
        <ele>599.091610</ele>
        <time>2026-08-14T13:27:54.852Z</time>
      </trkpt>
      <trkpt lat="46.057453" lon="10.715796">
        <ele>596.841585</ele>
        <time>2026-08-14T13:28:04.905Z</time>
      </trkpt>
      <trkpt lat="46.057157" lon="10.716142">
        <ele>595.392812</ele>
        <time>2026-08-14T13:28:10.060Z</time>
      </trkpt>
      <trkpt lat="46.056889" lon="10.716470">
        <ele>594.056265</ele>
        <time>2026-08-14T13:28:14.612Z</time>
      </trkpt>
      <trkpt lat="46.056805" lon="10.716565">
        <ele>593.650372</ele>
        <time>2026-08-14T13:28:15.976Z</time>
      </trkpt>
      <trkpt lat="46.056709" lon="10.716800">
        <ele>592.721793</ele>
        <time>2026-08-14T13:28:18.381Z</time>
      </trkpt>
      <trkpt lat="46.056566" lon="10.717098">
        <ele>591.131016</ele>
        <time>2026-08-14T13:28:21.573Z</time>
      </trkpt>
      <trkpt lat="46.056499" lon="10.717123">
        <ele>590.693121</ele>
        <time>2026-08-14T13:28:22.462Z</time>
      </trkpt>
      <trkpt lat="46.056148" lon="10.717498">
        <ele>587.928529</ele>
        <time>2026-08-14T13:28:28.122Z</time>
      </trkpt>
      <trkpt lat="46.055993" lon="10.717606">
        <ele>586.839203</ele>
        <time>2026-08-14T13:28:30.409Z</time>
      </trkpt>
      <trkpt lat="46.055768" lon="10.717598">
        <ele>585.415176</ele>
        <time>2026-08-14T13:28:33.464Z</time>
      </trkpt>
      <trkpt lat="46.055131" lon="10.717100">
        <ele>581.027093</ele>
        <time>2026-08-14T13:28:44.428Z</time>
      </trkpt>
      <trkpt lat="46.054679" lon="10.716946">
        <ele>578.647856</ele>
        <time>2026-08-14T13:28:51.683Z</time>
      </trkpt>
      <trkpt lat="46.054056" lon="10.716900">
        <ele>575.452315</ele>
        <time>2026-08-14T13:29:00.514Z</time>
      </trkpt>
      <trkpt lat="46.053835" lon="10.717067">
        <ele>574.174007</ele>
        <time>2026-08-14T13:29:03.841Z</time>
      </trkpt>
      <trkpt lat="46.053757" lon="10.717167">
        <ele>573.639193</ele>
        <time>2026-08-14T13:29:05.220Z</time>
      </trkpt>
      <trkpt lat="46.053493" lon="10.717167">
        <ele>572.139131</ele>
        <time>2026-08-14T13:29:08.635Z</time>
      </trkpt>
      <trkpt lat="46.053127" lon="10.716879">
        <ele>569.139184</ele>
        <time>2026-08-14T13:29:13.966Z</time>
      </trkpt>
      <trkpt lat="46.053063" lon="10.716928">
        <ele>568.617825</ele>
        <time>2026-08-14T13:29:14.888Z</time>
      </trkpt>
      <trkpt lat="46.053050" lon="10.717097">
        <ele>567.768933</ele>
        <time>2026-08-14T13:29:16.398Z</time>
      </trkpt>
      <trkpt lat="46.053076" lon="10.717920">
        <ele>563.655892</ele>
        <time>2026-08-14T13:29:23.847Z</time>
      </trkpt>
      <trkpt lat="46.053065" lon="10.718181">
        <ele>562.350463</ele>
        <time>2026-08-14T13:29:26.280Z</time>
      </trkpt>
      <trkpt lat="46.053035" lon="10.718395">
        <ele>561.260499</ele>
        <time>2026-08-14T13:29:28.344Z</time>
      </trkpt>
      <trkpt lat="46.052890" lon="10.718927">
        <ele>559.202679</ele>
        <time>2026-08-14T13:29:33.884Z</time>
      </trkpt>
      <trkpt lat="46.052832" lon="10.718961">
        <ele>559.026656</ele>
        <time>2026-08-14T13:29:34.770Z</time>
      </trkpt>
      <trkpt lat="46.052683" lon="10.718987">
        <ele>558.604736</ele>
        <time>2026-08-14T13:29:40.121Z</time>
      </trkpt>
      <trkpt lat="46.052541" lon="10.719024">
        <ele>558.199079</ele>
        <time>2026-08-14T13:29:42.244Z</time>
      </trkpt>
      <trkpt lat="46.052392" lon="10.718995">
        <ele>557.776415</ele>
        <time>2026-08-14T13:29:44.508Z</time>
      </trkpt>
      <trkpt lat="46.052109" lon="10.718909">
        <ele>556.963362</ele>
        <time>2026-08-14T13:29:49.089Z</time>
      </trkpt>
      <trkpt lat="46.051729" lon="10.718730">
        <ele>555.839494</ele>
        <time>2026-08-14T13:29:55.914Z</time>
      </trkpt>
      <trkpt lat="46.051584" lon="10.718740">
        <ele>555.431412</ele>
        <time>2026-08-14T13:29:58.448Z</time>
      </trkpt>
      <trkpt lat="46.051532" lon="10.718801">
        <ele>555.242914</ele>
        <time>2026-08-14T13:29:59.628Z</time>
      </trkpt>
      <trkpt lat="46.051272" lon="10.719409">
        <ele>554.152193</ele>
        <time>2026-08-14T13:30:08.149Z</time>
      </trkpt>
      <trkpt lat="46.051197" lon="10.719535">
        <ele>553.949739</ele>
        <time>2026-08-14T13:30:10.152Z</time>
      </trkpt>
      <trkpt lat="46.051122" lon="10.719601">
        <ele>553.795299</ele>
        <time>2026-08-14T13:30:11.656Z</time>
      </trkpt>
      <trkpt lat="46.050896" lon="10.719655">
        <ele>553.392709</ele>
        <time>2026-08-14T13:30:15.587Z</time>
      </trkpt>
      <trkpt lat="46.050427" lon="10.719706">
        <ele>552.566157</ele>
        <time>2026-08-14T13:30:23.505Z</time>
      </trkpt>
      <trkpt lat="46.050274" lon="10.719845">
        <ele>552.248294</ele>
        <time>2026-08-14T13:30:26.499Z</time>
      </trkpt>
      <trkpt lat="46.050038" lon="10.720144">
        <ele>551.696025</ele>
        <time>2026-08-14T13:30:31.533Z</time>
      </trkpt>
      <trkpt lat="46.049916" lon="10.720243">
        <ele>551.427322</ele>
        <time>2026-08-14T13:30:33.732Z</time>
      </trkpt>
      <trkpt lat="46.049602" lon="10.720429">
        <ele>550.536663</ele>
        <time>2026-08-14T13:30:39.059Z</time>
      </trkpt>
      <trkpt lat="46.049107" lon="10.721049">
        <ele>548.815984</ele>
        <time>2026-08-14T13:30:49.158Z</time>
      </trkpt>
      <trkpt lat="46.049007" lon="10.721220">
        <ele>548.408841</ele>
        <time>2026-08-14T13:30:51.530Z</time>
      </trkpt>
      <trkpt lat="46.048950" lon="10.721355">
        <ele>548.121124</ele>
        <time>2026-08-14T13:30:53.211Z</time>
      </trkpt>
      <trkpt lat="46.048468" lon="10.721633">
        <ele>546.769519</ele>
        <time>2026-08-14T13:31:01.259Z</time>
      </trkpt>
      <trkpt lat="46.048335" lon="10.721679">
        <ele>546.616716</ele>
        <time>2026-08-14T13:31:03.424Z</time>
      </trkpt>
      <trkpt lat="46.048185" lon="10.721799">
        <ele>546.425044</ele>
        <time>2026-08-14T13:31:06.191Z</time>
      </trkpt>
      <trkpt lat="46.048120" lon="10.721883">
        <ele>546.327499</ele>
        <time>2026-08-14T13:31:07.627Z</time>
      </trkpt>
      <trkpt lat="46.048083" lon="10.722091">
        <ele>546.161009</ele>
        <time>2026-08-14T13:31:10.104Z</time>
      </trkpt>
      <trkpt lat="46.047869" lon="10.722392">
        <ele>545.826906</ele>
        <time>2026-08-14T13:31:15.192Z</time>
      </trkpt>
      <trkpt lat="46.047759" lon="10.722469">
        <ele>545.690282</ele>
        <time>2026-08-14T13:31:17.364Z</time>
      </trkpt>
      <trkpt lat="46.047734" lon="10.722689">
        <ele>545.517429</ele>
        <time>2026-08-14T13:31:20.164Z</time>
      </trkpt>
      <trkpt lat="46.047613" lon="10.723130">
        <ele>545.149738</ele>
        <time>2026-08-14T13:31:26.377Z</time>
      </trkpt>
      <trkpt lat="46.047340" lon="10.723753">
        <ele>544.789194</ele>
        <time>2026-08-14T13:31:37.286Z</time>
      </trkpt>
      <trkpt lat="46.047127" lon="10.724423">
        <ele>544.853449</ele>
        <time>2026-08-14T13:31:49.147Z</time>
      </trkpt>
      <trkpt lat="46.046839" lon="10.725118">
        <ele>544.924027</ele>
        <time>2026-08-14T13:32:02.024Z</time>
      </trkpt>
      <trkpt lat="46.046488" lon="10.725764">
        <ele>544.989340</ele>
        <time>2026-08-14T13:32:13.429Z</time>
      </trkpt>
      <trkpt lat="46.046323" lon="10.726168">
        <ele>544.881873</ele>
        <time>2026-08-14T13:32:19.707Z</time>
      </trkpt>
      <trkpt lat="46.046127" lon="10.726995">
        <ele>544.681523</ele>
        <time>2026-08-14T13:32:31.089Z</time>
      </trkpt>
      <trkpt lat="46.046082" lon="10.727104">
        <ele>544.652447</ele>
        <time>2026-08-14T13:32:32.669Z</time>
      </trkpt>
      <trkpt lat="46.046078" lon="10.727257">
        <ele>544.617345</ele>
        <time>2026-08-14T13:32:34.688Z</time>
      </trkpt>
      <trkpt lat="46.045653" lon="10.728319">
        <ele>544.463304</ele>
        <time>2026-08-14T13:32:51.270Z</time>
      </trkpt>
      <trkpt lat="46.045438" lon="10.728780">
        <ele>544.590918</ele>
        <time>2026-08-14T13:33:00.934Z</time>
      </trkpt>
      <trkpt lat="46.045288" lon="10.729019">
        <ele>544.664953</ele>
        <time>2026-08-14T13:33:06.546Z</time>
      </trkpt>
      <trkpt lat="46.045070" lon="10.729394">
        <ele>544.777346</ele>
        <time>2026-08-14T13:33:20.966Z</time>
      </trkpt>
      <trkpt lat="46.044720" lon="10.729826">
        <ele>544.929914</ele>
        <time>2026-08-14T13:33:40.638Z</time>
      </trkpt>
      <trkpt lat="46.044608" lon="10.729952">
        <ele>544.976954</ele>
        <time>2026-08-14T13:33:46.931Z</time>
      </trkpt>
      <trkpt lat="46.044202" lon="10.730177">
        <ele>544.662981</ele>
        <time>2026-08-14T13:34:05.272Z</time>
      </trkpt>
      <trkpt lat="46.044075" lon="10.730289">
        <ele>544.532837</ele>
        <time>2026-08-14T13:34:11.029Z</time>
      </trkpt>
      <trkpt lat="46.043923" lon="10.730472">
        <ele>544.359707</ele>
        <time>2026-08-14T13:34:18.420Z</time>
      </trkpt>
      <trkpt lat="46.043584" lon="10.730965">
        <ele>543.938711</ele>
        <time>2026-08-14T13:34:35.599Z</time>
      </trkpt>
      <trkpt lat="46.043500" lon="10.731047">
        <ele>543.850028</ele>
        <time>2026-08-14T13:34:39.162Z</time>
      </trkpt>
      <trkpt lat="46.043413" lon="10.731175">
        <ele>543.741346</ele>
        <time>2026-08-14T13:34:43.677Z</time>
      </trkpt>
      <trkpt lat="46.043285" lon="10.731531">
        <ele>543.498118</ele>
        <time>2026-08-14T13:34:53.999Z</time>
      </trkpt>
      <trkpt lat="46.043087" lon="10.731953">
        <ele>543.057923</ele>
        <time>2026-08-14T13:35:07.324Z</time>
      </trkpt>
      <trkpt lat="46.042937" lon="10.732422">
        <ele>542.569029</ele>
        <time>2026-08-14T13:35:20.848Z</time>
      </trkpt>
      <trkpt lat="46.042805" lon="10.732632">
        <ele>542.300805</ele>
        <time>2026-08-14T13:35:28.239Z</time>
      </trkpt>
      <trkpt lat="46.042510" lon="10.733460">
        <ele>541.419658</ele>
        <time>2026-08-14T13:35:52.070Z</time>
      </trkpt>
      <trkpt lat="46.042456" lon="10.733815">
        <ele>541.075583</ele>
        <time>2026-08-14T13:36:01.093Z</time>
      </trkpt>
      <trkpt lat="46.042338" lon="10.734136">
        <ele>540.536367</ele>
        <time>2026-08-14T13:36:09.856Z</time>
      </trkpt>
      <trkpt lat="46.042286" lon="10.734394">
        <ele>540.073407</ele>
        <time>2026-08-14T13:36:16.217Z</time>
      </trkpt>
      <trkpt lat="46.042107" lon="10.735590">
        <ele>537.965038</ele>
        <time>2026-08-14T13:36:43.997Z</time>
      </trkpt>
      <trkpt lat="46.041932" lon="10.736475">
        <ele>536.414588</ele>
        <time>2026-08-14T13:37:06.546Z</time>
      </trkpt>
      <trkpt lat="46.041869" lon="10.737323">
        <ele>535.359253</ele>
        <time>2026-08-14T13:37:28.470Z</time>
      </trkpt>
      <trkpt lat="46.041896" lon="10.737538">
        <ele>535.088887</ele>
        <time>2026-08-14T13:37:34.037Z</time>
      </trkpt>
      <trkpt lat="46.041899" lon="10.737743">
        <ele>534.835157</ele>
        <time>2026-08-14T13:37:39.188Z</time>
      </trkpt>
      <trkpt lat="46.041966" lon="10.738053">
        <ele>534.433389</ele>
        <time>2026-08-14T13:37:47.315Z</time>
      </trkpt>
      <trkpt lat="46.042021" lon="10.738535">
        <ele>533.828943</ele>
        <time>2026-08-14T13:37:59.375Z</time>
      </trkpt>
      <trkpt lat="46.041987" lon="10.739231">
        <ele>532.378199</ele>
        <time>2026-08-14T13:38:16.382Z</time>
      </trkpt>
      <trkpt lat="46.042008" lon="10.739671">
        <ele>530.868379</ele>
        <time>2026-08-14T13:38:26.572Z</time>
      </trkpt>
      <trkpt lat="46.042110" lon="10.740496">
        <ele>527.999688</ele>
        <time>2026-08-14T13:38:44.178Z</time>
      </trkpt>
      <trkpt lat="46.042192" lon="10.740943">
        <ele>526.416928</ele>
        <time>2026-08-14T13:38:53.888Z</time>
      </trkpt>
      <trkpt lat="46.042185" lon="10.741004">
        <ele>526.205272</ele>
        <time>2026-08-14T13:38:55.213Z</time>
      </trkpt>
      <trkpt lat="46.042109" lon="10.741063">
        <ele>525.779499</ele>
        <time>2026-08-14T13:38:57.783Z</time>
      </trkpt>
      <trkpt lat="46.041860" lon="10.741493">
        <ele>523.794751</ele>
        <time>2026-08-14T13:39:09.386Z</time>
      </trkpt>
      <trkpt lat="46.041863" lon="10.741549">
        <ele>523.579420</ele>
        <time>2026-08-14T13:39:09.908Z</time>
      </trkpt>
      <trkpt lat="46.041817" lon="10.741528">
        <ele>523.312905</ele>
        <time>2026-08-14T13:39:10.547Z</time>
      </trkpt>
      <trkpt lat="46.041580" lon="10.741092">
        <ele>521.189826</ele>
        <time>2026-08-14T13:39:15.637Z</time>
      </trkpt>
      <trkpt lat="46.041369" lon="10.740827">
        <ele>519.643771</ele>
        <time>2026-08-14T13:39:19.305Z</time>
      </trkpt>
      <trkpt lat="46.041308" lon="10.740922">
        <ele>519.147625</ele>
        <time>2026-08-14T13:39:20.505Z</time>
      </trkpt>
      <trkpt lat="46.040915" lon="10.741185">
        <ele>516.754274</ele>
        <time>2026-08-14T13:39:26.603Z</time>
      </trkpt>
      <trkpt lat="46.040164" lon="10.741091">
        <ele>513.918180</ele>
        <time>2026-08-14T13:39:37.820Z</time>
      </trkpt>
      <trkpt lat="46.039930" lon="10.741467">
        <ele>513.332884</ele>
        <time>2026-08-14T13:39:43.473Z</time>
      </trkpt>
      <trkpt lat="46.039811" lon="10.741730">
        <ele>512.969019</ele>
        <time>2026-08-14T13:39:47.191Z</time>
      </trkpt>
      <trkpt lat="46.039690" lon="10.742686">
        <ele>511.842712</ele>
        <time>2026-08-14T13:39:59.481Z</time>
      </trkpt>
      <trkpt lat="46.039690" lon="10.743179">
        <ele>511.431457</ele>
        <time>2026-08-14T13:40:06.125Z</time>
      </trkpt>
      <trkpt lat="46.039742" lon="10.743961">
        <ele>511.187244</ele>
        <time>2026-08-14T13:40:16.935Z</time>
      </trkpt>
      <trkpt lat="46.039727" lon="10.744236">
        <ele>511.101492</ele>
        <time>2026-08-14T13:40:20.700Z</time>
      </trkpt>
      <trkpt lat="46.039751" lon="10.744862">
        <ele>510.906591</ele>
        <time>2026-08-14T13:40:29.106Z</time>
      </trkpt>
      <trkpt lat="46.039841" lon="10.745340">
        <ele>510.752626</ele>
        <time>2026-08-14T13:40:35.545Z</time>
      </trkpt>
      <trkpt lat="46.040025" lon="10.745911">
        <ele>510.633267</ele>
        <time>2026-08-14T13:40:43.595Z</time>
      </trkpt>
      <trkpt lat="46.040395" lon="10.746403">
        <ele>510.542541</ele>
        <time>2026-08-14T13:40:53.073Z</time>
      </trkpt>
      <trkpt lat="46.040709" lon="10.746737">
        <ele>510.472213</ele>
        <time>2026-08-14T13:41:00.753Z</time>
      </trkpt>
      <trkpt lat="46.040891" lon="10.746890">
        <ele>510.434245</ele>
        <time>2026-08-14T13:41:05.164Z</time>
      </trkpt>
      <trkpt lat="46.041061" lon="10.746984">
        <ele>510.401436</ele>
        <time>2026-08-14T13:41:09.164Z</time>
      </trkpt>
      <trkpt lat="46.041522" lon="10.747122">
        <ele>510.305751</ele>
        <time>2026-08-14T13:41:20.299Z</time>
      </trkpt>
      <trkpt lat="46.041714" lon="10.747214">
        <ele>510.260301</ele>
        <time>2026-08-14T13:41:25.256Z</time>
      </trkpt>
      <trkpt lat="46.041865" lon="10.747339">
        <ele>510.221182</ele>
        <time>2026-08-14T13:41:29.412Z</time>
      </trkpt>
      <trkpt lat="46.042106" lon="10.747685">
        <ele>510.144758</ele>
        <time>2026-08-14T13:41:36.836Z</time>
      </trkpt>
      <trkpt lat="46.042358" lon="10.748181">
        <ele>510.048921</ele>
        <time>2026-08-14T13:41:45.051Z</time>
      </trkpt>
      <trkpt lat="46.042433" lon="10.748384">
        <ele>510.013066</ele>
        <time>2026-08-14T13:41:47.926Z</time>
      </trkpt>
      <trkpt lat="46.042697" lon="10.750095">
        <ele>508.937904</ele>
        <time>2026-08-14T13:42:08.389Z</time>
      </trkpt>
      <trkpt lat="46.042644" lon="10.750074">
        <ele>508.879885</ele>
        <time>2026-08-14T13:42:09.490Z</time>
      </trkpt>
      <trkpt lat="46.042197" lon="10.750126">
        <ele>508.406538</ele>
        <time>2026-08-14T13:42:17.283Z</time>
      </trkpt>
      <trkpt lat="46.043510" lon="10.756071">
        <ele>509.462071</ele>
        <time>2026-08-14T13:43:53.252Z</time>
      </trkpt>
      <trkpt lat="46.043508" lon="10.756198">
        <ele>509.536360</ele>
        <time>2026-08-14T13:43:55.749Z</time>
      </trkpt>
      <trkpt lat="46.043466" lon="10.756235">
        <ele>509.577838</ele>
        <time>2026-08-14T13:43:57.103Z</time>
      </trkpt>
      <trkpt lat="46.043108" lon="10.756190">
        <ele>509.880605</ele>
        <time>2026-08-14T13:44:06.992Z</time>
      </trkpt>
      <trkpt lat="46.042938" lon="10.756215">
        <ele>510.024578</ele>
        <time>2026-08-14T13:44:11.627Z</time>
      </trkpt>
      <trkpt lat="46.042862" lon="10.756239">
        <ele>510.090129</ele>
        <time>2026-08-14T13:44:13.698Z</time>
      </trkpt>
      <trkpt lat="46.042781" lon="10.755874">
        <ele>510.314229</ele>
        <time>2026-08-14T13:44:20.645Z</time>
      </trkpt>
      <trkpt lat="46.042508" lon="10.755074">
        <ele>510.648977</ele>
        <time>2026-08-14T13:44:36.485Z</time>
      </trkpt>
      <trkpt lat="46.042471" lon="10.754982">
        <ele>510.652449</ele>
        <time>2026-08-14T13:44:38.086Z</time>
      </trkpt>
      <trkpt lat="46.042389" lon="10.754911">
        <ele>510.656949</ele>
        <time>2026-08-14T13:44:40.195Z</time>
      </trkpt>
      <trkpt lat="46.042446" lon="10.754817">
        <ele>510.661024</ele>
        <time>2026-08-14T13:44:42.176Z</time>
      </trkpt>
      <trkpt lat="46.042534" lon="10.755056">
        <ele>510.669857</ele>
        <time>2026-08-14T13:44:45.974Z</time>
      </trkpt>
      <trkpt lat="46.042830" lon="10.755907">
        <ele>510.700934</ele>
        <time>2026-08-14T13:44:59.205Z</time>
      </trkpt>
      <trkpt lat="46.042886" lon="10.756241">
        <ele>510.712153</ele>
        <time>2026-08-14T13:45:03.841Z</time>
      </trkpt>
      <trkpt lat="46.042902" lon="10.756618">
        <ele>510.714943</ele>
        <time>2026-08-14T13:45:09.011Z</time>
      </trkpt>
      <trkpt lat="46.042842" lon="10.757135">
        <ele>510.647804</ele>
        <time>2026-08-14T13:45:16.076Z</time>
      </trkpt>
      <trkpt lat="46.042562" lon="10.758285">
        <ele>510.491705</ele>
        <time>2026-08-14T13:45:32.597Z</time>
      </trkpt>
      <trkpt lat="46.042438" lon="10.758688">
        <ele>510.435242</ele>
        <time>2026-08-14T13:45:38.733Z</time>
      </trkpt>
      <trkpt lat="46.042044" lon="10.759728">
        <ele>511.381550</ele>
        <time>2026-08-14T13:45:56.442Z</time>
      </trkpt>
      <trkpt lat="46.041747" lon="10.760594">
        <ele>512.525627</ele>
        <time>2026-08-14T13:46:14.904Z</time>
      </trkpt>
      <trkpt lat="46.041727" lon="10.760707">
        <ele>512.663750</ele>
        <time>2026-08-14T13:46:17.733Z</time>
      </trkpt>
      <trkpt lat="46.041719" lon="10.761286">
        <ele>513.349669</ele>
        <time>2026-08-14T13:46:33.290Z</time>
      </trkpt>
      <trkpt lat="46.041385" lon="10.761503">
        <ele>514.590697</ele>
        <time>2026-08-14T13:46:50.682Z</time>
      </trkpt>
      <trkpt lat="46.041206" lon="10.761734">
        <ele>515.490987</ele>
        <time>2026-08-14T13:47:02.373Z</time>
      </trkpt>
      <trkpt lat="46.041086" lon="10.762002">
        <ele>516.320320</ele>
        <time>2026-08-14T13:47:13.228Z</time>
      </trkpt>
      <trkpt lat="46.040924" lon="10.762638">
        <ele>518.082040</ele>
        <time>2026-08-14T13:47:33.965Z</time>
      </trkpt>
      <trkpt lat="46.040826" lon="10.762887">
        <ele>518.826393</ele>
        <time>2026-08-14T13:47:41.294Z</time>
      </trkpt>
      <trkpt lat="46.040803" lon="10.763029">
        <ele>519.205578</ele>
        <time>2026-08-14T13:47:45.106Z</time>
      </trkpt>
      <trkpt lat="46.040867" lon="10.763274">
        <ele>519.886311</ele>
        <time>2026-08-14T13:47:52.123Z</time>
      </trkpt>
      <trkpt lat="46.041033" lon="10.763583">
        <ele>521.821631</ele>
        <time>2026-08-14T13:48:02.986Z</time>
      </trkpt>
      <trkpt lat="46.041192" lon="10.763809">
        <ele>523.750335</ele>
        <time>2026-08-14T13:48:13.461Z</time>
      </trkpt>
      <trkpt lat="46.041332" lon="10.764019">
        <ele>525.495527</ele>
        <time>2026-08-14T13:48:24.354Z</time>
      </trkpt>
      <trkpt lat="46.041208" lon="10.764169">
        <ele>526.893655</ele>
        <time>2026-08-14T13:48:33.892Z</time>
      </trkpt>
      <trkpt lat="46.040651" lon="10.764488">
        <ele>532.069379</ele>
        <time>2026-08-14T13:49:17.039Z</time>
      </trkpt>
      <trkpt lat="46.040567" lon="10.764361">
        <ele>533.120832</ele>
        <time>2026-08-14T13:49:28.006Z</time>
      </trkpt>
      <trkpt lat="46.040470" lon="10.763802">
        <ele>537.080761</ele>
        <time>2026-08-14T13:50:07.737Z</time>
      </trkpt>
      <trkpt lat="46.040207" lon="10.762868">
        <ele>546.739127</ele>
        <time>2026-08-14T13:51:19.720Z</time>
      </trkpt>
      <trkpt lat="46.040114" lon="10.762270">
        <ele>552.611509</ele>
        <time>2026-08-14T13:51:59.411Z</time>
      </trkpt>
      <trkpt lat="46.040017" lon="10.762071">
        <ele>554.941611</ele>
        <time>2026-08-14T13:52:14.948Z</time>
      </trkpt>
      <trkpt lat="46.039944" lon="10.762090">
        <ele>555.965659</ele>
        <time>2026-08-14T13:52:21.750Z</time>
      </trkpt>
      <trkpt lat="46.039990" lon="10.762469">
        <ele>559.652532</ele>
        <time>2026-08-14T13:52:46.456Z</time>
      </trkpt>
      <trkpt lat="46.039853" lon="10.762712">
        <ele>562.711024</ele>
        <time>2026-08-14T13:53:06.584Z</time>
      </trkpt>
      <trkpt lat="46.039748" lon="10.762491">
        <ele>565.349221</ele>
        <time>2026-08-14T13:53:24.019Z</time>
      </trkpt>
      <trkpt lat="46.039395" lon="10.762553">
        <ele>570.395874</ele>
        <time>2026-08-14T13:53:59.498Z</time>
      </trkpt>
      <trkpt lat="46.039172" lon="10.762645">
        <ele>573.687769</ele>
        <time>2026-08-14T13:54:23.094Z</time>
      </trkpt>
      <trkpt lat="46.038866" lon="10.762677">
        <ele>578.041759</ele>
        <time>2026-08-14T13:54:54.855Z</time>
      </trkpt>
      <trkpt lat="46.038556" lon="10.762785">
        <ele>582.567910</ele>
        <time>2026-08-14T13:55:28.727Z</time>
      </trkpt>
      <trkpt lat="46.038362" lon="10.762894">
        <ele>585.523032</ele>
        <time>2026-08-14T13:55:50.705Z</time>
      </trkpt>
      <trkpt lat="46.038118" lon="10.762945">
        <ele>589.050425</ele>
        <time>2026-08-14T13:56:16.246Z</time>
      </trkpt>
      <trkpt lat="46.037719" lon="10.763168">
        <ele>595.182799</ele>
        <time>2026-08-14T13:56:59.944Z</time>
      </trkpt>
      <trkpt lat="46.037467" lon="10.763181">
        <ele>598.795953</ele>
        <time>2026-08-14T13:57:25.357Z</time>
      </trkpt>
      <trkpt lat="46.036785" lon="10.763060">
        <ele>608.641983</ele>
        <time>2026-08-14T13:58:34.062Z</time>
      </trkpt>
      <trkpt lat="46.036493" lon="10.763079">
        <ele>612.910969</ele>
        <time>2026-08-14T13:59:03.742Z</time>
      </trkpt>
      <trkpt lat="46.036289" lon="10.763008">
        <ele>616.167305</ele>
        <time>2026-08-14T13:59:25.426Z</time>
      </trkpt>
      <trkpt lat="46.036183" lon="10.763181">
        <ele>618.652738</ele>
        <time>2026-08-14T13:59:42.271Z</time>
      </trkpt>
      <trkpt lat="46.035915" lon="10.762930">
        <ele>623.612650</ele>
        <time>2026-08-14T14:00:16.590Z</time>
      </trkpt>
      <trkpt lat="46.035764" lon="10.762903">
        <ele>625.973544</ele>
        <time>2026-08-14T14:00:33.127Z</time>
      </trkpt>
      <trkpt lat="46.035604" lon="10.763021">
        <ele>628.762555</ele>
        <time>2026-08-14T14:00:52.999Z</time>
      </trkpt>
      <trkpt lat="46.035277" lon="10.763123">
        <ele>633.953874</ele>
        <time>2026-08-14T14:01:29.821Z</time>
      </trkpt>
      <trkpt lat="46.034659" lon="10.763414">
        <ele>644.519693</ele>
        <time>2026-08-14T14:02:42.842Z</time>
      </trkpt>
      <trkpt lat="46.034678" lon="10.764435">
        <ele>656.749567</ele>
        <time>2026-08-14T14:04:06.811Z</time>
      </trkpt>
      <trkpt lat="46.034800" lon="10.765417">
        <ele>668.694851</ele>
        <time>2026-08-14T14:05:30.137Z</time>
      </trkpt>
      <trkpt lat="46.034796" lon="10.766084">
        <ele>675.211341</ele>
        <time>2026-08-14T14:06:21.527Z</time>
      </trkpt>
      <trkpt lat="46.034863" lon="10.766516">
        <ele>679.189507</ele>
        <time>2026-08-14T14:06:51.701Z</time>
      </trkpt>
      <trkpt lat="46.035115" lon="10.767328">
        <ele>687.183077</ele>
        <time>2026-08-14T14:07:47.989Z</time>
      </trkpt>
      <trkpt lat="46.035280" lon="10.768083">
        <ele>694.222987</ele>
        <time>2026-08-14T14:08:29.731Z</time>
      </trkpt>
      <trkpt lat="46.035245" lon="10.768294">
        <ele>695.534964</ele>
        <time>2026-08-14T14:08:39.305Z</time>
      </trkpt>
      <trkpt lat="46.035157" lon="10.768458">
        <ele>696.788517</ele>
        <time>2026-08-14T14:08:48.214Z</time>
      </trkpt>
      <trkpt lat="46.035068" lon="10.768773">
        <ele>698.845267</ele>
        <time>2026-08-14T14:09:02.677Z</time>
      </trkpt>
      <trkpt lat="46.035159" lon="10.769447">
        <ele>702.997773</ele>
        <time>2026-08-14T14:09:31.131Z</time>
      </trkpt>
      <trkpt lat="46.035250" lon="10.769793">
        <ele>705.235399</ele>
        <time>2026-08-14T14:09:48.047Z</time>
      </trkpt>
      <trkpt lat="46.035488" lon="10.770370">
        <ele>709.294374</ele>
        <time>2026-08-14T14:10:17.945Z</time>
      </trkpt>
      <trkpt lat="46.035783" lon="10.770950">
        <ele>717.255333</ele>
        <time>2026-08-14T14:10:55.015Z</time>
      </trkpt>
      <trkpt lat="46.036586" lon="10.771962">
        <ele>735.154728</ele>
        <time>2026-08-14T14:13:11.055Z</time>
      </trkpt>
      <trkpt lat="46.036715" lon="10.772244">
        <ele>739.087864</ele>
        <time>2026-08-14T14:13:44.674Z</time>
      </trkpt>
      <trkpt lat="46.036723" lon="10.772452">
        <ele>741.301191</ele>
        <time>2026-08-14T14:14:04.856Z</time>
      </trkpt>
      <trkpt lat="46.036824" lon="10.772989">
        <ele>746.918356</ele>
        <time>2026-08-14T14:14:56.470Z</time>
      </trkpt>
      <trkpt lat="46.037273" lon="10.774838">
        <ele>766.420104</ele>
        <time>2026-08-14T14:16:59.665Z</time>
      </trkpt>
      <trkpt lat="46.037569" lon="10.775512">
        <ele>770.903351</ele>
        <time>2026-08-14T14:17:32.633Z</time>
      </trkpt>
      <trkpt lat="46.037867" lon="10.776194">
        <ele>775.433255</ele>
        <time>2026-08-14T14:18:02.848Z</time>
      </trkpt>
      <trkpt lat="46.038567" lon="10.777643">
        <ele>786.217139</ele>
        <time>2026-08-14T14:19:22.402Z</time>
      </trkpt>
      <trkpt lat="46.039278" lon="10.779582">
        <ele>801.338723</ele>
        <time>2026-08-14T14:21:18.470Z</time>
      </trkpt>
      <trkpt lat="46.040175" lon="10.781333">
        <ele>818.521247</ele>
        <time>2026-08-14T14:23:21.706Z</time>
      </trkpt>
      <trkpt lat="46.040249" lon="10.781906">
        <ele>823.614293</ele>
        <time>2026-08-14T14:24:01.064Z</time>
      </trkpt>
      <trkpt lat="46.040087" lon="10.783690">
        <ele>839.336510</ele>
        <time>2026-08-14T14:26:01.174Z</time>
      </trkpt>
      <trkpt lat="46.040026" lon="10.784365">
        <ele>843.087081</ele>
        <time>2026-08-14T14:26:34.955Z</time>
      </trkpt>
      <trkpt lat="46.040020" lon="10.786303">
        <ele>851.466402</ele>
        <time>2026-08-14T14:27:36.413Z</time>
      </trkpt>
      <trkpt lat="46.039857" lon="10.787047">
        <ele>854.934081</ele>
        <time>2026-08-14T14:28:00.959Z</time>
      </trkpt>
      <trkpt lat="46.039766" lon="10.787154">
        <ele>855.691303</ele>
        <time>2026-08-14T14:28:06.710Z</time>
      </trkpt>
      <trkpt lat="46.039690" lon="10.787158">
        <ele>856.181558</ele>
        <time>2026-08-14T14:28:10.536Z</time>
      </trkpt>
      <trkpt lat="46.039627" lon="10.787108">
        <ele>856.645237</ele>
        <time>2026-08-14T14:28:14.258Z</time>
      </trkpt>
      <trkpt lat="46.039385" lon="10.786204">
        <ele>860.980902</ele>
        <time>2026-08-14T14:28:51.573Z</time>
      </trkpt>
      <trkpt lat="46.039361" lon="10.786011">
        <ele>861.858301</ele>
        <time>2026-08-14T14:28:59.783Z</time>
      </trkpt>
      <trkpt lat="46.039362" lon="10.784611">
        <ele>870.294108</ele>
        <time>2026-08-14T14:30:07.344Z</time>
      </trkpt>
      <trkpt lat="46.039271" lon="10.784097">
        <ele>873.841588</ele>
        <time>2026-08-14T14:30:34.916Z</time>
      </trkpt>
      <trkpt lat="46.039220" lon="10.783806">
        <ele>875.848757</ele>
        <time>2026-08-14T14:30:50.832Z</time>
      </trkpt>
      <trkpt lat="46.038409" lon="10.781895">
        <ele>893.351888</ele>
        <time>2026-08-14T14:32:49.731Z</time>
      </trkpt>
      <trkpt lat="46.037578" lon="10.780756">
        <ele>908.171450</ele>
        <time>2026-08-14T14:34:41.954Z</time>
      </trkpt>
      <trkpt lat="46.036954" lon="10.779473">
        <ele>924.097567</ele>
        <time>2026-08-14T14:36:48.521Z</time>
      </trkpt>
      <trkpt lat="46.036886" lon="10.779412">
        <ele>925.270729</ele>
        <time>2026-08-14T14:36:56.844Z</time>
      </trkpt>
      <trkpt lat="46.036816" lon="10.779409">
        <ele>926.296325</ele>
        <time>2026-08-14T14:37:03.717Z</time>
      </trkpt>
      <trkpt lat="46.036791" lon="10.779467">
        <ele>926.990397</ele>
        <time>2026-08-14T14:37:08.272Z</time>
      </trkpt>
      <trkpt lat="46.036819" lon="10.779739">
        <ele>929.430083</ele>
        <time>2026-08-14T14:37:24.999Z</time>
      </trkpt>
      <trkpt lat="46.037870" lon="10.782555">
        <ele>942.813818</ele>
        <time>2026-08-14T14:38:59.687Z</time>
      </trkpt>
      <trkpt lat="46.037919" lon="10.782919">
        <ele>944.758883</ele>
        <time>2026-08-14T14:39:13.763Z</time>
      </trkpt>
      <trkpt lat="46.037883" lon="10.783314">
        <ele>946.848779</ele>
        <time>2026-08-14T14:39:30.566Z</time>
      </trkpt>
      <trkpt lat="46.037383" lon="10.786258">
        <ele>966.443785</ele>
        <time>2026-08-14T14:42:10.426Z</time>
      </trkpt>
      <trkpt lat="46.037101" lon="10.787328">
        <ele>974.819153</ele>
        <time>2026-08-14T14:43:13.327Z</time>
      </trkpt>
      <trkpt lat="46.036969" lon="10.788839">
        <ele>986.215156</ele>
        <time>2026-08-14T14:44:37.826Z</time>
      </trkpt>
      <trkpt lat="46.036695" lon="10.789253">
        <ele>990.495459</ele>
        <time>2026-08-14T14:45:15.572Z</time>
      </trkpt>
      <trkpt lat="46.036504" lon="10.790034">
        <ele>996.725849</ele>
        <time>2026-08-14T14:46:10.915Z</time>
      </trkpt>
      <trkpt lat="46.036202" lon="10.790594">
        <ele>1002.064158</ele>
        <time>2026-08-14T14:46:58.876Z</time>
      </trkpt>
      <trkpt lat="46.035913" lon="10.791506">
        <ele>1009.611254</ele>
        <time>2026-08-14T14:48:08.164Z</time>
      </trkpt>
      <trkpt lat="46.035764" lon="10.791798">
        <ele>1011.646720</ele>
        <time>2026-08-14T14:48:33.840Z</time>
      </trkpt>
      <trkpt lat="46.035342" lon="10.792216">
        <ele>1015.076780</ele>
        <time>2026-08-14T14:49:18.690Z</time>
      </trkpt>
      <trkpt lat="46.035233" lon="10.792246">
        <ele>1015.820012</ele>
        <time>2026-08-14T14:49:27.341Z</time>
      </trkpt>
      <trkpt lat="46.034962" lon="10.792510">
        <ele>1018.011125</ele>
        <time>2026-08-14T14:49:50.889Z</time>
      </trkpt>
      <trkpt lat="46.034823" lon="10.792581">
        <ele>1018.998873</ele>
        <time>2026-08-14T14:50:00.806Z</time>
      </trkpt>
      <trkpt lat="46.034793" lon="10.792891">
        <ele>1020.454167</ele>
        <time>2026-08-14T14:50:11.093Z</time>
      </trkpt>
      <trkpt lat="46.034883" lon="10.793398">
        <ele>1022.560858</ele>
        <time>2026-08-14T14:50:26.293Z</time>
      </trkpt>
      <trkpt lat="46.034881" lon="10.793590">
        <ele>1022.522514</ele>
        <time>2026-08-14T14:50:30.796Z</time>
      </trkpt>
      <trkpt lat="46.034744" lon="10.794047">
        <ele>1022.423113</ele>
        <time>2026-08-14T14:50:40.461Z</time>
      </trkpt>
      <trkpt lat="46.034419" lon="10.794633">
        <ele>1022.273340</ele>
        <time>2026-08-14T14:50:53.950Z</time>
      </trkpt>
      <trkpt lat="46.034024" lon="10.795580">
        <ele>1021.913975</ele>
        <time>2026-08-14T14:51:09.302Z</time>
      </trkpt>
      <trkpt lat="46.033732" lon="10.796184">
        <ele>1016.924835</ele>
        <time>2026-08-14T14:51:17.111Z</time>
      </trkpt>
      <trkpt lat="46.033658" lon="10.796444">
        <ele>1015.020051</ele>
        <time>2026-08-14T14:51:19.935Z</time>
      </trkpt>
      <trkpt lat="46.033598" lon="10.796771">
        <ele>1012.727350</ele>
        <time>2026-08-14T14:51:23.258Z</time>
      </trkpt>
      <trkpt lat="46.033627" lon="10.796848">
        <ele>1012.133541</ele>
        <time>2026-08-14T14:51:24.104Z</time>
      </trkpt>
      <trkpt lat="46.033635" lon="10.797978">
        <ele>1004.475112</ele>
        <time>2026-08-14T14:51:34.914Z</time>
      </trkpt>
      <trkpt lat="46.033526" lon="10.798753">
        <ele>999.548782</ele>
        <time>2026-08-14T14:51:42.594Z</time>
      </trkpt>
      <trkpt lat="46.033532" lon="10.798987">
        <ele>998.089969</ele>
        <time>2026-08-14T14:51:44.648Z</time>
      </trkpt>
      <trkpt lat="46.033544" lon="10.799313">
        <ele>996.056137</ele>
        <time>2026-08-14T14:51:47.533Z</time>
      </trkpt>
      <trkpt lat="46.033588" lon="10.799645">
        <ele>993.950428</ele>
        <time>2026-08-14T14:51:50.599Z</time>
      </trkpt>
      <trkpt lat="46.033632" lon="10.799722">
        <ele>993.329117</ele>
        <time>2026-08-14T14:51:51.506Z</time>
      </trkpt>
      <trkpt lat="46.033386" lon="10.800138">
        <ele>989.924681</ele>
        <time>2026-08-14T14:51:56.640Z</time>
      </trkpt>
      <trkpt lat="46.033256" lon="10.800358">
        <ele>988.208603</ele>
        <time>2026-08-14T14:51:59.421Z</time>
      </trkpt>
      <trkpt lat="46.033153" lon="10.800533">
        <ele>987.301620</ele>
        <time>2026-08-14T14:52:01.671Z</time>
      </trkpt>
      <trkpt lat="46.033111" lon="10.800488">
        <ele>987.003549</ele>
        <time>2026-08-14T14:52:03.318Z</time>
      </trkpt>
      <trkpt lat="46.032574" lon="10.801349">
        <ele>982.427935</ele>
        <time>2026-08-14T14:52:28.024Z</time>
      </trkpt>
      <trkpt lat="46.032235" lon="10.801944">
        <ele>979.385019</ele>
        <time>2026-08-14T14:52:44.185Z</time>
      </trkpt>
      <trkpt lat="46.031940" lon="10.802373">
        <ele>976.509679</ele>
        <time>2026-08-14T14:52:56.644Z</time>
      </trkpt>
      <trkpt lat="46.031728" lon="10.802340">
        <ele>974.763289</ele>
        <time>2026-08-14T14:53:02.923Z</time>
      </trkpt>
      <trkpt lat="46.031616" lon="10.802661">
        <ele>972.720553</ele>
        <time>2026-08-14T14:53:10.192Z</time>
      </trkpt>
      <trkpt lat="46.031020" lon="10.803712">
        <ele>965.004382</ele>
        <time>2026-08-14T14:53:36.918Z</time>
      </trkpt>
      <trkpt lat="46.030038" lon="10.805060">
        <ele>950.631068</ele>
        <time>2026-08-14T14:54:13.949Z</time>
      </trkpt>
      <trkpt lat="46.029882" lon="10.805233">
        <ele>948.463948</ele>
        <time>2026-08-14T14:54:19.243Z</time>
      </trkpt>
      <trkpt lat="46.029606" lon="10.805532">
        <ele>944.662560</ele>
        <time>2026-08-14T14:54:28.543Z</time>
      </trkpt>
      <trkpt lat="46.029427" lon="10.805650">
        <ele>942.145524</ele>
        <time>2026-08-14T14:54:33.826Z</time>
      </trkpt>
      <trkpt lat="46.029151" lon="10.806036">
        <ele>936.547272</ele>
        <time>2026-08-14T14:54:44.098Z</time>
      </trkpt>
      <trkpt lat="46.028846" lon="10.806294">
        <ele>931.400040</ele>
        <time>2026-08-14T14:54:53.413Z</time>
      </trkpt>
      <trkpt lat="46.028517" lon="10.806480">
        <ele>926.256797</ele>
        <time>2026-08-14T14:55:02.557Z</time>
      </trkpt>
      <trkpt lat="46.028316" lon="10.806502">
        <ele>923.323399</ele>
        <time>2026-08-14T14:55:07.739Z</time>
      </trkpt>
      <trkpt lat="46.028138" lon="10.806690">
        <ele>920.111318</ele>
        <time>2026-08-14T14:55:13.402Z</time>
      </trkpt>
      <trkpt lat="46.028064" lon="10.806841">
        <ele>918.243916</ele>
        <time>2026-08-14T14:55:16.673Z</time>
      </trkpt>
      <trkpt lat="46.027780" lon="10.807113">
        <ele>912.895952</ele>
        <time>2026-08-14T14:55:25.381Z</time>
      </trkpt>
      <trkpt lat="46.027739" lon="10.807597">
        <ele>907.510265</ele>
        <time>2026-08-14T14:55:34.005Z</time>
      </trkpt>
      <trkpt lat="46.027701" lon="10.807680">
        <ele>906.412111</ele>
        <time>2026-08-14T14:55:35.763Z</time>
      </trkpt>
      <trkpt lat="46.027395" lon="10.807994">
        <ele>900.434893</ele>
        <time>2026-08-14T14:55:45.371Z</time>
      </trkpt>
      <trkpt lat="46.027230" lon="10.808276">
        <ele>896.361483</ele>
        <time>2026-08-14T14:55:51.958Z</time>
      </trkpt>
      <trkpt lat="46.026920" lon="10.808970">
        <ele>887.490220</ele>
        <time>2026-08-14T14:56:06.942Z</time>
      </trkpt>
      <trkpt lat="46.026690" lon="10.809412">
        <ele>882.349558</ele>
        <time>2026-08-14T14:56:17.097Z</time>
      </trkpt>
      <trkpt lat="46.026190" lon="10.810215">
        <ele>872.311137</ele>
        <time>2026-08-14T14:56:36.931Z</time>
      </trkpt>
      <trkpt lat="46.026012" lon="10.810537">
        <ele>868.480509</ele>
        <time>2026-08-14T14:56:44.448Z</time>
      </trkpt>
      <trkpt lat="46.025790" lon="10.810686">
        <ele>865.197525</ele>
        <time>2026-08-14T14:56:50.902Z</time>
      </trkpt>
      <trkpt lat="46.025480" lon="10.811099">
        <ele>860.225009</ele>
        <time>2026-08-14T14:57:02.059Z</time>
      </trkpt>
      <trkpt lat="46.025342" lon="10.811232">
        <ele>858.296676</ele>
        <time>2026-08-14T14:57:06.450Z</time>
      </trkpt>
      <trkpt lat="46.025170" lon="10.811326">
        <ele>856.160247</ele>
        <time>2026-08-14T14:57:11.352Z</time>
      </trkpt>
      <trkpt lat="46.024626" lon="10.811485">
        <ele>849.713939</ele>
        <time>2026-08-14T14:57:26.279Z</time>
      </trkpt>
      <trkpt lat="46.024297" lon="10.811507">
        <ele>845.889114</ele>
        <time>2026-08-14T14:57:35.336Z</time>
      </trkpt>
      <trkpt lat="46.023232" lon="10.811358">
        <ele>836.620419</ele>
        <time>2026-08-14T14:58:05.508Z</time>
      </trkpt>
      <trkpt lat="46.022270" lon="10.811593">
        <ele>829.032053</ele>
        <time>2026-08-14T14:58:33.736Z</time>
      </trkpt>
      <trkpt lat="46.021870" lon="10.811609">
        <ele>827.482740</ele>
        <time>2026-08-14T14:58:45.793Z</time>
      </trkpt>
      <trkpt lat="46.021669" lon="10.811554">
        <ele>826.690586</ele>
        <time>2026-08-14T14:58:52.184Z</time>
      </trkpt>
      <trkpt lat="46.021592" lon="10.811504">
        <ele>826.363554</ele>
        <time>2026-08-14T14:58:54.848Z</time>
      </trkpt>
      <trkpt lat="46.021139" lon="10.811479">
        <ele>824.608345</ele>
        <time>2026-08-14T14:59:09.956Z</time>
      </trkpt>
      <trkpt lat="46.021032" lon="10.811442">
        <ele>824.182288</ele>
        <time>2026-08-14T14:59:13.826Z</time>
      </trkpt>
      <trkpt lat="46.020784" lon="10.811172">
        <ele>822.978570</ele>
        <time>2026-08-14T14:59:25.114Z</time>
      </trkpt>
      <trkpt lat="46.020320" lon="10.810816">
        <ele>820.132243</ele>
        <time>2026-08-14T14:59:44.188Z</time>
      </trkpt>
      <trkpt lat="46.020011" lon="10.810705">
        <ele>818.177220</ele>
        <time>2026-08-14T14:59:54.824Z</time>
      </trkpt>
      <trkpt lat="46.019928" lon="10.810687">
        <ele>817.661952</ele>
        <time>2026-08-14T14:59:57.342Z</time>
      </trkpt>
      <trkpt lat="46.019877" lon="10.810678">
        <ele>817.346530</ele>
        <time>2026-08-14T14:59:58.221Z</time>
      </trkpt>
      <trkpt lat="46.019710" lon="10.810681">
        <ele>816.321266</ele>
        <time>2026-08-14T15:00:01.008Z</time>
      </trkpt>
      <trkpt lat="46.019329" lon="10.810844">
        <ele>813.881341</ele>
        <time>2026-08-14T15:00:07.211Z</time>
      </trkpt>
      <trkpt lat="46.018928" lon="10.811060">
        <ele>811.217217</ele>
        <time>2026-08-14T15:00:13.523Z</time>
      </trkpt>
      <trkpt lat="46.018761" lon="10.811113">
        <ele>809.026215</ele>
        <time>2026-08-14T15:00:15.992Z</time>
      </trkpt>
      <trkpt lat="46.018745" lon="10.811163">
        <ele>808.536396</ele>
        <time>2026-08-14T15:00:16.547Z</time>
      </trkpt>
      <trkpt lat="46.018757" lon="10.811277">
        <ele>807.510533</ele>
        <time>2026-08-14T15:00:17.708Z</time>
      </trkpt>
      <trkpt lat="46.018760" lon="10.811600">
        <ele>804.636492</ele>
        <time>2026-08-14T15:00:20.927Z</time>
      </trkpt>
      <trkpt lat="46.018721" lon="10.811816">
        <ele>802.650806</ele>
        <time>2026-08-14T15:00:23.160Z</time>
      </trkpt>
      <trkpt lat="46.018678" lon="10.812252">
        <ele>798.732711</ele>
        <time>2026-08-14T15:00:27.561Z</time>
      </trkpt>
      <trkpt lat="46.018643" lon="10.812495">
        <ele>796.524681</ele>
        <time>2026-08-14T15:00:30.048Z</time>
      </trkpt>
      <trkpt lat="46.018493" lon="10.813105">
        <ele>790.767168</ele>
        <time>2026-08-14T15:00:36.492Z</time>
      </trkpt>
      <trkpt lat="46.018468" lon="10.813364">
        <ele>788.440636</ele>
        <time>2026-08-14T15:00:39.111Z</time>
      </trkpt>
      <trkpt lat="46.018519" lon="10.813802">
        <ele>784.237650</ele>
        <time>2026-08-14T15:00:43.575Z</time>
      </trkpt>
      <trkpt lat="46.018570" lon="10.814146">
        <ele>780.898172</ele>
        <time>2026-08-14T15:00:47.101Z</time>
      </trkpt>
      <trkpt lat="46.018643" lon="10.814442">
        <ele>777.916041</ele>
        <time>2026-08-14T15:00:50.240Z</time>
      </trkpt>
      <trkpt lat="46.018720" lon="10.814650">
        <ele>775.678257</ele>
        <time>2026-08-14T15:00:52.584Z</time>
      </trkpt>
      <trkpt lat="46.019021" lon="10.815228">
        <ele>768.819264</ele>
        <time>2026-08-14T15:00:59.729Z</time>
      </trkpt>
      <trkpt lat="46.019076" lon="10.815548">
        <ele>765.689594</ele>
        <time>2026-08-14T15:01:02.998Z</time>
      </trkpt>
      <trkpt lat="46.019095" lon="10.815694">
        <ele>764.279378</ele>
        <time>2026-08-14T15:01:04.474Z</time>
      </trkpt>
      <trkpt lat="46.019210" lon="10.816238">
        <ele>759.170267</ele>
        <time>2026-08-14T15:01:10.134Z</time>
      </trkpt>
      <trkpt lat="46.019497" lon="10.817009">
        <ele>751.369266</ele>
        <time>2026-08-14T15:01:18.876Z</time>
      </trkpt>
      <trkpt lat="46.019452" lon="10.817247">
        <ele>749.169620</ele>
        <time>2026-08-14T15:01:21.363Z</time>
      </trkpt>
      <trkpt lat="46.019152" lon="10.817932">
        <ele>741.947671</ele>
        <time>2026-08-14T15:01:29.578Z</time>
      </trkpt>
      <trkpt lat="46.019131" lon="10.818091">
        <ele>740.516004</ele>
        <time>2026-08-14T15:01:31.220Z</time>
      </trkpt>
      <trkpt lat="46.019129" lon="10.818860">
        <ele>735.291729</ele>
        <time>2026-08-14T15:01:38.997Z</time>
      </trkpt>
      <trkpt lat="46.018992" lon="10.818949">
        <ele>733.821380</ele>
        <time>2026-08-14T15:01:40.855Z</time>
      </trkpt>
      <trkpt lat="46.018992" lon="10.819052">
        <ele>733.121643</ele>
        <time>2026-08-14T15:01:41.741Z</time>
      </trkpt>
      <trkpt lat="46.018734" lon="10.819917">
        <ele>726.726069</ele>
        <time>2026-08-14T15:01:50.058Z</time>
      </trkpt>
      <trkpt lat="46.018669" lon="10.820071">
        <ele>725.501759</ele>
        <time>2026-08-14T15:01:51.688Z</time>
      </trkpt>
      <trkpt lat="46.018562" lon="10.820164">
        <ele>724.279079</ele>
        <time>2026-08-14T15:01:53.330Z</time>
      </trkpt>
      <trkpt lat="46.018476" lon="10.820174">
        <ele>723.434996</ele>
        <time>2026-08-14T15:01:54.462Z</time>
      </trkpt>
      <trkpt lat="46.018223" lon="10.820100">
        <ele>721.428536</ele>
        <time>2026-08-14T15:01:57.903Z</time>
      </trkpt>
      <trkpt lat="46.018191" lon="10.820087">
        <ele>721.185734</ele>
        <time>2026-08-14T15:01:58.352Z</time>
      </trkpt>
      <trkpt lat="46.018178" lon="10.820082">
        <ele>721.087474</ele>
        <time>2026-08-14T15:01:58.519Z</time>
      </trkpt>
      <trkpt lat="46.017671" lon="10.819869">
        <ele>717.230750</ele>
        <time>2026-08-14T15:02:05.621Z</time>
      </trkpt>
      <trkpt lat="46.017377" lon="10.819758">
        <ele>715.011244</ele>
        <time>2026-08-14T15:02:09.770Z</time>
      </trkpt>
      <trkpt lat="46.017233" lon="10.819749">
        <ele>713.958691</ele>
        <time>2026-08-14T15:02:11.697Z</time>
      </trkpt>
      <trkpt lat="46.017139" lon="10.819760">
        <ele>713.269992</ele>
        <time>2026-08-14T15:02:12.952Z</time>
      </trkpt>
      <trkpt lat="46.017062" lon="10.819797">
        <ele>712.677218</ele>
        <time>2026-08-14T15:02:14.019Z</time>
      </trkpt>
      <trkpt lat="46.016965" lon="10.819915">
        <ele>711.749944</ele>
        <time>2026-08-14T15:02:15.678Z</time>
      </trkpt>
      <trkpt lat="46.016807" lon="10.819922">
        <ele>710.595600</ele>
        <time>2026-08-14T15:02:17.728Z</time>
      </trkpt>
      <trkpt lat="46.016692" lon="10.819973">
        <ele>709.674751</ele>
        <time>2026-08-14T15:02:19.283Z</time>
      </trkpt>
      <trkpt lat="46.016524" lon="10.820016">
        <ele>707.930984</ele>
        <time>2026-08-14T15:02:21.455Z</time>
      </trkpt>
      <trkpt lat="46.016509" lon="10.820019">
        <ele>707.776222</ele>
        <time>2026-08-14T15:02:21.641Z</time>
      </trkpt>
      <trkpt lat="46.016281" lon="10.820108">
        <ele>705.362110</ele>
        <time>2026-08-14T15:02:24.623Z</time>
      </trkpt>
      <trkpt lat="46.015951" lon="10.820331">
        <ele>701.636828</ele>
        <time>2026-08-14T15:02:29.137Z</time>
      </trkpt>
      <trkpt lat="46.015791" lon="10.820370">
        <ele>699.978466</ele>
        <time>2026-08-14T15:02:31.176Z</time>
      </trkpt>
      <trkpt lat="46.015421" lon="10.820519">
        <ele>696.052213</ele>
        <time>2026-08-14T15:02:35.984Z</time>
      </trkpt>
      <trkpt lat="46.015441" lon="10.820568">
        <ele>695.648844</ele>
        <time>2026-08-14T15:02:36.474Z</time>
      </trkpt>
      <trkpt lat="46.015377" lon="10.820794">
        <ele>693.916696</ele>
        <time>2026-08-14T15:02:38.581Z</time>
      </trkpt>
      <trkpt lat="46.015258" lon="10.820939">
        <ele>692.323619</ele>
        <time>2026-08-14T15:02:40.527Z</time>
      </trkpt>
      <trkpt lat="46.014880" lon="10.820938">
        <ele>688.338506</ele>
        <time>2026-08-14T15:02:45.254Z</time>
      </trkpt>
      <trkpt lat="46.014615" lon="10.821068">
        <ele>685.360248</ele>
        <time>2026-08-14T15:02:48.737Z</time>
      </trkpt>
      <trkpt lat="46.014122" lon="10.821400">
        <ele>679.570344</ele>
        <time>2026-08-14T15:02:55.568Z</time>
      </trkpt>
      <trkpt lat="46.013900" lon="10.821512">
        <ele>677.067881</ele>
        <time>2026-08-14T15:02:58.527Z</time>
      </trkpt>
      <trkpt lat="46.013784" lon="10.821548">
        <ele>675.805503</ele>
        <time>2026-08-14T15:03:00.003Z</time>
      </trkpt>
      <trkpt lat="46.013390" lon="10.821650">
        <ele>671.463678</ele>
        <time>2026-08-14T15:03:04.991Z</time>
      </trkpt>
      <trkpt lat="46.013041" lon="10.821745">
        <ele>667.271859</ele>
        <time>2026-08-14T15:03:09.405Z</time>
      </trkpt>
      <trkpt lat="46.012841" lon="10.821834">
        <ele>664.801326</ele>
        <time>2026-08-14T15:03:11.982Z</time>
      </trkpt>
      <trkpt lat="46.012750" lon="10.821901">
        <ele>663.595095</ele>
        <time>2026-08-14T15:03:13.231Z</time>
      </trkpt>
      <trkpt lat="46.012279" lon="10.822247">
        <ele>657.354757</ele>
        <time>2026-08-14T15:03:19.683Z</time>
      </trkpt>
      <trkpt lat="46.012145" lon="10.822297">
        <ele>655.721063</ele>
        <time>2026-08-14T15:03:21.367Z</time>
      </trkpt>
      <trkpt lat="46.011914" lon="10.822298">
        <ele>652.994811</ele>
        <time>2026-08-14T15:03:24.193Z</time>
      </trkpt>
      <trkpt lat="46.011659" lon="10.822212">
        <ele>650.569536</ele>
        <time>2026-08-14T15:03:27.425Z</time>
      </trkpt>
      <trkpt lat="46.011537" lon="10.822116">
        <ele>649.857812</ele>
        <time>2026-08-14T15:03:29.158Z</time>
      </trkpt>
      <trkpt lat="46.011436" lon="10.821978">
        <ele>649.145028</ele>
        <time>2026-08-14T15:03:30.917Z</time>
      </trkpt>
      <trkpt lat="46.011276" lon="10.821688">
        <ele>647.828226</ele>
        <time>2026-08-14T15:03:34.199Z</time>
      </trkpt>
      <trkpt lat="46.010534" lon="10.820080">
        <ele>642.404040</ele>
        <time>2026-08-14T15:03:55.119Z</time>
      </trkpt>
      <trkpt lat="46.010230" lon="10.819518">
        <ele>643.889381</ele>
        <time>2026-08-14T15:04:13.547Z</time>
      </trkpt>
      <trkpt lat="46.010145" lon="10.819459">
        <ele>644.172679</ele>
        <time>2026-08-14T15:04:16.792Z</time>
      </trkpt>
      <trkpt lat="46.009982" lon="10.819419">
        <ele>644.669103</ele>
        <time>2026-08-14T15:04:22.661Z</time>
      </trkpt>
      <trkpt lat="46.009907" lon="10.819434">
        <ele>644.896434</ele>
        <time>2026-08-14T15:04:25.448Z</time>
      </trkpt>
      <trkpt lat="46.009778" lon="10.819490">
        <ele>645.300945</ele>
        <time>2026-08-14T15:04:30.820Z</time>
      </trkpt>
      <trkpt lat="46.009683" lon="10.819601">
        <ele>645.668257</ele>
        <time>2026-08-14T15:04:36.143Z</time>
      </trkpt>
      <trkpt lat="46.009671" lon="10.819621">
        <ele>645.723367</ele>
        <time>2026-08-14T15:04:36.918Z</time>
      </trkpt>
      <trkpt lat="46.009526" lon="10.819921">
        <ele>646.485487</ele>
        <time>2026-08-14T15:04:49.031Z</time>
      </trkpt>
      <trkpt lat="46.009298" lon="10.820568">
        <ele>648.911619</ele>
        <time>2026-08-14T15:05:17.556Z</time>
      </trkpt>
      <trkpt lat="46.009228" lon="10.821527">
        <ele>653.449943</ele>
        <time>2026-08-14T15:05:53.440Z</time>
      </trkpt>
      <trkpt lat="46.009114" lon="10.821902">
        <ele>655.376514</ele>
        <time>2026-08-14T15:06:10.605Z</time>
      </trkpt>
      <trkpt lat="46.009072" lon="10.821995">
        <ele>655.898607</ele>
        <time>2026-08-14T15:06:15.637Z</time>
      </trkpt>
      <trkpt lat="46.008294" lon="10.823131">
        <ele>662.942622</ele>
        <time>2026-08-14T15:07:23.320Z</time>
      </trkpt>
      <trkpt lat="46.008273" lon="10.823045">
        <ele>663.321169</ele>
        <time>2026-08-14T15:07:26.864Z</time>
      </trkpt>
      <trkpt lat="46.008457" lon="10.822604">
        <ele>665.457459</ele>
        <time>2026-08-14T15:07:46.475Z</time>
      </trkpt>
      <trkpt lat="46.008460" lon="10.822439">
        <ele>666.142862</ele>
        <time>2026-08-14T15:07:52.652Z</time>
      </trkpt>
      <trkpt lat="46.008432" lon="10.822395">
        <ele>666.390668</ele>
        <time>2026-08-14T15:07:54.847Z</time>
      </trkpt>
      <trkpt lat="46.008108" lon="10.822586">
        <ele>668.483857</ele>
        <time>2026-08-14T15:08:13.173Z</time>
      </trkpt>
      <trkpt lat="46.006976" lon="10.823396">
        <ele>674.021528</ele>
        <time>2026-08-14T15:09:35.362Z</time>
      </trkpt>
      <trkpt lat="46.006645" lon="10.823758">
        <ele>675.645328</ele>
        <time>2026-08-14T15:09:59.714Z</time>
      </trkpt>
      <trkpt lat="46.006366" lon="10.824014">
        <ele>676.937762</ele>
        <time>2026-08-14T15:10:18.365Z</time>
      </trkpt>
      <trkpt lat="46.006230" lon="10.824097">
        <ele>677.443889</ele>
        <time>2026-08-14T15:10:26.552Z</time>
      </trkpt>
      <trkpt lat="46.005600" lon="10.824295">
        <ele>679.313126</ele>
        <time>2026-08-14T15:11:02.028Z</time>
      </trkpt>
      <trkpt lat="46.005154" lon="10.824170">
        <ele>680.630250</ele>
        <time>2026-08-14T15:11:27.310Z</time>
      </trkpt>
      <trkpt lat="46.004356" lon="10.824090">
        <ele>683.226391</ele>
        <time>2026-08-14T15:12:12.325Z</time>
      </trkpt>
      <trkpt lat="46.003941" lon="10.823947">
        <ele>685.155907</ele>
        <time>2026-08-14T15:12:28.865Z</time>
      </trkpt>
      <trkpt lat="46.003664" lon="10.823776">
        <ele>686.518718</ele>
        <time>2026-08-14T15:12:41.599Z</time>
      </trkpt>
      <trkpt lat="46.003368" lon="10.823546">
        <ele>688.039655</ele>
        <time>2026-08-14T15:12:57.170Z</time>
      </trkpt>
      <trkpt lat="46.003019" lon="10.823358">
        <ele>689.724591</ele>
        <time>2026-08-14T15:13:15.959Z</time>
      </trkpt>
      <trkpt lat="46.002647" lon="10.823256">
        <ele>691.502078</ele>
        <time>2026-08-14T15:13:36.670Z</time>
      </trkpt>
      <trkpt lat="46.002193" lon="10.823242">
        <ele>693.712804</ele>
        <time>2026-08-14T15:14:03.219Z</time>
      </trkpt>
      <trkpt lat="46.001148" lon="10.823320">
        <ele>698.807037</ele>
        <time>2026-08-14T15:14:50.163Z</time>
      </trkpt>
      <trkpt lat="46.000722" lon="10.823367">
        <ele>700.315835</ele>
        <time>2026-08-14T15:15:11.832Z</time>
      </trkpt>
      <trkpt lat="46.000298" lon="10.823367">
        <ele>701.616348</ele>
        <time>2026-08-14T15:15:32.303Z</time>
      </trkpt>
      <trkpt lat="45.999748" lon="10.823510">
        <ele>703.330627</ele>
        <time>2026-08-14T15:15:59.821Z</time>
      </trkpt>
      <trkpt lat="45.999325" lon="10.823543">
        <ele>704.629976</ele>
        <time>2026-08-14T15:16:26.110Z</time>
      </trkpt>
      <trkpt lat="45.998630" lon="10.823455">
        <ele>708.093662</ele>
        <time>2026-08-14T15:17:11.317Z</time>
      </trkpt>
      <trkpt lat="45.998196" lon="10.823491">
        <ele>710.351177</ele>
        <time>2026-08-14T15:17:40.513Z</time>
      </trkpt>
      <trkpt lat="45.997764" lon="10.823684">
        <ele>712.700125</ele>
        <time>2026-08-14T15:18:04.371Z</time>
      </trkpt>
      <trkpt lat="45.997564" lon="10.823729">
        <ele>713.751342</ele>
        <time>2026-08-14T15:18:15.071Z</time>
      </trkpt>
      <trkpt lat="45.997339" lon="10.823738">
        <ele>715.155995</ele>
        <time>2026-08-14T15:18:26.892Z</time>
      </trkpt>
      <trkpt lat="45.996619" lon="10.823602">
        <ele>720.162168</ele>
        <time>2026-08-14T15:19:07.394Z</time>
      </trkpt>
      <trkpt lat="45.996387" lon="10.823696">
        <ele>721.823708</ele>
        <time>2026-08-14T15:19:23.285Z</time>
      </trkpt>
      <trkpt lat="45.996294" lon="10.823772">
        <ele>722.560957</ele>
        <time>2026-08-14T15:19:30.530Z</time>
      </trkpt>
      <trkpt lat="45.996131" lon="10.823816">
        <ele>723.704253</ele>
        <time>2026-08-14T15:19:41.617Z</time>
      </trkpt>
      <trkpt lat="45.995950" lon="10.823754">
        <ele>724.986896</ele>
        <time>2026-08-14T15:19:53.921Z</time>
      </trkpt>
      <trkpt lat="45.995595" lon="10.823515">
        <ele>727.687106</ele>
        <time>2026-08-14T15:20:19.547Z</time>
      </trkpt>
      <trkpt lat="45.995314" lon="10.823460">
        <ele>729.639282</ele>
        <time>2026-08-14T15:20:37.818Z</time>
      </trkpt>
      <trkpt lat="45.994359" lon="10.823440">
        <ele>736.214101</ele>
        <time>2026-08-14T15:21:34.614Z</time>
      </trkpt>
      <trkpt lat="45.993770" lon="10.823298">
        <ele>739.907245</ele>
        <time>2026-08-14T15:22:08.519Z</time>
      </trkpt>
      <trkpt lat="45.992897" lon="10.822688">
        <ele>744.509274</ele>
        <time>2026-08-14T15:23:02.661Z</time>
      </trkpt>
      <trkpt lat="45.991794" lon="10.822504">
        <ele>746.712807</ele>
        <time>2026-08-14T15:23:44.447Z</time>
      </trkpt>
      <trkpt lat="45.991287" lon="10.822596">
        <ele>745.857829</ele>
        <time>2026-08-14T15:23:53.363Z</time>
      </trkpt>
      <trkpt lat="45.990934" lon="10.822470">
        <ele>745.249333</ele>
        <time>2026-08-14T15:23:59.259Z</time>
      </trkpt>
      <trkpt lat="45.990834" lon="10.822473">
        <ele>745.081987</ele>
        <time>2026-08-14T15:24:00.876Z</time>
      </trkpt>
      <trkpt lat="45.990474" lon="10.822748">
        <ele>744.515736</ele>
        <time>2026-08-14T15:24:07.592Z</time>
      </trkpt>
      <trkpt lat="45.990216" lon="10.822810">
        <ele>744.574235</ele>
        <time>2026-08-14T15:24:12.147Z</time>
      </trkpt>
      <trkpt lat="45.989925" lon="10.822788">
        <ele>744.639405</ele>
        <time>2026-08-14T15:24:17.775Z</time>
      </trkpt>
      <trkpt lat="45.988720" lon="10.822863">
        <ele>744.907123</ele>
        <time>2026-08-14T15:24:59.053Z</time>
      </trkpt>
      <trkpt lat="45.988612" lon="10.822891">
        <ele>744.921290</ele>
        <time>2026-08-14T15:25:03.324Z</time>
      </trkpt>
      <trkpt lat="45.988149" lon="10.823215">
        <ele>744.987753</ele>
        <time>2026-08-14T15:25:20.020Z</time>
      </trkpt>
      <trkpt lat="45.987720" lon="10.823433">
        <ele>745.046486</ele>
        <time>2026-08-14T15:25:30.379Z</time>
      </trkpt>
      <trkpt lat="45.986928" lon="10.823899">
        <ele>744.650912</ele>
        <time>2026-08-14T15:25:47.286Z</time>
      </trkpt>
      <trkpt lat="45.986605" lon="10.824063">
        <ele>743.597655</ele>
        <time>2026-08-14T15:25:53.562Z</time>
      </trkpt>
      <trkpt lat="45.986397" lon="10.824095">
        <ele>742.954389</ele>
        <time>2026-08-14T15:25:57.271Z</time>
      </trkpt>
      <trkpt lat="45.986122" lon="10.824188">
        <ele>742.085702</ele>
        <time>2026-08-14T15:26:02.175Z</time>
      </trkpt>
      <trkpt lat="45.985756" lon="10.824394">
        <ele>740.877205</ele>
        <time>2026-08-14T15:26:08.859Z</time>
      </trkpt>
      <trkpt lat="45.985400" lon="10.824522">
        <ele>739.748821</ele>
        <time>2026-08-14T15:26:14.874Z</time>
      </trkpt>
      <trkpt lat="45.984210" lon="10.824757">
        <ele>735.964605</ele>
        <time>2026-08-14T15:26:34.196Z</time>
      </trkpt>
      <trkpt lat="45.983477" lon="10.824779">
        <ele>734.240999</ele>
        <time>2026-08-14T15:26:48.233Z</time>
      </trkpt>
      <trkpt lat="45.983260" lon="10.824704">
        <ele>735.011532</ele>
        <time>2026-08-14T15:26:55.077Z</time>
      </trkpt>
      <trkpt lat="45.982763" lon="10.824455">
        <ele>736.828521</ele>
        <time>2026-08-14T15:27:17.454Z</time>
      </trkpt>
      <trkpt lat="45.982035" lon="10.823896">
        <ele>739.677480</ele>
        <time>2026-08-14T15:28:00.484Z</time>
      </trkpt>
      <trkpt lat="45.981879" lon="10.823803">
        <ele>740.284454</ele>
        <time>2026-08-14T15:28:09.054Z</time>
      </trkpt>
      <trkpt lat="45.981683" lon="10.823746">
        <ele>741.116419</ele>
        <time>2026-08-14T15:28:18.997Z</time>
      </trkpt>
      <trkpt lat="45.981233" lon="10.823739">
        <ele>742.988803</ele>
        <time>2026-08-14T15:28:39.800Z</time>
      </trkpt>
      <trkpt lat="45.980995" lon="10.823753">
        <ele>743.979856</ele>
        <time>2026-08-14T15:28:49.725Z</time>
      </trkpt>
      <trkpt lat="45.980773" lon="10.823842">
        <ele>744.938684</ele>
        <time>2026-08-14T15:28:58.895Z</time>
      </trkpt>
      <trkpt lat="45.980661" lon="10.823824">
        <ele>745.407570</ele>
        <time>2026-08-14T15:29:03.227Z</time>
      </trkpt>
      <trkpt lat="45.980129" lon="10.823247">
        <ele>748.219361</ele>
        <time>2026-08-14T15:29:32.032Z</time>
      </trkpt>
      <trkpt lat="45.979786" lon="10.822987">
        <ele>749.949407</ele>
        <time>2026-08-14T15:29:52.318Z</time>
      </trkpt>
      <trkpt lat="45.979528" lon="10.822624">
        <ele>751.559633</ele>
        <time>2026-08-14T15:30:12.433Z</time>
      </trkpt>
      <trkpt lat="45.979419" lon="10.821998">
        <ele>753.560956</ele>
        <time>2026-08-14T15:30:36.545Z</time>
      </trkpt>
      <trkpt lat="45.979338" lon="10.821862">
        <ele>754.116418</ele>
        <time>2026-08-14T15:30:42.183Z</time>
      </trkpt>
      <trkpt lat="45.978892" lon="10.821439">
        <ele>755.849585</ele>
        <time>2026-08-14T15:31:02.792Z</time>
      </trkpt>
      <trkpt lat="45.978658" lon="10.821278">
        <ele>756.117487</ele>
        <time>2026-08-14T15:31:10.577Z</time>
      </trkpt>
      <trkpt lat="45.978589" lon="10.821249">
        <ele>756.191734</ele>
        <time>2026-08-14T15:31:12.546Z</time>
      </trkpt>
      <trkpt lat="45.978312" lon="10.821264">
        <ele>756.478046</ele>
        <time>2026-08-14T15:31:18.287Z</time>
      </trkpt>
      <trkpt lat="45.977872" lon="10.821387">
        <ele>756.941013</ele>
        <time>2026-08-14T15:31:26.854Z</time>
      </trkpt>
      <trkpt lat="45.977649" lon="10.821453">
        <ele>757.176168</ele>
        <time>2026-08-14T15:31:31.195Z</time>
      </trkpt>
      <trkpt lat="45.977193" lon="10.821524">
        <ele>757.988402</ele>
        <time>2026-08-14T15:31:42.219Z</time>
      </trkpt>
      <trkpt lat="45.976210" lon="10.821480">
        <ele>761.487637</ele>
        <time>2026-08-14T15:32:21.207Z</time>
      </trkpt>
      <trkpt lat="45.975780" lon="10.821408">
        <ele>763.027913</ele>
        <time>2026-08-14T15:32:43.219Z</time>
      </trkpt>
      <trkpt lat="45.975393" lon="10.821065">
        <ele>764.124667</ele>
        <time>2026-08-14T15:33:05.657Z</time>
      </trkpt>
      <trkpt lat="45.974707" lon="10.820330">
        <ele>765.010129</ele>
        <time>2026-08-14T15:33:36.069Z</time>
      </trkpt>
      <trkpt lat="45.974328" lon="10.819852">
        <ele>765.531891</ele>
        <time>2026-08-14T15:33:44.977Z</time>
      </trkpt>
      <trkpt lat="45.973353" lon="10.818259">
        <ele>761.616294</ele>
        <time>2026-08-14T15:34:06.196Z</time>
      </trkpt>
      <trkpt lat="45.973150" lon="10.817935">
        <ele>760.601729</ele>
        <time>2026-08-14T15:34:10.840Z</time>
      </trkpt>
      <trkpt lat="45.972831" lon="10.817593">
        <ele>759.463587</ele>
        <time>2026-08-14T15:34:17.351Z</time>
      </trkpt>
      <trkpt lat="45.971466" lon="10.816638">
        <ele>756.412798</ele>
        <time>2026-08-14T15:34:43.517Z</time>
      </trkpt>
      <trkpt lat="45.971125" lon="10.816333">
        <ele>755.090531</ele>
        <time>2026-08-14T15:34:49.365Z</time>
      </trkpt>
      <trkpt lat="45.970913" lon="10.816069">
        <ele>753.982279</ele>
        <time>2026-08-14T15:34:53.354Z</time>
      </trkpt>
      <trkpt lat="45.970674" lon="10.815611">
        <ele>752.408869</ele>
        <time>2026-08-14T15:34:58.916Z</time>
      </trkpt>
      <trkpt lat="45.969678" lon="10.813403">
        <ele>746.879036</ele>
        <time>2026-08-14T15:35:25.719Z</time>
      </trkpt>
      <trkpt lat="45.969434" lon="10.813101">
        <ele>746.168854</ele>
        <time>2026-08-14T15:35:31.628Z</time>
      </trkpt>
      <trkpt lat="45.968649" lon="10.812382">
        <ele>745.566165</ele>
        <time>2026-08-14T15:35:50.421Z</time>
      </trkpt>
      <trkpt lat="45.967377" lon="10.812131">
        <ele>747.081732</ele>
        <time>2026-08-14T15:36:24.358Z</time>
      </trkpt>
      <trkpt lat="45.966752" lon="10.811982">
        <ele>749.452541</ele>
        <time>2026-08-14T15:36:50.718Z</time>
      </trkpt>
      <trkpt lat="45.966687" lon="10.811811">
        <ele>750.014342</ele>
        <time>2026-08-14T15:36:56.745Z</time>
      </trkpt>
      <trkpt lat="45.966387" lon="10.811708">
        <ele>751.293388</ele>
        <time>2026-08-14T15:37:10.306Z</time>
      </trkpt>
      <trkpt lat="45.966268" lon="10.811784">
        <ele>751.833325</ele>
        <time>2026-08-14T15:37:15.954Z</time>
      </trkpt>
      <trkpt lat="45.966085" lon="10.811709">
        <ele>752.622425</ele>
        <time>2026-08-14T15:37:24.132Z</time>
      </trkpt>
      <trkpt lat="45.965903" lon="10.811634">
        <ele>753.407537</ele>
        <time>2026-08-14T15:37:32.572Z</time>
      </trkpt>
      <trkpt lat="45.965794" lon="10.811590">
        <ele>753.877020</ele>
        <time>2026-08-14T15:37:37.739Z</time>
      </trkpt>
      <trkpt lat="45.965648" lon="10.811532">
        <ele>754.505146</ele>
        <time>2026-08-14T15:37:44.912Z</time>
      </trkpt>
      <trkpt lat="45.965610" lon="10.811518">
        <ele>754.697502</ele>
        <time>2026-08-14T15:37:46.724Z</time>
      </trkpt>
      <trkpt lat="45.965362" lon="10.811422">
        <ele>757.026249</ele>
        <time>2026-08-14T15:37:59.108Z</time>
      </trkpt>
      <trkpt lat="45.965266" lon="10.811763">
        <ele>759.345107</ele>
        <time>2026-08-14T15:38:12.569Z</time>
      </trkpt>
      <trkpt lat="45.965242" lon="10.811858">
        <ele>759.982198</ele>
        <time>2026-08-14T15:38:16.632Z</time>
      </trkpt>
      <trkpt lat="45.965010" lon="10.812365">
        <ele>763.808035</ele>
        <time>2026-08-14T15:38:43.872Z</time>
      </trkpt>
      <trkpt lat="45.964914" lon="10.812647">
        <ele>765.787162</ele>
        <time>2026-08-14T15:39:00.632Z</time>
      </trkpt>
      <trkpt lat="45.964765" lon="10.812897">
        <ele>767.862807</ele>
        <time>2026-08-14T15:39:20.015Z</time>
      </trkpt>
      <trkpt lat="45.964327" lon="10.813328">
        <ele>773.166785</ele>
        <time>2026-08-14T15:40:10.203Z</time>
      </trkpt>
      <trkpt lat="45.964100" lon="10.813590">
        <ele>776.559762</ele>
        <time>2026-08-14T15:40:38.648Z</time>
      </trkpt>
      <trkpt lat="45.963922" lon="10.813716">
        <ele>778.872619</ele>
        <time>2026-08-14T15:40:57.509Z</time>
      </trkpt>
      <trkpt lat="45.963302" lon="10.813728">
        <ele>786.101654</ele>
        <time>2026-08-14T15:41:50.865Z</time>
      </trkpt>
      <trkpt lat="45.962922" lon="10.813921">
        <ele>790.799949</ele>
        <time>2026-08-14T15:42:20.467Z</time>
      </trkpt>
      <trkpt lat="45.962598" lon="10.814036">
        <ele>793.073390</ele>
        <time>2026-08-14T15:42:42.922Z</time>
      </trkpt>
      <trkpt lat="45.962251" lon="10.814116">
        <ele>794.777286</ele>
        <time>2026-08-14T15:43:05.026Z</time>
      </trkpt>
      <trkpt lat="45.962102" lon="10.814255">
        <ele>795.638315</ele>
        <time>2026-08-14T15:43:15.215Z</time>
      </trkpt>
      <trkpt lat="45.961832" lon="10.814739">
        <ele>797.729898</ele>
        <time>2026-08-14T15:43:35.346Z</time>
      </trkpt>
      <trkpt lat="45.961705" lon="10.814828">
        <ele>798.414833</ele>
        <time>2026-08-14T15:43:40.548Z</time>
      </trkpt>
      <trkpt lat="45.961201" lon="10.814828">
        <ele>800.553188</ele>
        <time>2026-08-14T15:43:52.805Z</time>
      </trkpt>
      <trkpt lat="45.961009" lon="10.814780">
        <ele>800.161177</ele>
        <time>2026-08-14T15:43:56.312Z</time>
      </trkpt>
      <trkpt lat="45.960748" lon="10.814783">
        <ele>799.636139</ele>
        <time>2026-08-14T15:44:01.082Z</time>
      </trkpt>
      <trkpt lat="45.960496" lon="10.814800">
        <ele>799.128664</ele>
        <time>2026-08-14T15:44:05.147Z</time>
      </trkpt>
      <trkpt lat="45.960186" lon="10.814939">
        <ele>798.475485</ele>
        <time>2026-08-14T15:44:10.044Z</time>
      </trkpt>
      <trkpt lat="45.960134" lon="10.814917">
        <ele>798.366453</ele>
        <time>2026-08-14T15:44:10.843Z</time>
      </trkpt>
      <trkpt lat="45.960071" lon="10.814824">
        <ele>798.184869</ele>
        <time>2026-08-14T15:44:12.165Z</time>
      </trkpt>
      <trkpt lat="45.960035" lon="10.814585">
        <ele>797.842904</ele>
        <time>2026-08-14T15:44:14.666Z</time>
      </trkpt>
      <trkpt lat="45.959965" lon="10.814477">
        <ele>797.636420</ele>
        <time>2026-08-14T15:44:16.212Z</time>
      </trkpt>
      <trkpt lat="45.959726" lon="10.814435">
        <ele>797.152079</ele>
        <time>2026-08-14T15:44:20.323Z</time>
      </trkpt>
      <trkpt lat="45.958834" lon="10.814424">
        <ele>794.342173</ele>
        <time>2026-08-14T15:44:36.803Z</time>
      </trkpt>
      <trkpt lat="45.958647" lon="10.814447">
        <ele>793.734633</ele>
        <time>2026-08-14T15:44:40.094Z</time>
      </trkpt>
      <trkpt lat="45.958347" lon="10.814557">
        <ele>792.732462</ele>
        <time>2026-08-14T15:44:45.404Z</time>
      </trkpt>
      <trkpt lat="45.958201" lon="10.814567">
        <ele>792.259315</ele>
        <time>2026-08-14T15:44:47.862Z</time>
      </trkpt>
      <trkpt lat="45.957711" lon="10.814510">
        <ele>790.341310</ele>
        <time>2026-08-14T15:44:55.889Z</time>
      </trkpt>
      <trkpt lat="45.957653" lon="10.814536">
        <ele>790.024421</ele>
        <time>2026-08-14T15:44:56.860Z</time>
      </trkpt>
      <trkpt lat="45.957601" lon="10.814647">
        <ele>789.539048</ele>
        <time>2026-08-14T15:44:58.327Z</time>
      </trkpt>
      <trkpt lat="45.957520" lon="10.814822">
        <ele>788.776670</ele>
        <time>2026-08-14T15:45:00.628Z</time>
      </trkpt>
      <trkpt lat="45.957462" lon="10.814845">
        <ele>788.462847</ele>
        <time>2026-08-14T15:45:01.571Z</time>
      </trkpt>
      <trkpt lat="45.957297" lon="10.814848">
        <ele>787.602110</ele>
        <time>2026-08-14T15:45:04.117Z</time>
      </trkpt>
      <trkpt lat="45.957111" lon="10.814944">
        <ele>786.571338</ele>
        <time>2026-08-14T15:45:07.153Z</time>
      </trkpt>
      <trkpt lat="45.956834" lon="10.815022">
        <ele>785.099034</ele>
        <time>2026-08-14T15:45:11.470Z</time>
      </trkpt>
      <trkpt lat="45.956600" lon="10.815174">
        <ele>783.759765</ele>
        <time>2026-08-14T15:45:15.414Z</time>
      </trkpt>
      <trkpt lat="45.956367" lon="10.815274">
        <ele>782.491451</ele>
        <time>2026-08-14T15:45:19.280Z</time>
      </trkpt>
      <trkpt lat="45.956033" lon="10.815514">
        <ele>781.635050</ele>
        <time>2026-08-14T15:45:25.654Z</time>
      </trkpt>
      <trkpt lat="45.955749" lon="10.815793">
        <ele>781.374741</ele>
        <time>2026-08-14T15:45:31.933Z</time>
      </trkpt>
      <trkpt lat="45.955527" lon="10.815854">
        <ele>781.203672</ele>
        <time>2026-08-14T15:45:35.998Z</time>
      </trkpt>
      <trkpt lat="45.955090" lon="10.816059">
        <ele>780.855762</ele>
        <time>2026-08-14T15:45:47.575Z</time>
      </trkpt>
      <trkpt lat="45.954971" lon="10.816068">
        <ele>780.765567</ele>
        <time>2026-08-14T15:45:51.521Z</time>
      </trkpt>
      <trkpt lat="45.954824" lon="10.815997">
        <ele>780.648198</ele>
        <time>2026-08-14T15:45:57.077Z</time>
      </trkpt>
      <trkpt lat="45.954696" lon="10.815885">
        <ele>780.534798</ele>
        <time>2026-08-14T15:46:02.726Z</time>
      </trkpt>
      <trkpt lat="45.954607" lon="10.815738">
        <ele>780.569924</ele>
        <time>2026-08-14T15:46:07.729Z</time>
      </trkpt>
      <trkpt lat="45.954526" lon="10.815696">
        <ele>780.841661</ele>
        <time>2026-08-14T15:46:11.093Z</time>
      </trkpt>
      <trkpt lat="45.954412" lon="10.815713">
        <ele>781.203370</ele>
        <time>2026-08-14T15:46:14.990Z</time>
      </trkpt>
      <trkpt lat="45.954342" lon="10.815866">
        <ele>781.605242</ele>
        <time>2026-08-14T15:46:18.819Z</time>
      </trkpt>
      <trkpt lat="45.954273" lon="10.815901">
        <ele>781.836149</ele>
        <time>2026-08-14T15:46:20.770Z</time>
      </trkpt>
      <trkpt lat="45.954010" lon="10.815905">
        <ele>782.666217</ele>
        <time>2026-08-14T15:46:27.712Z</time>
      </trkpt>
      <trkpt lat="45.953777" lon="10.815970">
        <ele>783.415262</ele>
        <time>2026-08-14T15:46:34.702Z</time>
      </trkpt>
      <trkpt lat="45.953645" lon="10.815954">
        <ele>783.833327</ele>
        <time>2026-08-14T15:46:39.980Z</time>
      </trkpt>
      <trkpt lat="45.953481" lon="10.815862">
        <ele>784.388879</ele>
        <time>2026-08-14T15:46:48.079Z</time>
      </trkpt>
      <trkpt lat="45.953385" lon="10.815848">
        <ele>784.693406</ele>
        <time>2026-08-14T15:46:52.288Z</time>
      </trkpt>
      <trkpt lat="45.953193" lon="10.815862">
        <ele>785.300131</ele>
        <time>2026-08-14T15:47:00.780Z</time>
      </trkpt>
      <trkpt lat="45.952993" lon="10.815922">
        <ele>785.944910</ele>
        <time>2026-08-14T15:47:11.850Z</time>
      </trkpt>
      <trkpt lat="45.952709" lon="10.816038">
        <ele>786.749678</ele>
        <time>2026-08-14T15:47:30.768Z</time>
      </trkpt>
      <trkpt lat="45.952324" lon="10.816468">
        <ele>788.024556</ele>
        <time>2026-08-14T15:47:58.657Z</time>
      </trkpt>
      <trkpt lat="45.952152" lon="10.816616">
        <ele>788.548767</ele>
        <time>2026-08-14T15:48:09.808Z</time>
      </trkpt>
      <trkpt lat="45.952045" lon="10.816886">
        <ele>789.113894</ele>
        <time>2026-08-14T15:48:20.901Z</time>
      </trkpt>
      <trkpt lat="45.951751" lon="10.817229">
        <ele>790.103989</ele>
        <time>2026-08-14T15:48:32.786Z</time>
      </trkpt>
      <trkpt lat="45.951585" lon="10.817301">
        <ele>790.557463</ele>
        <time>2026-08-14T15:48:36.145Z</time>
      </trkpt>
      <trkpt lat="45.951357" lon="10.817348">
        <ele>789.186457</ele>
        <time>2026-08-14T15:48:40.037Z</time>
      </trkpt>
      <trkpt lat="45.951048" lon="10.817522">
        <ele>784.707173</ele>
        <time>2026-08-14T15:48:44.854Z</time>
      </trkpt>
      <trkpt lat="45.950552" lon="10.818108">
        <ele>776.042747</ele>
        <time>2026-08-14T15:48:53.589Z</time>
      </trkpt>
      <trkpt lat="45.950049" lon="10.818461">
        <ele>768.487894</ele>
        <time>2026-08-14T15:49:01.081Z</time>
      </trkpt>
      <trkpt lat="45.949465" lon="10.818711">
        <ele>757.576054</ele>
        <time>2026-08-14T15:49:09.235Z</time>
      </trkpt>
      <trkpt lat="45.948709" lon="10.818781">
        <ele>742.987107</ele>
        <time>2026-08-14T15:49:19.369Z</time>
      </trkpt>
      <trkpt lat="45.948039" lon="10.818741">
        <ele>730.380824</ele>
        <time>2026-08-14T15:49:28.251Z</time>
      </trkpt>
      <trkpt lat="45.947929" lon="10.818720">
        <ele>728.599117</ele>
        <time>2026-08-14T15:49:29.726Z</time>
      </trkpt>
      <trkpt lat="45.947815" lon="10.818645">
        <ele>726.586255</ele>
        <time>2026-08-14T15:49:31.386Z</time>
      </trkpt>
      <trkpt lat="45.947787" lon="10.818613">
        <ele>726.012010</ele>
        <time>2026-08-14T15:49:31.872Z</time>
      </trkpt>
      <trkpt lat="45.947645" lon="10.818441">
        <ele>723.031087</ele>
        <time>2026-08-14T15:49:36.543Z</time>
      </trkpt>
      <trkpt lat="45.947414" lon="10.818088">
        <ele>717.619189</ele>
        <time>2026-08-14T15:49:45.027Z</time>
      </trkpt>
      <trkpt lat="45.947386" lon="10.817924">
        <ele>715.733844</ele>
        <time>2026-08-14T15:49:48.012Z</time>
      </trkpt>
      <trkpt lat="45.947423" lon="10.817656">
        <ele>712.683382</ele>
        <time>2026-08-14T15:49:52.898Z</time>
      </trkpt>
      <trkpt lat="45.947407" lon="10.817533">
        <ele>711.286340</ele>
        <time>2026-08-14T15:49:55.173Z</time>
      </trkpt>
      <trkpt lat="45.947388" lon="10.817474">
        <ele>710.560425</ele>
        <time>2026-08-14T15:49:56.338Z</time>
      </trkpt>
      <trkpt lat="45.947263" lon="10.817333">
        <ele>708.009673</ele>
        <time>2026-08-14T15:50:00.529Z</time>
      </trkpt>
      <trkpt lat="45.947049" lon="10.816946">
        <ele>702.688385</ele>
        <time>2026-08-14T15:50:10.109Z</time>
      </trkpt>
      <trkpt lat="45.947031" lon="10.816838">
        <ele>701.894162</ele>
        <time>2026-08-14T15:50:12.327Z</time>
      </trkpt>
      <trkpt lat="45.946984" lon="10.816829">
        <ele>701.406504</ele>
        <time>2026-08-14T15:50:13.676Z</time>
      </trkpt>
      <trkpt lat="45.946970" lon="10.816861">
        <ele>701.136130</ele>
        <time>2026-08-14T15:50:14.477Z</time>
      </trkpt>
      <trkpt lat="45.946980" lon="10.817000">
        <ele>700.136785</ele>
        <time>2026-08-14T15:50:17.278Z</time>
      </trkpt>
      <trkpt lat="45.947126" lon="10.817305">
        <ele>697.488717</ele>
        <time>2026-08-14T15:50:24.659Z</time>
      </trkpt>
      <trkpt lat="45.947158" lon="10.817493">
        <ele>696.104569</ele>
        <time>2026-08-14T15:50:28.402Z</time>
      </trkpt>
      <trkpt lat="45.947075" lon="10.817708">
        <ele>694.345950</ele>
        <time>2026-08-14T15:50:33.066Z</time>
      </trkpt>
      <trkpt lat="45.947064" lon="10.817825">
        <ele>693.501629</ele>
        <time>2026-08-14T15:50:35.286Z</time>
      </trkpt>
      <trkpt lat="45.947104" lon="10.818014">
        <ele>692.088802</ele>
        <time>2026-08-14T15:50:39.042Z</time>
      </trkpt>
      <trkpt lat="45.947081" lon="10.818138">
        <ele>691.171027</ele>
        <time>2026-08-14T15:50:41.497Z</time>
      </trkpt>
      <trkpt lat="45.946853" lon="10.818346">
        <ele>688.394075</ele>
        <time>2026-08-14T15:50:48.889Z</time>
      </trkpt>
      <trkpt lat="45.946710" lon="10.818431">
        <ele>686.802663</ele>
        <time>2026-08-14T15:50:51.167Z</time>
      </trkpt>
      <trkpt lat="45.946445" lon="10.818418">
        <ele>684.125860</ele>
        <time>2026-08-14T15:50:55.041Z</time>
      </trkpt>
      <trkpt lat="45.946223" lon="10.818452">
        <ele>682.076077</ele>
        <time>2026-08-14T15:50:58.338Z</time>
      </trkpt>
      <trkpt lat="45.945932" lon="10.818699">
        <ele>678.973675</ele>
        <time>2026-08-14T15:51:03.322Z</time>
      </trkpt>
      <trkpt lat="45.945650" lon="10.818875">
        <ele>676.151240</ele>
        <time>2026-08-14T15:51:07.914Z</time>
      </trkpt>
      <trkpt lat="45.945085" lon="10.818988">
        <ele>670.913858</ele>
        <time>2026-08-14T15:51:16.675Z</time>
      </trkpt>
      <trkpt lat="45.944948" lon="10.819055">
        <ele>669.585273</ele>
        <time>2026-08-14T15:51:18.966Z</time>
      </trkpt>
      <trkpt lat="45.944876" lon="10.819259">
        <ele>668.124724</ele>
        <time>2026-08-14T15:51:21.546Z</time>
      </trkpt>
      <trkpt lat="45.944836" lon="10.819245">
        <ele>667.707865</ele>
        <time>2026-08-14T15:51:22.209Z</time>
      </trkpt>
      <trkpt lat="45.944826" lon="10.819205">
        <ele>667.399274</ele>
        <time>2026-08-14T15:51:22.680Z</time>
      </trkpt>
      <trkpt lat="45.944850" lon="10.819082">
        <ele>666.471826</ele>
        <time>2026-08-14T15:51:24.131Z</time>
      </trkpt>
      <trkpt lat="45.944909" lon="10.818927">
        <ele>665.188985</ele>
        <time>2026-08-14T15:51:26.089Z</time>
      </trkpt>
      <trkpt lat="45.945268" lon="10.818536">
        <ele>660.487269</ele>
        <time>2026-08-14T15:51:33.103Z</time>
      </trkpt>
      <trkpt lat="45.945550" lon="10.818344">
        <ele>657.229762</ele>
        <time>2026-08-14T15:51:37.724Z</time>
      </trkpt>
      <trkpt lat="45.945581" lon="10.818280">
        <ele>656.663522</ele>
        <time>2026-08-14T15:51:38.513Z</time>
      </trkpt>
      <trkpt lat="45.945572" lon="10.818147">
        <ele>655.693417</ele>
        <time>2026-08-14T15:51:39.840Z</time>
      </trkpt>
      <trkpt lat="45.945542" lon="10.818093">
        <ele>655.191632</ele>
        <time>2026-08-14T15:51:40.535Z</time>
      </trkpt>
      <trkpt lat="45.945497" lon="10.818095">
        <ele>654.721584</ele>
        <time>2026-08-14T15:51:41.190Z</time>
      </trkpt>
      <trkpt lat="45.945415" lon="10.818235">
        <ele>653.392697</ele>
        <time>2026-08-14T15:51:43.041Z</time>
      </trkpt>
      <trkpt lat="45.945292" lon="10.818277">
        <ele>652.072811</ele>
        <time>2026-08-14T15:51:44.876Z</time>
      </trkpt>
      <trkpt lat="45.944835" lon="10.818327">
        <ele>646.301908</ele>
        <time>2026-08-14T15:51:51.487Z</time>
      </trkpt>
      <trkpt lat="45.944620" lon="10.818402">
        <ele>642.832617</ele>
        <time>2026-08-14T15:51:54.624Z</time>
      </trkpt>
      <trkpt lat="45.943850" lon="10.818827">
        <ele>629.899076</ele>
        <time>2026-08-14T15:52:06.173Z</time>
      </trkpt>
      <trkpt lat="45.943641" lon="10.818905">
        <ele>626.513078</ele>
        <time>2026-08-14T15:52:09.195Z</time>
      </trkpt>
      <trkpt lat="45.943055" lon="10.818894">
        <ele>618.418133</ele>
        <time>2026-08-14T15:52:17.486Z</time>
      </trkpt>
      <trkpt lat="45.942599" lon="10.818742">
        <ele>613.237011</ele>
        <time>2026-08-14T15:52:24.190Z</time>
      </trkpt>
      <trkpt lat="45.941569" lon="10.818782">
        <ele>601.832142</ele>
        <time>2026-08-14T15:52:39.802Z</time>
      </trkpt>
      <trkpt lat="45.942045" lon="10.818544">
        <ele>597.273277</ele>
        <time>2026-08-14T15:52:47.461Z</time>
      </trkpt>
      <trkpt lat="45.942068" lon="10.818441">
        <ele>596.614396</ele>
        <time>2026-08-14T15:52:48.579Z</time>
      </trkpt>
      <trkpt lat="45.942047" lon="10.818195">
        <ele>595.104864</ele>
        <time>2026-08-14T15:52:51.146Z</time>
      </trkpt>
      <trkpt lat="45.941820" lon="10.817932">
        <ele>592.551675</ele>
        <time>2026-08-14T15:52:55.545Z</time>
      </trkpt>
      <trkpt lat="45.941532" lon="10.817820">
        <ele>589.938596</ele>
        <time>2026-08-14T15:52:59.945Z</time>
      </trkpt>
      <trkpt lat="45.941332" lon="10.817799">
        <ele>588.182217</ele>
        <time>2026-08-14T15:53:02.808Z</time>
      </trkpt>
      <trkpt lat="45.941214" lon="10.817818">
        <ele>587.142247</ele>
        <time>2026-08-14T15:53:04.502Z</time>
      </trkpt>
      <trkpt lat="45.941091" lon="10.817947">
        <ele>585.808865</ele>
        <time>2026-08-14T15:53:06.634Z</time>
      </trkpt>
      <trkpt lat="45.941008" lon="10.817976">
        <ele>585.117451</ele>
        <time>2026-08-14T15:53:07.835Z</time>
      </trkpt>
      <trkpt lat="45.941044" lon="10.817920">
        <ele>584.734436</ele>
        <time>2026-08-14T15:53:09.271Z</time>
      </trkpt>
      <trkpt lat="45.941044" lon="10.817811">
        <ele>584.187004</ele>
        <time>2026-08-14T15:53:11.299Z</time>
      </trkpt>
      <trkpt lat="45.940992" lon="10.817697">
        <ele>583.502280</ele>
        <time>2026-08-14T15:53:13.844Z</time>
      </trkpt>
      <trkpt lat="45.940587" lon="10.817388">
        <ele>580.191090</ele>
        <time>2026-08-14T15:53:26.308Z</time>
      </trkpt>
      <trkpt lat="45.940396" lon="10.817090">
        <ele>578.155689</ele>
        <time>2026-08-14T15:53:34.342Z</time>
      </trkpt>
      <trkpt lat="45.940041" lon="10.816675">
        <ele>574.851486</ele>
        <time>2026-08-14T15:53:47.951Z</time>
      </trkpt>
      <trkpt lat="45.939993" lon="10.816536">
        <ele>574.072038</ele>
        <time>2026-08-14T15:53:51.361Z</time>
      </trkpt>
      <trkpt lat="45.939984" lon="10.816401">
        <ele>573.390905</ele>
        <time>2026-08-14T15:53:54.435Z</time>
      </trkpt>
      <trkpt lat="45.940033" lon="10.816289">
        <ele>572.726335</ele>
        <time>2026-08-14T15:53:57.589Z</time>
      </trkpt>
      <trkpt lat="45.940243" lon="10.816019">
        <ele>573.125951</ele>
        <time>2026-08-14T15:54:08.446Z</time>
      </trkpt>
      <trkpt lat="45.940384" lon="10.815747">
        <ele>573.858919</ele>
        <time>2026-08-14T15:54:20.282Z</time>
      </trkpt>
      <trkpt lat="45.940530" lon="10.815725">
        <ele>574.314999</ele>
        <time>2026-08-14T15:54:28.831Z</time>
      </trkpt>
      <trkpt lat="45.940635" lon="10.815667">
        <ele>574.664456</ele>
        <time>2026-08-14T15:54:36.053Z</time>
      </trkpt>
      <trkpt lat="45.940722" lon="10.815495">
        <ele>575.123966</ele>
        <time>2026-08-14T15:54:46.435Z</time>
      </trkpt>
      <trkpt lat="45.940876" lon="10.815351">
        <ele>575.694672</ele>
        <time>2026-08-14T15:55:00.166Z</time>
      </trkpt>
      <trkpt lat="45.941201" lon="10.815452">
        <ele>576.727700</ele>
        <time>2026-08-14T15:55:24.945Z</time>
      </trkpt>
      <trkpt lat="45.941317" lon="10.815452">
        <ele>577.088092</ele>
        <time>2026-08-14T15:55:32.897Z</time>
      </trkpt>
      <trkpt lat="45.941543" lon="10.815250">
        <ele>577.914810</ele>
        <time>2026-08-14T15:55:50.031Z</time>
      </trkpt>
      <trkpt lat="45.941843" lon="10.815165">
        <ele>578.709223</ele>
        <time>2026-08-14T15:56:08.852Z</time>
      </trkpt>
      <trkpt lat="45.942086" lon="10.815099">
        <ele>579.342165</ele>
        <time>2026-08-14T15:56:23.110Z</time>
      </trkpt>
      <trkpt lat="45.942140" lon="10.815059">
        <ele>579.497633</ele>
        <time>2026-08-14T15:56:26.271Z</time>
      </trkpt>
      <trkpt lat="45.942286" lon="10.814973">
        <ele>579.901446</ele>
        <time>2026-08-14T15:56:34.369Z</time>
      </trkpt>
      <trkpt lat="45.942353" lon="10.814921">
        <ele>580.096309</ele>
        <time>2026-08-14T15:56:43.811Z</time>
      </trkpt>
      <trkpt lat="45.942405" lon="10.814748">
        <ele>580.431746</ele>
        <time>2026-08-14T15:56:50.470Z</time>
      </trkpt>
      <trkpt lat="45.942417" lon="10.814671">
        <ele>580.572190</ele>
        <time>2026-08-14T15:56:52.292Z</time>
      </trkpt>
      <trkpt lat="45.942405" lon="10.814413">
        <ele>581.032402</ele>
        <time>2026-08-14T15:57:00.365Z</time>
      </trkpt>
      <trkpt lat="45.942680" lon="10.814356">
        <ele>581.743524</ele>
        <time>2026-08-14T15:57:13.335Z</time>
      </trkpt>
      <trkpt lat="45.942860" lon="10.814133">
        <ele>582.351609</ele>
        <time>2026-08-14T15:57:25.577Z</time>
      </trkpt>
      <trkpt lat="45.943116" lon="10.814085">
        <ele>583.162038</ele>
        <time>2026-08-14T15:57:39.826Z</time>
      </trkpt>
      <trkpt lat="45.943216" lon="10.814043">
        <ele>583.522142</ele>
        <time>2026-08-14T15:57:45.802Z</time>
      </trkpt>
      <trkpt lat="45.943316" lon="10.813948">
        <ele>583.936418</ele>
        <time>2026-08-14T15:57:52.961Z</time>
      </trkpt>
      <trkpt lat="45.943358" lon="10.813829">
        <ele>584.257185</ele>
        <time>2026-08-14T15:57:58.479Z</time>
      </trkpt>
      <trkpt lat="45.943348" lon="10.813695">
        <ele>584.581122</ele>
        <time>2026-08-14T15:58:04.031Z</time>
      </trkpt>
      <trkpt lat="45.943302" lon="10.813587">
        <ele>584.885541</ele>
        <time>2026-08-14T15:58:09.346Z</time>
      </trkpt>
      <trkpt lat="45.943066" lon="10.813285">
        <ele>585.977513</ele>
        <time>2026-08-14T15:58:28.456Z</time>
      </trkpt>
      <trkpt lat="45.942734" lon="10.813297">
        <ele>587.125477</ele>
        <time>2026-08-14T15:58:49.593Z</time>
      </trkpt>
      <trkpt lat="45.942530" lon="10.813374">
        <ele>587.854515</ele>
        <time>2026-08-14T15:59:03.398Z</time>
      </trkpt>
      <trkpt lat="45.942241" lon="10.813294">
        <ele>588.868838</ele>
        <time>2026-08-14T15:59:21.876Z</time>
      </trkpt>
      <trkpt lat="45.942104" lon="10.813294">
        <ele>589.321968</ele>
        <time>2026-08-14T15:59:29.670Z</time>
      </trkpt>
      <trkpt lat="45.941671" lon="10.813094">
        <ele>590.826187</ele>
        <time>2026-08-14T15:59:53.673Z</time>
      </trkpt>
      <trkpt lat="45.941387" lon="10.813017">
        <ele>591.782073</ele>
        <time>2026-08-14T16:00:10.741Z</time>
      </trkpt>
      <trkpt lat="45.940645" lon="10.812778">
        <ele>594.297065</ele>
        <time>2026-08-14T16:00:44.419Z</time>
      </trkpt>
      <trkpt lat="45.940287" lon="10.812634">
        <ele>594.398643</ele>
        <time>2026-08-14T16:00:56.661Z</time>
      </trkpt>
      <trkpt lat="45.940201" lon="10.812569">
        <ele>594.252226</ele>
        <time>2026-08-14T16:00:59.404Z</time>
      </trkpt>
      <trkpt lat="45.939920" lon="10.812428">
        <ele>593.803708</ele>
        <time>2026-08-14T16:01:11.618Z</time>
      </trkpt>
      <trkpt lat="45.939715" lon="10.812378">
        <ele>593.490354</ele>
        <time>2026-08-14T16:01:19.145Z</time>
      </trkpt>
      <trkpt lat="45.939094" lon="10.812456">
        <ele>592.550922</ele>
        <time>2026-08-14T16:01:39.655Z</time>
      </trkpt>
      <trkpt lat="45.938652" lon="10.812566">
        <ele>592.091256</ele>
        <time>2026-08-14T16:01:53.338Z</time>
      </trkpt>
      <trkpt lat="45.938285" lon="10.812568">
        <ele>592.258190</ele>
        <time>2026-08-14T16:02:05.162Z</time>
      </trkpt>
      <trkpt lat="45.938173" lon="10.812528">
        <ele>592.310682</ele>
        <time>2026-08-14T16:02:09.151Z</time>
      </trkpt>
      <trkpt lat="45.937774" lon="10.812556">
        <ele>592.492386</ele>
        <time>2026-08-14T16:02:24.585Z</time>
      </trkpt>
      <trkpt lat="45.937651" lon="10.812406">
        <ele>592.565745</ele>
        <time>2026-08-14T16:02:29.983Z</time>
      </trkpt>
      <trkpt lat="45.937494" lon="10.812302">
        <ele>592.644370</ele>
        <time>2026-08-14T16:02:37.095Z</time>
      </trkpt>
      <trkpt lat="45.937144" lon="10.812269">
        <ele>592.803912</ele>
        <time>2026-08-14T16:02:54.605Z</time>
      </trkpt>
      <trkpt lat="45.936973" lon="10.812351">
        <ele>593.039133</ele>
        <time>2026-08-14T16:03:04.751Z</time>
      </trkpt>
      <trkpt lat="45.936908" lon="10.812347">
        <ele>593.238677</ele>
        <time>2026-08-14T16:03:08.534Z</time>
      </trkpt>
      <trkpt lat="45.936714" lon="10.812144">
        <ele>593.974569</ele>
        <time>2026-08-14T16:03:22.370Z</time>
      </trkpt>
      <trkpt lat="45.936599" lon="10.812129">
        <ele>594.328734</ele>
        <time>2026-08-14T16:03:28.926Z</time>
      </trkpt>
      <trkpt lat="45.936362" lon="10.812098">
        <ele>595.058638</ele>
        <time>2026-08-14T16:03:40.159Z</time>
      </trkpt>
      <trkpt lat="45.936329" lon="10.811981">
        <ele>595.327947</ele>
        <time>2026-08-14T16:03:44.000Z</time>
      </trkpt>
      <trkpt lat="45.936310" lon="10.811720">
        <ele>595.887711</ele>
        <time>2026-08-14T16:03:51.199Z</time>
      </trkpt>
      <trkpt lat="45.936265" lon="10.811675">
        <ele>596.055827</ele>
        <time>2026-08-14T16:03:53.288Z</time>
      </trkpt>
      <trkpt lat="45.936139" lon="10.811693">
        <ele>596.444184</ele>
        <time>2026-08-14T16:03:57.764Z</time>
      </trkpt>
      <trkpt lat="45.936096" lon="10.811577">
        <ele>596.724571</ele>
        <time>2026-08-14T16:04:00.987Z</time>
      </trkpt>
      <trkpt lat="45.935936" lon="10.811610">
        <ele>597.220330</ele>
        <time>2026-08-14T16:04:06.068Z</time>
      </trkpt>
      <trkpt lat="45.935910" lon="10.811598">
        <ele>597.304082</ele>
        <time>2026-08-14T16:04:06.817Z</time>
      </trkpt>
      <trkpt lat="45.935855" lon="10.811500">
        <ele>597.572697</ele>
        <time>2026-08-14T16:04:09.453Z</time>
      </trkpt>
      <trkpt lat="45.935730" lon="10.811378">
        <ele>598.036062</ele>
        <time>2026-08-14T16:04:13.269Z</time>
      </trkpt>
      <trkpt lat="45.935682" lon="10.811181">
        <ele>598.235317</ele>
        <time>2026-08-14T16:04:16.841Z</time>
      </trkpt>
      <trkpt lat="45.935453" lon="10.810989">
        <ele>597.152089</ele>
        <time>2026-08-14T16:04:22.046Z</time>
      </trkpt>
      <trkpt lat="45.935189" lon="10.810694">
        <ele>595.785843</ele>
        <time>2026-08-14T16:04:27.568Z</time>
      </trkpt>
      <trkpt lat="45.934835" lon="10.810173">
        <ele>593.715864</ele>
        <time>2026-08-14T16:04:35.529Z</time>
      </trkpt>
      <trkpt lat="45.934761" lon="10.810093">
        <ele>593.337541</ele>
        <time>2026-08-14T16:04:36.984Z</time>
      </trkpt>
      <trkpt lat="45.934609" lon="10.810006">
        <ele>592.669020</ele>
        <time>2026-08-14T16:04:39.503Z</time>
      </trkpt>
      <trkpt lat="45.934504" lon="10.809976">
        <ele>592.231569</ele>
        <time>2026-08-14T16:04:41.156Z</time>
      </trkpt>
      <trkpt lat="45.934188" lon="10.810042">
        <ele>590.920039</ele>
        <time>2026-08-14T16:04:45.965Z</time>
      </trkpt>
      <trkpt lat="45.934011" lon="10.810168">
        <ele>590.058477</ele>
        <time>2026-08-14T16:04:48.870Z</time>
      </trkpt>
      <trkpt lat="45.933797" lon="10.810452">
        <ele>588.788105</ele>
        <time>2026-08-14T16:04:53.104Z</time>
      </trkpt>
      <trkpt lat="45.933315" lon="10.811089">
        <ele>585.932266</ele>
        <time>2026-08-14T16:05:03.084Z</time>
      </trkpt>
      <trkpt lat="45.933133" lon="10.811208">
        <ele>585.060105</ele>
        <time>2026-08-14T16:05:06.602Z</time>
      </trkpt>
      <trkpt lat="45.932812" lon="10.811289">
        <ele>583.638429</ele>
        <time>2026-08-14T16:05:13.144Z</time>
      </trkpt>
      <trkpt lat="45.932453" lon="10.811043">
        <ele>583.389556</ele>
        <time>2026-08-14T16:05:23.196Z</time>
      </trkpt>
      <trkpt lat="45.931973" lon="10.810875">
        <ele>583.743495</ele>
        <time>2026-08-14T16:05:36.116Z</time>
      </trkpt>
      <trkpt lat="45.931870" lon="10.810866">
        <ele>583.817425</ele>
        <time>2026-08-14T16:05:38.678Z</time>
      </trkpt>
      <trkpt lat="45.931699" lon="10.810926">
        <ele>583.943534</ele>
        <time>2026-08-14T16:05:42.594Z</time>
      </trkpt>
      <trkpt lat="45.931598" lon="10.811056">
        <ele>584.040655</ele>
        <time>2026-08-14T16:05:45.533Z</time>
      </trkpt>
      <trkpt lat="45.931133" lon="10.811936">
        <ele>584.923679</ele>
        <time>2026-08-14T16:06:07.071Z</time>
      </trkpt>
      <trkpt lat="45.930997" lon="10.812116">
        <ele>585.414546</ele>
        <time>2026-08-14T16:06:15.206Z</time>
      </trkpt>
      <trkpt lat="45.930856" lon="10.812204">
        <ele>585.822724</ele>
        <time>2026-08-14T16:06:23.259Z</time>
      </trkpt>
      <trkpt lat="45.930738" lon="10.812234">
        <ele>586.140932</ele>
        <time>2026-08-14T16:06:30.344Z</time>
      </trkpt>
      <trkpt lat="45.930563" lon="10.812212">
        <ele>586.607415</ele>
        <time>2026-08-14T16:06:41.032Z</time>
      </trkpt>
      <trkpt lat="45.929864" lon="10.811828">
        <ele>588.594483</ele>
        <time>2026-08-14T16:07:18.157Z</time>
      </trkpt>
      <trkpt lat="45.929690" lon="10.811829">
        <ele>589.056541</ele>
        <time>2026-08-14T16:07:22.801Z</time>
      </trkpt>
      <trkpt lat="45.929514" lon="10.811951">
        <ele>587.228606</ele>
        <time>2026-08-14T16:07:26.412Z</time>
      </trkpt>
      <trkpt lat="45.929451" lon="10.812038">
        <ele>585.813678</ele>
        <time>2026-08-14T16:07:27.898Z</time>
      </trkpt>
      <trkpt lat="45.929367" lon="10.812260">
        <ele>582.966458</ele>
        <time>2026-08-14T16:07:30.562Z</time>
      </trkpt>
      <trkpt lat="45.929347" lon="10.812385">
        <ele>581.521407</ele>
        <time>2026-08-14T16:07:31.818Z</time>
      </trkpt>
      <trkpt lat="45.929362" lon="10.812490">
        <ele>580.313766</ele>
        <time>2026-08-14T16:07:32.862Z</time>
      </trkpt>
      <trkpt lat="45.929407" lon="10.812584">
        <ele>579.028151</ele>
        <time>2026-08-14T16:07:33.940Z</time>
      </trkpt>
      <trkpt lat="45.929220" lon="10.813165">
        <ele>571.815657</ele>
        <time>2026-08-14T16:07:39.778Z</time>
      </trkpt>
      <trkpt lat="45.929014" lon="10.813672">
        <ele>565.200505</ele>
        <time>2026-08-14T16:07:45.099Z</time>
      </trkpt>
      <trkpt lat="45.929000" lon="10.813725">
        <ele>564.561784</ele>
        <time>2026-08-14T16:07:46.081Z</time>
      </trkpt>
      <trkpt lat="45.928862" lon="10.814253">
        <ele>557.810149</ele>
        <time>2026-08-14T16:07:55.890Z</time>
      </trkpt>
      <trkpt lat="45.928709" lon="10.814694">
        <ele>551.100428</ele>
        <time>2026-08-14T16:08:04.423Z</time>
      </trkpt>
      <trkpt lat="45.928289" lon="10.815621">
        <ele>536.037727</ele>
        <time>2026-08-14T16:08:23.587Z</time>
      </trkpt>
      <trkpt lat="45.928144" lon="10.815793">
        <ele>532.358048</ele>
        <time>2026-08-14T16:08:28.416Z</time>
      </trkpt>
      <trkpt lat="45.928023" lon="10.815888">
        <ele>529.659371</ele>
        <time>2026-08-14T16:08:31.976Z</time>
      </trkpt>
      <trkpt lat="45.927757" lon="10.815905">
        <ele>524.708067</ele>
        <time>2026-08-14T16:08:39.013Z</time>
      </trkpt>
      <trkpt lat="45.926165" lon="10.817309">
        <ele>509.484270</ele>
        <time>2026-08-14T16:09:03.439Z</time>
      </trkpt>
      <trkpt lat="45.925883" lon="10.817478">
        <ele>508.398871</ele>
        <time>2026-08-14T16:09:07.579Z</time>
      </trkpt>
      <trkpt lat="45.925316" lon="10.817711">
        <ele>506.303861</ele>
        <time>2026-08-14T16:09:16.687Z</time>
      </trkpt>
      <trkpt lat="45.925218" lon="10.817726">
        <ele>505.953736</ele>
        <time>2026-08-14T16:09:18.671Z</time>
      </trkpt>
      <trkpt lat="45.925076" lon="10.817671">
        <ele>505.431276</ele>
        <time>2026-08-14T16:09:21.956Z</time>
      </trkpt>
      <trkpt lat="45.924796" lon="10.817286">
        <ele>504.054802</ele>
        <time>2026-08-14T16:09:29.008Z</time>
      </trkpt>
      <trkpt lat="45.924554" lon="10.816966">
        <ele>502.577369</ele>
        <time>2026-08-14T16:09:33.927Z</time>
      </trkpt>
      <trkpt lat="45.924423" lon="10.816954">
        <ele>501.841765</ele>
        <time>2026-08-14T16:09:35.764Z</time>
      </trkpt>
      <trkpt lat="45.924331" lon="10.816985">
        <ele>501.312231</ele>
        <time>2026-08-14T16:09:37.056Z</time>
      </trkpt>
      <trkpt lat="45.924219" lon="10.817120">
        <ele>500.493165</ele>
        <time>2026-08-14T16:09:39.020Z</time>
      </trkpt>
      <trkpt lat="45.924143" lon="10.817268">
        <ele>499.776064</ele>
        <time>2026-08-14T16:09:40.734Z</time>
      </trkpt>
      <trkpt lat="45.924019" lon="10.817649">
        <ele>498.136345</ele>
        <time>2026-08-14T16:09:44.742Z</time>
      </trkpt>
      <trkpt lat="45.923764" lon="10.818171">
        <ele>495.649854</ele>
        <time>2026-08-14T16:09:50.823Z</time>
      </trkpt>
      <trkpt lat="45.923607" lon="10.818279">
        <ele>494.674497</ele>
        <time>2026-08-14T16:09:53.049Z</time>
      </trkpt>
      <trkpt lat="45.923489" lon="10.818261">
        <ele>494.009521</ele>
        <time>2026-08-14T16:09:54.546Z</time>
      </trkpt>
      <trkpt lat="45.923190" lon="10.817978">
        <ele>492.438448</ele>
        <time>2026-08-14T16:09:59.192Z</time>
      </trkpt>
      <trkpt lat="45.923033" lon="10.817891">
        <ele>491.801775</ele>
        <time>2026-08-14T16:10:01.554Z</time>
      </trkpt>
      <trkpt lat="45.922835" lon="10.817899">
        <ele>491.052277</ele>
        <time>2026-08-14T16:10:04.554Z</time>
      </trkpt>
      <trkpt lat="45.922690" lon="10.817996">
        <ele>490.447121</ele>
        <time>2026-08-14T16:10:07.246Z</time>
      </trkpt>
      <trkpt lat="45.922595" lon="10.818128">
        <ele>489.947187</ele>
        <time>2026-08-14T16:10:09.860Z</time>
      </trkpt>
      <trkpt lat="45.922473" lon="10.818312">
        <ele>489.278109</ele>
        <time>2026-08-14T16:10:14.284Z</time>
      </trkpt>
      <trkpt lat="45.922296" lon="10.818489">
        <ele>488.462259</ele>
        <time>2026-08-14T16:10:18.396Z</time>
      </trkpt>
      <trkpt lat="45.921589" lon="10.818858">
        <ele>484.526398</ele>
        <time>2026-08-14T16:10:29.145Z</time>
      </trkpt>
      <trkpt lat="45.921358" lon="10.819117">
        <ele>482.106093</ele>
        <time>2026-08-14T16:10:33.173Z</time>
      </trkpt>
      <trkpt lat="45.921089" lon="10.819540">
        <ele>478.812290</ele>
        <time>2026-08-14T16:10:38.351Z</time>
      </trkpt>
      <trkpt lat="45.920994" lon="10.819693">
        <ele>477.633638</ele>
        <time>2026-08-14T16:10:40.166Z</time>
      </trkpt>
      <trkpt lat="45.920813" lon="10.819996">
        <ele>475.338286</ele>
        <time>2026-08-14T16:10:43.675Z</time>
      </trkpt>
      <trkpt lat="45.920636" lon="10.820346">
        <ele>472.851384</ele>
        <time>2026-08-14T16:10:47.435Z</time>
      </trkpt>
      <trkpt lat="45.920539" lon="10.820770">
        <ele>469.910721</ele>
        <time>2026-08-14T16:10:51.255Z</time>
      </trkpt>
      <trkpt lat="45.920457" lon="10.820963">
        <ele>468.260219</ele>
        <time>2026-08-14T16:10:53.169Z</time>
      </trkpt>
      <trkpt lat="45.920372" lon="10.821070">
        <ele>467.074866</ele>
        <time>2026-08-14T16:10:54.549Z</time>
      </trkpt>
      <trkpt lat="45.920110" lon="10.821249">
        <ele>464.031502</ele>
        <time>2026-08-14T16:10:58.099Z</time>
      </trkpt>
      <trkpt lat="45.920057" lon="10.821315">
        <ele>463.295837</ele>
        <time>2026-08-14T16:10:58.959Z</time>
      </trkpt>
      <trkpt lat="45.920028" lon="10.821454">
        <ele>462.236725</ele>
        <time>2026-08-14T16:11:00.211Z</time>
      </trkpt>
      <trkpt lat="45.920059" lon="10.821539">
        <ele>461.536283</ele>
        <time>2026-08-14T16:11:01.032Z</time>
      </trkpt>
      <trkpt lat="45.920127" lon="10.821592">
        <ele>460.724759</ele>
        <time>2026-08-14T16:11:01.992Z</time>
      </trkpt>
      <trkpt lat="45.920305" lon="10.821588">
        <ele>458.857090</ele>
        <time>2026-08-14T16:11:04.204Z</time>
      </trkpt>
      <trkpt lat="45.920518" lon="10.821566">
        <ele>456.616694</ele>
        <time>2026-08-14T16:11:06.910Z</time>
      </trkpt>
      <trkpt lat="45.920690" lon="10.821504">
        <ele>454.756332</ele>
        <time>2026-08-14T16:11:09.194Z</time>
      </trkpt>
      <trkpt lat="45.921001" lon="10.821249">
        <ele>451.813427</ele>
        <time>2026-08-14T16:11:13.922Z</time>
      </trkpt>
      <trkpt lat="45.920908" lon="10.821464">
        <ele>450.797262</ele>
        <time>2026-08-14T16:11:16.257Z</time>
      </trkpt>
      <trkpt lat="45.920772" lon="10.821630">
        <ele>449.767872</ele>
        <time>2026-08-14T16:11:18.696Z</time>
      </trkpt>
      <trkpt lat="45.920609" lon="10.821722">
        <ele>448.757515</ele>
        <time>2026-08-14T16:11:21.132Z</time>
      </trkpt>
      <trkpt lat="45.920267" lon="10.821800">
        <ele>446.759597</ele>
        <time>2026-08-14T16:11:25.968Z</time>
      </trkpt>
      <trkpt lat="45.920149" lon="10.821864">
        <ele>446.031923</ele>
        <time>2026-08-14T16:11:27.685Z</time>
      </trkpt>
      <trkpt lat="45.919982" lon="10.822027">
        <ele>444.867259</ele>
        <time>2026-08-14T16:11:30.420Z</time>
      </trkpt>
      <trkpt lat="45.919817" lon="10.822289">
        <ele>443.448745</ele>
        <time>2026-08-14T16:11:33.849Z</time>
      </trkpt>
      <trkpt lat="45.919598" lon="10.822882">
        <ele>441.614312</ele>
        <time>2026-08-14T16:11:40.564Z</time>
      </trkpt>
      <trkpt lat="45.919539" lon="10.822979">
        <ele>441.362669</ele>
        <time>2026-08-14T16:11:41.919Z</time>
      </trkpt>
      <trkpt lat="45.919358" lon="10.823153">
        <ele>440.751369</ele>
        <time>2026-08-14T16:11:45.210Z</time>
      </trkpt>
      <trkpt lat="45.919105" lon="10.823217">
        <ele>440.030181</ele>
        <time>2026-08-14T16:11:49.095Z</time>
      </trkpt>
      <trkpt lat="45.918730" lon="10.823173">
        <ele>438.973904</ele>
        <time>2026-08-14T16:11:54.882Z</time>
      </trkpt>
      <trkpt lat="45.918526" lon="10.823187">
        <ele>438.400541</ele>
        <time>2026-08-14T16:11:58.547Z</time>
      </trkpt>
      <trkpt lat="45.918241" lon="10.823442">
        <ele>437.458092</ele>
        <time>2026-08-14T16:12:05.362Z</time>
      </trkpt>
      <trkpt lat="45.918230" lon="10.823486">
        <ele>437.339740</ele>
        <time>2026-08-14T16:12:05.924Z</time>
      </trkpt>
      <trkpt lat="45.918161" lon="10.823614">
        <ele>436.384212</ele>
        <time>2026-08-14T16:12:08.078Z</time>
      </trkpt>
      <trkpt lat="45.917789" lon="10.823988">
        <ele>432.533657</ele>
        <time>2026-08-14T16:12:15.246Z</time>
      </trkpt>
      <trkpt lat="45.917654" lon="10.824178">
        <ele>430.931080</ele>
        <time>2026-08-14T16:12:17.859Z</time>
      </trkpt>
      <trkpt lat="45.917551" lon="10.824391">
        <ele>429.400369</ele>
        <time>2026-08-14T16:12:20.226Z</time>
      </trkpt>
      <trkpt lat="45.917160" lon="10.824755">
        <ele>425.449052</ele>
        <time>2026-08-14T16:12:26.136Z</time>
      </trkpt>
      <trkpt lat="45.917057" lon="10.824933">
        <ele>424.082828</ele>
        <time>2026-08-14T16:12:28.071Z</time>
      </trkpt>
      <trkpt lat="45.917028" lon="10.825165">
        <ele>422.691873</ele>
        <time>2026-08-14T16:12:30.022Z</time>
      </trkpt>
      <trkpt lat="45.916983" lon="10.825311">
        <ele>421.293120</ele>
        <time>2026-08-14T16:12:31.346Z</time>
      </trkpt>
      <trkpt lat="45.916941" lon="10.825387">
        <ele>420.021923</ele>
        <time>2026-08-14T16:12:32.136Z</time>
      </trkpt>
      <trkpt lat="45.916617" lon="10.825746">
        <ele>412.320524</ele>
        <time>2026-08-14T16:12:36.932Z</time>
      </trkpt>
      <trkpt lat="45.916591" lon="10.825844">
        <ele>410.946845</ele>
        <time>2026-08-14T16:12:37.778Z</time>
      </trkpt>
      <trkpt lat="45.916592" lon="10.825946">
        <ele>409.610806</ele>
        <time>2026-08-14T16:12:38.609Z</time>
      </trkpt>
      <trkpt lat="45.916615" lon="10.825997">
        <ele>408.814790</ele>
        <time>2026-08-14T16:12:39.100Z</time>
      </trkpt>
      <trkpt lat="45.916651" lon="10.826034">
        <ele>407.981639</ele>
        <time>2026-08-14T16:12:39.618Z</time>
      </trkpt>
      <trkpt lat="45.916764" lon="10.826031">
        <ele>405.853974</ele>
        <time>2026-08-14T16:12:40.932Z</time>
      </trkpt>
      <trkpt lat="45.916714" lon="10.826173">
        <ele>403.769551</ele>
        <time>2026-08-14T16:12:42.227Z</time>
      </trkpt>
      <trkpt lat="45.916695" lon="10.826315">
        <ele>401.875680</ele>
        <time>2026-08-14T16:12:43.402Z</time>
      </trkpt>
      <trkpt lat="45.916790" lon="10.827293">
        <ele>388.942482</ele>
        <time>2026-08-14T16:12:51.454Z</time>
      </trkpt>
      <trkpt lat="45.916756" lon="10.827471">
        <ele>387.447850</ele>
        <time>2026-08-14T16:12:52.994Z</time>
      </trkpt>
      <trkpt lat="45.916649" lon="10.827694">
        <ele>385.783690</ele>
        <time>2026-08-14T16:12:55.315Z</time>
      </trkpt>
      <trkpt lat="45.916479" lon="10.827828">
        <ele>384.071660</ele>
        <time>2026-08-14T16:12:57.761Z</time>
      </trkpt>
      <trkpt lat="45.916392" lon="10.827841">
        <ele>383.299293</ele>
        <time>2026-08-14T16:12:58.880Z</time>
      </trkpt>
      <trkpt lat="45.915836" lon="10.827729">
        <ele>378.341723</ele>
        <time>2026-08-14T16:13:06.258Z</time>
      </trkpt>
      <trkpt lat="45.915621" lon="10.827767">
        <ele>376.428931</ele>
        <time>2026-08-14T16:13:09.244Z</time>
      </trkpt>
      <trkpt lat="45.915474" lon="10.827838">
        <ele>375.059567</ele>
        <time>2026-08-14T16:13:11.424Z</time>
      </trkpt>
      <trkpt lat="45.914976" lon="10.828241">
        <ele>370.869179</ele>
        <time>2026-08-14T16:13:19.480Z</time>
      </trkpt>
      <trkpt lat="45.914756" lon="10.828372">
        <ele>369.526722</ele>
        <time>2026-08-14T16:13:22.746Z</time>
      </trkpt>
      <trkpt lat="45.913571" lon="10.828671">
        <ele>362.744172</ele>
        <time>2026-08-14T16:13:39.195Z</time>
      </trkpt>
      <trkpt lat="45.913529" lon="10.828792">
        <ele>362.206711</ele>
        <time>2026-08-14T16:13:40.498Z</time>
      </trkpt>
      <trkpt lat="45.913541" lon="10.828875">
        <ele>361.787609</ele>
        <time>2026-08-14T16:13:41.315Z</time>
      </trkpt>
      <trkpt lat="45.913615" lon="10.828973">
        <ele>361.072606</ele>
        <time>2026-08-14T16:13:42.704Z</time>
      </trkpt>
      <trkpt lat="45.913665" lon="10.828982">
        <ele>360.714541</ele>
        <time>2026-08-14T16:13:43.403Z</time>
      </trkpt>
      <trkpt lat="45.914223" lon="10.828682">
        <ele>356.481200</ele>
        <time>2026-08-14T16:13:51.363Z</time>
      </trkpt>
      <trkpt lat="45.914723" lon="10.828751">
        <ele>352.911965</ele>
        <time>2026-08-14T16:13:57.873Z</time>
      </trkpt>
      <trkpt lat="45.914868" lon="10.828741">
        <ele>351.880439</ele>
        <time>2026-08-14T16:13:59.746Z</time>
      </trkpt>
      <trkpt lat="45.915199" lon="10.828652">
        <ele>349.487621</ele>
        <time>2026-08-14T16:14:04.127Z</time>
      </trkpt>
      <trkpt lat="45.915269" lon="10.828749">
        <ele>348.855545</ele>
        <time>2026-08-14T16:14:05.407Z</time>
      </trkpt>
      <trkpt lat="45.915279" lon="10.828872">
        <ele>348.297630</ele>
        <time>2026-08-14T16:14:06.559Z</time>
      </trkpt>
      <trkpt lat="45.915228" lon="10.828979">
        <ele>347.713290</ele>
        <time>2026-08-14T16:14:07.758Z</time>
      </trkpt>
      <trkpt lat="45.914783" lon="10.829006">
        <ele>344.829065</ele>
        <time>2026-08-14T16:14:13.700Z</time>
      </trkpt>
      <trkpt lat="45.914386" lon="10.829138">
        <ele>342.190348</ele>
        <time>2026-08-14T16:14:19.206Z</time>
      </trkpt>
      <trkpt lat="45.913820" lon="10.829463">
        <ele>338.243481</ele>
        <time>2026-08-14T16:14:27.527Z</time>
      </trkpt>
      <trkpt lat="45.912427" lon="10.830228">
        <ele>328.125383</ele>
        <time>2026-08-14T16:14:47.732Z</time>
      </trkpt>
      <trkpt lat="45.911425" lon="10.830576">
        <ele>320.346665</ele>
        <time>2026-08-14T16:15:00.934Z</time>
      </trkpt>
      <trkpt lat="45.911196" lon="10.830680">
        <ele>318.432372</ele>
        <time>2026-08-14T16:15:03.971Z</time>
      </trkpt>
      <trkpt lat="45.910837" lon="10.831062">
        <ele>314.871932</ele>
        <time>2026-08-14T16:15:09.780Z</time>
      </trkpt>
      <trkpt lat="45.910752" lon="10.831211">
        <ele>313.803337</ele>
        <time>2026-08-14T16:15:11.917Z</time>
      </trkpt>
      <trkpt lat="45.910445" lon="10.831552">
        <ele>310.434185</ele>
        <time>2026-08-14T16:15:18.276Z</time>
      </trkpt>
      <trkpt lat="45.910185" lon="10.831693">
        <ele>307.075362</ele>
        <time>2026-08-14T16:15:22.634Z</time>
      </trkpt>
      <trkpt lat="45.910087" lon="10.831713">
        <ele>305.878980</ele>
        <time>2026-08-14T16:15:24.159Z</time>
      </trkpt>
      <trkpt lat="45.909810" lon="10.831687">
        <ele>302.523821</ele>
        <time>2026-08-14T16:15:28.409Z</time>
      </trkpt>
      <trkpt lat="45.909619" lon="10.831752">
        <ele>300.151418</ele>
        <time>2026-08-14T16:15:31.363Z</time>
      </trkpt>
      <trkpt lat="45.909536" lon="10.831834">
        <ele>298.934056</ele>
        <time>2026-08-14T16:15:32.850Z</time>
      </trkpt>
      <trkpt lat="45.909419" lon="10.832074">
        <ele>296.469581</ele>
        <time>2026-08-14T16:15:35.826Z</time>
      </trkpt>
      <trkpt lat="45.909101" lon="10.832763">
        <ele>289.516270</ele>
        <time>2026-08-14T16:15:42.673Z</time>
      </trkpt>
      <trkpt lat="45.908973" lon="10.833051">
        <ele>284.124167</ele>
        <time>2026-08-14T16:15:45.446Z</time>
      </trkpt>
      <trkpt lat="45.908831" lon="10.833240">
        <ele>279.728209</ele>
        <time>2026-08-14T16:15:47.713Z</time>
      </trkpt>
      <trkpt lat="45.908573" lon="10.833377">
        <ele>273.480963</ele>
        <time>2026-08-14T16:15:50.929Z</time>
      </trkpt>
      <trkpt lat="45.908418" lon="10.833605">
        <ele>268.443259</ele>
        <time>2026-08-14T16:15:53.517Z</time>
      </trkpt>
      <trkpt lat="45.908537" lon="10.833637">
        <ele>265.693462</ele>
        <time>2026-08-14T16:15:54.928Z</time>
      </trkpt>
      <trkpt lat="45.909027" lon="10.834463">
        <ele>248.531869</ele>
        <time>2026-08-14T16:16:03.771Z</time>
      </trkpt>
      <trkpt lat="45.909183" lon="10.834667">
        <ele>243.443926</ele>
        <time>2026-08-14T16:16:06.236Z</time>
      </trkpt>
      <trkpt lat="45.909206" lon="10.834756">
        <ele>241.850341</ele>
        <time>2026-08-14T16:16:07.004Z</time>
      </trkpt>
      <trkpt lat="45.909157" lon="10.834919">
        <ele>238.869937</ele>
        <time>2026-08-14T16:16:08.447Z</time>
      </trkpt>
      <trkpt lat="45.909075" lon="10.834975">
        <ele>236.679836</ele>
        <time>2026-08-14T16:16:09.507Z</time>
      </trkpt>
      <trkpt lat="45.908941" lon="10.835061">
        <ele>233.139612</ele>
        <time>2026-08-14T16:16:11.409Z</time>
      </trkpt>
      <trkpt lat="45.908757" lon="10.835112">
        <ele>228.619083</ele>
        <time>2026-08-14T16:16:13.852Z</time>
      </trkpt>
      <trkpt lat="45.908397" lon="10.835135">
        <ele>219.926025</ele>
        <time>2026-08-14T16:16:18.529Z</time>
      </trkpt>
      <trkpt lat="45.907880" lon="10.835095">
        <ele>207.436086</ele>
        <time>2026-08-14T16:16:25.277Z</time>
      </trkpt>
      <trkpt lat="45.907727" lon="10.835140">
        <ele>203.723125</ele>
        <time>2026-08-14T16:16:27.308Z</time>
      </trkpt>
      <trkpt lat="45.907242" lon="10.835456">
        <ele>191.315527</ele>
        <time>2026-08-14T16:16:34.227Z</time>
      </trkpt>
      <trkpt lat="45.907193" lon="10.835555">
        <ele>189.345836</ele>
        <time>2026-08-14T16:16:35.325Z</time>
      </trkpt>
      <trkpt lat="45.907307" lon="10.836078">
        <ele>180.460307</ele>
        <time>2026-08-14T16:16:40.282Z</time>
      </trkpt>
      <trkpt lat="45.907293" lon="10.836145">
        <ele>179.326137</ele>
        <time>2026-08-14T16:16:40.852Z</time>
      </trkpt>
      <trkpt lat="45.907281" lon="10.836311">
        <ele>176.620352</ele>
        <time>2026-08-14T16:16:42.209Z</time>
      </trkpt>
      <trkpt lat="45.907310" lon="10.837136">
        <ele>163.256971</ele>
        <time>2026-08-14T16:16:48.923Z</time>
      </trkpt>
      <trkpt lat="45.907288" lon="10.837275">
        <ele>161.475046</ele>
        <time>2026-08-14T16:16:50.078Z</time>
      </trkpt>
      <trkpt lat="45.906949" lon="10.837859">
        <ele>151.968105</ele>
        <time>2026-08-14T16:16:56.269Z</time>
      </trkpt>
      <trkpt lat="45.906457" lon="10.838890">
        <ele>136.340509</ele>
        <time>2026-08-14T16:17:06.572Z</time>
      </trkpt>
      <trkpt lat="45.906430" lon="10.839176">
        <ele>132.732613</ele>
        <time>2026-08-14T16:17:08.981Z</time>
      </trkpt>
      <trkpt lat="45.906325" lon="10.839457">
        <ele>130.054803</ele>
        <time>2026-08-14T16:17:11.675Z</time>
      </trkpt>
      <trkpt lat="45.906203" lon="10.839650">
        <ele>128.653062</ele>
        <time>2026-08-14T16:17:13.914Z</time>
      </trkpt>
      <trkpt lat="45.906023" lon="10.839839">
        <ele>126.930794</ele>
        <time>2026-08-14T16:17:16.697Z</time>
      </trkpt>
      <trkpt lat="45.905793" lon="10.840161">
        <ele>124.450077</ele>
        <time>2026-08-14T16:17:20.821Z</time>
      </trkpt>
      <trkpt lat="45.905681" lon="10.840469">
        <ele>122.581837</ele>
        <time>2026-08-14T16:17:24.085Z</time>
      </trkpt>
      <trkpt lat="45.905533" lon="10.840420">
        <ele>121.408472</ele>
        <time>2026-08-14T16:17:26.221Z</time>
      </trkpt>
      <trkpt lat="45.904988" lon="10.840226">
        <ele>117.124286</ele>
        <time>2026-08-14T16:17:34.620Z</time>
      </trkpt>
      <trkpt lat="45.904750" lon="10.840836">
        <ele>116.012194</ele>
        <time>2026-08-14T16:17:44.904Z</time>
      </trkpt>
      <trkpt lat="45.904694" lon="10.841084">
        <ele>115.597581</ele>
        <time>2026-08-14T16:17:48.742Z</time>
      </trkpt>
      <trkpt lat="45.904649" lon="10.841581">
        <ele>114.800589</ele>
        <time>2026-08-14T16:17:56.182Z</time>
      </trkpt>
      <trkpt lat="45.904565" lon="10.841678">
        <ele>114.554334</ele>
        <time>2026-08-14T16:17:57.899Z</time>
      </trkpt>
      <trkpt lat="45.903889" lon="10.842858">
        <ele>112.600029</ele>
        <time>2026-08-14T16:18:16.013Z</time>
      </trkpt>
      <trkpt lat="45.903696" lon="10.843101">
        <ele>112.319625</ele>
        <time>2026-08-14T16:18:20.518Z</time>
      </trkpt>
      <trkpt lat="45.903782" lon="10.843185">
        <ele>112.205994</ele>
        <time>2026-08-14T16:18:22.407Z</time>
      </trkpt>
      <trkpt lat="45.903983" lon="10.843313">
        <ele>111.965745</ele>
        <time>2026-08-14T16:18:26.350Z</time>
      </trkpt>
      <trkpt lat="45.904197" lon="10.843424">
        <ele>111.717124</ele>
        <time>2026-08-14T16:18:30.559Z</time>
      </trkpt>
      <trkpt lat="45.903883" lon="10.844180">
        <ele>111.018086</ele>
        <time>2026-08-14T16:18:42.086Z</time>
      </trkpt>
      <trkpt lat="45.903546" lon="10.844820">
        <ele>109.634397</ele>
        <time>2026-08-14T16:18:51.401Z</time>
      </trkpt>
      <trkpt lat="45.903279" lon="10.845170">
        <ele>108.739015</ele>
        <time>2026-08-14T16:18:57.048Z</time>
      </trkpt>
      <trkpt lat="45.902904" lon="10.845554">
        <ele>107.598182</ele>
        <time>2026-08-14T16:19:04.062Z</time>
      </trkpt>
      <trkpt lat="45.902420" lon="10.846280">
        <ele>105.636523</ele>
        <time>2026-08-14T16:19:14.544Z</time>
      </trkpt>
      <trkpt lat="45.902391" lon="10.846324">
        <ele>105.500233</ele>
        <time>2026-08-14T16:19:15.161Z</time>
      </trkpt>
      <trkpt lat="45.902368" lon="10.846361">
        <ele>105.388660</ele>
        <time>2026-08-14T16:19:15.678Z</time>
      </trkpt>
      <trkpt lat="45.902076" lon="10.846830">
        <ele>103.973398</ele>
        <time>2026-08-14T16:19:22.191Z</time>
      </trkpt>
      <trkpt lat="45.901305" lon="10.848015">
        <ele>100.475297</ele>
        <time>2026-08-14T16:19:39.261Z</time>
      </trkpt>
      <trkpt lat="45.901055" lon="10.848356">
        <ele>99.712274</ele>
        <time>2026-08-14T16:19:44.663Z</time>
      </trkpt>
      <trkpt lat="45.900961" lon="10.848544">
        <ele>99.355663</ele>
        <time>2026-08-14T16:19:47.218Z</time>
      </trkpt>
      <trkpt lat="45.900669" lon="10.848994">
        <ele>98.407845</ele>
        <time>2026-08-14T16:19:54.108Z</time>
      </trkpt>
      <trkpt lat="45.899666" lon="10.850246">
        <ele>95.896342</ele>
        <time>2026-08-14T16:20:16.245Z</time>
      </trkpt>
      <trkpt lat="45.899385" lon="10.850610">
        <ele>95.324605</ele>
        <time>2026-08-14T16:20:22.713Z</time>
      </trkpt>
      <trkpt lat="45.899168" lon="10.850837">
        <ele>94.918971</ele>
        <time>2026-08-14T16:20:27.309Z</time>
      </trkpt>
      <trkpt lat="45.898993" lon="10.850952">
        <ele>94.628162</ele>
        <time>2026-08-14T16:20:30.606Z</time>
      </trkpt>
      <trkpt lat="45.897342" lon="10.851056">
        <ele>92.146789</ele>
        <time>2026-08-14T16:20:59.006Z</time>
      </trkpt>
      <trkpt lat="45.896831" lon="10.851140">
        <ele>91.365404</ele>
        <time>2026-08-14T16:21:07.598Z</time>
      </trkpt>
      <trkpt lat="45.896716" lon="10.851307">
        <ele>91.036141</ele>
        <time>2026-08-14T16:21:10.313Z</time>
      </trkpt>
      <trkpt lat="45.896417" lon="10.851345">
        <ele>90.431660</ele>
        <time>2026-08-14T16:21:15.256Z</time>
      </trkpt>
      <trkpt lat="45.895737" lon="10.851399">
        <ele>89.060178</ele>
        <time>2026-08-14T16:21:26.344Z</time>
      </trkpt>
      <trkpt lat="45.894920" lon="10.851522">
        <ele>87.351475</ele>
        <time>2026-08-14T16:21:39.504Z</time>
      </trkpt>
      <trkpt lat="45.894344" lon="10.851708">
        <ele>85.991553</ele>
        <time>2026-08-14T16:21:48.908Z</time>
      </trkpt>
      <trkpt lat="45.894256" lon="10.851736">
        <ele>85.783932</ele>
        <time>2026-08-14T16:21:50.333Z</time>
      </trkpt>
      <trkpt lat="45.892807" lon="10.852312">
        <ele>82.441149</ele>
        <time>2026-08-14T16:22:14.299Z</time>
      </trkpt>
      <trkpt lat="45.892634" lon="10.852402">
        <ele>82.055977</ele>
        <time>2026-08-14T16:22:17.272Z</time>
      </trkpt>
      <trkpt lat="45.892575" lon="10.852405">
        <ele>81.932388</ele>
        <time>2026-08-14T16:22:18.217Z</time>
      </trkpt>
      <trkpt lat="45.891188" lon="10.853092">
        <ele>79.030454</ele>
        <time>2026-08-14T16:22:42.165Z</time>
      </trkpt>
      <trkpt lat="45.890001" lon="10.853630">
        <ele>76.859800</ele>
        <time>2026-08-14T16:23:03.219Z</time>
      </trkpt>
      <trkpt lat="45.889707" lon="10.853738">
        <ele>76.315753</ele>
        <time>2026-08-14T16:23:08.261Z</time>
      </trkpt>
      <trkpt lat="45.889402" lon="10.853803">
        <ele>75.758495</ele>
        <time>2026-08-14T16:23:13.320Z</time>
      </trkpt>
      <trkpt lat="45.888856" lon="10.853835">
        <ele>74.770888</ele>
        <time>2026-08-14T16:23:22.163Z</time>
      </trkpt>
      <trkpt lat="45.888531" lon="10.853776">
        <ele>74.178845</ele>
        <time>2026-08-14T16:23:27.413Z</time>
      </trkpt>
      <trkpt lat="45.888510" lon="10.853772">
        <ele>74.140560</ele>
        <time>2026-08-14T16:23:28.923Z</time>
      </trkpt>
      <trkpt lat="45.888479" lon="10.853761">
        <ele>74.082850</ele>
        <time>2026-08-14T16:23:31.114Z</time>
      </trkpt>
      <trkpt lat="45.888285" lon="10.853699">
        <ele>73.723663</ele>
        <time>2026-08-14T16:23:34.416Z</time>
      </trkpt>
      <trkpt lat="45.887703" lon="10.853401">
        <ele>73.137783</ele>
        <time>2026-08-14T16:23:45.200Z</time>
      </trkpt>
      <trkpt lat="45.887064" lon="10.853065">
        <ele>72.648807</ele>
        <time>2026-08-14T16:23:58.197Z</time>
      </trkpt>
      <trkpt lat="45.886325" lon="10.852593">
        <ele>72.027383</ele>
        <time>2026-08-14T16:24:14.451Z</time>
      </trkpt>
      <trkpt lat="45.884907" lon="10.851433">
        <ele>70.484232</ele>
        <time>2026-08-14T16:24:43.366Z</time>
      </trkpt>
      <trkpt lat="45.884239" lon="10.850724">
        <ele>69.577614</ele>
        <time>2026-08-14T16:24:57.367Z</time>
      </trkpt>
      <trkpt lat="45.884199" lon="10.850688">
        <ele>69.526089</ele>
        <time>2026-08-14T16:25:00.627Z</time>
      </trkpt>
      <trkpt lat="45.884208" lon="10.850668">
        <ele>69.507992</ele>
        <time>2026-08-14T16:25:00.920Z</time>
      </trkpt>
      <trkpt lat="45.884246" lon="10.850601">
        <ele>69.442322</ele>
        <time>2026-08-14T16:25:01.984Z</time>
      </trkpt>
      <trkpt lat="45.884255" lon="10.850582">
        <ele>69.424859</ele>
        <time>2026-08-14T16:25:02.261Z</time>
      </trkpt>
      <trkpt lat="45.884275" lon="10.850542">
        <ele>69.387436</ele>
        <time>2026-08-14T16:25:02.869Z</time>
      </trkpt>
      <trkpt lat="45.884249" lon="10.850509">
        <ele>69.349564</ele>
        <time>2026-08-14T16:25:03.461Z</time>
      </trkpt>
      <trkpt lat="45.884137" lon="10.850371">
        <ele>69.188495</ele>
        <time>2026-08-14T16:25:06.076Z</time>
      </trkpt>
      <trkpt lat="45.883906" lon="10.849922">
        <ele>68.764243</ele>
        <time>2026-08-14T16:25:13.294Z</time>
      </trkpt>
      <trkpt lat="45.883780" lon="10.849648">
        <ele>68.524464</ele>
        <time>2026-08-14T16:25:17.666Z</time>
      </trkpt>
      <trkpt lat="45.883455" lon="10.848795">
        <ele>68.177408</ele>
        <time>2026-08-14T16:25:30.657Z</time>
      </trkpt>
      <trkpt lat="45.883459" lon="10.848627">
        <ele>68.117413</ele>
        <time>2026-08-14T16:25:32.905Z</time>
      </trkpt>
      <trkpt lat="45.883417" lon="10.848467">
        <ele>68.056383</ele>
        <time>2026-08-14T16:25:35.217Z</time>
      </trkpt>
      <trkpt lat="45.883378" lon="10.848431">
        <ele>68.032615</ele>
        <time>2026-08-14T16:25:36.118Z</time>
      </trkpt>
      <trkpt lat="45.883196" lon="10.848030">
        <ele>67.861764</ele>
        <time>2026-08-14T16:25:42.536Z</time>
      </trkpt>
      <trkpt lat="45.883013" lon="10.847750">
        <ele>67.724687</ele>
        <time>2026-08-14T16:25:47.572Z</time>
      </trkpt>
      <trkpt lat="45.882427" lon="10.846930">
        <ele>67.416702</ele>
        <time>2026-08-14T16:26:02.680Z</time>
      </trkpt>
      <trkpt lat="45.882305" lon="10.846553">
        <ele>67.322417</ele>
        <time>2026-08-14T16:26:08.350Z</time>
      </trkpt>
      <trkpt lat="45.882253" lon="10.846501">
        <ele>67.301776</ele>
        <time>2026-08-14T16:26:09.604Z</time>
      </trkpt>
      <trkpt lat="45.882178" lon="10.846485">
        <ele>67.277074</ele>
        <time>2026-08-14T16:26:11.117Z</time>
      </trkpt>
      <trkpt lat="45.882066" lon="10.846476">
        <ele>67.240530</ele>
        <time>2026-08-14T16:26:15.972Z</time>
      </trkpt>
      <trkpt lat="45.882019" lon="10.846453">
        <ele>67.224354</ele>
        <time>2026-08-14T16:26:17.327Z</time>
      </trkpt>
      <trkpt lat="45.881892" lon="10.846495">
        <ele>67.181897</ele>
        <time>2026-08-14T16:26:19.923Z</time>
      </trkpt>
      <trkpt lat="45.881817" lon="10.846603">
        <ele>67.147301</ele>
        <time>2026-08-14T16:26:22.061Z</time>
      </trkpt>
      <trkpt lat="45.881780" lon="10.846986">
        <ele>67.059608</ele>
        <time>2026-08-14T16:26:27.577Z</time>
      </trkpt>
      <trkpt lat="45.881822" lon="10.847364">
        <ele>66.940360</ele>
        <time>2026-08-14T16:26:33.152Z</time>
      </trkpt>
      <trkpt lat="45.881744" lon="10.847685">
        <ele>66.815313</ele>
        <time>2026-08-14T16:26:38.089Z</time>
      </trkpt>
      <trkpt lat="45.881733" lon="10.847786">
        <ele>66.777714</ele>
        <time>2026-08-14T16:26:39.617Z</time>
      </trkpt>
      <trkpt lat="45.881778" lon="10.848012">
        <ele>66.691260</ele>
        <time>2026-08-14T16:26:42.992Z</time>
      </trkpt>
      <trkpt lat="45.881714" lon="10.848258">
        <ele>66.594671</ele>
        <time>2026-08-14T16:26:46.613Z</time>
      </trkpt>
      <trkpt lat="45.881733" lon="10.848705">
        <ele>66.429961</ele>
        <time>2026-08-14T16:26:52.464Z</time>
      </trkpt>
      <trkpt lat="45.881704" lon="10.848935">
        <ele>66.343992</ele>
        <time>2026-08-14T16:26:55.425Z</time>
      </trkpt>
      <trkpt lat="45.881709" lon="10.849317">
        <ele>66.203471</ele>
        <time>2026-08-14T16:27:00.220Z</time>
      </trkpt>
      <trkpt lat="45.881624" lon="10.849569">
        <ele>66.100480</ele>
        <time>2026-08-14T16:27:03.697Z</time>
      </trkpt>
      <trkpt lat="45.881617" lon="10.849752">
        <ele>65.986491</ele>
        <time>2026-08-14T16:27:05.924Z</time>
      </trkpt>
      <trkpt lat="45.881447" lon="10.849985">
        <ele>65.723403</ele>
        <time>2026-08-14T16:27:09.948Z</time>
      </trkpt>
      <trkpt lat="45.881361" lon="10.850158">
        <ele>65.557705</ele>
        <time>2026-08-14T16:27:12.447Z</time>
      </trkpt>
      <trkpt lat="45.881235" lon="10.850300">
        <ele>65.378389</ele>
        <time>2026-08-14T16:27:15.147Z</time>
      </trkpt>
      <trkpt lat="45.881148" lon="10.850282">
        <ele>65.279971</ele>
        <time>2026-08-14T16:27:16.621Z</time>
      </trkpt>
      <trkpt lat="45.880785" lon="10.849790">
        <ele>64.721162</ele>
        <time>2026-08-14T16:27:25.102Z</time>
      </trkpt>
      <trkpt lat="45.880743" lon="10.849775">
        <ele>64.672704</ele>
        <time>2026-08-14T16:27:25.854Z</time>
      </trkpt>
      <trkpt lat="45.880664" lon="10.849804">
        <ele>64.581406</ele>
        <time>2026-08-14T16:27:27.279Z</time>
      </trkpt>
      <trkpt lat="45.880548" lon="10.849940">
        <ele>64.413754</ele>
        <time>2026-08-14T16:27:29.970Z</time>
      </trkpt>
      <trkpt lat="45.880514" lon="10.849988">
        <ele>64.360376</ele>
        <time>2026-08-14T16:27:31.964Z</time>
      </trkpt>
      <trkpt lat="45.880221" lon="10.850496">
        <ele>64.152701</ele>
        <time>2026-08-14T16:27:40.621Z</time>
      </trkpt>
      <trkpt lat="45.880172" lon="10.850651">
        <ele>64.209530</ele>
        <time>2026-08-14T16:27:42.990Z</time>
      </trkpt>
      <trkpt lat="45.880082" lon="10.851141">
        <ele>64.378704</ele>
        <time>2026-08-14T16:27:50.498Z</time>
      </trkpt>
      <trkpt lat="45.880063" lon="10.851259">
        <ele>64.419136</ele>
        <time>2026-08-14T16:27:52.467Z</time>
      </trkpt>
      <trkpt lat="45.880073" lon="10.851429">
        <ele>64.476089</ele>
        <time>2026-08-14T16:27:55.271Z</time>
      </trkpt>
      <trkpt lat="45.880038" lon="10.851543">
        <ele>64.517683</ele>
        <time>2026-08-14T16:27:57.355Z</time>
      </trkpt>
      <trkpt lat="45.879923" lon="10.851819">
        <ele>64.625062</ele>
        <time>2026-08-14T16:28:03.007Z</time>
      </trkpt>
      <trkpt lat="45.879887" lon="10.851904">
        <ele>64.658277</ele>
        <time>2026-08-14T16:28:06.446Z</time>
      </trkpt>
      <trkpt lat="45.879719" lon="10.852295">
        <ele>64.811664</ele>
        <time>2026-08-14T16:28:15.116Z</time>
      </trkpt>
      <trkpt lat="45.879639" lon="10.852480">
        <ele>64.884368</ele>
        <time>2026-08-14T16:28:22.871Z</time>
      </trkpt>
      <trkpt lat="45.879588" lon="10.852573">
        <ele>64.923911</ele>
        <time>2026-08-14T16:28:25.116Z</time>
      </trkpt>
      <trkpt lat="45.879424" lon="10.852904">
        <ele>65.064202</ele>
        <time>2026-08-14T16:28:32.678Z</time>
      </trkpt>
      <trkpt lat="45.879683" lon="10.853253">
        <ele>65.240350</ele>
        <time>2026-08-14T16:28:41.904Z</time>
      </trkpt>
      <trkpt lat="45.879716" lon="10.853356">
        <ele>65.279503</ele>
        <time>2026-08-14T16:28:43.889Z</time>
      </trkpt>
      <trkpt lat="45.879768" lon="10.853423">
        <ele>65.314152</ele>
        <time>2026-08-14T16:28:45.619Z</time>
      </trkpt>
      <trkpt lat="45.879825" lon="10.853492">
        <ele>65.351126</ele>
        <time>2026-08-14T16:28:47.410Z</time>
      </trkpt>
      <trkpt lat="45.879833" lon="10.853551">
        <ele>65.371882</ele>
        <time>2026-08-14T16:28:48.400Z</time>
      </trkpt>
      <trkpt lat="45.879550" lon="10.854184">
        <ele>65.631657</ele>
        <time>2026-08-14T16:28:59.807Z</time>
      </trkpt>
      <trkpt lat="45.879356" lon="10.854579">
        <ele>65.798584</ele>
        <time>2026-08-14T16:29:06.577Z</time>
      </trkpt>
      <trkpt lat="45.879211" lon="10.854754">
        <ele>65.834453</ele>
        <time>2026-08-14T16:29:10.211Z</time>
      </trkpt>
      <trkpt lat="45.879119" lon="10.854944">
        <ele>65.854160</ele>
        <time>2026-08-14T16:29:13.311Z</time>
      </trkpt>
      <trkpt lat="45.879080" lon="10.854974">
        <ele>65.859571</ele>
        <time>2026-08-14T16:29:14.145Z</time>
      </trkpt>
      <trkpt lat="45.878968" lon="10.854945">
        <ele>65.873491</ele>
        <time>2026-08-14T16:29:16.361Z</time>
      </trkpt>
      <trkpt lat="45.878931" lon="10.854968">
        <ele>65.878422</ele>
        <time>2026-08-14T16:29:17.133Z</time>
      </trkpt>
      <trkpt lat="45.878805" lon="10.855289">
        <ele>65.909800</ele>
        <time>2026-08-14T16:29:22.077Z</time>
      </trkpt>
      <trkpt lat="45.878669" lon="10.855652">
        <ele>65.944901</ele>
        <time>2026-08-14T16:29:27.704Z</time>
      </trkpt>
      <trkpt lat="45.878769" lon="10.855954">
        <ele>65.973377</ele>
        <time>2026-08-14T16:29:32.625Z</time>
      </trkpt>
      <trkpt lat="45.878825" lon="10.856316">
        <ele>66.004953</ele>
        <time>2026-08-14T16:29:38.281Z</time>
      </trkpt>
      <trkpt lat="45.878796" lon="10.856340">
        <ele>66.009047</ele>
        <time>2026-08-14T16:29:39.279Z</time>
      </trkpt>
      <trkpt lat="45.878802" lon="10.856381">
        <ele>66.012614</ele>
        <time>2026-08-14T16:29:40.187Z</time>
      </trkpt>
      <trkpt lat="45.878814" lon="10.856460">
        <ele>66.019499</ele>
        <time>2026-08-14T16:29:41.671Z</time>
      </trkpt>
      <trkpt lat="45.878698" lon="10.856524">
        <ele>66.034698</ele>
        <time>2026-08-14T16:29:45.054Z</time>
      </trkpt>
      <trkpt lat="45.878629" lon="10.856566">
        <ele>66.100109</ele>
        <time>2026-08-14T16:29:47.199Z</time>
      </trkpt>
      <trkpt lat="45.878663" lon="10.856714">
        <ele>66.201990</ele>
        <time>2026-08-14T16:29:50.410Z</time>
      </trkpt>
      <trkpt lat="45.878730" lon="10.857031">
        <ele>66.418556</ele>
        <time>2026-08-14T16:29:57.332Z</time>
      </trkpt>
      <trkpt lat="45.878705" lon="10.857042">
        <ele>66.443108</ele>
        <time>2026-08-14T16:29:58.186Z</time>
      </trkpt>
      <trkpt lat="45.878722" lon="10.857148">
        <ele>66.514216</ele>
        <time>2026-08-14T16:30:00.513Z</time>
      </trkpt>
      <trkpt lat="45.878705" lon="10.857155">
        <ele>66.530822</ele>
        <time>2026-08-14T16:30:01.035Z</time>
      </trkpt>
      <trkpt lat="45.878555" lon="10.857219">
        <ele>66.677754</ele>
        <time>2026-08-14T16:30:05.695Z</time>
      </trkpt>
      <trkpt lat="45.878427" lon="10.857273">
        <ele>66.803023</ele>
        <time>2026-08-14T16:30:09.538Z</time>
      </trkpt>
      <trkpt lat="45.878276" lon="10.857337">
        <ele>66.950856</ele>
        <time>2026-08-14T16:30:13.658Z</time>
      </trkpt>
      <trkpt lat="45.878136" lon="10.857405">
        <ele>67.089628</ele>
        <time>2026-08-14T16:30:16.988Z</time>
      </trkpt>
      <trkpt lat="45.878047" lon="10.857485">
        <ele>67.188213</ele>
        <time>2026-08-14T16:30:19.330Z</time>
      </trkpt>
      <trkpt lat="45.877729" lon="10.857677">
        <ele>67.512122</ele>
        <time>2026-08-14T16:30:27.692Z</time>
      </trkpt>
      <trkpt lat="45.877707" lon="10.857631">
        <ele>67.548606</ele>
        <time>2026-08-14T16:30:28.646Z</time>
      </trkpt>
      <trkpt lat="45.877450" lon="10.857393">
        <ele>67.743699</ele>
        <time>2026-08-14T16:30:36.208Z</time>
      </trkpt>
      <trkpt lat="45.877368" lon="10.857331">
        <ele>67.758806</ele>
        <time>2026-08-14T16:30:38.487Z</time>
      </trkpt>
      <trkpt lat="45.877213" lon="10.857219">
        <ele>67.787091</ele>
        <time>2026-08-14T16:30:42.509Z</time>
      </trkpt>
      <trkpt lat="45.877101" lon="10.857211">
        <ele>67.805371</ele>
        <time>2026-08-14T16:30:44.825Z</time>
      </trkpt>
      <trkpt lat="45.877014" lon="10.857274">
        <ele>67.821255</ele>
        <time>2026-08-14T16:30:46.679Z</time>
      </trkpt>
      <trkpt lat="45.876827" lon="10.857540">
        <ele>67.864158</ele>
        <time>2026-08-14T16:30:51.361Z</time>
      </trkpt>
      <trkpt lat="45.876658" lon="10.857938">
        <ele>67.917067</ele>
        <time>2026-08-14T16:30:56.881Z</time>
      </trkpt>
      <trkpt lat="45.876586" lon="10.858217">
        <ele>67.950838</ele>
        <time>2026-08-14T16:31:00.636Z</time>
      </trkpt>
      <trkpt lat="45.876391" lon="10.858664">
        <ele>68.010707</ele>
        <time>2026-08-14T16:31:09.811Z</time>
      </trkpt>
      <trkpt lat="45.876331" lon="10.858962">
        <ele>68.756813</ele>
        <time>2026-08-14T16:31:16.110Z</time>
      </trkpt>
      <trkpt lat="45.876348" lon="10.859416">
        <ele>70.102937</ele>
        <time>2026-08-14T16:31:27.395Z</time>
      </trkpt>
      <trkpt lat="45.876521" lon="10.860225">
        <ele>72.608625</ele>
        <time>2026-08-14T16:31:55.920Z</time>
      </trkpt>
      <trkpt lat="45.876599" lon="10.860738">
        <ele>74.163285</ele>
        <time>2026-08-14T16:32:16.646Z</time>
      </trkpt>
      <trkpt lat="45.876618" lon="10.860980">
        <ele>74.884325</ele>
        <time>2026-08-14T16:32:26.185Z</time>
      </trkpt>
      <trkpt lat="45.876610" lon="10.861212">
        <ele>75.572058</ele>
        <time>2026-08-14T16:32:35.022Z</time>
      </trkpt>
      <trkpt lat="45.876700" lon="10.861931">
        <ele>75.351716</ele>
        <time>2026-08-14T16:32:57.620Z</time>
      </trkpt>
      <trkpt lat="45.876766" lon="10.862808">
        <ele>74.954081</ele>
        <time>2026-08-14T16:33:10.050Z</time>
      </trkpt>
      <trkpt lat="45.876787" lon="10.862942">
        <ele>74.892165</ele>
        <time>2026-08-14T16:33:12.218Z</time>
      </trkpt>
      <trkpt lat="45.877086" lon="10.864076">
        <ele>73.411054</ele>
        <time>2026-08-14T16:33:23.724Z</time>
      </trkpt>
      <trkpt lat="45.877172" lon="10.864610">
        <ele>71.688552</ele>
        <time>2026-08-14T16:33:28.885Z</time>
      </trkpt>
      <trkpt lat="45.877040" lon="10.864907">
        <ele>70.581200</ele>
        <time>2026-08-14T16:33:33.638Z</time>
      </trkpt>
      <trkpt lat="45.876747" lon="10.865541">
        <ele>68.189712</ele>
        <time>2026-08-14T16:33:44.672Z</time>
      </trkpt>
      <trkpt lat="45.876361" lon="10.866089">
        <ele>66.232021</ele>
        <time>2026-08-14T16:33:56.166Z</time>
      </trkpt>
      <trkpt lat="45.875771" lon="10.866767">
        <ele>65.431826</ele>
        <time>2026-08-14T16:34:15.596Z</time>
      </trkpt>
      <trkpt lat="45.875493" lon="10.867050">
        <ele>65.070969</ele>
        <time>2026-08-14T16:34:24.378Z</time>
      </trkpt>
      <trkpt lat="45.875391" lon="10.867097">
        <ele>64.957525</ele>
        <time>2026-08-14T16:34:27.138Z</time>
      </trkpt>
      <trkpt lat="45.875097" lon="10.867085">
        <ele>64.646043</ele>
        <time>2026-08-14T16:34:34.831Z</time>
      </trkpt>
      <trkpt lat="45.874996" lon="10.867036">
        <ele>64.533144</ele>
        <time>2026-08-14T16:34:37.632Z</time>
      </trkpt>
      <trkpt lat="45.874889" lon="10.867038">
        <ele>64.484091</ele>
        <time>2026-08-14T16:34:40.458Z</time>
      </trkpt>
      <trkpt lat="45.874817" lon="10.867058">
        <ele>64.492121</ele>
        <time>2026-08-14T16:34:42.433Z</time>
      </trkpt>
      <trkpt lat="45.874708" lon="10.867098">
        <ele>64.504439</ele>
        <time>2026-08-14T16:34:47.327Z</time>
      </trkpt>
      <trkpt lat="45.874599" lon="10.867138">
        <ele>64.516758</ele>
        <time>2026-08-14T16:34:52.235Z</time>
      </trkpt>
      <trkpt lat="45.874551" lon="10.867137">
        <ele>64.522014</ele>
        <time>2026-08-14T16:34:53.541Z</time>
      </trkpt>
      <trkpt lat="45.874488" lon="10.867082">
        <ele>64.530087</ele>
        <time>2026-08-14T16:34:55.554Z</time>
      </trkpt>
      <trkpt lat="45.874313" lon="10.866938">
        <ele>64.552171</ele>
        <time>2026-08-14T16:35:01.129Z</time>
      </trkpt>
      <trkpt lat="45.874052" lon="10.867024">
        <ele>64.581492</ele>
        <time>2026-08-14T16:35:09.031Z</time>
      </trkpt>
      <trkpt lat="45.873921" lon="10.867098">
        <ele>64.596906</ele>
        <time>2026-08-14T16:35:13.301Z</time>
      </trkpt>
      <trkpt lat="45.873768" lon="10.867320">
        <ele>64.620720</ele>
        <time>2026-08-14T16:35:19.972Z</time>
      </trkpt>
      <trkpt lat="45.873694" lon="10.867350">
        <ele>64.629139</ele>
        <time>2026-08-14T16:35:21.775Z</time>
      </trkpt>
      <trkpt lat="45.873622" lon="10.867358">
        <ele>64.637047</ele>
        <time>2026-08-14T16:35:23.419Z</time>
      </trkpt>
      <trkpt lat="45.873661" lon="10.867776">
        <ele>64.669199</ele>
        <time>2026-08-14T16:35:30.112Z</time>
      </trkpt>
      <trkpt lat="45.873727" lon="10.868126">
        <ele>64.713331</ele>
        <time>2026-08-14T16:35:35.825Z</time>
      </trkpt>
      <trkpt lat="45.874133" lon="10.870608">
        <ele>65.137050</ele>
        <time>2026-08-14T16:36:13.022Z</time>
      </trkpt>
      <trkpt lat="45.874300" lon="10.871355">
        <ele>65.498435</ele>
        <time>2026-08-14T16:36:25.729Z</time>
      </trkpt>
      <trkpt lat="45.874455" lon="10.871857">
        <ele>65.751383</ele>
        <time>2026-08-14T16:36:35.086Z</time>
      </trkpt>
      <trkpt lat="45.874597" lon="10.872257">
        <ele>65.958198</ele>
        <time>2026-08-14T16:36:43.368Z</time>
      </trkpt>
      <trkpt lat="45.874767" lon="10.872631">
        <ele>66.163932</ele>
        <time>2026-08-14T16:36:51.558Z</time>
      </trkpt>
      <trkpt lat="45.874827" lon="10.872733">
        <ele>66.210683</ele>
        <time>2026-08-14T16:36:53.947Z</time>
      </trkpt>
      <trkpt lat="45.874840" lon="10.872752">
        <ele>66.210683</ele>
        <time>2026-08-14T16:36:54.425Z</time>
      </trkpt>
      <trkpt lat="45.874862" lon="10.872794">
        <ele>66.210683</ele>
        <time>2026-08-14T16:36:56.959Z</time>
      </trkpt>
      <trkpt lat="45.874842" lon="10.872817">
        <ele>66.210683</ele>
        <time>2026-08-14T16:36:57.605Z</time>
      </trkpt>
      <trkpt lat="45.874835" lon="10.872826">
        <ele>66.210683</ele>
        <time>2026-08-14T16:36:57.837Z</time>
      </trkpt>
      <trkpt lat="45.874464" lon="10.873236">
        <ele>66.210683</ele>
        <time>2026-08-14T16:37:09.292Z</time>
      </trkpt>
      <trkpt lat="45.874381" lon="10.873319">
        <ele>66.210683</ele>
        <time>2026-08-14T16:37:11.742Z</time>
      </trkpt>
      <trkpt lat="45.874135" lon="10.873541">
        <ele>66.210683</ele>
        <time>2026-08-14T16:37:18.748Z</time>
      </trkpt>
      <trkpt lat="45.873778" lon="10.873782">
        <ele>66.210683</ele>
        <time>2026-08-14T16:37:28.278Z</time>
      </trkpt>
      <trkpt lat="45.873799" lon="10.873867">
        <ele>66.210683</ele>
        <time>2026-08-14T16:37:29.772Z</time>
      </trkpt>
      <trkpt lat="45.873808" lon="10.873900">
        <ele>66.210683</ele>
        <time>2026-08-14T16:37:30.343Z</time>
      </trkpt>
      <trkpt lat="45.874197" lon="10.873934">
        <ele>66.210683</ele>
        <time>2026-08-14T16:37:39.015Z</time>
      </trkpt>
      <trkpt lat="45.874341" lon="10.873672">
        <ele>66.210683</ele>
        <time>2026-08-14T16:37:43.990Z</time>
      </trkpt>
      <trkpt lat="45.874367" lon="10.873657">
        <ele>66.210683</ele>
        <time>2026-08-14T16:37:44.579Z</time>
      </trkpt>
    </trkseg>
  </trk>
</gpx>