<?xml version='1.0' encoding='UTF-8'?>
<gpx version="1.1" creator="https://www.komoot.de" xmlns="http://www.topografix.com/GPX/1/1" xmlns:xsi="http://www.w3.org/2001/XMLSchema-instance" xsi:schemaLocation="http://www.topografix.com/GPX/1/1 http://www.topografix.com/GPX/1/1/gpx.xsd">
  <metadata>
    <name>Alpentour Tag 5: von Prad über Stilfser Joch nach Santa Caterina (Gaviapass)</name>
    <author>
      <link href="https://www.komoot.de">
        <text>komoot</text>
        <type>text/html</type>
      </link>
    </author>
  </metadata>
  <trk>
    <name>Alpentour Tag 5: von Prad über Stilfser Joch nach Santa Caterina (Gaviapass)</name>
    <type>mtb_easy</type>
    <trkseg>
      <trkpt lat="46.620224" lon="10.597949">
        <ele>901.101830</ele>
        <time>2026-08-14T12:14:17.565Z</time>
      </trkpt>
      <trkpt lat="46.620290" lon="10.598028">
        <ele>901.101830</ele>
        <time>2026-08-14T12:14:19.366Z</time>
      </trkpt>
      <trkpt lat="46.620382" lon="10.597954">
        <ele>901.101830</ele>
        <time>2026-08-14T12:14:22.406Z</time>
      </trkpt>
      <trkpt lat="46.620455" lon="10.598036">
        <ele>901.101830</ele>
        <time>2026-08-14T12:14:25.093Z</time>
      </trkpt>
      <trkpt lat="46.620476" lon="10.598059">
        <ele>901.101830</ele>
        <time>2026-08-14T12:14:25.908Z</time>
      </trkpt>
      <trkpt lat="46.620444" lon="10.598214">
        <ele>901.101830</ele>
        <time>2026-08-14T12:14:29.186Z</time>
      </trkpt>
      <trkpt lat="46.620661" lon="10.598477">
        <ele>901.101830</ele>
        <time>2026-08-14T12:14:35.955Z</time>
      </trkpt>
      <trkpt lat="46.620444" lon="10.598214">
        <ele>901.225479</ele>
        <time>2026-08-14T12:14:43.170Z</time>
      </trkpt>
      <trkpt lat="46.620476" lon="10.598059">
        <ele>901.386140</ele>
        <time>2026-08-14T12:14:46.907Z</time>
      </trkpt>
      <trkpt lat="46.620455" lon="10.598036">
        <ele>901.424118</ele>
        <time>2026-08-14T12:14:47.775Z</time>
      </trkpt>
      <trkpt lat="46.620382" lon="10.597954">
        <ele>901.557372</ele>
        <time>2026-08-14T12:14:50.903Z</time>
      </trkpt>
      <trkpt lat="46.620290" lon="10.598028">
        <ele>901.709277</ele>
        <time>2026-08-14T12:14:54.548Z</time>
      </trkpt>
      <trkpt lat="46.620224" lon="10.597949">
        <ele>901.832761</ele>
        <time>2026-08-14T12:14:57.015Z</time>
      </trkpt>
      <trkpt lat="46.619861" lon="10.597511">
        <ele>902.514134</ele>
        <time>2026-08-14T12:15:11.300Z</time>
      </trkpt>
      <trkpt lat="46.619101" lon="10.596594">
        <ele>903.950048</ele>
        <time>2026-08-14T12:15:42.523Z</time>
      </trkpt>
      <trkpt lat="46.618776" lon="10.596202">
        <ele>904.583847</ele>
        <time>2026-08-14T12:15:54.944Z</time>
      </trkpt>
      <trkpt lat="46.618699" lon="10.596109">
        <ele>904.734092</ele>
        <time>2026-08-14T12:15:57.860Z</time>
      </trkpt>
      <trkpt lat="46.618186" lon="10.595479">
        <ele>905.741961</ele>
        <time>2026-08-14T12:16:17.465Z</time>
      </trkpt>
      <trkpt lat="46.618126" lon="10.595406">
        <ele>905.859386</ele>
        <time>2026-08-14T12:16:19.751Z</time>
      </trkpt>
      <trkpt lat="46.618006" lon="10.595244">
        <ele>906.105148</ele>
        <time>2026-08-14T12:16:24.516Z</time>
      </trkpt>
      <trkpt lat="46.617927" lon="10.595120">
        <ele>906.279604</ele>
        <time>2026-08-14T12:16:27.853Z</time>
      </trkpt>
      <trkpt lat="46.617803" lon="10.594877">
        <ele>906.626531</ele>
        <time>2026-08-14T12:16:33.923Z</time>
      </trkpt>
      <trkpt lat="46.617725" lon="10.594647">
        <ele>906.939548</ele>
        <time>2026-08-14T12:16:39.190Z</time>
      </trkpt>
      <trkpt lat="46.617642" lon="10.594295">
        <ele>907.393704</ele>
        <time>2026-08-14T12:16:47.141Z</time>
      </trkpt>
      <trkpt lat="46.617503" lon="10.593356">
        <ele>908.565886</ele>
        <time>2026-08-14T12:17:08.181Z</time>
      </trkpt>
      <trkpt lat="46.617444" lon="10.592702">
        <ele>909.370826</ele>
        <time>2026-08-14T12:17:22.483Z</time>
      </trkpt>
      <trkpt lat="46.617378" lon="10.592273">
        <ele>909.854521</ele>
        <time>2026-08-14T12:17:32.131Z</time>
      </trkpt>
      <trkpt lat="46.617302" lon="10.591927">
        <ele>910.222158</ele>
        <time>2026-08-14T12:17:39.996Z</time>
      </trkpt>
      <trkpt lat="46.617231" lon="10.591784">
        <ele>910.400732</ele>
        <time>2026-08-14T12:17:43.770Z</time>
      </trkpt>
      <trkpt lat="46.617105" lon="10.591463">
        <ele>910.774905</ele>
        <time>2026-08-14T12:17:51.427Z</time>
      </trkpt>
      <trkpt lat="46.617042" lon="10.591256">
        <ele>911.004043</ele>
        <time>2026-08-14T12:17:55.966Z</time>
      </trkpt>
      <trkpt lat="46.616927" lon="10.591059">
        <ele>911.265694</ele>
        <time>2026-08-14T12:18:00.993Z</time>
      </trkpt>
      <trkpt lat="46.616843" lon="10.590914">
        <ele>911.457666</ele>
        <time>2026-08-14T12:18:04.629Z</time>
      </trkpt>
      <trkpt lat="46.616779" lon="10.590713">
        <ele>911.681883</ele>
        <time>2026-08-14T12:18:08.775Z</time>
      </trkpt>
      <trkpt lat="46.616698" lon="10.590468">
        <ele>911.957065</ele>
        <time>2026-08-14T12:18:13.911Z</time>
      </trkpt>
      <trkpt lat="46.616638" lon="10.590269">
        <ele>912.177013</ele>
        <time>2026-08-14T12:18:18.034Z</time>
      </trkpt>
      <trkpt lat="46.616519" lon="10.590029">
        <ele>912.488478</ele>
        <time>2026-08-14T12:18:23.777Z</time>
      </trkpt>
      <trkpt lat="46.615955" lon="10.589176">
        <ele>913.749157</ele>
        <time>2026-08-14T12:18:47.547Z</time>
      </trkpt>
      <trkpt lat="46.615648" lon="10.588691">
        <ele>914.451419</ele>
        <time>2026-08-14T12:19:01.665Z</time>
      </trkpt>
      <trkpt lat="46.615572" lon="10.588570">
        <ele>914.626002</ele>
        <time>2026-08-14T12:19:05.242Z</time>
      </trkpt>
      <trkpt lat="46.615539" lon="10.588518">
        <ele>914.701385</ele>
        <time>2026-08-14T12:19:06.745Z</time>
      </trkpt>
      <trkpt lat="46.615295" lon="10.588143">
        <ele>915.274543</ele>
        <time>2026-08-14T12:19:18.109Z</time>
      </trkpt>
      <trkpt lat="46.614830" lon="10.587409">
        <ele>916.452240</ele>
        <time>2026-08-14T12:19:39.850Z</time>
      </trkpt>
      <trkpt lat="46.614803" lon="10.587367">
        <ele>916.520087</ele>
        <time>2026-08-14T12:19:41.068Z</time>
      </trkpt>
      <trkpt lat="46.614681" lon="10.587143">
        <ele>916.857258</ele>
        <time>2026-08-14T12:19:47.147Z</time>
      </trkpt>
      <trkpt lat="46.614645" lon="10.587007">
        <ele>917.029162</ele>
        <time>2026-08-14T12:19:50.138Z</time>
      </trkpt>
      <trkpt lat="46.614513" lon="10.586360">
        <ele>917.825222</ele>
        <time>2026-08-14T12:20:03.625Z</time>
      </trkpt>
      <trkpt lat="46.614442" lon="10.586028">
        <ele>918.295767</ele>
        <time>2026-08-14T12:20:10.618Z</time>
      </trkpt>
      <trkpt lat="46.614380" lon="10.585709">
        <ele>918.900409</ele>
        <time>2026-08-14T12:20:17.467Z</time>
      </trkpt>
      <trkpt lat="46.614237" lon="10.585000">
        <ele>920.248097</ele>
        <time>2026-08-14T12:20:34.020Z</time>
      </trkpt>
      <trkpt lat="46.614113" lon="10.584514">
        <ele>921.193653</ele>
        <time>2026-08-14T12:20:46.503Z</time>
      </trkpt>
      <trkpt lat="46.614031" lon="10.584242">
        <ele>921.735412</ele>
        <time>2026-08-14T12:20:53.962Z</time>
      </trkpt>
      <trkpt lat="46.613783" lon="10.583621">
        <ele>923.168863</ele>
        <time>2026-08-14T12:21:14.197Z</time>
      </trkpt>
      <trkpt lat="46.613680" lon="10.583393">
        <ele>924.089546</ele>
        <time>2026-08-14T12:21:22.491Z</time>
      </trkpt>
      <trkpt lat="46.613581" lon="10.583177">
        <ele>924.965629</ele>
        <time>2026-08-14T12:21:30.530Z</time>
      </trkpt>
      <trkpt lat="46.613550" lon="10.583128">
        <ele>925.190381</ele>
        <time>2026-08-14T12:21:32.621Z</time>
      </trkpt>
      <trkpt lat="46.613039" lon="10.582312">
        <ele>928.915800</ele>
        <time>2026-08-14T12:22:08.494Z</time>
      </trkpt>
      <trkpt lat="46.613015" lon="10.582273">
        <ele>929.092461</ele>
        <time>2026-08-14T12:22:10.173Z</time>
      </trkpt>
      <trkpt lat="46.612612" lon="10.581639">
        <ele>932.022366</ele>
        <time>2026-08-14T12:22:40.482Z</time>
      </trkpt>
      <trkpt lat="46.611487" lon="10.579834">
        <ele>940.715011</ele>
        <time>2026-08-14T12:24:02.805Z</time>
      </trkpt>
      <trkpt lat="46.611462" lon="10.579794">
        <ele>940.907889</ele>
        <time>2026-08-14T12:24:04.503Z</time>
      </trkpt>
      <trkpt lat="46.611194" lon="10.579357">
        <ele>942.524301</ele>
        <time>2026-08-14T12:24:21.303Z</time>
      </trkpt>
      <trkpt lat="46.611097" lon="10.579063">
        <ele>943.401610</ele>
        <time>2026-08-14T12:24:30.176Z</time>
      </trkpt>
      <trkpt lat="46.610833" lon="10.577322">
        <ele>948.226437</ele>
        <time>2026-08-14T12:25:17.921Z</time>
      </trkpt>
      <trkpt lat="46.610779" lon="10.576961">
        <ele>949.575013</ele>
        <time>2026-08-14T12:25:29.677Z</time>
      </trkpt>
      <trkpt lat="46.610546" lon="10.575940">
        <ele>953.502071</ele>
        <time>2026-08-14T12:26:08.674Z</time>
      </trkpt>
      <trkpt lat="46.610364" lon="10.575143">
        <ele>956.567770</ele>
        <time>2026-08-14T12:26:38.321Z</time>
      </trkpt>
      <trkpt lat="46.610177" lon="10.574490">
        <ele>959.149641</ele>
        <time>2026-08-14T12:27:00.855Z</time>
      </trkpt>
      <trkpt lat="46.610135" lon="10.574378">
        <ele>959.615248</ele>
        <time>2026-08-14T12:27:04.839Z</time>
      </trkpt>
      <trkpt lat="46.609824" lon="10.573545">
        <ele>963.074712</ele>
        <time>2026-08-14T12:27:34.292Z</time>
      </trkpt>
      <trkpt lat="46.609560" lon="10.573049">
        <ele>965.364277</ele>
        <time>2026-08-14T12:27:53.399Z</time>
      </trkpt>
      <trkpt lat="46.608598" lon="10.571488">
        <ele>973.649748</ele>
        <time>2026-08-14T12:29:18.593Z</time>
      </trkpt>
      <trkpt lat="46.608316" lon="10.570906">
        <ele>976.532875</ele>
        <time>2026-08-14T12:29:42.000Z</time>
      </trkpt>
      <trkpt lat="46.608030" lon="10.570179">
        <ele>979.128715</ele>
        <time>2026-08-14T12:30:04.138Z</time>
      </trkpt>
      <trkpt lat="46.607636" lon="10.569439">
        <ele>981.481579</ele>
        <time>2026-08-14T12:30:23.604Z</time>
      </trkpt>
      <trkpt lat="46.607455" lon="10.568772">
        <ele>983.283881</ele>
        <time>2026-08-14T12:30:40.069Z</time>
      </trkpt>
      <trkpt lat="46.606930" lon="10.567955">
        <ele>988.831168</ele>
        <time>2026-08-14T12:31:24.515Z</time>
      </trkpt>
      <trkpt lat="46.606390" lon="10.566798">
        <ele>998.039342</ele>
        <time>2026-08-14T12:32:41.506Z</time>
      </trkpt>
      <trkpt lat="46.606313" lon="10.566489">
        <ele>1000.203239</ele>
        <time>2026-08-14T12:32:59.604Z</time>
      </trkpt>
      <trkpt lat="46.606292" lon="10.565884">
        <ele>1003.693630</ele>
        <time>2026-08-14T12:33:29.569Z</time>
      </trkpt>
      <trkpt lat="46.606248" lon="10.565447">
        <ele>1006.033861</ele>
        <time>2026-08-14T12:33:48.704Z</time>
      </trkpt>
      <trkpt lat="46.606093" lon="10.564887">
        <ele>1009.232857</ele>
        <time>2026-08-14T12:34:13.601Z</time>
      </trkpt>
      <trkpt lat="46.606036" lon="10.564356">
        <ele>1012.080571</ele>
        <time>2026-08-14T12:34:33.661Z</time>
      </trkpt>
      <trkpt lat="46.605898" lon="10.564067">
        <ele>1013.945437</ele>
        <time>2026-08-14T12:34:45.928Z</time>
      </trkpt>
      <trkpt lat="46.605701" lon="10.563464">
        <ele>1017.304174</ele>
        <time>2026-08-14T12:35:10.864Z</time>
      </trkpt>
      <trkpt lat="46.605123" lon="10.562322">
        <ele>1024.136222</ele>
        <time>2026-08-14T12:36:07.411Z</time>
      </trkpt>
      <trkpt lat="46.605021" lon="10.562065">
        <ele>1025.565803</ele>
        <time>2026-08-14T12:36:19.282Z</time>
      </trkpt>
      <trkpt lat="46.604790" lon="10.561230">
        <ele>1029.803477</ele>
        <time>2026-08-14T12:36:56.024Z</time>
      </trkpt>
      <trkpt lat="46.604638" lon="10.561041">
        <ele>1031.127740</ele>
        <time>2026-08-14T12:37:07.824Z</time>
      </trkpt>
      <trkpt lat="46.604074" lon="10.560523">
        <ele>1035.545416</ele>
        <time>2026-08-14T12:37:45.941Z</time>
      </trkpt>
      <trkpt lat="46.603797" lon="10.560131">
        <ele>1038.104654</ele>
        <time>2026-08-14T12:38:08.112Z</time>
      </trkpt>
      <trkpt lat="46.603672" lon="10.559845">
        <ele>1039.647332</ele>
        <time>2026-08-14T12:38:20.204Z</time>
      </trkpt>
      <trkpt lat="46.603542" lon="10.558912">
        <ele>1042.726282</ele>
        <time>2026-08-14T12:38:49.257Z</time>
      </trkpt>
      <trkpt lat="46.603452" lon="10.558726">
        <ele>1043.432346</ele>
        <time>2026-08-14T12:38:55.680Z</time>
      </trkpt>
      <trkpt lat="46.602972" lon="10.558485">
        <ele>1045.726036</ele>
        <time>2026-08-14T12:39:17.199Z</time>
      </trkpt>
      <trkpt lat="46.602828" lon="10.558355">
        <ele>1046.491495</ele>
        <time>2026-08-14T12:39:24.660Z</time>
      </trkpt>
      <trkpt lat="46.602695" lon="10.558159">
        <ele>1047.346484</ele>
        <time>2026-08-14T12:39:33.026Z</time>
      </trkpt>
      <trkpt lat="46.602422" lon="10.557615">
        <ele>1049.631675</ele>
        <time>2026-08-14T12:39:53.951Z</time>
      </trkpt>
      <trkpt lat="46.602336" lon="10.557523">
        <ele>1050.187377</ele>
        <time>2026-08-14T12:39:58.818Z</time>
      </trkpt>
      <trkpt lat="46.602114" lon="10.557378">
        <ele>1051.454290</ele>
        <time>2026-08-14T12:40:09.795Z</time>
      </trkpt>
      <trkpt lat="46.602077" lon="10.557353">
        <ele>1051.666680</ele>
        <time>2026-08-14T12:40:11.634Z</time>
      </trkpt>
      <trkpt lat="46.601795" lon="10.557079">
        <ele>1053.432044</ele>
        <time>2026-08-14T12:40:27.040Z</time>
      </trkpt>
      <trkpt lat="46.601700" lon="10.557025">
        <ele>1053.963053</ele>
        <time>2026-08-14T12:40:31.860Z</time>
      </trkpt>
      <trkpt lat="46.601199" lon="10.556958">
        <ele>1056.582543</ele>
        <time>2026-08-14T12:40:56.870Z</time>
      </trkpt>
      <trkpt lat="46.601113" lon="10.556910">
        <ele>1057.062105</ele>
        <time>2026-08-14T12:41:01.546Z</time>
      </trkpt>
      <trkpt lat="46.600970" lon="10.556767">
        <ele>1058.276222</ele>
        <time>2026-08-14T12:41:10.720Z</time>
      </trkpt>
      <trkpt lat="46.600436" lon="10.556189">
        <ele>1064.203497</ele>
        <time>2026-08-14T12:41:50.630Z</time>
      </trkpt>
      <trkpt lat="46.600206" lon="10.556023">
        <ele>1066.490090</ele>
        <time>2026-08-14T12:42:08.419Z</time>
      </trkpt>
      <trkpt lat="46.599818" lon="10.555831">
        <ele>1070.140179</ele>
        <time>2026-08-14T12:42:39.627Z</time>
      </trkpt>
      <trkpt lat="46.599012" lon="10.555590">
        <ele>1077.846502</ele>
        <time>2026-08-14T12:43:42.538Z</time>
      </trkpt>
      <trkpt lat="46.598115" lon="10.555218">
        <ele>1086.953864</ele>
        <time>2026-08-14T12:44:52.511Z</time>
      </trkpt>
      <trkpt lat="46.597899" lon="10.555121">
        <ele>1089.161108</ele>
        <time>2026-08-14T12:45:07.494Z</time>
      </trkpt>
      <trkpt lat="46.597519" lon="10.554906">
        <ele>1092.135768</ele>
        <time>2026-08-14T12:45:32.325Z</time>
      </trkpt>
      <trkpt lat="46.597454" lon="10.554850">
        <ele>1092.507910</ele>
        <time>2026-08-14T12:45:36.165Z</time>
      </trkpt>
      <trkpt lat="46.597347" lon="10.554683">
        <ele>1093.280893</ele>
        <time>2026-08-14T12:45:44.349Z</time>
      </trkpt>
      <trkpt lat="46.597265" lon="10.554429">
        <ele>1094.230925</ele>
        <time>2026-08-14T12:45:54.298Z</time>
      </trkpt>
      <trkpt lat="46.597239" lon="10.553804">
        <ele>1096.350587</ele>
        <time>2026-08-14T12:46:15.625Z</time>
      </trkpt>
      <trkpt lat="46.597147" lon="10.553553">
        <ele>1097.313622</ele>
        <time>2026-08-14T12:46:23.778Z</time>
      </trkpt>
      <trkpt lat="46.597056" lon="10.553472">
        <ele>1097.839161</ele>
        <time>2026-08-14T12:46:27.374Z</time>
      </trkpt>
      <trkpt lat="46.596815" lon="10.553368">
        <ele>1099.077599</ele>
        <time>2026-08-14T12:46:35.444Z</time>
      </trkpt>
      <trkpt lat="46.596528" lon="10.553300">
        <ele>1100.383520</ele>
        <time>2026-08-14T12:46:44.779Z</time>
      </trkpt>
      <trkpt lat="46.596213" lon="10.553412">
        <ele>1101.604874</ele>
        <time>2026-08-14T12:46:55.634Z</time>
      </trkpt>
      <trkpt lat="46.596027" lon="10.553428">
        <ele>1102.306671</ele>
        <time>2026-08-14T12:47:02.761Z</time>
      </trkpt>
      <trkpt lat="46.595835" lon="10.553331">
        <ele>1103.072181</ele>
        <time>2026-08-14T12:47:11.545Z</time>
      </trkpt>
      <trkpt lat="46.595649" lon="10.553164">
        <ele>1103.895357</ele>
        <time>2026-08-14T12:47:20.902Z</time>
      </trkpt>
      <trkpt lat="46.595330" lon="10.553041">
        <ele>1105.138338</ele>
        <time>2026-08-14T12:47:34.994Z</time>
      </trkpt>
      <trkpt lat="46.595076" lon="10.552915">
        <ele>1106.149090</ele>
        <time>2026-08-14T12:47:47.309Z</time>
      </trkpt>
      <trkpt lat="46.594921" lon="10.552776">
        <ele>1106.860981</ele>
        <time>2026-08-14T12:47:56.148Z</time>
      </trkpt>
      <trkpt lat="46.594544" lon="10.552275">
        <ele>1109.355707</ele>
        <time>2026-08-14T12:48:20.739Z</time>
      </trkpt>
      <trkpt lat="46.594253" lon="10.551888">
        <ele>1111.281999</ele>
        <time>2026-08-14T12:48:39.117Z</time>
      </trkpt>
      <trkpt lat="46.594142" lon="10.551744">
        <ele>1112.008630</ele>
        <time>2026-08-14T12:48:45.589Z</time>
      </trkpt>
      <trkpt lat="46.594034" lon="10.551614">
        <ele>1112.693506</ele>
        <time>2026-08-14T12:48:51.396Z</time>
      </trkpt>
      <trkpt lat="46.593849" lon="10.551389">
        <ele>1113.871645</ele>
        <time>2026-08-14T12:49:01.862Z</time>
      </trkpt>
      <trkpt lat="46.593760" lon="10.551318">
        <ele>1114.367601</ele>
        <time>2026-08-14T12:49:06.972Z</time>
      </trkpt>
      <trkpt lat="46.593452" lon="10.551172">
        <ele>1116.047935</ele>
        <time>2026-08-14T12:49:24.149Z</time>
      </trkpt>
      <trkpt lat="46.593169" lon="10.551039">
        <ele>1117.842855</ele>
        <time>2026-08-14T12:49:38.300Z</time>
      </trkpt>
      <trkpt lat="46.592951" lon="10.550945">
        <ele>1119.215147</ele>
        <time>2026-08-14T12:49:48.260Z</time>
      </trkpt>
      <trkpt lat="46.592757" lon="10.550865">
        <ele>1120.432145</ele>
        <time>2026-08-14T12:49:58.238Z</time>
      </trkpt>
      <trkpt lat="46.592577" lon="10.550752">
        <ele>1121.615323</ele>
        <time>2026-08-14T12:50:08.030Z</time>
      </trkpt>
      <trkpt lat="46.592516" lon="10.550683">
        <ele>1122.081633</ele>
        <time>2026-08-14T12:50:12.100Z</time>
      </trkpt>
      <trkpt lat="46.592483" lon="10.550627">
        <ele>1122.387599</ele>
        <time>2026-08-14T12:50:14.901Z</time>
      </trkpt>
      <trkpt lat="46.592458" lon="10.550570">
        <ele>1122.668057</ele>
        <time>2026-08-14T12:50:17.224Z</time>
      </trkpt>
      <trkpt lat="46.592354" lon="10.549971">
        <ele>1125.230494</ele>
        <time>2026-08-14T12:50:42.654Z</time>
      </trkpt>
      <trkpt lat="46.592338" lon="10.549905">
        <ele>1125.520765</ele>
        <time>2026-08-14T12:50:45.576Z</time>
      </trkpt>
      <trkpt lat="46.592252" lon="10.549698">
        <ele>1126.539863</ele>
        <time>2026-08-14T12:50:56.305Z</time>
      </trkpt>
      <trkpt lat="46.592013" lon="10.549476">
        <ele>1128.456263</ele>
        <time>2026-08-14T12:51:12.348Z</time>
      </trkpt>
      <trkpt lat="46.591638" lon="10.549198">
        <ele>1131.300783</ele>
        <time>2026-08-14T12:51:34.997Z</time>
      </trkpt>
      <trkpt lat="46.591406" lon="10.549071">
        <ele>1132.976119</ele>
        <time>2026-08-14T12:51:49.933Z</time>
      </trkpt>
      <trkpt lat="46.589890" lon="10.548826">
        <ele>1143.285984</ele>
        <time>2026-08-14T12:53:13.447Z</time>
      </trkpt>
      <trkpt lat="46.589769" lon="10.548782">
        <ele>1144.129032</ele>
        <time>2026-08-14T12:53:19.895Z</time>
      </trkpt>
      <trkpt lat="46.589488" lon="10.548581">
        <ele>1146.245526</ele>
        <time>2026-08-14T12:53:36.597Z</time>
      </trkpt>
      <trkpt lat="46.588786" lon="10.548256">
        <ele>1151.321922</ele>
        <time>2026-08-14T12:54:19.107Z</time>
      </trkpt>
      <trkpt lat="46.588452" lon="10.548001">
        <ele>1154.347695</ele>
        <time>2026-08-14T12:54:43.005Z</time>
      </trkpt>
      <trkpt lat="46.588248" lon="10.547749">
        <ele>1156.494374</ele>
        <time>2026-08-14T12:55:00.348Z</time>
      </trkpt>
      <trkpt lat="46.588136" lon="10.547658">
        <ele>1157.523421</ele>
        <time>2026-08-14T12:55:08.578Z</time>
      </trkpt>
      <trkpt lat="46.587863" lon="10.547576">
        <ele>1159.759611</ele>
        <time>2026-08-14T12:55:26.360Z</time>
      </trkpt>
      <trkpt lat="46.587690" lon="10.547567">
        <ele>1161.148312</ele>
        <time>2026-08-14T12:55:37.334Z</time>
      </trkpt>
      <trkpt lat="46.587189" lon="10.547605">
        <ele>1165.171444</ele>
        <time>2026-08-14T12:56:08.885Z</time>
      </trkpt>
      <trkpt lat="46.586838" lon="10.547775">
        <ele>1168.030959</ele>
        <time>2026-08-14T12:56:31.887Z</time>
      </trkpt>
      <trkpt lat="46.586740" lon="10.547782">
        <ele>1168.789391</ele>
        <time>2026-08-14T12:56:37.895Z</time>
      </trkpt>
      <trkpt lat="46.586017" lon="10.547547">
        <ele>1174.515779</ele>
        <time>2026-08-14T12:57:23.778Z</time>
      </trkpt>
      <trkpt lat="46.585232" lon="10.547207">
        <ele>1180.494067</ele>
        <time>2026-08-14T12:58:13.281Z</time>
      </trkpt>
      <trkpt lat="46.584629" lon="10.546986">
        <ele>1184.363173</ele>
        <time>2026-08-14T12:58:46.239Z</time>
      </trkpt>
      <trkpt lat="46.583877" lon="10.546214">
        <ele>1190.089596</ele>
        <time>2026-08-14T12:59:32.559Z</time>
      </trkpt>
      <trkpt lat="46.583742" lon="10.545941">
        <ele>1191.668639</ele>
        <time>2026-08-14T12:59:44.837Z</time>
      </trkpt>
      <trkpt lat="46.583552" lon="10.545655">
        <ele>1193.554160</ele>
        <time>2026-08-14T12:59:59.114Z</time>
      </trkpt>
      <trkpt lat="46.583255" lon="10.545288">
        <ele>1196.241626</ele>
        <time>2026-08-14T13:00:19.542Z</time>
      </trkpt>
      <trkpt lat="46.582945" lon="10.544985">
        <ele>1198.817345</ele>
        <time>2026-08-14T13:00:41.570Z</time>
      </trkpt>
      <trkpt lat="46.582493" lon="10.544543">
        <ele>1202.573465</ele>
        <time>2026-08-14T13:01:15.747Z</time>
      </trkpt>
      <trkpt lat="46.581397" lon="10.543822">
        <ele>1212.801339</ele>
        <time>2026-08-14T13:02:32.091Z</time>
      </trkpt>
      <trkpt lat="46.581116" lon="10.543632">
        <ele>1215.439883</ele>
        <time>2026-08-14T13:02:54.535Z</time>
      </trkpt>
      <trkpt lat="46.580857" lon="10.543458">
        <ele>1217.869087</ele>
        <time>2026-08-14T13:03:14.029Z</time>
      </trkpt>
      <trkpt lat="46.580573" lon="10.543281">
        <ele>1220.639726</ele>
        <time>2026-08-14T13:03:33.718Z</time>
      </trkpt>
      <trkpt lat="46.580166" lon="10.543055">
        <ele>1224.552655</ele>
        <time>2026-08-14T13:04:00.987Z</time>
      </trkpt>
      <trkpt lat="46.579576" lon="10.542817">
        <ele>1230.052026</ele>
        <time>2026-08-14T13:04:43.230Z</time>
      </trkpt>
      <trkpt lat="46.579391" lon="10.542732">
        <ele>1231.794610</ele>
        <time>2026-08-14T13:04:55.889Z</time>
      </trkpt>
      <trkpt lat="46.578963" lon="10.542461">
        <ele>1236.443650</ele>
        <time>2026-08-14T13:05:27.606Z</time>
      </trkpt>
      <trkpt lat="46.578853" lon="10.542412">
        <ele>1237.727681</ele>
        <time>2026-08-14T13:05:35.782Z</time>
      </trkpt>
      <trkpt lat="46.578281" lon="10.542286">
        <ele>1244.184847</ele>
        <time>2026-08-14T13:06:21.084Z</time>
      </trkpt>
      <trkpt lat="46.578060" lon="10.542192">
        <ele>1246.754808</ele>
        <time>2026-08-14T13:06:40.575Z</time>
      </trkpt>
      <trkpt lat="46.577471" lon="10.541887">
        <ele>1253.732983</ele>
        <time>2026-08-14T13:07:33.633Z</time>
      </trkpt>
      <trkpt lat="46.577298" lon="10.541720">
        <ele>1255.521170</ele>
        <time>2026-08-14T13:07:50.934Z</time>
      </trkpt>
      <trkpt lat="46.576839" lon="10.541233">
        <ele>1260.066195</ele>
        <time>2026-08-14T13:08:34.439Z</time>
      </trkpt>
      <trkpt lat="46.576382" lon="10.540866">
        <ele>1264.242420</ele>
        <time>2026-08-14T13:09:07.892Z</time>
      </trkpt>
      <trkpt lat="46.575814" lon="10.540387">
        <ele>1268.679264</ele>
        <time>2026-08-14T13:09:36.751Z</time>
      </trkpt>
      <trkpt lat="46.575427" lon="10.539811">
        <ele>1269.195250</ele>
        <time>2026-08-14T13:09:51.302Z</time>
      </trkpt>
      <trkpt lat="46.575200" lon="10.539463">
        <ele>1269.502588</ele>
        <time>2026-08-14T13:09:58.800Z</time>
      </trkpt>
      <trkpt lat="46.575014" lon="10.539115">
        <ele>1269.784988</ele>
        <time>2026-08-14T13:10:05.359Z</time>
      </trkpt>
      <trkpt lat="46.574234" lon="10.537096">
        <ele>1271.727132</ele>
        <time>2026-08-14T13:10:41.095Z</time>
      </trkpt>
      <trkpt lat="46.574007" lon="10.536525">
        <ele>1272.339492</ele>
        <time>2026-08-14T13:10:54.836Z</time>
      </trkpt>
      <trkpt lat="46.572782" lon="10.533503">
        <ele>1284.003297</ele>
        <time>2026-08-14T13:12:49.062Z</time>
      </trkpt>
      <trkpt lat="46.571590" lon="10.531301">
        <ele>1297.894246</ele>
        <time>2026-08-14T13:14:44.943Z</time>
      </trkpt>
      <trkpt lat="46.571331" lon="10.530769">
        <ele>1301.476404</ele>
        <time>2026-08-14T13:15:11.784Z</time>
      </trkpt>
      <trkpt lat="46.570912" lon="10.529771">
        <ele>1307.902261</ele>
        <time>2026-08-14T13:16:03.482Z</time>
      </trkpt>
      <trkpt lat="46.570532" lon="10.528454">
        <ele>1316.562797</ele>
        <time>2026-08-14T13:17:08.712Z</time>
      </trkpt>
      <trkpt lat="46.569969" lon="10.527374">
        <ele>1324.929501</ele>
        <time>2026-08-14T13:18:11.253Z</time>
      </trkpt>
      <trkpt lat="46.569779" lon="10.526943">
        <ele>1328.654300</ele>
        <time>2026-08-14T13:18:35.516Z</time>
      </trkpt>
      <trkpt lat="46.569725" lon="10.526728">
        <ele>1330.319544</ele>
        <time>2026-08-14T13:18:46.796Z</time>
      </trkpt>
      <trkpt lat="46.569698" lon="10.526504">
        <ele>1331.974005</ele>
        <time>2026-08-14T13:18:58.334Z</time>
      </trkpt>
      <trkpt lat="46.569675" lon="10.526268">
        <ele>1333.708074</ele>
        <time>2026-08-14T13:19:10.796Z</time>
      </trkpt>
      <trkpt lat="46.569643" lon="10.525946">
        <ele>1336.074979</ele>
        <time>2026-08-14T13:19:28.272Z</time>
      </trkpt>
      <trkpt lat="46.569588" lon="10.525398">
        <ele>1340.103953</ele>
        <time>2026-08-14T13:19:58.868Z</time>
      </trkpt>
      <trkpt lat="46.569503" lon="10.525010">
        <ele>1343.066519</ele>
        <time>2026-08-14T13:20:21.614Z</time>
      </trkpt>
      <trkpt lat="46.569137" lon="10.524205">
        <ele>1350.243131</ele>
        <time>2026-08-14T13:21:14.935Z</time>
      </trkpt>
      <trkpt lat="46.568810" lon="10.523853">
        <ele>1354.647016</ele>
        <time>2026-08-14T13:21:46.214Z</time>
      </trkpt>
      <trkpt lat="46.568230" lon="10.523495">
        <ele>1361.467766</ele>
        <time>2026-08-14T13:22:34.303Z</time>
      </trkpt>
      <trkpt lat="46.567898" lon="10.523230">
        <ele>1364.697673</ele>
        <time>2026-08-14T13:23:01.899Z</time>
      </trkpt>
      <trkpt lat="46.567261" lon="10.522680">
        <ele>1370.193143</ele>
        <time>2026-08-14T13:23:48.990Z</time>
      </trkpt>
      <trkpt lat="46.566890" lon="10.522422">
        <ele>1373.243811</ele>
        <time>2026-08-14T13:24:11.203Z</time>
      </trkpt>
      <trkpt lat="46.566862" lon="10.522320">
        <ele>1373.803979</ele>
        <time>2026-08-14T13:24:15.042Z</time>
      </trkpt>
      <trkpt lat="46.566918" lon="10.522265">
        <ele>1374.305256</ele>
        <time>2026-08-14T13:24:18.375Z</time>
      </trkpt>
      <trkpt lat="46.567435" lon="10.522718">
        <ele>1378.762070</ele>
        <time>2026-08-14T13:24:45.790Z</time>
      </trkpt>
      <trkpt lat="46.567507" lon="10.522688">
        <ele>1379.313321</ele>
        <time>2026-08-14T13:24:48.924Z</time>
      </trkpt>
      <trkpt lat="46.567511" lon="10.522608">
        <ele>1379.719203</ele>
        <time>2026-08-14T13:24:51.231Z</time>
      </trkpt>
      <trkpt lat="46.567491" lon="10.522573">
        <ele>1379.949497</ele>
        <time>2026-08-14T13:24:52.575Z</time>
      </trkpt>
      <trkpt lat="46.567149" lon="10.522262">
        <ele>1382.918146</ele>
        <time>2026-08-14T13:25:10.774Z</time>
      </trkpt>
      <trkpt lat="46.566299" lon="10.521491">
        <ele>1390.862682</ele>
        <time>2026-08-14T13:26:19.705Z</time>
      </trkpt>
      <trkpt lat="46.566113" lon="10.521218">
        <ele>1394.035037</ele>
        <time>2026-08-14T13:26:43.192Z</time>
      </trkpt>
      <trkpt lat="46.565978" lon="10.521100">
        <ele>1395.925910</ele>
        <time>2026-08-14T13:26:58.043Z</time>
      </trkpt>
      <trkpt lat="46.565760" lon="10.521075">
        <ele>1398.551221</ele>
        <time>2026-08-14T13:27:18.598Z</time>
      </trkpt>
      <trkpt lat="46.565662" lon="10.521042">
        <ele>1399.758874</ele>
        <time>2026-08-14T13:27:28.304Z</time>
      </trkpt>
      <trkpt lat="46.565577" lon="10.520961">
        <ele>1400.978850</ele>
        <time>2026-08-14T13:27:38.142Z</time>
      </trkpt>
      <trkpt lat="46.565118" lon="10.520315">
        <ele>1408.646788</ele>
        <time>2026-08-14T13:28:35.246Z</time>
      </trkpt>
      <trkpt lat="46.564911" lon="10.520097">
        <ele>1411.338395</ele>
        <time>2026-08-14T13:28:54.142Z</time>
      </trkpt>
      <trkpt lat="46.564137" lon="10.519620">
        <ele>1416.265811</ele>
        <time>2026-08-14T13:29:41.467Z</time>
      </trkpt>
      <trkpt lat="46.563826" lon="10.519333">
        <ele>1418.424778</ele>
        <time>2026-08-14T13:29:55.182Z</time>
      </trkpt>
      <trkpt lat="46.563690" lon="10.519264">
        <ele>1419.269078</ele>
        <time>2026-08-14T13:30:00.742Z</time>
      </trkpt>
      <trkpt lat="46.563518" lon="10.519226">
        <ele>1420.288854</ele>
        <time>2026-08-14T13:30:07.648Z</time>
      </trkpt>
      <trkpt lat="46.563286" lon="10.519054">
        <ele>1421.854197</ele>
        <time>2026-08-14T13:30:18.095Z</time>
      </trkpt>
      <trkpt lat="46.563058" lon="10.518680">
        <ele>1424.136413</ele>
        <time>2026-08-14T13:30:32.361Z</time>
      </trkpt>
      <trkpt lat="46.562923" lon="10.518533">
        <ele>1425.256327</ele>
        <time>2026-08-14T13:30:39.577Z</time>
      </trkpt>
      <trkpt lat="46.562261" lon="10.518268">
        <ele>1429.815979</ele>
        <time>2026-08-14T13:31:16.464Z</time>
      </trkpt>
      <trkpt lat="46.562187" lon="10.518125">
        <ele>1430.633175</ele>
        <time>2026-08-14T13:31:24.633Z</time>
      </trkpt>
      <trkpt lat="46.562001" lon="10.517616">
        <ele>1433.265098</ele>
        <time>2026-08-14T13:31:52.574Z</time>
      </trkpt>
      <trkpt lat="46.561736" lon="10.517122">
        <ele>1437.397625</ele>
        <time>2026-08-14T13:32:25.101Z</time>
      </trkpt>
      <trkpt lat="46.561462" lon="10.516485">
        <ele>1442.468945</ele>
        <time>2026-08-14T13:33:06.961Z</time>
      </trkpt>
      <trkpt lat="46.561369" lon="10.516216">
        <ele>1444.501114</ele>
        <time>2026-08-14T13:33:23.152Z</time>
      </trkpt>
      <trkpt lat="46.561207" lon="10.515956">
        <ele>1446.869287</ele>
        <time>2026-08-14T13:33:41.359Z</time>
      </trkpt>
      <trkpt lat="46.560956" lon="10.515621">
        <ele>1450.213374</ele>
        <time>2026-08-14T13:34:04.079Z</time>
      </trkpt>
      <trkpt lat="46.560841" lon="10.515532">
        <ele>1451.324444</ele>
        <time>2026-08-14T13:34:11.894Z</time>
      </trkpt>
      <trkpt lat="46.560412" lon="10.515336">
        <ele>1453.737179</ele>
        <time>2026-08-14T13:34:35.228Z</time>
      </trkpt>
      <trkpt lat="46.559461" lon="10.515337">
        <ele>1458.839835</ele>
        <time>2026-08-14T13:35:16.596Z</time>
      </trkpt>
      <trkpt lat="46.559183" lon="10.515307">
        <ele>1460.335563</ele>
        <time>2026-08-14T13:35:29.074Z</time>
      </trkpt>
      <trkpt lat="46.558763" lon="10.515223">
        <ele>1462.827988</ele>
        <time>2026-08-14T13:35:49.170Z</time>
      </trkpt>
      <trkpt lat="46.558187" lon="10.514913">
        <ele>1466.513832</ele>
        <time>2026-08-14T13:36:21.960Z</time>
      </trkpt>
      <trkpt lat="46.557817" lon="10.514768">
        <ele>1468.813511</ele>
        <time>2026-08-14T13:36:42.719Z</time>
      </trkpt>
      <trkpt lat="46.557575" lon="10.514614">
        <ele>1470.398774</ele>
        <time>2026-08-14T13:36:56.738Z</time>
      </trkpt>
      <trkpt lat="46.557559" lon="10.514600">
        <ele>1470.510835</ele>
        <time>2026-08-14T13:36:57.731Z</time>
      </trkpt>
      <trkpt lat="46.557505" lon="10.514557">
        <ele>1470.880304</ele>
        <time>2026-08-14T13:37:01.008Z</time>
      </trkpt>
      <trkpt lat="46.557345" lon="10.514428">
        <ele>1472.186021</ele>
        <time>2026-08-14T13:37:10.640Z</time>
      </trkpt>
      <trkpt lat="46.556594" lon="10.513958">
        <ele>1479.573642</ele>
        <time>2026-08-14T13:37:59.768Z</time>
      </trkpt>
      <trkpt lat="46.556395" lon="10.513797">
        <ele>1481.631315</ele>
        <time>2026-08-14T13:38:17.617Z</time>
      </trkpt>
      <trkpt lat="46.555968" lon="10.513379">
        <ele>1486.282353</ele>
        <time>2026-08-14T13:38:59.153Z</time>
      </trkpt>
      <trkpt lat="46.555658" lon="10.512991">
        <ele>1489.791091</ele>
        <time>2026-08-14T13:39:28.377Z</time>
      </trkpt>
      <trkpt lat="46.555338" lon="10.512793">
        <ele>1492.661213</ele>
        <time>2026-08-14T13:39:53.023Z</time>
      </trkpt>
      <trkpt lat="46.555171" lon="10.512702">
        <ele>1494.133069</ele>
        <time>2026-08-14T13:40:06.292Z</time>
      </trkpt>
      <trkpt lat="46.554640" lon="10.512549">
        <ele>1498.600677</ele>
        <time>2026-08-14T13:40:43.207Z</time>
      </trkpt>
      <trkpt lat="46.554555" lon="10.512470">
        <ele>1499.433231</ele>
        <time>2026-08-14T13:40:48.324Z</time>
      </trkpt>
      <trkpt lat="46.554274" lon="10.512045">
        <ele>1502.742277</ele>
        <time>2026-08-14T13:41:05.449Z</time>
      </trkpt>
      <trkpt lat="46.554124" lon="10.511888">
        <ele>1503.777889</ele>
        <time>2026-08-14T13:41:12.972Z</time>
      </trkpt>
      <trkpt lat="46.553836" lon="10.511663">
        <ele>1505.609861</ele>
        <time>2026-08-14T13:41:28.867Z</time>
      </trkpt>
      <trkpt lat="46.553427" lon="10.511515">
        <ele>1507.971600</ele>
        <time>2026-08-14T13:41:52.315Z</time>
      </trkpt>
      <trkpt lat="46.553318" lon="10.511452">
        <ele>1508.628863</ele>
        <time>2026-08-14T13:41:58.057Z</time>
      </trkpt>
      <trkpt lat="46.553218" lon="10.511378">
        <ele>1509.257599</ele>
        <time>2026-08-14T13:42:03.390Z</time>
      </trkpt>
      <trkpt lat="46.553101" lon="10.511278">
        <ele>1510.018073</ele>
        <time>2026-08-14T13:42:09.698Z</time>
      </trkpt>
      <trkpt lat="46.552757" lon="10.510998">
        <ele>1512.227118</ele>
        <time>2026-08-14T13:42:28.610Z</time>
      </trkpt>
      <trkpt lat="46.552309" lon="10.510939">
        <ele>1515.570163</ele>
        <time>2026-08-14T13:42:52.743Z</time>
      </trkpt>
      <trkpt lat="46.551951" lon="10.510777">
        <ele>1518.532831</ele>
        <time>2026-08-14T13:43:14.940Z</time>
      </trkpt>
      <trkpt lat="46.551376" lon="10.510622">
        <ele>1523.153801</ele>
        <time>2026-08-14T13:43:50.483Z</time>
      </trkpt>
      <trkpt lat="46.550957" lon="10.510322">
        <ele>1526.844271</ele>
        <time>2026-08-14T13:44:23.691Z</time>
      </trkpt>
      <trkpt lat="46.550902" lon="10.510282">
        <ele>1527.371356</ele>
        <time>2026-08-14T13:44:28.454Z</time>
      </trkpt>
      <trkpt lat="46.550778" lon="10.510205">
        <ele>1528.553753</ele>
        <time>2026-08-14T13:44:38.583Z</time>
      </trkpt>
      <trkpt lat="46.550662" lon="10.510152">
        <ele>1529.620027</ele>
        <time>2026-08-14T13:44:47.764Z</time>
      </trkpt>
      <trkpt lat="46.550610" lon="10.510094">
        <ele>1530.194735</ele>
        <time>2026-08-14T13:44:53.033Z</time>
      </trkpt>
      <trkpt lat="46.550577" lon="10.509992">
        <ele>1530.874544</ele>
        <time>2026-08-14T13:44:58.913Z</time>
      </trkpt>
      <trkpt lat="46.550591" lon="10.509892">
        <ele>1531.489991</ele>
        <time>2026-08-14T13:45:04.684Z</time>
      </trkpt>
      <trkpt lat="46.550672" lon="10.509812">
        <ele>1532.348661</ele>
        <time>2026-08-14T13:45:12.206Z</time>
      </trkpt>
      <trkpt lat="46.551188" lon="10.509690">
        <ele>1536.933049</ele>
        <time>2026-08-14T13:45:51.078Z</time>
      </trkpt>
      <trkpt lat="46.551499" lon="10.509641">
        <ele>1539.676266</ele>
        <time>2026-08-14T13:46:09.437Z</time>
      </trkpt>
      <trkpt lat="46.551860" lon="10.509708">
        <ele>1542.826622</ele>
        <time>2026-08-14T13:46:28.287Z</time>
      </trkpt>
      <trkpt lat="46.551922" lon="10.509638">
        <ele>1543.312455</ele>
        <time>2026-08-14T13:46:32.400Z</time>
      </trkpt>
      <trkpt lat="46.551915" lon="10.509575">
        <ele>1543.584089</ele>
        <time>2026-08-14T13:46:34.589Z</time>
      </trkpt>
      <trkpt lat="46.551875" lon="10.509526">
        <ele>1543.907808</ele>
        <time>2026-08-14T13:46:36.763Z</time>
      </trkpt>
      <trkpt lat="46.551729" lon="10.509510">
        <ele>1544.814026</ele>
        <time>2026-08-14T13:46:43.650Z</time>
      </trkpt>
      <trkpt lat="46.551706" lon="10.509510">
        <ele>1544.956383</ele>
        <time>2026-08-14T13:46:44.765Z</time>
      </trkpt>
      <trkpt lat="46.551502" lon="10.509455">
        <ele>1546.240544</ele>
        <time>2026-08-14T13:46:54.487Z</time>
      </trkpt>
      <trkpt lat="46.551282" lon="10.509332">
        <ele>1547.699397</ele>
        <time>2026-08-14T13:47:04.835Z</time>
      </trkpt>
      <trkpt lat="46.551181" lon="10.509248">
        <ele>1548.419556</ele>
        <time>2026-08-14T13:47:10.019Z</time>
      </trkpt>
      <trkpt lat="46.550910" lon="10.509022">
        <ele>1550.353163</ele>
        <time>2026-08-14T13:47:24.007Z</time>
      </trkpt>
      <trkpt lat="46.550721" lon="10.508799">
        <ele>1551.859624</ele>
        <time>2026-08-14T13:47:36.418Z</time>
      </trkpt>
      <trkpt lat="46.550550" lon="10.508528">
        <ele>1553.425130</ele>
        <time>2026-08-14T13:47:52.581Z</time>
      </trkpt>
      <trkpt lat="46.550371" lon="10.508186">
        <ele>1556.106120</ele>
        <time>2026-08-14T13:48:14.256Z</time>
      </trkpt>
      <trkpt lat="46.550289" lon="10.507973">
        <ele>1557.780004</ele>
        <time>2026-08-14T13:48:27.485Z</time>
      </trkpt>
      <trkpt lat="46.549992" lon="10.507162">
        <ele>1564.080636</ele>
        <time>2026-08-14T13:49:16.233Z</time>
      </trkpt>
      <trkpt lat="46.549915" lon="10.506991">
        <ele>1565.482237</ele>
        <time>2026-08-14T13:49:26.327Z</time>
      </trkpt>
      <trkpt lat="46.549617" lon="10.506653">
        <ele>1569.250701</ele>
        <time>2026-08-14T13:49:53.195Z</time>
      </trkpt>
      <trkpt lat="46.549251" lon="10.506306">
        <ele>1573.736369</ele>
        <time>2026-08-14T13:50:23.273Z</time>
      </trkpt>
      <trkpt lat="46.548823" lon="10.506144">
        <ele>1578.460170</ele>
        <time>2026-08-14T13:50:57.822Z</time>
      </trkpt>
      <trkpt lat="46.548443" lon="10.505882">
        <ele>1582.952119</ele>
        <time>2026-08-14T13:51:29.328Z</time>
      </trkpt>
      <trkpt lat="46.548074" lon="10.505567">
        <ele>1587.522445</ele>
        <time>2026-08-14T13:52:01.787Z</time>
      </trkpt>
      <trkpt lat="46.548014" lon="10.505525">
        <ele>1588.233702</ele>
        <time>2026-08-14T13:52:07.136Z</time>
      </trkpt>
      <trkpt lat="46.547902" lon="10.505485">
        <ele>1589.465528</ele>
        <time>2026-08-14T13:52:16.552Z</time>
      </trkpt>
      <trkpt lat="46.547563" lon="10.505501">
        <ele>1592.908678</ele>
        <time>2026-08-14T13:52:44.504Z</time>
      </trkpt>
      <trkpt lat="46.547301" lon="10.505522">
        <ele>1595.469550</ele>
        <time>2026-08-14T13:53:06.557Z</time>
      </trkpt>
      <trkpt lat="46.546307" lon="10.505838">
        <ele>1605.399666</ele>
        <time>2026-08-14T13:54:16.332Z</time>
      </trkpt>
      <trkpt lat="46.546091" lon="10.505838">
        <ele>1607.507719</ele>
        <time>2026-08-14T13:54:29.806Z</time>
      </trkpt>
      <trkpt lat="46.544578" lon="10.505642">
        <ele>1621.927806</ele>
        <time>2026-08-14T13:56:08.450Z</time>
      </trkpt>
      <trkpt lat="46.544416" lon="10.505586">
        <ele>1623.505182</ele>
        <time>2026-08-14T13:56:21.813Z</time>
      </trkpt>
      <trkpt lat="46.543284" lon="10.504955">
        <ele>1635.870262</ele>
        <time>2026-08-14T13:58:05.020Z</time>
      </trkpt>
      <trkpt lat="46.543169" lon="10.504883">
        <ele>1637.167589</ele>
        <time>2026-08-14T13:58:14.081Z</time>
      </trkpt>
      <trkpt lat="46.543149" lon="10.504805">
        <ele>1637.760830</ele>
        <time>2026-08-14T13:58:18.400Z</time>
      </trkpt>
      <trkpt lat="46.543198" lon="10.504760">
        <ele>1638.361334</ele>
        <time>2026-08-14T13:58:22.420Z</time>
      </trkpt>
      <trkpt lat="46.543685" lon="10.504936">
        <ele>1643.560810</ele>
        <time>2026-08-14T13:58:53.940Z</time>
      </trkpt>
      <trkpt lat="46.544016" lon="10.504941">
        <ele>1646.175672</ele>
        <time>2026-08-14T13:59:13.094Z</time>
      </trkpt>
      <trkpt lat="46.544405" lon="10.505135">
        <ele>1649.176742</ele>
        <time>2026-08-14T13:59:36.255Z</time>
      </trkpt>
      <trkpt lat="46.545094" lon="10.504985">
        <ele>1654.260748</ele>
        <time>2026-08-14T14:00:13.078Z</time>
      </trkpt>
      <trkpt lat="46.545131" lon="10.504919">
        <ele>1654.688107</ele>
        <time>2026-08-14T14:00:16.803Z</time>
      </trkpt>
      <trkpt lat="46.545092" lon="10.504869">
        <ele>1655.067548</ele>
        <time>2026-08-14T14:00:20.080Z</time>
      </trkpt>
      <trkpt lat="46.544552" lon="10.504902">
        <ele>1659.811169</ele>
        <time>2026-08-14T14:00:55.120Z</time>
      </trkpt>
      <trkpt lat="46.544423" lon="10.504881">
        <ele>1661.217028</ele>
        <time>2026-08-14T14:01:03.993Z</time>
      </trkpt>
      <trkpt lat="46.544129" lon="10.504528">
        <ele>1665.346594</ele>
        <time>2026-08-14T14:01:31.763Z</time>
      </trkpt>
      <trkpt lat="46.544011" lon="10.504475">
        <ele>1666.684180</ele>
        <time>2026-08-14T14:01:40.274Z</time>
      </trkpt>
      <trkpt lat="46.543796" lon="10.504438">
        <ele>1669.028983</ele>
        <time>2026-08-14T14:01:56.057Z</time>
      </trkpt>
      <trkpt lat="46.543562" lon="10.504246">
        <ele>1671.939037</ele>
        <time>2026-08-14T14:02:17.855Z</time>
      </trkpt>
      <trkpt lat="46.543087" lon="10.503991">
        <ele>1677.468400</ele>
        <time>2026-08-14T14:03:04.383Z</time>
      </trkpt>
      <trkpt lat="46.542891" lon="10.503785">
        <ele>1680.291858</ele>
        <time>2026-08-14T14:03:27.195Z</time>
      </trkpt>
      <trkpt lat="46.542682" lon="10.503652">
        <ele>1682.955293</ele>
        <time>2026-08-14T14:03:48.820Z</time>
      </trkpt>
      <trkpt lat="46.542580" lon="10.503535">
        <ele>1684.472070</ele>
        <time>2026-08-14T14:04:00.425Z</time>
      </trkpt>
      <trkpt lat="46.542432" lon="10.503172">
        <ele>1687.860514</ele>
        <time>2026-08-14T14:04:23.630Z</time>
      </trkpt>
      <trkpt lat="46.542346" lon="10.503069">
        <ele>1689.161308</ele>
        <time>2026-08-14T14:04:31.898Z</time>
      </trkpt>
      <trkpt lat="46.542279" lon="10.503040">
        <ele>1689.977419</ele>
        <time>2026-08-14T14:04:37.099Z</time>
      </trkpt>
      <trkpt lat="46.541985" lon="10.503029">
        <ele>1693.410825</ele>
        <time>2026-08-14T14:04:57.906Z</time>
      </trkpt>
      <trkpt lat="46.541907" lon="10.503033">
        <ele>1694.321994</ele>
        <time>2026-08-14T14:05:03.212Z</time>
      </trkpt>
      <trkpt lat="46.541835" lon="10.503046">
        <ele>1695.169007</ele>
        <time>2026-08-14T14:05:08.470Z</time>
      </trkpt>
      <trkpt lat="46.541718" lon="10.503123">
        <ele>1696.668338</ele>
        <time>2026-08-14T14:05:17.510Z</time>
      </trkpt>
      <trkpt lat="46.541554" lon="10.503386">
        <ele>1699.128018</ele>
        <time>2026-08-14T14:05:35.185Z</time>
      </trkpt>
      <trkpt lat="46.541303" lon="10.503524">
        <ele>1701.532117</ele>
        <time>2026-08-14T14:05:56.143Z</time>
      </trkpt>
      <trkpt lat="46.541170" lon="10.503542">
        <ele>1702.728798</ele>
        <time>2026-08-14T14:06:07.641Z</time>
      </trkpt>
      <trkpt lat="46.540945" lon="10.503490">
        <ele>1704.769854</ele>
        <time>2026-08-14T14:06:24.749Z</time>
      </trkpt>
      <trkpt lat="46.540713" lon="10.503200">
        <ele>1707.510937</ele>
        <time>2026-08-14T14:06:43.169Z</time>
      </trkpt>
      <trkpt lat="46.540687" lon="10.503179">
        <ele>1707.777401</ele>
        <time>2026-08-14T14:06:45.260Z</time>
      </trkpt>
      <trkpt lat="46.540633" lon="10.503136">
        <ele>1708.328994</ele>
        <time>2026-08-14T14:06:48.892Z</time>
      </trkpt>
      <trkpt lat="46.540319" lon="10.503016">
        <ele>1711.237648</ele>
        <time>2026-08-14T14:07:08.214Z</time>
      </trkpt>
      <trkpt lat="46.540285" lon="10.502970">
        <ele>1711.653743</ele>
        <time>2026-08-14T14:07:10.780Z</time>
      </trkpt>
      <trkpt lat="46.540289" lon="10.502914">
        <ele>1712.000688</ele>
        <time>2026-08-14T14:07:13.626Z</time>
      </trkpt>
      <trkpt lat="46.540354" lon="10.502876">
        <ele>1712.628333</ele>
        <time>2026-08-14T14:07:17.848Z</time>
      </trkpt>
      <trkpt lat="46.540697" lon="10.502999">
        <ele>1715.266324</ele>
        <time>2026-08-14T14:07:40.233Z</time>
      </trkpt>
      <trkpt lat="46.541042" lon="10.503241">
        <ele>1717.715762</ele>
        <time>2026-08-14T14:08:03.786Z</time>
      </trkpt>
      <trkpt lat="46.541184" lon="10.503235">
        <ele>1718.624157</ele>
        <time>2026-08-14T14:08:10.970Z</time>
      </trkpt>
      <trkpt lat="46.541244" lon="10.503167">
        <ele>1719.110626</ele>
        <time>2026-08-14T14:08:14.161Z</time>
      </trkpt>
      <trkpt lat="46.541247" lon="10.503163">
        <ele>1719.136655</ele>
        <time>2026-08-14T14:08:14.322Z</time>
      </trkpt>
      <trkpt lat="46.541304" lon="10.502577">
        <ele>1721.739704</ele>
        <time>2026-08-14T14:08:28.481Z</time>
      </trkpt>
      <trkpt lat="46.541376" lon="10.502250">
        <ele>1723.249841</ele>
        <time>2026-08-14T14:08:38.854Z</time>
      </trkpt>
      <trkpt lat="46.541407" lon="10.502109">
        <ele>1723.900910</ele>
        <time>2026-08-14T14:08:44.333Z</time>
      </trkpt>
      <trkpt lat="46.541388" lon="10.502016">
        <ele>1724.327614</ele>
        <time>2026-08-14T14:08:48.165Z</time>
      </trkpt>
      <trkpt lat="46.541344" lon="10.502009">
        <ele>1724.610649</ele>
        <time>2026-08-14T14:08:50.853Z</time>
      </trkpt>
      <trkpt lat="46.541313" lon="10.502050">
        <ele>1724.878629</ele>
        <time>2026-08-14T14:08:53.507Z</time>
      </trkpt>
      <trkpt lat="46.541082" lon="10.502955">
        <ele>1731.221406</ele>
        <time>2026-08-14T14:09:42.849Z</time>
      </trkpt>
      <trkpt lat="46.541033" lon="10.502996">
        <ele>1731.789452</ele>
        <time>2026-08-14T14:09:47.442Z</time>
      </trkpt>
      <trkpt lat="46.540992" lon="10.502929">
        <ele>1732.409216</ele>
        <time>2026-08-14T14:09:52.314Z</time>
      </trkpt>
      <trkpt lat="46.541085" lon="10.502488">
        <ele>1735.597009</ele>
        <time>2026-08-14T14:10:17.646Z</time>
      </trkpt>
      <trkpt lat="46.541162" lon="10.502126">
        <ele>1738.215693</ele>
        <time>2026-08-14T14:10:37.763Z</time>
      </trkpt>
      <trkpt lat="46.541300" lon="10.501587">
        <ele>1742.190418</ele>
        <time>2026-08-14T14:11:07.948Z</time>
      </trkpt>
      <trkpt lat="46.541385" lon="10.501088">
        <ele>1745.183944</ele>
        <time>2026-08-14T14:11:33.438Z</time>
      </trkpt>
      <trkpt lat="46.541347" lon="10.501054">
        <ele>1745.519209</ele>
        <time>2026-08-14T14:11:36.443Z</time>
      </trkpt>
      <trkpt lat="46.541310" lon="10.501086">
        <ele>1745.842695</ele>
        <time>2026-08-14T14:11:39.444Z</time>
      </trkpt>
      <trkpt lat="46.540916" lon="10.502268">
        <ele>1752.631140</ele>
        <time>2026-08-14T14:12:34.975Z</time>
      </trkpt>
      <trkpt lat="46.540874" lon="10.502317">
        <ele>1753.035770</ele>
        <time>2026-08-14T14:12:37.718Z</time>
      </trkpt>
      <trkpt lat="46.540840" lon="10.502298">
        <ele>1753.309464</ele>
        <time>2026-08-14T14:12:39.480Z</time>
      </trkpt>
      <trkpt lat="46.540830" lon="10.502257">
        <ele>1753.534291</ele>
        <time>2026-08-14T14:12:40.823Z</time>
      </trkpt>
      <trkpt lat="46.540951" lon="10.501804">
        <ele>1756.045865</ele>
        <time>2026-08-14T14:12:55.640Z</time>
      </trkpt>
      <trkpt lat="46.540965" lon="10.501430">
        <ele>1758.386884</ele>
        <time>2026-08-14T14:13:07.341Z</time>
      </trkpt>
      <trkpt lat="46.540977" lon="10.501086">
        <ele>1760.933268</ele>
        <time>2026-08-14T14:13:19.625Z</time>
      </trkpt>
      <trkpt lat="46.540933" lon="10.501027">
        <ele>1761.576610</ele>
        <time>2026-08-14T14:13:23.071Z</time>
      </trkpt>
      <trkpt lat="46.540879" lon="10.501072">
        <ele>1762.245580</ele>
        <time>2026-08-14T14:13:26.927Z</time>
      </trkpt>
      <trkpt lat="46.540827" lon="10.501698">
        <ele>1766.907094</ele>
        <time>2026-08-14T14:13:58.840Z</time>
      </trkpt>
      <trkpt lat="46.540768" lon="10.502019">
        <ele>1769.363447</ele>
        <time>2026-08-14T14:14:18.151Z</time>
      </trkpt>
      <trkpt lat="46.540721" lon="10.502092">
        <ele>1770.102654</ele>
        <time>2026-08-14T14:14:24.025Z</time>
      </trkpt>
      <trkpt lat="46.540683" lon="10.502069">
        <ele>1770.545054</ele>
        <time>2026-08-14T14:14:27.674Z</time>
      </trkpt>
      <trkpt lat="46.540670" lon="10.502024">
        <ele>1770.905881</ele>
        <time>2026-08-14T14:14:30.679Z</time>
      </trkpt>
      <trkpt lat="46.540742" lon="10.501726">
        <ele>1773.240899</ele>
        <time>2026-08-14T14:14:49.813Z</time>
      </trkpt>
      <trkpt lat="46.540735" lon="10.501666">
        <ele>1773.690803</ele>
        <time>2026-08-14T14:14:53.576Z</time>
      </trkpt>
      <trkpt lat="46.540691" lon="10.501261">
        <ele>1776.816056</ele>
        <time>2026-08-14T14:15:20.159Z</time>
      </trkpt>
      <trkpt lat="46.540697" lon="10.501156">
        <ele>1777.804153</ele>
        <time>2026-08-14T14:15:27.552Z</time>
      </trkpt>
      <trkpt lat="46.540722" lon="10.500905">
        <ele>1780.182616</ele>
        <time>2026-08-14T14:15:46.146Z</time>
      </trkpt>
      <trkpt lat="46.540808" lon="10.500616">
        <ele>1783.135659</ele>
        <time>2026-08-14T14:16:10.586Z</time>
      </trkpt>
      <trkpt lat="46.540960" lon="10.500356">
        <ele>1786.335688</ele>
        <time>2026-08-14T14:16:38.143Z</time>
      </trkpt>
      <trkpt lat="46.541428" lon="10.499705">
        <ele>1795.166719</ele>
        <time>2026-08-14T14:17:41.326Z</time>
      </trkpt>
      <trkpt lat="46.541438" lon="10.499619">
        <ele>1795.984671</ele>
        <time>2026-08-14T14:17:45.657Z</time>
      </trkpt>
      <trkpt lat="46.541384" lon="10.499612">
        <ele>1796.723839</ele>
        <time>2026-08-14T14:17:50.217Z</time>
      </trkpt>
      <trkpt lat="46.541133" lon="10.499911">
        <ele>1800.998707</ele>
        <time>2026-08-14T14:18:12.096Z</time>
      </trkpt>
      <trkpt lat="46.540632" lon="10.500299">
        <ele>1804.172362</ele>
        <time>2026-08-14T14:18:41.686Z</time>
      </trkpt>
      <trkpt lat="46.540265" lon="10.500731">
        <ele>1806.812446</ele>
        <time>2026-08-14T14:19:02.680Z</time>
      </trkpt>
      <trkpt lat="46.539967" lon="10.500808">
        <ele>1808.504635</ele>
        <time>2026-08-14T14:19:16.024Z</time>
      </trkpt>
      <trkpt lat="46.539205" lon="10.501215">
        <ele>1812.513608</ele>
        <time>2026-08-14T14:19:53.714Z</time>
      </trkpt>
      <trkpt lat="46.538526" lon="10.501418">
        <ele>1815.408149</ele>
        <time>2026-08-14T14:20:17.373Z</time>
      </trkpt>
      <trkpt lat="46.537388" lon="10.501456">
        <ele>1823.479982</ele>
        <time>2026-08-14T14:21:09.770Z</time>
      </trkpt>
      <trkpt lat="46.537310" lon="10.501405">
        <ele>1824.534285</ele>
        <time>2026-08-14T14:21:15.176Z</time>
      </trkpt>
      <trkpt lat="46.537319" lon="10.501311">
        <ele>1825.339061</ele>
        <time>2026-08-14T14:21:20.321Z</time>
      </trkpt>
      <trkpt lat="46.537359" lon="10.501292">
        <ele>1825.857805</ele>
        <time>2026-08-14T14:21:23.520Z</time>
      </trkpt>
      <trkpt lat="46.537584" lon="10.501315">
        <ele>1828.638284</ele>
        <time>2026-08-14T14:21:42.035Z</time>
      </trkpt>
      <trkpt lat="46.537883" lon="10.501131">
        <ele>1832.640766</ele>
        <time>2026-08-14T14:22:13.436Z</time>
      </trkpt>
      <trkpt lat="46.538621" lon="10.500893">
        <ele>1841.649506</ele>
        <time>2026-08-14T14:23:39.934Z</time>
      </trkpt>
      <trkpt lat="46.538936" lon="10.500435">
        <ele>1845.857667</ele>
        <time>2026-08-14T14:24:26.936Z</time>
      </trkpt>
      <trkpt lat="46.539295" lon="10.500119">
        <ele>1849.821838</ele>
        <time>2026-08-14T14:24:59.902Z</time>
      </trkpt>
      <trkpt lat="46.539309" lon="10.500064">
        <ele>1850.202876</ele>
        <time>2026-08-14T14:25:02.265Z</time>
      </trkpt>
      <trkpt lat="46.539284" lon="10.500004">
        <ele>1850.658661</ele>
        <time>2026-08-14T14:25:05.772Z</time>
      </trkpt>
      <trkpt lat="46.539247" lon="10.500004">
        <ele>1851.008156</ele>
        <time>2026-08-14T14:25:07.984Z</time>
      </trkpt>
      <trkpt lat="46.539056" lon="10.500171">
        <ele>1853.113458</ele>
        <time>2026-08-14T14:25:18.962Z</time>
      </trkpt>
      <trkpt lat="46.538533" lon="10.500512">
        <ele>1857.815449</ele>
        <time>2026-08-14T14:25:37.316Z</time>
      </trkpt>
      <trkpt lat="46.537525" lon="10.500482">
        <ele>1859.840172</ele>
        <time>2026-08-14T14:25:59.299Z</time>
      </trkpt>
      <trkpt lat="46.537391" lon="10.500471">
        <ele>1860.109704</ele>
        <time>2026-08-14T14:26:03.955Z</time>
      </trkpt>
      <trkpt lat="46.537113" lon="10.500272">
        <ele>1860.732005</ele>
        <time>2026-08-14T14:26:15.443Z</time>
      </trkpt>
      <trkpt lat="46.537038" lon="10.500138">
        <ele>1860.970651</ele>
        <time>2026-08-14T14:26:20.234Z</time>
      </trkpt>
      <trkpt lat="46.536877" lon="10.499711">
        <ele>1862.938397</ele>
        <time>2026-08-14T14:26:35.373Z</time>
      </trkpt>
      <trkpt lat="46.536763" lon="10.499501">
        <ele>1864.480717</ele>
        <time>2026-08-14T14:26:45.551Z</time>
      </trkpt>
      <trkpt lat="46.536438" lon="10.499311">
        <ele>1867.416625</ele>
        <time>2026-08-14T14:27:08.343Z</time>
      </trkpt>
      <trkpt lat="46.536325" lon="10.499203">
        <ele>1868.550055</ele>
        <time>2026-08-14T14:27:17.780Z</time>
      </trkpt>
      <trkpt lat="46.536200" lon="10.498978">
        <ele>1870.217492</ele>
        <time>2026-08-14T14:27:31.615Z</time>
      </trkpt>
      <trkpt lat="46.535977" lon="10.498705">
        <ele>1872.660964</ele>
        <time>2026-08-14T14:27:52.230Z</time>
      </trkpt>
      <trkpt lat="46.535934" lon="10.498616">
        <ele>1873.288003</ele>
        <time>2026-08-14T14:27:57.606Z</time>
      </trkpt>
      <trkpt lat="46.535795" lon="10.498113">
        <ele>1876.458101</ele>
        <time>2026-08-14T14:28:23.440Z</time>
      </trkpt>
      <trkpt lat="46.535705" lon="10.497550">
        <ele>1881.237786</ele>
        <time>2026-08-14T14:28:55.831Z</time>
      </trkpt>
      <trkpt lat="46.535616" lon="10.497298">
        <ele>1883.580255</ele>
        <time>2026-08-14T14:29:12.384Z</time>
      </trkpt>
      <trkpt lat="46.535269" lon="10.496685">
        <ele>1890.145001</ele>
        <time>2026-08-14T14:30:00.751Z</time>
      </trkpt>
      <trkpt lat="46.534757" lon="10.495951">
        <ele>1898.684569</ele>
        <time>2026-08-14T14:31:02.911Z</time>
      </trkpt>
      <trkpt lat="46.534347" lon="10.494975">
        <ele>1906.986797</ele>
        <time>2026-08-14T14:32:01.533Z</time>
      </trkpt>
      <trkpt lat="46.533752" lon="10.493820">
        <ele>1917.393699</ele>
        <time>2026-08-14T14:33:14.194Z</time>
      </trkpt>
      <trkpt lat="46.533460" lon="10.492675">
        <ele>1925.149079</ele>
        <time>2026-08-14T14:34:14.210Z</time>
      </trkpt>
      <trkpt lat="46.533345" lon="10.492344">
        <ele>1927.504121</ele>
        <time>2026-08-14T14:34:30.990Z</time>
      </trkpt>
      <trkpt lat="46.533231" lon="10.492018">
        <ele>1929.826669</ele>
        <time>2026-08-14T14:34:47.441Z</time>
      </trkpt>
      <trkpt lat="46.533237" lon="10.491931">
        <ele>1930.381971</ele>
        <time>2026-08-14T14:34:51.339Z</time>
      </trkpt>
      <trkpt lat="46.533282" lon="10.491904">
        <ele>1930.831406</ele>
        <time>2026-08-14T14:34:54.945Z</time>
      </trkpt>
      <trkpt lat="46.533318" lon="10.491930">
        <ele>1931.202516</ele>
        <time>2026-08-14T14:34:57.106Z</time>
      </trkpt>
      <trkpt lat="46.533379" lon="10.492138">
        <ele>1932.638540</ele>
        <time>2026-08-14T14:35:07.098Z</time>
      </trkpt>
      <trkpt lat="46.533493" lon="10.492404">
        <ele>1934.620531</ele>
        <time>2026-08-14T14:35:21.014Z</time>
      </trkpt>
      <trkpt lat="46.533778" lon="10.492918">
        <ele>1938.781647</ele>
        <time>2026-08-14T14:35:50.771Z</time>
      </trkpt>
      <trkpt lat="46.533843" lon="10.492953">
        <ele>1939.416747</ele>
        <time>2026-08-14T14:35:55.765Z</time>
      </trkpt>
      <trkpt lat="46.533870" lon="10.492879">
        <ele>1939.944715</ele>
        <time>2026-08-14T14:35:59.506Z</time>
      </trkpt>
      <trkpt lat="46.533832" lon="10.492790">
        <ele>1940.604950</ele>
        <time>2026-08-14T14:36:04.966Z</time>
      </trkpt>
      <trkpt lat="46.533594" lon="10.492244">
        <ele>1944.679124</ele>
        <time>2026-08-14T14:36:34.235Z</time>
      </trkpt>
      <trkpt lat="46.533570" lon="10.491929">
        <ele>1946.676729</ele>
        <time>2026-08-14T14:36:49.939Z</time>
      </trkpt>
      <trkpt lat="46.533520" lon="10.491779">
        <ele>1947.727333</ele>
        <time>2026-08-14T14:36:58.143Z</time>
      </trkpt>
      <trkpt lat="46.533163" lon="10.491215">
        <ele>1953.028816</ele>
        <time>2026-08-14T14:37:35.810Z</time>
      </trkpt>
      <trkpt lat="46.533031" lon="10.490952">
        <ele>1955.458092</ele>
        <time>2026-08-14T14:37:51.955Z</time>
      </trkpt>
      <trkpt lat="46.532701" lon="10.490252">
        <ele>1961.790256</ele>
        <time>2026-08-14T14:38:37.568Z</time>
      </trkpt>
      <trkpt lat="46.532591" lon="10.489949">
        <ele>1964.346755</ele>
        <time>2026-08-14T14:38:56.743Z</time>
      </trkpt>
      <trkpt lat="46.532500" lon="10.489574">
        <ele>1967.314000</ele>
        <time>2026-08-14T14:39:18.124Z</time>
      </trkpt>
      <trkpt lat="46.532376" lon="10.489294">
        <ele>1969.805058</ele>
        <time>2026-08-14T14:39:34.967Z</time>
      </trkpt>
      <trkpt lat="46.532294" lon="10.488789">
        <ele>1973.759413</ele>
        <time>2026-08-14T14:40:03.974Z</time>
      </trkpt>
      <trkpt lat="46.532223" lon="10.488492">
        <ele>1976.155616</ele>
        <time>2026-08-14T14:40:23.775Z</time>
      </trkpt>
      <trkpt lat="46.532093" lon="10.488074">
        <ele>1979.651604</ele>
        <time>2026-08-14T14:40:51.760Z</time>
      </trkpt>
      <trkpt lat="46.531931" lon="10.487687">
        <ele>1983.104038</ele>
        <time>2026-08-14T14:41:17.141Z</time>
      </trkpt>
      <trkpt lat="46.531936" lon="10.487597">
        <ele>1983.792165</ele>
        <time>2026-08-14T14:41:21.422Z</time>
      </trkpt>
      <trkpt lat="46.531983" lon="10.487552">
        <ele>1984.415625</ele>
        <time>2026-08-14T14:41:26.081Z</time>
      </trkpt>
      <trkpt lat="46.532028" lon="10.487587">
        <ele>1984.981007</ele>
        <time>2026-08-14T14:41:29.696Z</time>
      </trkpt>
      <trkpt lat="46.532086" lon="10.487772">
        <ele>1986.530402</ele>
        <time>2026-08-14T14:41:39.122Z</time>
      </trkpt>
      <trkpt lat="46.532209" lon="10.488031">
        <ele>1988.928880</ele>
        <time>2026-08-14T14:41:52.949Z</time>
      </trkpt>
      <trkpt lat="46.532650" lon="10.488625">
        <ele>1993.696917</ele>
        <time>2026-08-14T14:42:32.491Z</time>
      </trkpt>
      <trkpt lat="46.532961" lon="10.489277">
        <ele>1997.884827</ele>
        <time>2026-08-14T14:43:01.602Z</time>
      </trkpt>
      <trkpt lat="46.533748" lon="10.490428">
        <ele>2007.588527</ele>
        <time>2026-08-14T14:44:08.195Z</time>
      </trkpt>
      <trkpt lat="46.533787" lon="10.490452">
        <ele>2008.028404</ele>
        <time>2026-08-14T14:44:11.348Z</time>
      </trkpt>
      <trkpt lat="46.533816" lon="10.490433">
        <ele>2008.358794</ele>
        <time>2026-08-14T14:44:14.038Z</time>
      </trkpt>
      <trkpt lat="46.533816" lon="10.490346">
        <ele>2008.980424</ele>
        <time>2026-08-14T14:44:17.798Z</time>
      </trkpt>
      <trkpt lat="46.533786" lon="10.490295">
        <ele>2009.459885</ele>
        <time>2026-08-14T14:44:21.162Z</time>
      </trkpt>
      <trkpt lat="46.533558" lon="10.489899">
        <ele>2013.149611</ele>
        <time>2026-08-14T14:44:48.885Z</time>
      </trkpt>
      <trkpt lat="46.533297" lon="10.489007">
        <ele>2020.075713</ele>
        <time>2026-08-14T14:45:44.591Z</time>
      </trkpt>
      <trkpt lat="46.533173" lon="10.488443">
        <ele>2024.388418</ele>
        <time>2026-08-14T14:46:17.896Z</time>
      </trkpt>
      <trkpt lat="46.532879" lon="10.487729">
        <ele>2030.538067</ele>
        <time>2026-08-14T14:47:01.662Z</time>
      </trkpt>
      <trkpt lat="46.532553" lon="10.486123">
        <ele>2042.649008</ele>
        <time>2026-08-14T14:48:27.145Z</time>
      </trkpt>
      <trkpt lat="46.532363" lon="10.485507">
        <ele>2046.852444</ele>
        <time>2026-08-14T14:49:01.360Z</time>
      </trkpt>
      <trkpt lat="46.532402" lon="10.485440">
        <ele>2047.398924</ele>
        <time>2026-08-14T14:49:05.729Z</time>
      </trkpt>
      <trkpt lat="46.532448" lon="10.485477">
        <ele>2047.874759</ele>
        <time>2026-08-14T14:49:09.444Z</time>
      </trkpt>
      <trkpt lat="46.533381" lon="10.487656">
        <ele>2063.945275</ele>
        <time>2026-08-14T14:51:02.059Z</time>
      </trkpt>
      <trkpt lat="46.533629" lon="10.487902">
        <ele>2066.701141</ele>
        <time>2026-08-14T14:51:22.305Z</time>
      </trkpt>
      <trkpt lat="46.533868" lon="10.488354">
        <ele>2070.300948</ele>
        <time>2026-08-14T14:51:49.992Z</time>
      </trkpt>
      <trkpt lat="46.533911" lon="10.488343">
        <ele>2070.701707</ele>
        <time>2026-08-14T14:51:53.182Z</time>
      </trkpt>
      <trkpt lat="46.533916" lon="10.488279">
        <ele>2071.108427</ele>
        <time>2026-08-14T14:51:56.406Z</time>
      </trkpt>
      <trkpt lat="46.533570" lon="10.487568">
        <ele>2076.814826</ele>
        <time>2026-08-14T14:52:40.933Z</time>
      </trkpt>
      <trkpt lat="46.533429" lon="10.486871">
        <ele>2081.770411</ele>
        <time>2026-08-14T14:53:17.530Z</time>
      </trkpt>
      <trkpt lat="46.533244" lon="10.486352">
        <ele>2085.757570</ele>
        <time>2026-08-14T14:53:47.865Z</time>
      </trkpt>
      <trkpt lat="46.533022" lon="10.485490">
        <ele>2092.025378</ele>
        <time>2026-08-14T14:54:32.000Z</time>
      </trkpt>
      <trkpt lat="46.532911" lon="10.485152">
        <ele>2094.426586</ele>
        <time>2026-08-14T14:54:49.299Z</time>
      </trkpt>
      <trkpt lat="46.532939" lon="10.485096">
        <ele>2094.870420</ele>
        <time>2026-08-14T14:54:52.296Z</time>
      </trkpt>
      <trkpt lat="46.532984" lon="10.485112">
        <ele>2095.302154</ele>
        <time>2026-08-14T14:54:55.266Z</time>
      </trkpt>
      <trkpt lat="46.533483" lon="10.486336">
        <ele>2104.423778</ele>
        <time>2026-08-14T14:55:59.883Z</time>
      </trkpt>
      <trkpt lat="46.533746" lon="10.486822">
        <ele>2108.388040</ele>
        <time>2026-08-14T14:56:30.127Z</time>
      </trkpt>
      <trkpt lat="46.533802" lon="10.486835">
        <ele>2109.007025</ele>
        <time>2026-08-14T14:56:34.807Z</time>
      </trkpt>
      <trkpt lat="46.533802" lon="10.486747">
        <ele>2109.745165</ele>
        <time>2026-08-14T14:56:39.407Z</time>
      </trkpt>
      <trkpt lat="46.533648" lon="10.486414">
        <ele>2113.110845</ele>
        <time>2026-08-14T14:57:01.022Z</time>
      </trkpt>
      <trkpt lat="46.533544" lon="10.486110">
        <ele>2115.958696</ele>
        <time>2026-08-14T14:57:19.687Z</time>
      </trkpt>
      <trkpt lat="46.533281" lon="10.485107">
        <ele>2124.962302</ele>
        <time>2026-08-14T14:58:22.071Z</time>
      </trkpt>
      <trkpt lat="46.533274" lon="10.484897">
        <ele>2126.725854</ele>
        <time>2026-08-14T14:58:34.676Z</time>
      </trkpt>
      <trkpt lat="46.533324" lon="10.484540">
        <ele>2129.781809</ele>
        <time>2026-08-14T14:58:57.831Z</time>
      </trkpt>
      <trkpt lat="46.533306" lon="10.484345">
        <ele>2131.453804</ele>
        <time>2026-08-14T14:59:10.437Z</time>
      </trkpt>
      <trkpt lat="46.533224" lon="10.484121">
        <ele>2133.634715</ele>
        <time>2026-08-14T14:59:26.886Z</time>
      </trkpt>
      <trkpt lat="46.533061" lon="10.483862">
        <ele>2136.651845</ele>
        <time>2026-08-14T14:59:50.165Z</time>
      </trkpt>
      <trkpt lat="46.533020" lon="10.483721">
        <ele>2137.967568</ele>
        <time>2026-08-14T15:00:00.388Z</time>
      </trkpt>
      <trkpt lat="46.532810" lon="10.482601">
        <ele>2147.945246</ele>
        <time>2026-08-14T15:01:07.189Z</time>
      </trkpt>
      <trkpt lat="46.532741" lon="10.482228">
        <ele>2151.265117</ele>
        <time>2026-08-14T15:01:28.114Z</time>
      </trkpt>
      <trkpt lat="46.532756" lon="10.482163">
        <ele>2151.854396</ele>
        <time>2026-08-14T15:01:32.029Z</time>
      </trkpt>
      <trkpt lat="46.532804" lon="10.482175">
        <ele>2152.462914</ele>
        <time>2026-08-14T15:01:35.936Z</time>
      </trkpt>
      <trkpt lat="46.532931" lon="10.482634">
        <ele>2155.948149</ele>
        <time>2026-08-14T15:02:02.295Z</time>
      </trkpt>
      <trkpt lat="46.533186" lon="10.483311">
        <ele>2161.202643</ele>
        <time>2026-08-14T15:02:39.971Z</time>
      </trkpt>
      <trkpt lat="46.533228" lon="10.483354">
        <ele>2161.711016</ele>
        <time>2026-08-14T15:02:43.265Z</time>
      </trkpt>
      <trkpt lat="46.533263" lon="10.483315">
        <ele>2162.147430</ele>
        <time>2026-08-14T15:02:46.037Z</time>
      </trkpt>
      <trkpt lat="46.533243" lon="10.483236">
        <ele>2162.720506</ele>
        <time>2026-08-14T15:02:49.749Z</time>
      </trkpt>
      <trkpt lat="46.533102" lon="10.482698">
        <ele>2166.639883</ele>
        <time>2026-08-14T15:03:15.751Z</time>
      </trkpt>
      <trkpt lat="46.533090" lon="10.481859">
        <ele>2172.114843</ele>
        <time>2026-08-14T15:04:00.064Z</time>
      </trkpt>
      <trkpt lat="46.532975" lon="10.481310">
        <ele>2175.412826</ele>
        <time>2026-08-14T15:04:27.493Z</time>
      </trkpt>
      <trkpt lat="46.532993" lon="10.481227">
        <ele>2175.912947</ele>
        <time>2026-08-14T15:04:31.743Z</time>
      </trkpt>
      <trkpt lat="46.533051" lon="10.481253">
        <ele>2176.419972</ele>
        <time>2026-08-14T15:04:35.587Z</time>
      </trkpt>
      <trkpt lat="46.533243" lon="10.481862">
        <ele>2180.269754</ele>
        <time>2026-08-14T15:05:03.435Z</time>
      </trkpt>
      <trkpt lat="46.533365" lon="10.482473">
        <ele>2183.925914</ele>
        <time>2026-08-14T15:05:28.930Z</time>
      </trkpt>
      <trkpt lat="46.533549" lon="10.483050">
        <ele>2187.871222</ele>
        <time>2026-08-14T15:05:54.462Z</time>
      </trkpt>
      <trkpt lat="46.533572" lon="10.483199">
        <ele>2188.896160</ele>
        <time>2026-08-14T15:06:00.767Z</time>
      </trkpt>
      <trkpt lat="46.533597" lon="10.483234">
        <ele>2189.234805</ele>
        <time>2026-08-14T15:06:02.836Z</time>
      </trkpt>
      <trkpt lat="46.533636" lon="10.483228">
        <ele>2189.617439</ele>
        <time>2026-08-14T15:06:05.279Z</time>
      </trkpt>
      <trkpt lat="46.533663" lon="10.483162">
        <ele>2190.132831</ele>
        <time>2026-08-14T15:06:08.555Z</time>
      </trkpt>
      <trkpt lat="46.533526" lon="10.482599">
        <ele>2194.141059</ele>
        <time>2026-08-14T15:06:35.675Z</time>
      </trkpt>
      <trkpt lat="46.533516" lon="10.481901">
        <ele>2198.826971</ele>
        <time>2026-08-14T15:07:11.522Z</time>
      </trkpt>
      <trkpt lat="46.533341" lon="10.480524">
        <ele>2209.363854</ele>
        <time>2026-08-14T15:08:32.008Z</time>
      </trkpt>
      <trkpt lat="46.533247" lon="10.478709">
        <ele>2224.461714</ele>
        <time>2026-08-14T15:10:18.873Z</time>
      </trkpt>
      <trkpt lat="46.533261" lon="10.478261">
        <ele>2227.427302</ele>
        <time>2026-08-14T15:10:42.777Z</time>
      </trkpt>
      <trkpt lat="46.533293" lon="10.477979">
        <ele>2229.220139</ele>
        <time>2026-08-14T15:10:57.173Z</time>
      </trkpt>
      <trkpt lat="46.533288" lon="10.477761">
        <ele>2230.588371</ele>
        <time>2026-08-14T15:11:07.710Z</time>
      </trkpt>
      <trkpt lat="46.533255" lon="10.477538">
        <ele>2232.019206</ele>
        <time>2026-08-14T15:11:18.513Z</time>
      </trkpt>
      <trkpt lat="46.532903" lon="10.476333">
        <ele>2240.231200</ele>
        <time>2026-08-14T15:12:15.605Z</time>
      </trkpt>
      <trkpt lat="46.532904" lon="10.476270">
        <ele>2240.626495</ele>
        <time>2026-08-14T15:12:18.129Z</time>
      </trkpt>
      <trkpt lat="46.532945" lon="10.476235">
        <ele>2241.060047</ele>
        <time>2026-08-14T15:12:20.863Z</time>
      </trkpt>
      <trkpt lat="46.532985" lon="10.476266">
        <ele>2241.473381</ele>
        <time>2026-08-14T15:12:23.541Z</time>
      </trkpt>
      <trkpt lat="46.533141" lon="10.476690">
        <ele>2244.059593</ele>
        <time>2026-08-14T15:12:42.888Z</time>
      </trkpt>
      <trkpt lat="46.533414" lon="10.477245">
        <ele>2247.726383</ele>
        <time>2026-08-14T15:13:11.485Z</time>
      </trkpt>
      <trkpt lat="46.533484" lon="10.477433">
        <ele>2248.875250</ele>
        <time>2026-08-14T15:13:20.813Z</time>
      </trkpt>
      <trkpt lat="46.533558" lon="10.477831">
        <ele>2251.090962</ele>
        <time>2026-08-14T15:13:39.328Z</time>
      </trkpt>
      <trkpt lat="46.533589" lon="10.477869">
        <ele>2251.407755</ele>
        <time>2026-08-14T15:13:42.002Z</time>
      </trkpt>
      <trkpt lat="46.533639" lon="10.477838">
        <ele>2251.832414</ele>
        <time>2026-08-14T15:13:45.559Z</time>
      </trkpt>
      <trkpt lat="46.533643" lon="10.477769">
        <ele>2252.204553</ele>
        <time>2026-08-14T15:13:48.621Z</time>
      </trkpt>
      <trkpt lat="46.533506" lon="10.477045">
        <ele>2256.158560</ele>
        <time>2026-08-14T15:14:20.277Z</time>
      </trkpt>
      <trkpt lat="46.533459" lon="10.476858">
        <ele>2257.104110</ele>
        <time>2026-08-14T15:14:28.209Z</time>
      </trkpt>
      <trkpt lat="46.533330" lon="10.476347">
        <ele>2259.689287</ele>
        <time>2026-08-14T15:14:49.295Z</time>
      </trkpt>
      <trkpt lat="46.533351" lon="10.476282">
        <ele>2260.030346</ele>
        <time>2026-08-14T15:14:51.973Z</time>
      </trkpt>
      <trkpt lat="46.533400" lon="10.476291">
        <ele>2260.371324</ele>
        <time>2026-08-14T15:14:54.612Z</time>
      </trkpt>
      <trkpt lat="46.533707" lon="10.477225">
        <ele>2265.287561</ele>
        <time>2026-08-14T15:15:33.404Z</time>
      </trkpt>
      <trkpt lat="46.533848" lon="10.477810">
        <ele>2268.321933</ele>
        <time>2026-08-14T15:15:56.680Z</time>
      </trkpt>
      <trkpt lat="46.533892" lon="10.477860">
        <ele>2268.834410</ele>
        <time>2026-08-14T15:15:59.852Z</time>
      </trkpt>
      <trkpt lat="46.533924" lon="10.477799">
        <ele>2269.318657</ele>
        <time>2026-08-14T15:16:02.812Z</time>
      </trkpt>
      <trkpt lat="46.533851" lon="10.477337">
        <ele>2272.310969</ele>
        <time>2026-08-14T15:16:22.426Z</time>
      </trkpt>
      <trkpt lat="46.533720" lon="10.476501">
        <ele>2277.723397</ele>
        <time>2026-08-14T15:17:03.288Z</time>
      </trkpt>
      <trkpt lat="46.533711" lon="10.475875">
        <ele>2281.675893</ele>
        <time>2026-08-14T15:17:36.450Z</time>
      </trkpt>
      <trkpt lat="46.533547" lon="10.474819">
        <ele>2288.541597</ele>
        <time>2026-08-14T15:18:32.612Z</time>
      </trkpt>
      <trkpt lat="46.533525" lon="10.474456">
        <ele>2290.860061</ele>
        <time>2026-08-14T15:18:50.311Z</time>
      </trkpt>
      <trkpt lat="46.533478" lon="10.474306">
        <ele>2291.908739</ele>
        <time>2026-08-14T15:18:58.199Z</time>
      </trkpt>
      <trkpt lat="46.533282" lon="10.473953">
        <ele>2294.794908</ele>
        <time>2026-08-14T15:19:19.173Z</time>
      </trkpt>
      <trkpt lat="46.533039" lon="10.473242">
        <ele>2299.846047</ele>
        <time>2026-08-14T15:19:53.334Z</time>
      </trkpt>
      <trkpt lat="46.532579" lon="10.471074">
        <ele>2314.025764</ele>
        <time>2026-08-14T15:21:34.735Z</time>
      </trkpt>
      <trkpt lat="46.532596" lon="10.471002">
        <ele>2314.500717</ele>
        <time>2026-08-14T15:21:38.728Z</time>
      </trkpt>
      <trkpt lat="46.532648" lon="10.471030">
        <ele>2315.003650</ele>
        <time>2026-08-14T15:21:42.974Z</time>
      </trkpt>
      <trkpt lat="46.533311" lon="10.472912">
        <ele>2328.436268</ele>
        <time>2026-08-14T15:23:35.835Z</time>
      </trkpt>
      <trkpt lat="46.533356" lon="10.472959">
        <ele>2328.950015</ele>
        <time>2026-08-14T15:23:39.386Z</time>
      </trkpt>
      <trkpt lat="46.533392" lon="10.472902">
        <ele>2329.443551</ele>
        <time>2026-08-14T15:23:42.765Z</time>
      </trkpt>
      <trkpt lat="46.533181" lon="10.472207">
        <ele>2334.233209</ele>
        <time>2026-08-14T15:24:12.366Z</time>
      </trkpt>
      <trkpt lat="46.533001" lon="10.471365">
        <ele>2338.320567</ele>
        <time>2026-08-14T15:24:40.229Z</time>
      </trkpt>
      <trkpt lat="46.532848" lon="10.470383">
        <ele>2342.988105</ele>
        <time>2026-08-14T15:25:14.506Z</time>
      </trkpt>
      <trkpt lat="46.532843" lon="10.469922">
        <ele>2345.125427</ele>
        <time>2026-08-14T15:25:34.092Z</time>
      </trkpt>
      <trkpt lat="46.532804" lon="10.469433">
        <ele>2348.444049</ele>
        <time>2026-08-14T15:25:58.260Z</time>
      </trkpt>
      <trkpt lat="46.532847" lon="10.468701">
        <ele>2354.786437</ele>
        <time>2026-08-14T15:26:39.606Z</time>
      </trkpt>
      <trkpt lat="46.532791" lon="10.466641">
        <ele>2372.551496</ele>
        <time>2026-08-14T15:28:51.658Z</time>
      </trkpt>
      <trkpt lat="46.532800" lon="10.466211">
        <ele>2376.233335</ele>
        <time>2026-08-14T15:29:18.396Z</time>
      </trkpt>
      <trkpt lat="46.532747" lon="10.465982">
        <ele>2378.301162</ele>
        <time>2026-08-14T15:29:33.045Z</time>
      </trkpt>
      <trkpt lat="46.532134" lon="10.464432">
        <ele>2393.221226</ele>
        <time>2026-08-14T15:31:12.876Z</time>
      </trkpt>
      <trkpt lat="46.531831" lon="10.463520">
        <ele>2400.539327</ele>
        <time>2026-08-14T15:32:04.941Z</time>
      </trkpt>
      <trkpt lat="46.531841" lon="10.463432">
        <ele>2401.183809</ele>
        <time>2026-08-14T15:32:09.409Z</time>
      </trkpt>
      <trkpt lat="46.531903" lon="10.463439">
        <ele>2401.836974</ele>
        <time>2026-08-14T15:32:13.922Z</time>
      </trkpt>
      <trkpt lat="46.532213" lon="10.464186">
        <ele>2408.140613</ele>
        <time>2026-08-14T15:32:57.508Z</time>
      </trkpt>
      <trkpt lat="46.532516" lon="10.464667">
        <ele>2412.999507</ele>
        <time>2026-08-14T15:33:30.304Z</time>
      </trkpt>
      <trkpt lat="46.532555" lon="10.464697">
        <ele>2413.487114</ele>
        <time>2026-08-14T15:33:33.491Z</time>
      </trkpt>
      <trkpt lat="46.532587" lon="10.464673">
        <ele>2413.885034</ele>
        <time>2026-08-14T15:33:36.112Z</time>
      </trkpt>
      <trkpt lat="46.532578" lon="10.464604">
        <ele>2414.418939</ele>
        <time>2026-08-14T15:33:39.655Z</time>
      </trkpt>
      <trkpt lat="46.532305" lon="10.464025">
        <ele>2419.755307</ele>
        <time>2026-08-14T15:34:15.700Z</time>
      </trkpt>
      <trkpt lat="46.532073" lon="10.462998">
        <ele>2427.973088</ele>
        <time>2026-08-14T15:35:16.491Z</time>
      </trkpt>
      <trkpt lat="46.531997" lon="10.462753">
        <ele>2430.012803</ele>
        <time>2026-08-14T15:35:31.906Z</time>
      </trkpt>
      <trkpt lat="46.531741" lon="10.462066">
        <ele>2435.736047</ele>
        <time>2026-08-14T15:36:16.177Z</time>
      </trkpt>
      <trkpt lat="46.531617" lon="10.461802">
        <ele>2438.077650</ele>
        <time>2026-08-14T15:36:34.017Z</time>
      </trkpt>
      <trkpt lat="46.530943" lon="10.461016">
        <ele>2447.278482</ele>
        <time>2026-08-14T15:37:39.355Z</time>
      </trkpt>
      <trkpt lat="46.530920" lon="10.460945">
        <ele>2447.853356</ele>
        <time>2026-08-14T15:37:42.946Z</time>
      </trkpt>
      <trkpt lat="46.530945" lon="10.460896">
        <ele>2448.300233</ele>
        <time>2026-08-14T15:37:45.660Z</time>
      </trkpt>
      <trkpt lat="46.530993" lon="10.460908">
        <ele>2448.818835</ele>
        <time>2026-08-14T15:37:48.785Z</time>
      </trkpt>
      <trkpt lat="46.531308" lon="10.461211">
        <ele>2451.155900</ele>
        <time>2026-08-14T15:38:12.072Z</time>
      </trkpt>
      <trkpt lat="46.531704" lon="10.461414">
        <ele>2453.627581</ele>
        <time>2026-08-14T15:38:35.749Z</time>
      </trkpt>
      <trkpt lat="46.531820" lon="10.461523">
        <ele>2454.440636</ele>
        <time>2026-08-14T15:38:42.757Z</time>
      </trkpt>
      <trkpt lat="46.531929" lon="10.461697">
        <ele>2455.393597</ele>
        <time>2026-08-14T15:38:50.567Z</time>
      </trkpt>
      <trkpt lat="46.532231" lon="10.462300">
        <ele>2458.413963</ele>
        <time>2026-08-14T15:39:11.919Z</time>
      </trkpt>
      <trkpt lat="46.532440" lon="10.462609">
        <ele>2460.328400</ele>
        <time>2026-08-14T15:39:22.977Z</time>
      </trkpt>
      <trkpt lat="46.532807" lon="10.463533">
        <ele>2466.005948</ele>
        <time>2026-08-14T15:39:55.523Z</time>
      </trkpt>
      <trkpt lat="46.532944" lon="10.463979">
        <ele>2468.605085</ele>
        <time>2026-08-14T15:40:14.399Z</time>
      </trkpt>
      <trkpt lat="46.532996" lon="10.464016">
        <ele>2469.052913</ele>
        <time>2026-08-14T15:40:18.179Z</time>
      </trkpt>
      <trkpt lat="46.533011" lon="10.463956">
        <ele>2469.392619</ele>
        <time>2026-08-14T15:40:21.237Z</time>
      </trkpt>
      <trkpt lat="46.532732" lon="10.462766">
        <ele>2478.117115</ele>
        <time>2026-08-14T15:41:36.185Z</time>
      </trkpt>
      <trkpt lat="46.532500" lon="10.462025">
        <ele>2485.961588</ele>
        <time>2026-08-14T15:42:34.585Z</time>
      </trkpt>
      <trkpt lat="46.532424" lon="10.461478">
        <ele>2491.338576</ele>
        <time>2026-08-14T15:43:13.092Z</time>
      </trkpt>
      <trkpt lat="46.532379" lon="10.461359">
        <ele>2492.647000</ele>
        <time>2026-08-14T15:43:22.283Z</time>
      </trkpt>
      <trkpt lat="46.532220" lon="10.461119">
        <ele>2495.857465</ele>
        <time>2026-08-14T15:43:44.233Z</time>
      </trkpt>
      <trkpt lat="46.532046" lon="10.460659">
        <ele>2500.291199</ele>
        <time>2026-08-14T15:44:15.284Z</time>
      </trkpt>
      <trkpt lat="46.531883" lon="10.460469">
        <ele>2502.367917</ele>
        <time>2026-08-14T15:44:30.859Z</time>
      </trkpt>
      <trkpt lat="46.531346" lon="10.459963">
        <ele>2508.728777</ele>
        <time>2026-08-14T15:45:12.482Z</time>
      </trkpt>
      <trkpt lat="46.531154" lon="10.459842">
        <ele>2510.808803</ele>
        <time>2026-08-14T15:45:25.451Z</time>
      </trkpt>
      <trkpt lat="46.530791" lon="10.459741">
        <ele>2514.482346</ele>
        <time>2026-08-14T15:45:50.212Z</time>
      </trkpt>
      <trkpt lat="46.530402" lon="10.459393">
        <ele>2519.212051</ele>
        <time>2026-08-14T15:46:23.708Z</time>
      </trkpt>
      <trkpt lat="46.530374" lon="10.459334">
        <ele>2519.741233</ele>
        <time>2026-08-14T15:46:27.575Z</time>
      </trkpt>
      <trkpt lat="46.530395" lon="10.459289">
        <ele>2520.142690</ele>
        <time>2026-08-14T15:46:30.501Z</time>
      </trkpt>
      <trkpt lat="46.530427" lon="10.459289">
        <ele>2520.486099</ele>
        <time>2026-08-14T15:46:33.009Z</time>
      </trkpt>
      <trkpt lat="46.530690" lon="10.459432">
        <ele>2523.499495</ele>
        <time>2026-08-14T15:46:55.818Z</time>
      </trkpt>
      <trkpt lat="46.531502" lon="10.459580">
        <ele>2532.281747</ele>
        <time>2026-08-14T15:48:04.842Z</time>
      </trkpt>
      <trkpt lat="46.531860" lon="10.459741">
        <ele>2536.197030</ele>
        <time>2026-08-14T15:48:32.289Z</time>
      </trkpt>
      <trkpt lat="46.532262" lon="10.459968">
        <ele>2539.452821</ele>
        <time>2026-08-14T15:48:56.886Z</time>
      </trkpt>
      <trkpt lat="46.532482" lon="10.460159">
        <ele>2541.387363</ele>
        <time>2026-08-14T15:49:09.930Z</time>
      </trkpt>
      <trkpt lat="46.532594" lon="10.460302">
        <ele>2542.512745</ele>
        <time>2026-08-14T15:49:17.358Z</time>
      </trkpt>
      <trkpt lat="46.532898" lon="10.460873">
        <ele>2546.262571</ele>
        <time>2026-08-14T15:49:41.690Z</time>
      </trkpt>
      <trkpt lat="46.533088" lon="10.461303">
        <ele>2548.916740</ele>
        <time>2026-08-14T15:50:03.065Z</time>
      </trkpt>
      <trkpt lat="46.533130" lon="10.461305">
        <ele>2549.233984</ele>
        <time>2026-08-14T15:50:06.608Z</time>
      </trkpt>
      <trkpt lat="46.533130" lon="10.461216">
        <ele>2549.757131</ele>
        <time>2026-08-14T15:50:10.475Z</time>
      </trkpt>
      <trkpt lat="46.532932" lon="10.460640">
        <ele>2554.281017</ele>
        <time>2026-08-14T15:50:44.496Z</time>
      </trkpt>
      <trkpt lat="46.532628" lon="10.459931">
        <ele>2560.150572</ele>
        <time>2026-08-14T15:51:34.487Z</time>
      </trkpt>
      <trkpt lat="46.532344" lon="10.459363">
        <ele>2565.083881</ele>
        <time>2026-08-14T15:52:10.098Z</time>
      </trkpt>
      <trkpt lat="46.532105" lon="10.459116">
        <ele>2568.067672</ele>
        <time>2026-08-14T15:52:29.855Z</time>
      </trkpt>
      <trkpt lat="46.531395" lon="10.458844">
        <ele>2575.120484</ele>
        <time>2026-08-14T15:53:12.325Z</time>
      </trkpt>
      <trkpt lat="46.530842" lon="10.458453">
        <ele>2581.027427</ele>
        <time>2026-08-14T15:53:54.240Z</time>
      </trkpt>
      <trkpt lat="46.530408" lon="10.457989">
        <ele>2586.236253</ele>
        <time>2026-08-14T15:54:41.303Z</time>
      </trkpt>
      <trkpt lat="46.529926" lon="10.457269">
        <ele>2593.092402</ele>
        <time>2026-08-14T15:55:39.941Z</time>
      </trkpt>
      <trkpt lat="46.529910" lon="10.457175">
        <ele>2593.753264</ele>
        <time>2026-08-14T15:55:44.947Z</time>
      </trkpt>
      <trkpt lat="46.529964" lon="10.457168">
        <ele>2594.291067</ele>
        <time>2026-08-14T15:55:49.059Z</time>
      </trkpt>
      <trkpt lat="46.530332" lon="10.457547">
        <ele>2598.765061</ele>
        <time>2026-08-14T15:56:20.123Z</time>
      </trkpt>
      <trkpt lat="46.530939" lon="10.457988">
        <ele>2604.980135</ele>
        <time>2026-08-14T15:56:57.825Z</time>
      </trkpt>
      <trkpt lat="46.531677" lon="10.458261">
        <ele>2610.963907</ele>
        <time>2026-08-14T15:57:34.931Z</time>
      </trkpt>
      <trkpt lat="46.531729" lon="10.458246">
        <ele>2611.380472</ele>
        <time>2026-08-14T15:57:37.903Z</time>
      </trkpt>
      <trkpt lat="46.531739" lon="10.458203">
        <ele>2611.625838</ele>
        <time>2026-08-14T15:57:39.630Z</time>
      </trkpt>
      <trkpt lat="46.531709" lon="10.458148">
        <ele>2612.005262</ele>
        <time>2026-08-14T15:57:42.391Z</time>
      </trkpt>
      <trkpt lat="46.531491" lon="10.458105">
        <ele>2613.733926</ele>
        <time>2026-08-14T15:57:56.476Z</time>
      </trkpt>
      <trkpt lat="46.531019" lon="10.457816">
        <ele>2617.969585</ele>
        <time>2026-08-14T15:58:36.840Z</time>
      </trkpt>
      <trkpt lat="46.530705" lon="10.457399">
        <ele>2622.462598</ele>
        <time>2026-08-14T15:59:14.927Z</time>
      </trkpt>
      <trkpt lat="46.530329" lon="10.456715">
        <ele>2628.825620</ele>
        <time>2026-08-14T16:00:05.965Z</time>
      </trkpt>
      <trkpt lat="46.530042" lon="10.456519">
        <ele>2632.175403</ele>
        <time>2026-08-14T16:00:29.276Z</time>
      </trkpt>
      <trkpt lat="46.530041" lon="10.456459">
        <ele>2632.611591</ele>
        <time>2026-08-14T16:00:32.110Z</time>
      </trkpt>
      <trkpt lat="46.530090" lon="10.456439">
        <ele>2633.149241</ele>
        <time>2026-08-14T16:00:35.581Z</time>
      </trkpt>
      <trkpt lat="46.530363" lon="10.456566">
        <ele>2636.173802</ele>
        <time>2026-08-14T16:00:52.994Z</time>
      </trkpt>
      <trkpt lat="46.530513" lon="10.456682">
        <ele>2637.772250</ele>
        <time>2026-08-14T16:01:02.126Z</time>
      </trkpt>
      <trkpt lat="46.530711" lon="10.456902">
        <ele>2640.116861</ele>
        <time>2026-08-14T16:01:14.348Z</time>
      </trkpt>
      <trkpt lat="46.531104" lon="10.457453">
        <ele>2645.253693</ele>
        <time>2026-08-14T16:01:40.761Z</time>
      </trkpt>
      <trkpt lat="46.531203" lon="10.457535">
        <ele>2646.325653</ele>
        <time>2026-08-14T16:01:47.434Z</time>
      </trkpt>
      <trkpt lat="46.531232" lon="10.457517">
        <ele>2646.622309</ele>
        <time>2026-08-14T16:01:49.274Z</time>
      </trkpt>
      <trkpt lat="46.531231" lon="10.457453">
        <ele>2647.036632</ele>
        <time>2026-08-14T16:01:52.120Z</time>
      </trkpt>
      <trkpt lat="46.531053" lon="10.457218">
        <ele>2649.298820</ele>
        <time>2026-08-14T16:02:09.768Z</time>
      </trkpt>
      <trkpt lat="46.530777" lon="10.456603">
        <ele>2654.726447</ele>
        <time>2026-08-14T16:02:58.904Z</time>
      </trkpt>
      <trkpt lat="46.530683" lon="10.456480">
        <ele>2656.732348</ele>
        <time>2026-08-14T16:03:13.221Z</time>
      </trkpt>
      <trkpt lat="46.530283" lon="10.456118">
        <ele>2664.205369</ele>
        <time>2026-08-14T16:04:10.914Z</time>
      </trkpt>
      <trkpt lat="46.530024" lon="10.455768">
        <ele>2669.814015</ele>
        <time>2026-08-14T16:04:52.263Z</time>
      </trkpt>
      <trkpt lat="46.529945" lon="10.455701">
        <ele>2671.264615</ele>
        <time>2026-08-14T16:05:02.366Z</time>
      </trkpt>
      <trkpt lat="46.529797" lon="10.455693">
        <ele>2673.613484</ele>
        <time>2026-08-14T16:05:18.154Z</time>
      </trkpt>
      <trkpt lat="46.529471" lon="10.455757">
        <ele>2678.830716</ele>
        <time>2026-08-14T16:05:50.169Z</time>
      </trkpt>
      <trkpt lat="46.529429" lon="10.455726">
        <ele>2679.577787</ele>
        <time>2026-08-14T16:05:54.239Z</time>
      </trkpt>
      <trkpt lat="46.529428" lon="10.455682">
        <ele>2680.058143</ele>
        <time>2026-08-14T16:05:56.859Z</time>
      </trkpt>
      <trkpt lat="46.529456" lon="10.455655">
        <ele>2680.591053</ele>
        <time>2026-08-14T16:05:59.740Z</time>
      </trkpt>
      <trkpt lat="46.529558" lon="10.455624">
        <ele>2681.868054</ele>
        <time>2026-08-14T16:06:08.285Z</time>
      </trkpt>
      <trkpt lat="46.529976" lon="10.455496">
        <ele>2684.733060</ele>
        <time>2026-08-14T16:06:39.138Z</time>
      </trkpt>
      <trkpt lat="46.530016" lon="10.455444">
        <ele>2685.092977</ele>
        <time>2026-08-14T16:06:42.598Z</time>
      </trkpt>
      <trkpt lat="46.530003" lon="10.455376">
        <ele>2685.418628</ele>
        <time>2026-08-14T16:06:45.664Z</time>
      </trkpt>
      <trkpt lat="46.529963" lon="10.455361">
        <ele>2685.695687</ele>
        <time>2026-08-14T16:06:48.161Z</time>
      </trkpt>
      <trkpt lat="46.529466" lon="10.455473">
        <ele>2689.068820</ele>
        <time>2026-08-14T16:07:14.648Z</time>
      </trkpt>
      <trkpt lat="46.529425" lon="10.455409">
        <ele>2689.472332</ele>
        <time>2026-08-14T16:07:17.363Z</time>
      </trkpt>
      <trkpt lat="46.529458" lon="10.455335">
        <ele>2689.879240</ele>
        <time>2026-08-14T16:07:20.076Z</time>
      </trkpt>
      <trkpt lat="46.529635" lon="10.455303">
        <ele>2691.075501</ele>
        <time>2026-08-14T16:07:27.519Z</time>
      </trkpt>
      <trkpt lat="46.530104" lon="10.455219">
        <ele>2693.996808</ele>
        <time>2026-08-14T16:07:44.568Z</time>
      </trkpt>
      <trkpt lat="46.530303" lon="10.455417">
        <ele>2694.932949</ele>
        <time>2026-08-14T16:07:52.097Z</time>
      </trkpt>
      <trkpt lat="46.530442" lon="10.455515">
        <ele>2695.532654</ele>
        <time>2026-08-14T16:07:56.392Z</time>
      </trkpt>
      <trkpt lat="46.531138" lon="10.455782">
        <ele>2698.326953</ele>
        <time>2026-08-14T16:08:20.954Z</time>
      </trkpt>
      <trkpt lat="46.531258" lon="10.455936">
        <ele>2698.948352</ele>
        <time>2026-08-14T16:08:28.608Z</time>
      </trkpt>
      <trkpt lat="46.531500" lon="10.456426">
        <ele>2700.559215</ele>
        <time>2026-08-14T16:08:50.309Z</time>
      </trkpt>
      <trkpt lat="46.531546" lon="10.456450">
        <ele>2700.918734</ele>
        <time>2026-08-14T16:08:53.055Z</time>
      </trkpt>
      <trkpt lat="46.531582" lon="10.456398">
        <ele>2701.417686</ele>
        <time>2026-08-14T16:08:56.453Z</time>
      </trkpt>
      <trkpt lat="46.531574" lon="10.456342">
        <ele>2701.804518</ele>
        <time>2026-08-14T16:08:58.584Z</time>
      </trkpt>
      <trkpt lat="46.531471" lon="10.456159">
        <ele>2703.403678</ele>
        <time>2026-08-14T16:09:08.588Z</time>
      </trkpt>
      <trkpt lat="46.531362" lon="10.455841">
        <ele>2705.806628</ele>
        <time>2026-08-14T16:09:25.314Z</time>
      </trkpt>
      <trkpt lat="46.531266" lon="10.455647">
        <ele>2707.422916</ele>
        <time>2026-08-14T16:09:37.062Z</time>
      </trkpt>
      <trkpt lat="46.531091" lon="10.455469">
        <ele>2709.522764</ele>
        <time>2026-08-14T16:09:53.014Z</time>
      </trkpt>
      <trkpt lat="46.530594" lon="10.455089">
        <ele>2715.043606</ele>
        <time>2026-08-14T16:10:39.337Z</time>
      </trkpt>
      <trkpt lat="46.530350" lon="10.454734">
        <ele>2718.472406</ele>
        <time>2026-08-14T16:11:04.780Z</time>
      </trkpt>
      <trkpt lat="46.530280" lon="10.454688">
        <ele>2719.452777</ele>
        <time>2026-08-14T16:11:10.306Z</time>
      </trkpt>
      <trkpt lat="46.529738" lon="10.454546">
        <ele>2726.481080</ele>
        <time>2026-08-14T16:11:52.370Z</time>
      </trkpt>
      <trkpt lat="46.529256" lon="10.454365">
        <ele>2732.834183</ele>
        <time>2026-08-14T16:12:40.248Z</time>
      </trkpt>
      <trkpt lat="46.529106" lon="10.454242">
        <ele>2735.032048</ele>
        <time>2026-08-14T16:12:56.778Z</time>
      </trkpt>
      <trkpt lat="46.529004" lon="10.454067">
        <ele>2737.045794</ele>
        <time>2026-08-14T16:13:12.063Z</time>
      </trkpt>
      <trkpt lat="46.528814" lon="10.453764">
        <ele>2740.645314</ele>
        <time>2026-08-14T16:13:38.345Z</time>
      </trkpt>
      <trkpt lat="46.528656" lon="10.453506">
        <ele>2741.830115</ele>
        <time>2026-08-14T16:13:58.410Z</time>
      </trkpt>
      <trkpt lat="46.528618" lon="10.453206">
        <ele>2742.449053</ele>
        <time>2026-08-14T16:14:16.148Z</time>
      </trkpt>
      <trkpt lat="46.528629" lon="10.453099">
        <ele>2742.668570</ele>
        <time>2026-08-14T16:14:21.941Z</time>
      </trkpt>
      <trkpt lat="46.528677" lon="10.452944">
        <ele>2743.013460</ele>
        <time>2026-08-14T16:14:31.080Z</time>
      </trkpt>
      <trkpt lat="46.528746" lon="10.452829">
        <ele>2743.323067</ele>
        <time>2026-08-14T16:14:39.326Z</time>
      </trkpt>
      <trkpt lat="46.528813" lon="10.452752">
        <ele>2743.574967</ele>
        <time>2026-08-14T16:14:44.573Z</time>
      </trkpt>
      <trkpt lat="46.528833" lon="10.452731">
        <ele>2743.647731</ele>
        <time>2026-08-14T16:14:46.126Z</time>
      </trkpt>
      <trkpt lat="46.529228" lon="10.452354">
        <ele>2745.041360</ele>
        <time>2026-08-14T16:14:57.576Z</time>
      </trkpt>
      <trkpt lat="46.529296" lon="10.452290">
        <ele>2745.280276</ele>
        <time>2026-08-14T16:14:58.863Z</time>
      </trkpt>
      <trkpt lat="46.529415" lon="10.452193">
        <ele>2745.682650</ele>
        <time>2026-08-14T16:15:01.019Z</time>
      </trkpt>
      <trkpt lat="46.529601" lon="10.451993">
        <ele>2746.364985</ele>
        <time>2026-08-14T16:15:04.520Z</time>
      </trkpt>
      <trkpt lat="46.529709" lon="10.451817">
        <ele>2745.581379</ele>
        <time>2026-08-14T16:15:06.870Z</time>
      </trkpt>
      <trkpt lat="46.529860" lon="10.451556">
        <ele>2742.967900</ele>
        <time>2026-08-14T16:15:10.180Z</time>
      </trkpt>
      <trkpt lat="46.530034" lon="10.451329">
        <ele>2740.363418</ele>
        <time>2026-08-14T16:15:13.421Z</time>
      </trkpt>
      <trkpt lat="46.530056" lon="10.451248">
        <ele>2739.696035</ele>
        <time>2026-08-14T16:15:14.242Z</time>
      </trkpt>
      <trkpt lat="46.530052" lon="10.451213">
        <ele>2739.424130</ele>
        <time>2026-08-14T16:15:14.575Z</time>
      </trkpt>
      <trkpt lat="46.529988" lon="10.451155">
        <ele>2738.583986</ele>
        <time>2026-08-14T16:15:15.604Z</time>
      </trkpt>
      <trkpt lat="46.529806" lon="10.451257">
        <ele>2736.411116</ele>
        <time>2026-08-14T16:15:18.245Z</time>
      </trkpt>
      <trkpt lat="46.529775" lon="10.451262">
        <ele>2736.063672</ele>
        <time>2026-08-14T16:15:18.673Z</time>
      </trkpt>
      <trkpt lat="46.529726" lon="10.451269">
        <ele>2735.515206</ele>
        <time>2026-08-14T16:15:19.341Z</time>
      </trkpt>
      <trkpt lat="46.529624" lon="10.451194">
        <ele>2734.241868</ele>
        <time>2026-08-14T16:15:20.875Z</time>
      </trkpt>
      <trkpt lat="46.529576" lon="10.451074">
        <ele>2733.178074</ele>
        <time>2026-08-14T16:15:22.168Z</time>
      </trkpt>
      <trkpt lat="46.529420" lon="10.450299">
        <ele>2726.989655</ele>
        <time>2026-08-14T16:15:29.932Z</time>
      </trkpt>
      <trkpt lat="46.529389" lon="10.450141">
        <ele>2725.832661</ele>
        <time>2026-08-14T16:15:31.535Z</time>
      </trkpt>
      <trkpt lat="46.529228" lon="10.449255">
        <ele>2719.692412</ele>
        <time>2026-08-14T16:15:40.421Z</time>
      </trkpt>
      <trkpt lat="46.529258" lon="10.449078">
        <ele>2718.470958</ele>
        <time>2026-08-14T16:15:42.209Z</time>
      </trkpt>
      <trkpt lat="46.529331" lon="10.448943">
        <ele>2717.320423</ele>
        <time>2026-08-14T16:15:43.894Z</time>
      </trkpt>
      <trkpt lat="46.529432" lon="10.448878">
        <ele>2716.244641</ele>
        <time>2026-08-14T16:15:45.491Z</time>
      </trkpt>
      <trkpt lat="46.530497" lon="10.448742">
        <ele>2706.195279</ele>
        <time>2026-08-14T16:16:00.907Z</time>
      </trkpt>
      <trkpt lat="46.530602" lon="10.448695">
        <ele>2705.246890</ele>
        <time>2026-08-14T16:16:02.490Z</time>
      </trkpt>
      <trkpt lat="46.530660" lon="10.448615">
        <ele>2704.556682</ele>
        <time>2026-08-14T16:16:03.655Z</time>
      </trkpt>
      <trkpt lat="46.530675" lon="10.448509">
        <ele>2703.914002</ele>
        <time>2026-08-14T16:16:04.726Z</time>
      </trkpt>
      <trkpt lat="46.530651" lon="10.448402">
        <ele>2703.245642</ele>
        <time>2026-08-14T16:16:05.857Z</time>
      </trkpt>
      <trkpt lat="46.530429" lon="10.448051">
        <ele>2700.414122</ele>
        <time>2026-08-14T16:16:10.621Z</time>
      </trkpt>
      <trkpt lat="46.530262" lon="10.447603">
        <ele>2697.388120</ele>
        <time>2026-08-14T16:16:15.736Z</time>
      </trkpt>
      <trkpt lat="46.530258" lon="10.447414">
        <ele>2696.265168</ele>
        <time>2026-08-14T16:16:17.641Z</time>
      </trkpt>
      <trkpt lat="46.530338" lon="10.447274">
        <ele>2695.184352</ele>
        <time>2026-08-14T16:16:19.467Z</time>
      </trkpt>
      <trkpt lat="46.530451" lon="10.447238">
        <ele>2694.185754</ele>
        <time>2026-08-14T16:16:21.138Z</time>
      </trkpt>
      <trkpt lat="46.530547" lon="10.447302">
        <ele>2693.218607</ele>
        <time>2026-08-14T16:16:22.671Z</time>
      </trkpt>
      <trkpt lat="46.530914" lon="10.447872">
        <ele>2687.441255</ele>
        <time>2026-08-14T16:16:30.441Z</time>
      </trkpt>
      <trkpt lat="46.531036" lon="10.447991">
        <ele>2685.860834</ele>
        <time>2026-08-14T16:16:32.558Z</time>
      </trkpt>
      <trkpt lat="46.531984" lon="10.448259">
        <ele>2675.472305</ele>
        <time>2026-08-14T16:16:46.015Z</time>
      </trkpt>
      <trkpt lat="46.532150" lon="10.448225">
        <ele>2673.507888</ele>
        <time>2026-08-14T16:16:48.290Z</time>
      </trkpt>
      <trkpt lat="46.532247" lon="10.448082">
        <ele>2671.525578</ele>
        <time>2026-08-14T16:16:50.158Z</time>
      </trkpt>
      <trkpt lat="46.532309" lon="10.447746">
        <ele>2668.091712</ele>
        <time>2026-08-14T16:16:53.390Z</time>
      </trkpt>
      <trkpt lat="46.532314" lon="10.447429">
        <ele>2664.961808</ele>
        <time>2026-08-14T16:16:56.327Z</time>
      </trkpt>
      <trkpt lat="46.532306" lon="10.447141">
        <ele>2662.116666</ele>
        <time>2026-08-14T16:16:58.988Z</time>
      </trkpt>
      <trkpt lat="46.532319" lon="10.446935">
        <ele>2660.074719</ele>
        <time>2026-08-14T16:17:00.898Z</time>
      </trkpt>
      <trkpt lat="46.532342" lon="10.446873">
        <ele>2659.379414</ele>
        <time>2026-08-14T16:17:01.554Z</time>
      </trkpt>
      <trkpt lat="46.533095" lon="10.445447">
        <ele>2643.311400</ele>
        <time>2026-08-14T16:17:18.216Z</time>
      </trkpt>
      <trkpt lat="46.533213" lon="10.445076">
        <ele>2640.284989</ele>
        <time>2026-08-14T16:17:22.118Z</time>
      </trkpt>
      <trkpt lat="46.533247" lon="10.444832">
        <ele>2638.441637</ele>
        <time>2026-08-14T16:17:24.526Z</time>
      </trkpt>
      <trkpt lat="46.533219" lon="10.444733">
        <ele>2637.649072</ele>
        <time>2026-08-14T16:17:25.574Z</time>
      </trkpt>
      <trkpt lat="46.533153" lon="10.444660">
        <ele>2636.756444</ele>
        <time>2026-08-14T16:17:26.753Z</time>
      </trkpt>
      <trkpt lat="46.532894" lon="10.444611">
        <ele>2633.945268</ele>
        <time>2026-08-14T16:17:30.505Z</time>
      </trkpt>
      <trkpt lat="46.532708" lon="10.444658">
        <ele>2631.913294</ele>
        <time>2026-08-14T16:17:33.266Z</time>
      </trkpt>
      <trkpt lat="46.532159" lon="10.444885">
        <ele>2626.841810</ele>
        <time>2026-08-14T16:17:41.766Z</time>
      </trkpt>
      <trkpt lat="46.531734" lon="10.444936">
        <ele>2623.782224</ele>
        <time>2026-08-14T16:17:48.225Z</time>
      </trkpt>
      <trkpt lat="46.531642" lon="10.444918">
        <ele>2623.116207</ele>
        <time>2026-08-14T16:17:49.638Z</time>
      </trkpt>
      <trkpt lat="46.531589" lon="10.444866">
        <ele>2622.657438</ele>
        <time>2026-08-14T16:17:50.614Z</time>
      </trkpt>
      <trkpt lat="46.531526" lon="10.444757">
        <ele>2621.954763</ele>
        <time>2026-08-14T16:17:52.094Z</time>
      </trkpt>
      <trkpt lat="46.531537" lon="10.444585">
        <ele>2621.102142</ele>
        <time>2026-08-14T16:17:53.892Z</time>
      </trkpt>
      <trkpt lat="46.531804" lon="10.443937">
        <ele>2617.373955</ele>
        <time>2026-08-14T16:18:01.689Z</time>
      </trkpt>
      <trkpt lat="46.531979" lon="10.443702">
        <ele>2615.589471</ele>
        <time>2026-08-14T16:18:05.215Z</time>
      </trkpt>
      <trkpt lat="46.532271" lon="10.443529">
        <ele>2612.918132</ele>
        <time>2026-08-14T16:18:09.832Z</time>
      </trkpt>
      <trkpt lat="46.532894" lon="10.443204">
        <ele>2607.310641</ele>
        <time>2026-08-14T16:18:19.438Z</time>
      </trkpt>
      <trkpt lat="46.533006" lon="10.443110">
        <ele>2606.215007</ele>
        <time>2026-08-14T16:18:21.321Z</time>
      </trkpt>
      <trkpt lat="46.533302" lon="10.442661">
        <ele>2602.590675</ele>
        <time>2026-08-14T16:18:27.504Z</time>
      </trkpt>
      <trkpt lat="46.533409" lon="10.442341">
        <ele>2600.465631</ele>
        <time>2026-08-14T16:18:31.042Z</time>
      </trkpt>
      <trkpt lat="46.533416" lon="10.442105">
        <ele>2598.871352</ele>
        <time>2026-08-14T16:18:33.386Z</time>
      </trkpt>
      <trkpt lat="46.533348" lon="10.441842">
        <ele>2596.975096</ele>
        <time>2026-08-14T16:18:36.163Z</time>
      </trkpt>
      <trkpt lat="46.532727" lon="10.440646">
        <ele>2586.861922</ele>
        <time>2026-08-14T16:18:50.867Z</time>
      </trkpt>
      <trkpt lat="46.532542" lon="10.440291">
        <ele>2583.856105</ele>
        <time>2026-08-14T16:18:55.182Z</time>
      </trkpt>
      <trkpt lat="46.532256" lon="10.439799">
        <ele>2578.831161</ele>
        <time>2026-08-14T16:19:01.366Z</time>
      </trkpt>
      <trkpt lat="46.532243" lon="10.439706">
        <ele>2578.072967</ele>
        <time>2026-08-14T16:19:02.276Z</time>
      </trkpt>
      <trkpt lat="46.532293" lon="10.439614">
        <ele>2577.136255</ele>
        <time>2026-08-14T16:19:03.393Z</time>
      </trkpt>
      <trkpt lat="46.533548" lon="10.438871">
        <ele>2561.460631</ele>
        <time>2026-08-14T16:19:22.107Z</time>
      </trkpt>
      <trkpt lat="46.533864" lon="10.438790">
        <ele>2557.986604</ele>
        <time>2026-08-14T16:19:26.583Z</time>
      </trkpt>
      <trkpt lat="46.534562" lon="10.438720">
        <ele>2550.411592</ele>
        <time>2026-08-14T16:19:36.364Z</time>
      </trkpt>
      <trkpt lat="46.535421" lon="10.438467">
        <ele>2540.983998</ele>
        <time>2026-08-14T16:19:48.769Z</time>
      </trkpt>
      <trkpt lat="46.535567" lon="10.438425">
        <ele>2539.424484</ele>
        <time>2026-08-14T16:19:50.900Z</time>
      </trkpt>
      <trkpt lat="46.535809" lon="10.438346">
        <ele>2536.825560</ele>
        <time>2026-08-14T16:19:54.417Z</time>
      </trkpt>
      <trkpt lat="46.536171" lon="10.438352">
        <ele>2533.032132</ele>
        <time>2026-08-14T16:19:59.552Z</time>
      </trkpt>
      <trkpt lat="46.536192" lon="10.438315">
        <ele>2532.686375</ele>
        <time>2026-08-14T16:20:00.014Z</time>
      </trkpt>
      <trkpt lat="46.536183" lon="10.438228">
        <ele>2532.052223</ele>
        <time>2026-08-14T16:20:00.872Z</time>
      </trkpt>
      <trkpt lat="46.535893" lon="10.437825">
        <ele>2527.848404</ele>
        <time>2026-08-14T16:20:06.547Z</time>
      </trkpt>
      <trkpt lat="46.535906" lon="10.437720">
        <ele>2527.079394</ele>
        <time>2026-08-14T16:20:07.574Z</time>
      </trkpt>
      <trkpt lat="46.536553" lon="10.436951">
        <ele>2517.318406</ele>
        <time>2026-08-14T16:20:19.175Z</time>
      </trkpt>
      <trkpt lat="46.536871" lon="10.436783">
        <ele>2513.144863</ele>
        <time>2026-08-14T16:20:23.791Z</time>
      </trkpt>
      <trkpt lat="46.537198" lon="10.436551">
        <ele>2508.656564</ele>
        <time>2026-08-14T16:20:28.737Z</time>
      </trkpt>
      <trkpt lat="46.537279" lon="10.436417">
        <ele>2507.142942</ele>
        <time>2026-08-14T16:20:30.412Z</time>
      </trkpt>
      <trkpt lat="46.537580" lon="10.435556">
        <ele>2499.666497</ele>
        <time>2026-08-14T16:20:39.568Z</time>
      </trkpt>
      <trkpt lat="46.537701" lon="10.435318">
        <ele>2497.787652</ele>
        <time>2026-08-14T16:20:42.428Z</time>
      </trkpt>
      <trkpt lat="46.537885" lon="10.435160">
        <ele>2495.815367</ele>
        <time>2026-08-14T16:20:45.450Z</time>
      </trkpt>
      <trkpt lat="46.539139" lon="10.434343">
        <ele>2483.673075</ele>
        <time>2026-08-14T16:21:05.633Z</time>
      </trkpt>
      <trkpt lat="46.539296" lon="10.434173">
        <ele>2482.338103</ele>
        <time>2026-08-14T16:21:08.542Z</time>
      </trkpt>
      <trkpt lat="46.539578" lon="10.433618">
        <ele>2479.101505</ele>
        <time>2026-08-14T16:21:15.652Z</time>
      </trkpt>
      <trkpt lat="46.539722" lon="10.433335">
        <ele>2477.450304</ele>
        <time>2026-08-14T16:21:19.315Z</time>
      </trkpt>
      <trkpt lat="46.539722" lon="10.433227">
        <ele>2476.943709</ele>
        <time>2026-08-14T16:21:20.461Z</time>
      </trkpt>
      <trkpt lat="46.539673" lon="10.433210">
        <ele>2476.600178</ele>
        <time>2026-08-14T16:21:21.227Z</time>
      </trkpt>
      <trkpt lat="46.539445" lon="10.433442">
        <ele>2474.702361</ele>
        <time>2026-08-14T16:21:25.467Z</time>
      </trkpt>
      <trkpt lat="46.538995" lon="10.433723">
        <ele>2471.368508</ele>
        <time>2026-08-14T16:21:32.972Z</time>
      </trkpt>
      <trkpt lat="46.538410" lon="10.433849">
        <ele>2467.350914</ele>
        <time>2026-08-14T16:21:42.304Z</time>
      </trkpt>
      <trkpt lat="46.538067" lon="10.433974">
        <ele>2464.948634</ele>
        <time>2026-08-14T16:21:47.658Z</time>
      </trkpt>
      <trkpt lat="46.537998" lon="10.433931">
        <ele>2464.438626</ele>
        <time>2026-08-14T16:21:48.779Z</time>
      </trkpt>
      <trkpt lat="46.537989" lon="10.433888">
        <ele>2464.228587</ele>
        <time>2026-08-14T16:21:49.239Z</time>
      </trkpt>
      <trkpt lat="46.538013" lon="10.433799">
        <ele>2463.781865</ele>
        <time>2026-08-14T16:21:50.208Z</time>
      </trkpt>
      <trkpt lat="46.538425" lon="10.433389">
        <ele>2460.305413</ele>
        <time>2026-08-14T16:21:57.487Z</time>
      </trkpt>
      <trkpt lat="46.539484" lon="10.432183">
        <ele>2448.802783</ele>
        <time>2026-08-14T16:22:16.869Z</time>
      </trkpt>
      <trkpt lat="46.539800" lon="10.431934">
        <ele>2445.729405</ele>
        <time>2026-08-14T16:22:22.112Z</time>
      </trkpt>
      <trkpt lat="46.539808" lon="10.431832">
        <ele>2445.168601</ele>
        <time>2026-08-14T16:22:23.150Z</time>
      </trkpt>
      <trkpt lat="46.539736" lon="10.431786">
        <ele>2444.632712</ele>
        <time>2026-08-14T16:22:24.311Z</time>
      </trkpt>
      <trkpt lat="46.538639" lon="10.432265">
        <ele>2436.827928</ele>
        <time>2026-08-14T16:22:41.533Z</time>
      </trkpt>
      <trkpt lat="46.538458" lon="10.432395">
        <ele>2435.452295</ele>
        <time>2026-08-14T16:22:44.646Z</time>
      </trkpt>
      <trkpt lat="46.538355" lon="10.432370">
        <ele>2434.740744</ele>
        <time>2026-08-14T16:22:46.255Z</time>
      </trkpt>
      <trkpt lat="46.538347" lon="10.432272">
        <ele>2434.278184</ele>
        <time>2026-08-14T16:22:47.302Z</time>
      </trkpt>
      <trkpt lat="46.538384" lon="10.432220">
        <ele>2433.927518</ele>
        <time>2026-08-14T16:22:48.101Z</time>
      </trkpt>
      <trkpt lat="46.538722" lon="10.432013">
        <ele>2431.365633</ele>
        <time>2026-08-14T16:22:53.792Z</time>
      </trkpt>
      <trkpt lat="46.538888" lon="10.431863">
        <ele>2429.983270</ele>
        <time>2026-08-14T16:22:56.838Z</time>
      </trkpt>
      <trkpt lat="46.539826" lon="10.430817">
        <ele>2421.622272</ele>
        <time>2026-08-14T16:23:14.573Z</time>
      </trkpt>
      <trkpt lat="46.539991" lon="10.430585">
        <ele>2419.895417</ele>
        <time>2026-08-14T16:23:17.890Z</time>
      </trkpt>
      <trkpt lat="46.540484" lon="10.429532">
        <ele>2411.927099</ele>
        <time>2026-08-14T16:23:30.394Z</time>
      </trkpt>
      <trkpt lat="46.540769" lon="10.428593">
        <ele>2405.506642</ele>
        <time>2026-08-14T16:23:40.470Z</time>
      </trkpt>
      <trkpt lat="46.540851" lon="10.428187">
        <ele>2403.073096</ele>
        <time>2026-08-14T16:23:44.678Z</time>
      </trkpt>
      <trkpt lat="46.541049" lon="10.426331">
        <ele>2393.518304</ele>
        <time>2026-08-14T16:24:03.817Z</time>
      </trkpt>
      <trkpt lat="46.541050" lon="10.426122">
        <ele>2392.455049</ele>
        <time>2026-08-14T16:24:05.997Z</time>
      </trkpt>
      <trkpt lat="46.540285" lon="10.417252">
        <ele>2357.247295</ele>
        <time>2026-08-14T16:25:41.320Z</time>
      </trkpt>
      <trkpt lat="46.540218" lon="10.416908">
        <ele>2356.134106</ele>
        <time>2026-08-14T16:25:45.220Z</time>
      </trkpt>
      <trkpt lat="46.540137" lon="10.416662">
        <ele>2355.284924</ele>
        <time>2026-08-14T16:25:48.231Z</time>
      </trkpt>
      <trkpt lat="46.539917" lon="10.416205">
        <ele>2353.548137</ele>
        <time>2026-08-14T16:25:54.443Z</time>
      </trkpt>
      <trkpt lat="46.537911" lon="10.413119">
        <ele>2343.819513</ele>
        <time>2026-08-14T16:26:44.764Z</time>
      </trkpt>
      <trkpt lat="46.537757" lon="10.413023">
        <ele>2343.288363</ele>
        <time>2026-08-14T16:26:47.652Z</time>
      </trkpt>
      <trkpt lat="46.537594" lon="10.412996">
        <ele>2342.768329</ele>
        <time>2026-08-14T16:26:50.465Z</time>
      </trkpt>
      <trkpt lat="46.536953" lon="10.412918">
        <ele>2340.729327</ele>
        <time>2026-08-14T16:27:01.435Z</time>
      </trkpt>
      <trkpt lat="46.536803" lon="10.412838">
        <ele>2340.222855</ele>
        <time>2026-08-14T16:27:04.161Z</time>
      </trkpt>
      <trkpt lat="46.536638" lon="10.412686">
        <ele>2339.622769</ele>
        <time>2026-08-14T16:27:07.480Z</time>
      </trkpt>
      <trkpt lat="46.536096" lon="10.411977">
        <ele>2337.385847</ele>
        <time>2026-08-14T16:27:20.024Z</time>
      </trkpt>
      <trkpt lat="46.535964" lon="10.411887">
        <ele>2336.938550</ele>
        <time>2026-08-14T16:27:22.501Z</time>
      </trkpt>
      <trkpt lat="46.535244" lon="10.411934">
        <ele>2334.727415</ele>
        <time>2026-08-14T16:27:35.072Z</time>
      </trkpt>
      <trkpt lat="46.535103" lon="10.411919">
        <ele>2334.115013</ele>
        <time>2026-08-14T16:27:37.552Z</time>
      </trkpt>
      <trkpt lat="46.534833" lon="10.411862">
        <ele>2332.890835</ele>
        <time>2026-08-14T16:27:42.206Z</time>
      </trkpt>
      <trkpt lat="46.534687" lon="10.411778">
        <ele>2332.186301</ele>
        <time>2026-08-14T16:27:44.821Z</time>
      </trkpt>
      <trkpt lat="46.534460" lon="10.411432">
        <ele>2330.710504</ele>
        <time>2026-08-14T16:27:50.194Z</time>
      </trkpt>
      <trkpt lat="46.534296" lon="10.411156">
        <ele>2329.584787</ele>
        <time>2026-08-14T16:27:54.178Z</time>
      </trkpt>
      <trkpt lat="46.534037" lon="10.410715">
        <ele>2327.794979</ele>
        <time>2026-08-14T16:28:00.475Z</time>
      </trkpt>
      <trkpt lat="46.533895" lon="10.410562">
        <ele>2327.001896</ele>
        <time>2026-08-14T16:28:03.256Z</time>
      </trkpt>
      <trkpt lat="46.532033" lon="10.409467">
        <ele>2314.895756</ele>
        <time>2026-08-14T16:28:34.016Z</time>
      </trkpt>
      <trkpt lat="46.531411" lon="10.409364">
        <ele>2310.643319</ele>
        <time>2026-08-14T16:28:43.621Z</time>
      </trkpt>
      <trkpt lat="46.530303" lon="10.409251">
        <ele>2303.072830</ele>
        <time>2026-08-14T16:29:00.283Z</time>
      </trkpt>
      <trkpt lat="46.529808" lon="10.409201">
        <ele>2299.492905</ele>
        <time>2026-08-14T16:29:07.496Z</time>
      </trkpt>
      <trkpt lat="46.529007" lon="10.409547">
        <ele>2293.464078</ele>
        <time>2026-08-14T16:29:19.797Z</time>
      </trkpt>
      <trkpt lat="46.528737" lon="10.409595">
        <ele>2291.501573</ele>
        <time>2026-08-14T16:29:23.915Z</time>
      </trkpt>
      <trkpt lat="46.527831" lon="10.409425">
        <ele>2287.139452</ele>
        <time>2026-08-14T16:29:38.531Z</time>
      </trkpt>
      <trkpt lat="46.527732" lon="10.409360">
        <ele>2286.666358</ele>
        <time>2026-08-14T16:29:40.408Z</time>
      </trkpt>
      <trkpt lat="46.527113" lon="10.408705">
        <ele>2283.331874</ele>
        <time>2026-08-14T16:29:53.579Z</time>
      </trkpt>
      <trkpt lat="46.526953" lon="10.408568">
        <ele>2282.401103</ele>
        <time>2026-08-14T16:29:56.666Z</time>
      </trkpt>
      <trkpt lat="46.526802" lon="10.408498">
        <ele>2281.235455</ele>
        <time>2026-08-14T16:29:59.265Z</time>
      </trkpt>
      <trkpt lat="46.526576" lon="10.408489">
        <ele>2279.572713</ele>
        <time>2026-08-14T16:30:02.901Z</time>
      </trkpt>
      <trkpt lat="46.525120" lon="10.408885">
        <ele>2268.270730</ele>
        <time>2026-08-14T16:30:24.606Z</time>
      </trkpt>
      <trkpt lat="46.524997" lon="10.408918">
        <ele>2266.877933</ele>
        <time>2026-08-14T16:30:26.332Z</time>
      </trkpt>
      <trkpt lat="46.524385" lon="10.409089">
        <ele>2259.938261</ele>
        <time>2026-08-14T16:30:34.909Z</time>
      </trkpt>
      <trkpt lat="46.524254" lon="10.409099">
        <ele>2258.477510</ele>
        <time>2026-08-14T16:30:36.686Z</time>
      </trkpt>
      <trkpt lat="46.523876" lon="10.408825">
        <ele>2253.773852</ele>
        <time>2026-08-14T16:30:42.475Z</time>
      </trkpt>
      <trkpt lat="46.523799" lon="10.408786">
        <ele>2252.865850</ele>
        <time>2026-08-14T16:30:43.610Z</time>
      </trkpt>
      <trkpt lat="46.523687" lon="10.408791">
        <ele>2251.618094</ele>
        <time>2026-08-14T16:30:45.194Z</time>
      </trkpt>
      <trkpt lat="46.523390" lon="10.408921">
        <ele>2248.339560</ele>
        <time>2026-08-14T16:30:49.671Z</time>
      </trkpt>
      <trkpt lat="46.522950" lon="10.409462">
        <ele>2242.801742</ele>
        <time>2026-08-14T16:30:57.921Z</time>
      </trkpt>
      <trkpt lat="46.522782" lon="10.409593">
        <ele>2240.969822</ele>
        <time>2026-08-14T16:31:00.681Z</time>
      </trkpt>
      <trkpt lat="46.522636" lon="10.409627">
        <ele>2239.549062</ele>
        <time>2026-08-14T16:31:02.828Z</time>
      </trkpt>
      <trkpt lat="46.522310" lon="10.409272">
        <ele>2235.634889</ele>
        <time>2026-08-14T16:31:08.748Z</time>
      </trkpt>
      <trkpt lat="46.522188" lon="10.409213">
        <ele>2234.399436</ele>
        <time>2026-08-14T16:31:10.621Z</time>
      </trkpt>
      <trkpt lat="46.520584" lon="10.408927">
        <ele>2217.261957</ele>
        <time>2026-08-14T16:31:33.155Z</time>
      </trkpt>
      <trkpt lat="46.519923" lon="10.408643">
        <ele>2210.112166</ele>
        <time>2026-08-14T16:31:42.935Z</time>
      </trkpt>
      <trkpt lat="46.519704" lon="10.408656">
        <ele>2207.971631</ele>
        <time>2026-08-14T16:31:46.023Z</time>
      </trkpt>
      <trkpt lat="46.519522" lon="10.408750">
        <ele>2206.085309</ele>
        <time>2026-08-14T16:31:48.735Z</time>
      </trkpt>
      <trkpt lat="46.519273" lon="10.408892">
        <ele>2203.473047</ele>
        <time>2026-08-14T16:31:52.496Z</time>
      </trkpt>
      <trkpt lat="46.518766" lon="10.409068">
        <ele>2198.382388</ele>
        <time>2026-08-14T16:31:59.932Z</time>
      </trkpt>
      <trkpt lat="46.517851" lon="10.409311">
        <ele>2189.643672</ele>
        <time>2026-08-14T16:32:13.453Z</time>
      </trkpt>
      <trkpt lat="46.517804" lon="10.409301">
        <ele>2189.206819</ele>
        <time>2026-08-14T16:32:14.143Z</time>
      </trkpt>
      <trkpt lat="46.517764" lon="10.409219">
        <ele>2188.570717</ele>
        <time>2026-08-14T16:32:15.156Z</time>
      </trkpt>
      <trkpt lat="46.517797" lon="10.409126">
        <ele>2187.908522</ele>
        <time>2026-08-14T16:32:16.210Z</time>
      </trkpt>
      <trkpt lat="46.518264" lon="10.408952">
        <ele>2183.474742</ele>
        <time>2026-08-14T16:32:23.060Z</time>
      </trkpt>
      <trkpt lat="46.518272" lon="10.408949">
        <ele>2183.398758</ele>
        <time>2026-08-14T16:32:23.173Z</time>
      </trkpt>
      <trkpt lat="46.518481" lon="10.408812">
        <ele>2181.290156</ele>
        <time>2026-08-14T16:32:26.459Z</time>
      </trkpt>
      <trkpt lat="46.518628" lon="10.408673">
        <ele>2179.677249</ele>
        <time>2026-08-14T16:32:28.996Z</time>
      </trkpt>
      <trkpt lat="46.518776" lon="10.408373">
        <ele>2177.113735</ele>
        <time>2026-08-14T16:32:32.644Z</time>
      </trkpt>
      <trkpt lat="46.518820" lon="10.408131">
        <ele>2175.260150</ele>
        <time>2026-08-14T16:32:35.103Z</time>
      </trkpt>
      <trkpt lat="46.518889" lon="10.407571">
        <ele>2171.047228</ele>
        <time>2026-08-14T16:32:40.636Z</time>
      </trkpt>
      <trkpt lat="46.519082" lon="10.407221">
        <ele>2167.725839</ele>
        <time>2026-08-14T16:32:44.910Z</time>
      </trkpt>
      <trkpt lat="46.519084" lon="10.407128">
        <ele>2167.036813</ele>
        <time>2026-08-14T16:32:45.782Z</time>
      </trkpt>
      <trkpt lat="46.519055" lon="10.407058">
        <ele>2166.431746</ele>
        <time>2026-08-14T16:32:46.551Z</time>
      </trkpt>
      <trkpt lat="46.518991" lon="10.407026">
        <ele>2165.703372</ele>
        <time>2026-08-14T16:32:47.474Z</time>
      </trkpt>
      <trkpt lat="46.518942" lon="10.407051">
        <ele>2165.144495</ele>
        <time>2026-08-14T16:32:48.181Z</time>
      </trkpt>
      <trkpt lat="46.518672" lon="10.407314">
        <ele>2161.646499</ele>
        <time>2026-08-14T16:32:52.626Z</time>
      </trkpt>
      <trkpt lat="46.518178" lon="10.407735">
        <ele>2156.831803</ele>
        <time>2026-08-14T16:33:00.819Z</time>
      </trkpt>
      <trkpt lat="46.517874" lon="10.407884">
        <ele>2154.592072</ele>
        <time>2026-08-14T16:33:05.684Z</time>
      </trkpt>
      <trkpt lat="46.517725" lon="10.408007">
        <ele>2153.395767</ele>
        <time>2026-08-14T16:33:08.366Z</time>
      </trkpt>
      <trkpt lat="46.517447" lon="10.408567">
        <ele>2150.078564</ele>
        <time>2026-08-14T16:33:15.749Z</time>
      </trkpt>
      <trkpt lat="46.517318" lon="10.408726">
        <ele>2148.897688</ele>
        <time>2026-08-14T16:33:18.351Z</time>
      </trkpt>
      <trkpt lat="46.516999" lon="10.408901">
        <ele>2146.469006</ele>
        <time>2026-08-14T16:33:23.777Z</time>
      </trkpt>
      <trkpt lat="46.516497" lon="10.408993">
        <ele>2142.247986</ele>
        <time>2026-08-14T16:33:31.580Z</time>
      </trkpt>
      <trkpt lat="46.516053" lon="10.409123">
        <ele>2138.469557</ele>
        <time>2026-08-14T16:33:38.138Z</time>
      </trkpt>
      <trkpt lat="46.515873" lon="10.409280">
        <ele>2136.718212</ele>
        <time>2026-08-14T16:33:41.121Z</time>
      </trkpt>
      <trkpt lat="46.515810" lon="10.409233">
        <ele>2136.127431</ele>
        <time>2026-08-14T16:33:42.110Z</time>
      </trkpt>
      <trkpt lat="46.515814" lon="10.409144">
        <ele>2135.615411</ele>
        <time>2026-08-14T16:33:42.977Z</time>
      </trkpt>
      <trkpt lat="46.515848" lon="10.409105">
        <ele>2135.254054</ele>
        <time>2026-08-14T16:33:43.608Z</time>
      </trkpt>
      <trkpt lat="46.516957" lon="10.408343">
        <ele>2123.452106</ele>
        <time>2026-08-14T16:34:00.972Z</time>
      </trkpt>
      <trkpt lat="46.517065" lon="10.408241">
        <ele>2122.127546</ele>
        <time>2026-08-14T16:34:02.786Z</time>
      </trkpt>
      <trkpt lat="46.517161" lon="10.408009">
        <ele>2120.211852</ele>
        <time>2026-08-14T16:34:05.390Z</time>
      </trkpt>
      <trkpt lat="46.517299" lon="10.407444">
        <ele>2115.969286</ele>
        <time>2026-08-14T16:34:11.133Z</time>
      </trkpt>
      <trkpt lat="46.517642" lon="10.406540">
        <ele>2110.137027</ele>
        <time>2026-08-14T16:34:21.243Z</time>
      </trkpt>
      <trkpt lat="46.517641" lon="10.406469">
        <ele>2109.795410</ele>
        <time>2026-08-14T16:34:21.973Z</time>
      </trkpt>
      <trkpt lat="46.517596" lon="10.406421">
        <ele>2109.405182</ele>
        <time>2026-08-14T16:34:22.812Z</time>
      </trkpt>
      <trkpt lat="46.517552" lon="10.406436">
        <ele>2109.089241</ele>
        <time>2026-08-14T16:34:23.485Z</time>
      </trkpt>
      <trkpt lat="46.517410" lon="10.406827">
        <ele>2106.962451</ele>
        <time>2026-08-14T16:34:28.157Z</time>
      </trkpt>
      <trkpt lat="46.516884" lon="10.407680">
        <ele>2101.452558</ele>
        <time>2026-08-14T16:34:40.654Z</time>
      </trkpt>
      <trkpt lat="46.516801" lon="10.407743">
        <ele>2100.797950</ele>
        <time>2026-08-14T16:34:42.154Z</time>
      </trkpt>
      <trkpt lat="46.515780" lon="10.407953">
        <ele>2093.104729</ele>
        <time>2026-08-14T16:34:57.676Z</time>
      </trkpt>
      <trkpt lat="46.515493" lon="10.408133">
        <ele>2090.770382</ele>
        <time>2026-08-14T16:35:02.160Z</time>
      </trkpt>
      <trkpt lat="46.515446" lon="10.408058">
        <ele>2090.249091</ele>
        <time>2026-08-14T16:35:03.168Z</time>
      </trkpt>
      <trkpt lat="46.515449" lon="10.408021">
        <ele>2090.057633</ele>
        <time>2026-08-14T16:35:03.544Z</time>
      </trkpt>
      <trkpt lat="46.515502" lon="10.407958">
        <ele>2089.546292</ele>
        <time>2026-08-14T16:35:04.537Z</time>
      </trkpt>
      <trkpt lat="46.516160" lon="10.407521">
        <ele>2084.114953</ele>
        <time>2026-08-14T16:35:15.044Z</time>
      </trkpt>
      <trkpt lat="46.516475" lon="10.407256">
        <ele>2081.371817</ele>
        <time>2026-08-14T16:35:20.431Z</time>
      </trkpt>
      <trkpt lat="46.516759" lon="10.406756">
        <ele>2078.009456</ele>
        <time>2026-08-14T16:35:27.063Z</time>
      </trkpt>
      <trkpt lat="46.516955" lon="10.406497">
        <ele>2076.012891</ele>
        <time>2026-08-14T16:35:31.023Z</time>
      </trkpt>
      <trkpt lat="46.516966" lon="10.406433">
        <ele>2075.670778</ele>
        <time>2026-08-14T16:35:31.700Z</time>
      </trkpt>
      <trkpt lat="46.516919" lon="10.406372">
        <ele>2075.195854</ele>
        <time>2026-08-14T16:35:32.647Z</time>
      </trkpt>
      <trkpt lat="46.516871" lon="10.406388">
        <ele>2074.824705</ele>
        <time>2026-08-14T16:35:33.398Z</time>
      </trkpt>
      <trkpt lat="46.516617" lon="10.406703">
        <ele>2072.425903</ele>
        <time>2026-08-14T16:35:38.450Z</time>
      </trkpt>
      <trkpt lat="46.516304" lon="10.406933">
        <ele>2070.005826</ele>
        <time>2026-08-14T16:35:43.835Z</time>
      </trkpt>
      <trkpt lat="46.515614" lon="10.407086">
        <ele>2065.189796</ele>
        <time>2026-08-14T16:35:54.629Z</time>
      </trkpt>
      <trkpt lat="46.515038" lon="10.407269">
        <ele>2061.040367</ele>
        <time>2026-08-14T16:36:03.343Z</time>
      </trkpt>
      <trkpt lat="46.514989" lon="10.407222">
        <ele>2060.442461</ele>
        <time>2026-08-14T16:36:04.175Z</time>
      </trkpt>
      <trkpt lat="46.514989" lon="10.407134">
        <ele>2059.825752</ele>
        <time>2026-08-14T16:36:05.051Z</time>
      </trkpt>
      <trkpt lat="46.515009" lon="10.407101">
        <ele>2059.517585</ele>
        <time>2026-08-14T16:36:05.488Z</time>
      </trkpt>
      <trkpt lat="46.515327" lon="10.406930">
        <ele>2056.064554</ele>
        <time>2026-08-14T16:36:10.294Z</time>
      </trkpt>
      <trkpt lat="46.515966" lon="10.406372">
        <ele>2048.472612</ele>
        <time>2026-08-14T16:36:20.732Z</time>
      </trkpt>
      <trkpt lat="46.516285" lon="10.406137">
        <ele>2044.830424</ele>
        <time>2026-08-14T16:36:25.720Z</time>
      </trkpt>
      <trkpt lat="46.516318" lon="10.406095">
        <ele>2044.383693</ele>
        <time>2026-08-14T16:36:26.347Z</time>
      </trkpt>
      <trkpt lat="46.516317" lon="10.406033">
        <ele>2043.949085</ele>
        <time>2026-08-14T16:36:26.928Z</time>
      </trkpt>
      <trkpt lat="46.516254" lon="10.405978">
        <ele>2043.200637</ele>
        <time>2026-08-14T16:36:27.964Z</time>
      </trkpt>
      <trkpt lat="46.516019" lon="10.406105">
        <ele>2040.906654</ele>
        <time>2026-08-14T16:36:31.484Z</time>
      </trkpt>
      <trkpt lat="46.515828" lon="10.406165">
        <ele>2039.138305</ele>
        <time>2026-08-14T16:36:34.283Z</time>
      </trkpt>
      <trkpt lat="46.515458" lon="10.406233">
        <ele>2035.763378</ele>
        <time>2026-08-14T16:36:39.667Z</time>
      </trkpt>
      <trkpt lat="46.515458" lon="10.406233">
        <ele>2035.763378</ele>
        <time>2026-08-14T16:36:39.686Z</time>
      </trkpt>
      <trkpt lat="46.514970" lon="10.405535">
        <ele>2029.566941</ele>
        <time>2026-08-14T16:36:57.435Z</time>
      </trkpt>
      <trkpt lat="46.514481" lon="10.404838">
        <ele>2023.276562</ele>
        <time>2026-08-14T16:37:15.208Z</time>
      </trkpt>
      <trkpt lat="46.514481" lon="10.404838">
        <ele>2023.276562</ele>
        <time>2026-08-14T16:37:15.267Z</time>
      </trkpt>
      <trkpt lat="46.513897" lon="10.403842">
        <ele>2014.903167</ele>
        <time>2026-08-14T16:37:27.906Z</time>
      </trkpt>
      <trkpt lat="46.513743" lon="10.403611">
        <ele>2012.845048</ele>
        <time>2026-08-14T16:37:31.223Z</time>
      </trkpt>
      <trkpt lat="46.513704" lon="10.403553">
        <ele>2012.326129</ele>
        <time>2026-08-14T16:37:32.012Z</time>
      </trkpt>
      <trkpt lat="46.513554" lon="10.403424">
        <ele>2010.705326</ele>
        <time>2026-08-14T16:37:34.512Z</time>
      </trkpt>
      <trkpt lat="46.513532" lon="10.403362">
        <ele>2010.258933</ele>
        <time>2026-08-14T16:37:35.229Z</time>
      </trkpt>
      <trkpt lat="46.513538" lon="10.403293">
        <ele>2009.832575</ele>
        <time>2026-08-14T16:37:35.915Z</time>
      </trkpt>
      <trkpt lat="46.513578" lon="10.403228">
        <ele>2009.339931</ele>
        <time>2026-08-14T16:37:36.764Z</time>
      </trkpt>
      <trkpt lat="46.513661" lon="10.403266">
        <ele>2008.625507</ele>
        <time>2026-08-14T16:37:38.072Z</time>
      </trkpt>
      <trkpt lat="46.513939" lon="10.403755">
        <ele>2005.042009</ele>
        <time>2026-08-14T16:37:44.560Z</time>
      </trkpt>
      <trkpt lat="46.514195" lon="10.403939">
        <ele>2002.697293</ele>
        <time>2026-08-14T16:37:48.830Z</time>
      </trkpt>
      <trkpt lat="46.514295" lon="10.403983">
        <ele>2001.839515</ele>
        <time>2026-08-14T16:37:50.353Z</time>
      </trkpt>
      <trkpt lat="46.514637" lon="10.404132">
        <ele>1998.908330</ele>
        <time>2026-08-14T16:37:55.849Z</time>
      </trkpt>
      <trkpt lat="46.514675" lon="10.404089">
        <ele>1998.512930</ele>
        <time>2026-08-14T16:37:56.566Z</time>
      </trkpt>
      <trkpt lat="46.514680" lon="10.403979">
        <ele>1997.890116</ele>
        <time>2026-08-14T16:37:57.698Z</time>
      </trkpt>
      <trkpt lat="46.514629" lon="10.403927">
        <ele>1997.378636</ele>
        <time>2026-08-14T16:37:58.625Z</time>
      </trkpt>
      <trkpt lat="46.514439" lon="10.403856">
        <ele>1995.768047</ele>
        <time>2026-08-14T16:38:01.426Z</time>
      </trkpt>
      <trkpt lat="46.514227" lon="10.403706">
        <ele>1993.418762</ele>
        <time>2026-08-14T16:38:04.722Z</time>
      </trkpt>
      <trkpt lat="46.514042" lon="10.403449">
        <ele>1990.685760</ele>
        <time>2026-08-14T16:38:08.238Z</time>
      </trkpt>
      <trkpt lat="46.513933" lon="10.403179">
        <ele>1988.385439</ele>
        <time>2026-08-14T16:38:11.189Z</time>
      </trkpt>
      <trkpt lat="46.513783" lon="10.402807">
        <ele>1985.217063</ele>
        <time>2026-08-14T16:38:15.243Z</time>
      </trkpt>
      <trkpt lat="46.513233" lon="10.402189">
        <ele>1977.792915</ele>
        <time>2026-08-14T16:38:24.987Z</time>
      </trkpt>
      <trkpt lat="46.513205" lon="10.402115">
        <ele>1977.172336</ele>
        <time>2026-08-14T16:38:25.837Z</time>
      </trkpt>
      <trkpt lat="46.513218" lon="10.402035">
        <ele>1976.568274</ele>
        <time>2026-08-14T16:38:26.673Z</time>
      </trkpt>
      <trkpt lat="46.513259" lon="10.401981">
        <ele>1975.981728</ele>
        <time>2026-08-14T16:38:27.474Z</time>
      </trkpt>
      <trkpt lat="46.513317" lon="10.402000">
        <ele>1975.464657</ele>
        <time>2026-08-14T16:38:28.350Z</time>
      </trkpt>
      <trkpt lat="46.513520" lon="10.402257">
        <ele>1973.123152</ele>
        <time>2026-08-14T16:38:32.343Z</time>
      </trkpt>
      <trkpt lat="46.513941" lon="10.402638">
        <ele>1968.809806</ele>
        <time>2026-08-14T16:38:39.749Z</time>
      </trkpt>
      <trkpt lat="46.514141" lon="10.402772">
        <ele>1966.894471</ele>
        <time>2026-08-14T16:38:43.057Z</time>
      </trkpt>
      <trkpt lat="46.514358" lon="10.402838">
        <ele>1964.966381</ele>
        <time>2026-08-14T16:38:46.365Z</time>
      </trkpt>
      <trkpt lat="46.514429" lon="10.402810">
        <ele>1964.326576</ele>
        <time>2026-08-14T16:38:47.458Z</time>
      </trkpt>
      <trkpt lat="46.514472" lon="10.402722">
        <ele>1963.680646</ele>
        <time>2026-08-14T16:38:48.539Z</time>
      </trkpt>
      <trkpt lat="46.514456" lon="10.402669">
        <ele>1963.334270</ele>
        <time>2026-08-14T16:38:49.121Z</time>
      </trkpt>
      <trkpt lat="46.514125" lon="10.402277">
        <ele>1959.267590</ele>
        <time>2026-08-14T16:38:55.139Z</time>
      </trkpt>
      <trkpt lat="46.513894" lon="10.401908">
        <ele>1954.853107</ele>
        <time>2026-08-14T16:38:59.834Z</time>
      </trkpt>
      <trkpt lat="46.513440" lon="10.401384">
        <ele>1947.397332</ele>
        <time>2026-08-14T16:39:07.677Z</time>
      </trkpt>
      <trkpt lat="46.513401" lon="10.401322">
        <ele>1946.653979</ele>
        <time>2026-08-14T16:39:08.458Z</time>
      </trkpt>
      <trkpt lat="46.513314" lon="10.401183">
        <ele>1944.991200</ele>
        <time>2026-08-14T16:39:10.210Z</time>
      </trkpt>
      <trkpt lat="46.513217" lon="10.400895">
        <ele>1942.153609</ele>
        <time>2026-08-14T16:39:13.204Z</time>
      </trkpt>
      <trkpt lat="46.513095" lon="10.400405">
        <ele>1937.542157</ele>
        <time>2026-08-14T16:39:18.095Z</time>
      </trkpt>
      <trkpt lat="46.513003" lon="10.400134">
        <ele>1935.662249</ele>
        <time>2026-08-14T16:39:20.948Z</time>
      </trkpt>
      <trkpt lat="46.512575" lon="10.399138">
        <ele>1928.766864</ele>
        <time>2026-08-14T16:39:32.340Z</time>
      </trkpt>
      <trkpt lat="46.512368" lon="10.398714">
        <ele>1925.714109</ele>
        <time>2026-08-14T16:39:37.705Z</time>
      </trkpt>
      <trkpt lat="46.512267" lon="10.398557">
        <ele>1924.452066</ele>
        <time>2026-08-14T16:39:39.967Z</time>
      </trkpt>
      <trkpt lat="46.511958" lon="10.398267">
        <ele>1921.617309</ele>
        <time>2026-08-14T16:39:45.783Z</time>
      </trkpt>
      <trkpt lat="46.511820" lon="10.398089">
        <ele>1920.885852</ele>
        <time>2026-08-14T16:39:48.968Z</time>
      </trkpt>
      <trkpt lat="46.511574" lon="10.397523">
        <ele>1919.059658</ele>
        <time>2026-08-14T16:39:59.299Z</time>
      </trkpt>
      <trkpt lat="46.511333" lon="10.396871">
        <ele>1917.040674</ele>
        <time>2026-08-14T16:40:08.782Z</time>
      </trkpt>
      <trkpt lat="46.511039" lon="10.396583">
        <ele>1915.635169</ele>
        <time>2026-08-14T16:40:14.426Z</time>
      </trkpt>
      <trkpt lat="46.510754" lon="10.396247">
        <ele>1913.641668</ele>
        <time>2026-08-14T16:40:19.801Z</time>
      </trkpt>
      <trkpt lat="46.510643" lon="10.395976">
        <ele>1911.969730</ele>
        <time>2026-08-14T16:40:22.870Z</time>
      </trkpt>
      <trkpt lat="46.510609" lon="10.395772">
        <ele>1910.856936</ele>
        <time>2026-08-14T16:40:24.877Z</time>
      </trkpt>
      <trkpt lat="46.510528" lon="10.394749">
        <ele>1905.397588</ele>
        <time>2026-08-14T16:40:34.900Z</time>
      </trkpt>
      <trkpt lat="46.510447" lon="10.394313">
        <ele>1903.003335</ele>
        <time>2026-08-14T16:40:39.580Z</time>
      </trkpt>
      <trkpt lat="46.510382" lon="10.394139">
        <ele>1901.953714</ele>
        <time>2026-08-14T16:40:41.698Z</time>
      </trkpt>
      <trkpt lat="46.510171" lon="10.393667">
        <ele>1900.392939</ele>
        <time>2026-08-14T16:40:48.177Z</time>
      </trkpt>
      <trkpt lat="46.509988" lon="10.392956">
        <ele>1899.342303</ele>
        <time>2026-08-14T16:40:59.696Z</time>
      </trkpt>
      <trkpt lat="46.509859" lon="10.392637">
        <ele>1898.830209</ele>
        <time>2026-08-14T16:41:09.439Z</time>
      </trkpt>
      <trkpt lat="46.509817" lon="10.392428">
        <ele>1898.528860</ele>
        <time>2026-08-14T16:41:14.224Z</time>
      </trkpt>
      <trkpt lat="46.509783" lon="10.392010">
        <ele>1897.946291</ele>
        <time>2026-08-14T16:41:19.463Z</time>
      </trkpt>
      <trkpt lat="46.509672" lon="10.391705">
        <ele>1897.468761</ele>
        <time>2026-08-14T16:41:23.388Z</time>
      </trkpt>
      <trkpt lat="46.509335" lon="10.391039">
        <ele>1893.906417</ele>
        <time>2026-08-14T16:41:32.151Z</time>
      </trkpt>
      <trkpt lat="46.509322" lon="10.390905">
        <ele>1893.244302</ele>
        <time>2026-08-14T16:41:33.561Z</time>
      </trkpt>
      <trkpt lat="46.509560" lon="10.390125">
        <ele>1889.069687</ele>
        <time>2026-08-14T16:41:42.354Z</time>
      </trkpt>
      <trkpt lat="46.509596" lon="10.389932">
        <ele>1888.091317</ele>
        <time>2026-08-14T16:41:44.320Z</time>
      </trkpt>
      <trkpt lat="46.509595" lon="10.389198">
        <ele>1884.500026</ele>
        <time>2026-08-14T16:41:51.550Z</time>
      </trkpt>
      <trkpt lat="46.509390" lon="10.387704">
        <ele>1875.166464</ele>
        <time>2026-08-14T16:42:06.828Z</time>
      </trkpt>
      <trkpt lat="46.509235" lon="10.387193">
        <ele>1871.744317</ele>
        <time>2026-08-14T16:42:12.408Z</time>
      </trkpt>
      <trkpt lat="46.509205" lon="10.386976">
        <ele>1870.387936</ele>
        <time>2026-08-14T16:42:14.544Z</time>
      </trkpt>
      <trkpt lat="46.509164" lon="10.386305">
        <ele>1866.130804</ele>
        <time>2026-08-14T16:42:21.113Z</time>
      </trkpt>
      <trkpt lat="46.509193" lon="10.385886">
        <ele>1863.400017</ele>
        <time>2026-08-14T16:42:25.324Z</time>
      </trkpt>
      <trkpt lat="46.509251" lon="10.385562">
        <ele>1861.229073</ele>
        <time>2026-08-14T16:42:28.617Z</time>
      </trkpt>
      <trkpt lat="46.509257" lon="10.385353">
        <ele>1859.872597</ele>
        <time>2026-08-14T16:42:30.683Z</time>
      </trkpt>
      <trkpt lat="46.509217" lon="10.384811">
        <ele>1856.337754</ele>
        <time>2026-08-14T16:42:36.054Z</time>
      </trkpt>
      <trkpt lat="46.509143" lon="10.384367">
        <ele>1853.375334</ele>
        <time>2026-08-14T16:42:40.518Z</time>
      </trkpt>
      <trkpt lat="46.509166" lon="10.383835">
        <ele>1850.069480</ele>
        <time>2026-08-14T16:42:45.736Z</time>
      </trkpt>
      <trkpt lat="46.509177" lon="10.383283">
        <ele>1846.823742</ele>
        <time>2026-08-14T16:42:51.263Z</time>
      </trkpt>
      <trkpt lat="46.509225" lon="10.382912">
        <ele>1844.604996</ele>
        <time>2026-08-14T16:42:55.061Z</time>
      </trkpt>
      <trkpt lat="46.509460" lon="10.382048">
        <ele>1839.144675</ele>
        <time>2026-08-14T16:43:04.576Z</time>
      </trkpt>
      <trkpt lat="46.509582" lon="10.380256">
        <ele>1823.707553</ele>
        <time>2026-08-14T16:43:22.329Z</time>
      </trkpt>
      <trkpt lat="46.509627" lon="10.379518">
        <ele>1816.575172</ele>
        <time>2026-08-14T16:43:29.159Z</time>
      </trkpt>
      <trkpt lat="46.509671" lon="10.379253">
        <ele>1813.950891</ele>
        <time>2026-08-14T16:43:31.615Z</time>
      </trkpt>
      <trkpt lat="46.509760" lon="10.379096">
        <ele>1811.992804</ele>
        <time>2026-08-14T16:43:33.440Z</time>
      </trkpt>
      <trkpt lat="46.509886" lon="10.378971">
        <ele>1809.635975</ele>
        <time>2026-08-14T16:43:35.418Z</time>
      </trkpt>
      <trkpt lat="46.509968" lon="10.378815">
        <ele>1807.380701</ele>
        <time>2026-08-14T16:43:37.168Z</time>
      </trkpt>
      <trkpt lat="46.510038" lon="10.378610">
        <ele>1804.751462</ele>
        <time>2026-08-14T16:43:39.219Z</time>
      </trkpt>
      <trkpt lat="46.510080" lon="10.378372">
        <ele>1801.928582</ele>
        <time>2026-08-14T16:43:41.410Z</time>
      </trkpt>
      <trkpt lat="46.510042" lon="10.377852">
        <ele>1795.920635</ele>
        <time>2026-08-14T16:43:46.106Z</time>
      </trkpt>
      <trkpt lat="46.510034" lon="10.377555">
        <ele>1792.505741</ele>
        <time>2026-08-14T16:43:48.819Z</time>
      </trkpt>
      <trkpt lat="46.509991" lon="10.377271">
        <ele>1789.164789</ele>
        <time>2026-08-14T16:43:51.535Z</time>
      </trkpt>
      <trkpt lat="46.510023" lon="10.377041">
        <ele>1786.468824</ele>
        <time>2026-08-14T16:43:53.841Z</time>
      </trkpt>
      <trkpt lat="46.510004" lon="10.376652">
        <ele>1781.988296</ele>
        <time>2026-08-14T16:43:57.691Z</time>
      </trkpt>
      <trkpt lat="46.509758" lon="10.375900">
        <ele>1776.170068</ele>
        <time>2026-08-14T16:44:05.789Z</time>
      </trkpt>
      <trkpt lat="46.509583" lon="10.375599">
        <ele>1773.624758</ele>
        <time>2026-08-14T16:44:09.749Z</time>
      </trkpt>
      <trkpt lat="46.509574" lon="10.375505">
        <ele>1773.011693</ele>
        <time>2026-08-14T16:44:10.733Z</time>
      </trkpt>
      <trkpt lat="46.509597" lon="10.375467">
        <ele>1772.684800</ele>
        <time>2026-08-14T16:44:11.244Z</time>
      </trkpt>
      <trkpt lat="46.509667" lon="10.375451">
        <ele>1772.019700</ele>
        <time>2026-08-14T16:44:12.247Z</time>
      </trkpt>
      <trkpt lat="46.509719" lon="10.375521">
        <ele>1771.354355</ele>
        <time>2026-08-14T16:44:13.345Z</time>
      </trkpt>
      <trkpt lat="46.509819" lon="10.375763">
        <ele>1769.530968</ele>
        <time>2026-08-14T16:44:16.193Z</time>
      </trkpt>
      <trkpt lat="46.510060" lon="10.376117">
        <ele>1766.314458</ele>
        <time>2026-08-14T16:44:21.157Z</time>
      </trkpt>
      <trkpt lat="46.510213" lon="10.376653">
        <ele>1762.709096</ele>
        <time>2026-08-14T16:44:26.715Z</time>
      </trkpt>
      <trkpt lat="46.510273" lon="10.376656">
        <ele>1762.198084</ele>
        <time>2026-08-14T16:44:27.519Z</time>
      </trkpt>
      <trkpt lat="46.510281" lon="10.376573">
        <ele>1761.707120</ele>
        <time>2026-08-14T16:44:28.314Z</time>
      </trkpt>
      <trkpt lat="46.510126" lon="10.375874">
        <ele>1757.405039</ele>
        <time>2026-08-14T16:44:35.650Z</time>
      </trkpt>
      <trkpt lat="46.509959" lon="10.375535">
        <ele>1754.962837</ele>
        <time>2026-08-14T16:44:39.925Z</time>
      </trkpt>
      <trkpt lat="46.509997" lon="10.375439">
        <ele>1754.314079</ele>
        <time>2026-08-14T16:44:41.076Z</time>
      </trkpt>
      <trkpt lat="46.510050" lon="10.375444">
        <ele>1753.862002</ele>
        <time>2026-08-14T16:44:41.873Z</time>
      </trkpt>
      <trkpt lat="46.510263" lon="10.375914">
        <ele>1750.565389</ele>
        <time>2026-08-14T16:44:47.673Z</time>
      </trkpt>
      <trkpt lat="46.510434" lon="10.376538">
        <ele>1746.609147</ele>
        <time>2026-08-14T16:44:54.429Z</time>
      </trkpt>
      <trkpt lat="46.510502" lon="10.376589">
        <ele>1745.951246</ele>
        <time>2026-08-14T16:44:55.543Z</time>
      </trkpt>
      <trkpt lat="46.510543" lon="10.376509">
        <ele>1745.361072</ele>
        <time>2026-08-14T16:44:56.542Z</time>
      </trkpt>
      <trkpt lat="46.510456" lon="10.376163">
        <ele>1743.181489</ele>
        <time>2026-08-14T16:45:00.231Z</time>
      </trkpt>
      <trkpt lat="46.510374" lon="10.375490">
        <ele>1739.137529</ele>
        <time>2026-08-14T16:45:07.030Z</time>
      </trkpt>
      <trkpt lat="46.510197" lon="10.375075">
        <ele>1736.248741</ele>
        <time>2026-08-14T16:45:11.909Z</time>
      </trkpt>
      <trkpt lat="46.509818" lon="10.374306">
        <ele>1730.414377</ele>
        <time>2026-08-14T16:45:21.336Z</time>
      </trkpt>
      <trkpt lat="46.509727" lon="10.373969">
        <ele>1728.081976</ele>
        <time>2026-08-14T16:45:24.859Z</time>
      </trkpt>
      <trkpt lat="46.509652" lon="10.373401">
        <ele>1724.355658</ele>
        <time>2026-08-14T16:45:30.357Z</time>
      </trkpt>
      <trkpt lat="46.509650" lon="10.372778">
        <ele>1720.341679</ele>
        <time>2026-08-14T16:45:36.293Z</time>
      </trkpt>
      <trkpt lat="46.509628" lon="10.372516">
        <ele>1718.641117</ele>
        <time>2026-08-14T16:45:38.855Z</time>
      </trkpt>
      <trkpt lat="46.509591" lon="10.372399">
        <ele>1717.811524</ele>
        <time>2026-08-14T16:45:40.150Z</time>
      </trkpt>
      <trkpt lat="46.509306" lon="10.371984">
        <ele>1716.896964</ele>
        <time>2026-08-14T16:45:46.425Z</time>
      </trkpt>
      <trkpt lat="46.509214" lon="10.371849">
        <ele>1717.099506</ele>
        <time>2026-08-14T16:45:48.726Z</time>
      </trkpt>
      <trkpt lat="46.508928" lon="10.371426">
        <ele>1717.731673</ele>
        <time>2026-08-14T16:46:02.429Z</time>
      </trkpt>
      <trkpt lat="46.508850" lon="10.371458">
        <ele>1717.857222</ele>
        <time>2026-08-14T16:46:09.096Z</time>
      </trkpt>
      <trkpt lat="46.508238" lon="10.371241">
        <ele>1718.833048</ele>
        <time>2026-08-14T16:46:56.936Z</time>
      </trkpt>
      <trkpt lat="46.508089" lon="10.371058">
        <ele>1719.135265</ele>
        <time>2026-08-14T16:47:06.944Z</time>
      </trkpt>
      <trkpt lat="46.507915" lon="10.370935">
        <ele>1718.351438</ele>
        <time>2026-08-14T16:47:16.755Z</time>
      </trkpt>
      <trkpt lat="46.507862" lon="10.370770">
        <ele>1717.216946</ele>
        <time>2026-08-14T16:47:22.741Z</time>
      </trkpt>
      <trkpt lat="46.507816" lon="10.370471">
        <ele>1715.308034</ele>
        <time>2026-08-14T16:47:29.859Z</time>
      </trkpt>
      <trkpt lat="46.507816" lon="10.370362">
        <ele>1714.628902</ele>
        <time>2026-08-14T16:47:32.448Z</time>
      </trkpt>
      <trkpt lat="46.507829" lon="10.370322">
        <ele>1714.353290</ele>
        <time>2026-08-14T16:47:33.366Z</time>
      </trkpt>
      <trkpt lat="46.507919" lon="10.370052">
        <ele>1712.484127</ele>
        <time>2026-08-14T16:47:39.163Z</time>
      </trkpt>
      <trkpt lat="46.507873" lon="10.370087">
        <ele>1712.014060</ele>
        <time>2026-08-14T16:47:40.715Z</time>
      </trkpt>
      <trkpt lat="46.507956" lon="10.369905">
        <ele>1710.653755</ele>
        <time>2026-08-14T16:47:42.868Z</time>
      </trkpt>
      <trkpt lat="46.507968" lon="10.369782">
        <ele>1709.879736</ele>
        <time>2026-08-14T16:47:44.054Z</time>
      </trkpt>
      <trkpt lat="46.507880" lon="10.369551">
        <ele>1708.234715</ele>
        <time>2026-08-14T16:47:46.497Z</time>
      </trkpt>
      <trkpt lat="46.507756" lon="10.369076">
        <ele>1705.069461</ele>
        <time>2026-08-14T16:47:51.066Z</time>
      </trkpt>
      <trkpt lat="46.507599" lon="10.368681">
        <ele>1701.668863</ele>
        <time>2026-08-14T16:47:55.174Z</time>
      </trkpt>
      <trkpt lat="46.507617" lon="10.367680">
        <ele>1690.884045</ele>
        <time>2026-08-14T16:48:04.338Z</time>
      </trkpt>
      <trkpt lat="46.507593" lon="10.367588">
        <ele>1689.824383</ele>
        <time>2026-08-14T16:48:05.233Z</time>
      </trkpt>
      <trkpt lat="46.506871" lon="10.366080">
        <ele>1671.764612</ele>
        <time>2026-08-14T16:48:22.283Z</time>
      </trkpt>
      <trkpt lat="46.506682" lon="10.365770">
        <ele>1668.904672</ele>
        <time>2026-08-14T16:48:26.308Z</time>
      </trkpt>
      <trkpt lat="46.506711" lon="10.365685">
        <ele>1668.249513</ele>
        <time>2026-08-14T16:48:27.236Z</time>
      </trkpt>
      <trkpt lat="46.506776" lon="10.365706">
        <ele>1667.581396</ele>
        <time>2026-08-14T16:48:28.197Z</time>
      </trkpt>
      <trkpt lat="46.507115" lon="10.366266">
        <ele>1662.431126</ele>
        <time>2026-08-14T16:48:35.624Z</time>
      </trkpt>
      <trkpt lat="46.507474" lon="10.366680">
        <ele>1657.832341</ele>
        <time>2026-08-14T16:48:42.323Z</time>
      </trkpt>
      <trkpt lat="46.507623" lon="10.366915">
        <ele>1655.700681</ele>
        <time>2026-08-14T16:48:45.575Z</time>
      </trkpt>
      <trkpt lat="46.507699" lon="10.366940">
        <ele>1654.968640</ele>
        <time>2026-08-14T16:48:46.726Z</time>
      </trkpt>
      <trkpt lat="46.507729" lon="10.366876">
        <ele>1654.467976</ele>
        <time>2026-08-14T16:48:47.515Z</time>
      </trkpt>
      <trkpt lat="46.507721" lon="10.366814">
        <ele>1654.060117</ele>
        <time>2026-08-14T16:48:48.158Z</time>
      </trkpt>
      <trkpt lat="46.507510" lon="10.366549">
        <ele>1651.440009</ele>
        <time>2026-08-14T16:48:52.270Z</time>
      </trkpt>
      <trkpt lat="46.507219" lon="10.366064">
        <ele>1647.279805</ele>
        <time>2026-08-14T16:48:58.727Z</time>
      </trkpt>
      <trkpt lat="46.506678" lon="10.364944">
        <ele>1638.049128</ele>
        <time>2026-08-14T16:49:11.914Z</time>
      </trkpt>
      <trkpt lat="46.506358" lon="10.364468">
        <ele>1632.625202</ele>
        <time>2026-08-14T16:49:18.259Z</time>
      </trkpt>
      <trkpt lat="46.505548" lon="10.362122">
        <ele>1612.089711</ele>
        <time>2026-08-14T16:49:43.181Z</time>
      </trkpt>
      <trkpt lat="46.505381" lon="10.361750">
        <ele>1608.891441</ele>
        <time>2026-08-14T16:49:47.567Z</time>
      </trkpt>
      <trkpt lat="46.504726" lon="10.360580">
        <ele>1598.373705</ele>
        <time>2026-08-14T16:50:02.347Z</time>
      </trkpt>
      <trkpt lat="46.504511" lon="10.360294">
        <ele>1595.920411</ele>
        <time>2026-08-14T16:50:06.581Z</time>
      </trkpt>
      <trkpt lat="46.504499" lon="10.360178">
        <ele>1595.240916</ele>
        <time>2026-08-14T16:50:07.749Z</time>
      </trkpt>
      <trkpt lat="46.504559" lon="10.360133">
        <ele>1594.672648</ele>
        <time>2026-08-14T16:50:08.732Z</time>
      </trkpt>
      <trkpt lat="46.505203" lon="10.360853">
        <ele>1587.833832</ele>
        <time>2026-08-14T16:50:20.407Z</time>
      </trkpt>
      <trkpt lat="46.505539" lon="10.361297">
        <ele>1584.229885</ele>
        <time>2026-08-14T16:50:27.213Z</time>
      </trkpt>
      <trkpt lat="46.505613" lon="10.361286">
        <ele>1583.819411</ele>
        <time>2026-08-14T16:50:28.451Z</time>
      </trkpt>
      <trkpt lat="46.505622" lon="10.361172">
        <ele>1583.383594</ele>
        <time>2026-08-14T16:50:29.636Z</time>
      </trkpt>
      <trkpt lat="46.504714" lon="10.359889">
        <ele>1576.394285</ele>
        <time>2026-08-14T16:50:49.664Z</time>
      </trkpt>
      <trkpt lat="46.504131" lon="10.358787">
        <ele>1569.705222</ele>
        <time>2026-08-14T16:51:04.830Z</time>
      </trkpt>
      <trkpt lat="46.503332" lon="10.357187">
        <ele>1559.519508</ele>
        <time>2026-08-14T16:51:24.418Z</time>
      </trkpt>
      <trkpt lat="46.503280" lon="10.357066">
        <ele>1558.883674</ele>
        <time>2026-08-14T16:51:25.768Z</time>
      </trkpt>
      <trkpt lat="46.503251" lon="10.356902">
        <ele>1558.128927</ele>
        <time>2026-08-14T16:51:27.395Z</time>
      </trkpt>
      <trkpt lat="46.503201" lon="10.356610">
        <ele>1556.787702</ele>
        <time>2026-08-14T16:51:30.373Z</time>
      </trkpt>
      <trkpt lat="46.503102" lon="10.356494">
        <ele>1555.964075</ele>
        <time>2026-08-14T16:51:32.234Z</time>
      </trkpt>
      <trkpt lat="46.502916" lon="10.356392">
        <ele>1554.676625</ele>
        <time>2026-08-14T16:51:35.170Z</time>
      </trkpt>
      <trkpt lat="46.502689" lon="10.356337">
        <ele>1553.186317</ele>
        <time>2026-08-14T16:51:38.604Z</time>
      </trkpt>
      <trkpt lat="46.502553" lon="10.356338">
        <ele>1552.305597</ele>
        <time>2026-08-14T16:51:40.671Z</time>
      </trkpt>
      <trkpt lat="46.502505" lon="10.356371">
        <ele>1551.961712</ele>
        <time>2026-08-14T16:51:41.502Z</time>
      </trkpt>
      <trkpt lat="46.502106" lon="10.356678">
        <ele>1549.219190</ele>
        <time>2026-08-14T16:51:49.286Z</time>
      </trkpt>
      <trkpt lat="46.501768" lon="10.356781">
        <ele>1548.757083</ele>
        <time>2026-08-14T16:51:58.760Z</time>
      </trkpt>
      <trkpt lat="46.501299" lon="10.356767">
        <ele>1548.129400</ele>
        <time>2026-08-14T16:52:15.496Z</time>
      </trkpt>
      <trkpt lat="46.500689" lon="10.356654">
        <ele>1547.306574</ele>
        <time>2026-08-14T16:52:26.622Z</time>
      </trkpt>
      <trkpt lat="46.500457" lon="10.356669">
        <ele>1546.995836</ele>
        <time>2026-08-14T16:52:30.556Z</time>
      </trkpt>
      <trkpt lat="46.500235" lon="10.356735">
        <ele>1545.977827</ele>
        <time>2026-08-14T16:52:34.476Z</time>
      </trkpt>
      <trkpt lat="46.499735" lon="10.356954">
        <ele>1542.289683</ele>
        <time>2026-08-14T16:52:43.039Z</time>
      </trkpt>
      <trkpt lat="46.499424" lon="10.357266">
        <ele>1539.620493</ele>
        <time>2026-08-14T16:52:48.712Z</time>
      </trkpt>
      <trkpt lat="46.499184" lon="10.357566">
        <ele>1537.384458</ele>
        <time>2026-08-14T16:52:53.323Z</time>
      </trkpt>
      <trkpt lat="46.499054" lon="10.357656">
        <ele>1536.367437</ele>
        <time>2026-08-14T16:52:55.424Z</time>
      </trkpt>
      <trkpt lat="46.497448" lon="10.357838">
        <ele>1519.543912</ele>
        <time>2026-08-14T16:53:17.786Z</time>
      </trkpt>
      <trkpt lat="46.496909" lon="10.357776">
        <ele>1513.482258</ele>
        <time>2026-08-14T16:53:25.320Z</time>
      </trkpt>
      <trkpt lat="46.496799" lon="10.357823">
        <ele>1512.265811</ele>
        <time>2026-08-14T16:53:26.932Z</time>
      </trkpt>
      <trkpt lat="46.496609" lon="10.358084">
        <ele>1509.491512</ele>
        <time>2026-08-14T16:53:30.615Z</time>
      </trkpt>
      <trkpt lat="46.496510" lon="10.358126">
        <ele>1508.397325</ele>
        <time>2026-08-14T16:53:32.061Z</time>
      </trkpt>
      <trkpt lat="46.496139" lon="10.358011">
        <ele>1504.372696</ele>
        <time>2026-08-14T16:53:37.466Z</time>
      </trkpt>
      <trkpt lat="46.495998" lon="10.358021">
        <ele>1502.875015</ele>
        <time>2026-08-14T16:53:39.468Z</time>
      </trkpt>
      <trkpt lat="46.495886" lon="10.358122">
        <ele>1501.476438</ele>
        <time>2026-08-14T16:53:41.326Z</time>
      </trkpt>
      <trkpt lat="46.495584" lon="10.358514">
        <ele>1497.179691</ele>
        <time>2026-08-14T16:53:47.079Z</time>
      </trkpt>
      <trkpt lat="46.495472" lon="10.358595">
        <ele>1495.852339</ele>
        <time>2026-08-14T16:53:48.858Z</time>
      </trkpt>
      <trkpt lat="46.495157" lon="10.358619">
        <ele>1492.055555</ele>
        <time>2026-08-14T16:53:53.275Z</time>
      </trkpt>
      <trkpt lat="46.495093" lon="10.358650">
        <ele>1491.200783</ele>
        <time>2026-08-14T16:53:54.196Z</time>
      </trkpt>
      <trkpt lat="46.494428" lon="10.359424">
        <ele>1480.404197</ele>
        <time>2026-08-14T16:54:05.736Z</time>
      </trkpt>
      <trkpt lat="46.493948" lon="10.359831">
        <ele>1473.362303</ele>
        <time>2026-08-14T16:54:13.275Z</time>
      </trkpt>
      <trkpt lat="46.493647" lon="10.360064">
        <ele>1470.012038</ele>
        <time>2026-08-14T16:54:18.045Z</time>
      </trkpt>
      <trkpt lat="46.493351" lon="10.360244">
        <ele>1467.264931</ele>
        <time>2026-08-14T16:54:22.658Z</time>
      </trkpt>
      <trkpt lat="46.493170" lon="10.360430">
        <ele>1465.366861</ele>
        <time>2026-08-14T16:54:25.928Z</time>
      </trkpt>
      <trkpt lat="46.493103" lon="10.360611">
        <ele>1464.155688</ele>
        <time>2026-08-14T16:54:28.035Z</time>
      </trkpt>
      <trkpt lat="46.493099" lon="10.360724">
        <ele>1463.488827</ele>
        <time>2026-08-14T16:54:29.204Z</time>
      </trkpt>
      <trkpt lat="46.493173" lon="10.361033">
        <ele>1461.560654</ele>
        <time>2026-08-14T16:54:32.754Z</time>
      </trkpt>
      <trkpt lat="46.493164" lon="10.361257">
        <ele>1460.238234</ele>
        <time>2026-08-14T16:54:35.323Z</time>
      </trkpt>
      <trkpt lat="46.492514" lon="10.362295">
        <ele>1450.788673</ele>
        <time>2026-08-14T16:54:49.446Z</time>
      </trkpt>
      <trkpt lat="46.492393" lon="10.362356">
        <ele>1449.415133</ele>
        <time>2026-08-14T16:54:51.131Z</time>
      </trkpt>
      <trkpt lat="46.492165" lon="10.362243">
        <ele>1446.831639</ele>
        <time>2026-08-14T16:54:54.376Z</time>
      </trkpt>
      <trkpt lat="46.492015" lon="10.362261">
        <ele>1445.217554</ele>
        <time>2026-08-14T16:54:56.454Z</time>
      </trkpt>
      <trkpt lat="46.491954" lon="10.362302">
        <ele>1444.496746</ele>
        <time>2026-08-14T16:54:57.386Z</time>
      </trkpt>
      <trkpt lat="46.491800" lon="10.362512">
        <ele>1442.231505</ele>
        <time>2026-08-14T16:55:00.420Z</time>
      </trkpt>
      <trkpt lat="46.491545" lon="10.362904">
        <ele>1438.249748</ele>
        <time>2026-08-14T16:55:05.550Z</time>
      </trkpt>
      <trkpt lat="46.491456" lon="10.363040">
        <ele>1437.082921</ele>
        <time>2026-08-14T16:55:07.346Z</time>
      </trkpt>
      <trkpt lat="46.491217" lon="10.363407">
        <ele>1435.036287</ele>
        <time>2026-08-14T16:55:12.255Z</time>
      </trkpt>
      <trkpt lat="46.491083" lon="10.363612">
        <ele>1433.891051</ele>
        <time>2026-08-14T16:55:15.208Z</time>
      </trkpt>
      <trkpt lat="46.490872" lon="10.363918">
        <ele>1432.136458</ele>
        <time>2026-08-14T16:55:19.963Z</time>
      </trkpt>
      <trkpt lat="46.490768" lon="10.364012">
        <ele>1431.415644</ele>
        <time>2026-08-14T16:55:22.514Z</time>
      </trkpt>
      <trkpt lat="46.490366" lon="10.364185">
        <ele>1428.948387</ele>
        <time>2026-08-14T16:55:31.410Z</time>
      </trkpt>
      <trkpt lat="46.489782" lon="10.364389">
        <ele>1424.899337</ele>
        <time>2026-08-14T16:55:40.498Z</time>
      </trkpt>
      <trkpt lat="46.489298" lon="10.364457">
        <ele>1420.947898</ele>
        <time>2026-08-14T16:55:47.891Z</time>
      </trkpt>
      <trkpt lat="46.488835" lon="10.364674">
        <ele>1416.994433</ele>
        <time>2026-08-14T16:55:54.956Z</time>
      </trkpt>
      <trkpt lat="46.488660" lon="10.364717">
        <ele>1415.552142</ele>
        <time>2026-08-14T16:55:57.461Z</time>
      </trkpt>
      <trkpt lat="46.488149" lon="10.364692">
        <ele>1411.291823</ele>
        <time>2026-08-14T16:56:04.644Z</time>
      </trkpt>
      <trkpt lat="46.487936" lon="10.364770">
        <ele>1409.256039</ele>
        <time>2026-08-14T16:56:07.727Z</time>
      </trkpt>
      <trkpt lat="46.487237" lon="10.365210">
        <ele>1402.195719</ele>
        <time>2026-08-14T16:56:18.558Z</time>
      </trkpt>
      <trkpt lat="46.486999" lon="10.365394">
        <ele>1399.696999</ele>
        <time>2026-08-14T16:56:22.516Z</time>
      </trkpt>
      <trkpt lat="46.486525" lon="10.365808">
        <ele>1394.428106</ele>
        <time>2026-08-14T16:56:30.770Z</time>
      </trkpt>
      <trkpt lat="46.485952" lon="10.366308">
        <ele>1387.258138</ele>
        <time>2026-08-14T16:56:40.339Z</time>
      </trkpt>
      <trkpt lat="46.485843" lon="10.366312">
        <ele>1386.088630</ele>
        <time>2026-08-14T16:56:41.871Z</time>
      </trkpt>
      <trkpt lat="46.485742" lon="10.366259">
        <ele>1384.936761</ele>
        <time>2026-08-14T16:56:43.388Z</time>
      </trkpt>
      <trkpt lat="46.485252" lon="10.365848">
        <ele>1378.867486</ele>
        <time>2026-08-14T16:56:51.207Z</time>
      </trkpt>
      <trkpt lat="46.485153" lon="10.365812">
        <ele>1377.772833</ele>
        <time>2026-08-14T16:56:52.594Z</time>
      </trkpt>
      <trkpt lat="46.484381" lon="10.365595">
        <ele>1369.129369</ele>
        <time>2026-08-14T16:57:03.272Z</time>
      </trkpt>
      <trkpt lat="46.484242" lon="10.365610">
        <ele>1367.588645</ele>
        <time>2026-08-14T16:57:05.224Z</time>
      </trkpt>
      <trkpt lat="46.484150" lon="10.365658">
        <ele>1366.508057</ele>
        <time>2026-08-14T16:57:06.608Z</time>
      </trkpt>
      <trkpt lat="46.484022" lon="10.365812">
        <ele>1364.670719</ele>
        <time>2026-08-14T16:57:08.966Z</time>
      </trkpt>
      <trkpt lat="46.483781" lon="10.366355">
        <ele>1359.753640</ele>
        <time>2026-08-14T16:57:15.292Z</time>
      </trkpt>
      <trkpt lat="46.483714" lon="10.366459">
        <ele>1358.669626</ele>
        <time>2026-08-14T16:57:16.697Z</time>
      </trkpt>
      <trkpt lat="46.483536" lon="10.366590">
        <ele>1356.463822</ele>
        <time>2026-08-14T16:57:19.501Z</time>
      </trkpt>
      <trkpt lat="46.483089" lon="10.366813">
        <ele>1353.112002</ele>
        <time>2026-08-14T16:57:26.422Z</time>
      </trkpt>
      <trkpt lat="46.482695" lon="10.367129">
        <ele>1349.976077</ele>
        <time>2026-08-14T16:57:33.092Z</time>
      </trkpt>
      <trkpt lat="46.482677" lon="10.367041">
        <ele>1349.535662</ele>
        <time>2026-08-14T16:57:34.000Z</time>
      </trkpt>
      <trkpt lat="46.482692" lon="10.366970">
        <ele>1349.179365</ele>
        <time>2026-08-14T16:57:34.773Z</time>
      </trkpt>
      <trkpt lat="46.483056" lon="10.366549">
        <ele>1345.937261</ele>
        <time>2026-08-14T16:57:41.844Z</time>
      </trkpt>
      <trkpt lat="46.483238" lon="10.366419">
        <ele>1344.524133</ele>
        <time>2026-08-14T16:57:45.030Z</time>
      </trkpt>
      <trkpt lat="46.483413" lon="10.366232">
        <ele>1343.544856</ele>
        <time>2026-08-14T16:57:48.442Z</time>
      </trkpt>
      <trkpt lat="46.483655" lon="10.365693">
        <ele>1342.621262</ele>
        <time>2026-08-14T16:57:56.208Z</time>
      </trkpt>
      <trkpt lat="46.483705" lon="10.365548">
        <ele>1342.388496</ele>
        <time>2026-08-14T16:57:58.389Z</time>
      </trkpt>
      <trkpt lat="46.483743" lon="10.365106">
        <ele>1341.749146</ele>
        <time>2026-08-14T16:58:04.425Z</time>
      </trkpt>
      <trkpt lat="46.483776" lon="10.364940">
        <ele>1341.501147</ele>
        <time>2026-08-14T16:58:06.945Z</time>
      </trkpt>
      <trkpt lat="46.483981" lon="10.364496">
        <ele>1340.733842</ele>
        <time>2026-08-14T16:58:14.750Z</time>
      </trkpt>
      <trkpt lat="46.484163" lon="10.364269">
        <ele>1340.233745</ele>
        <time>2026-08-14T16:58:19.616Z</time>
      </trkpt>
      <trkpt lat="46.484266" lon="10.364223">
        <ele>1340.001462</ele>
        <time>2026-08-14T16:58:21.647Z</time>
      </trkpt>
      <trkpt lat="46.484443" lon="10.364198">
        <ele>1339.435769</ele>
        <time>2026-08-14T16:58:24.865Z</time>
      </trkpt>
      <trkpt lat="46.484661" lon="10.364167">
        <ele>1338.738995</ele>
        <time>2026-08-14T16:58:28.847Z</time>
      </trkpt>
      <trkpt lat="46.484742" lon="10.364138">
        <ele>1338.473620</ele>
        <time>2026-08-14T16:58:30.401Z</time>
      </trkpt>
      <trkpt lat="46.484810" lon="10.364065">
        <ele>1338.204633</ele>
        <time>2026-08-14T16:58:31.905Z</time>
      </trkpt>
      <trkpt lat="46.484877" lon="10.363885">
        <ele>1337.756465</ele>
        <time>2026-08-14T16:58:34.408Z</time>
      </trkpt>
      <trkpt lat="46.484905" lon="10.363734">
        <ele>1337.413952</ele>
        <time>2026-08-14T16:58:36.307Z</time>
      </trkpt>
      <trkpt lat="46.484984" lon="10.363267">
        <ele>1336.360681</ele>
        <time>2026-08-14T16:58:41.881Z</time>
      </trkpt>
      <trkpt lat="46.485577" lon="10.362094">
        <ele>1332.506222</ele>
        <time>2026-08-14T16:58:57.993Z</time>
      </trkpt>
      <trkpt lat="46.485607" lon="10.362036">
        <ele>1332.253428</ele>
        <time>2026-08-14T16:58:58.792Z</time>
      </trkpt>
      <trkpt lat="46.485637" lon="10.361981">
        <ele>1332.008912</ele>
        <time>2026-08-14T16:58:59.576Z</time>
      </trkpt>
      <trkpt lat="46.485914" lon="10.361436">
        <ele>1329.648331</ele>
        <time>2026-08-14T16:59:07.069Z</time>
      </trkpt>
      <trkpt lat="46.485895" lon="10.361342">
        <ele>1329.306942</ele>
        <time>2026-08-14T16:59:08.122Z</time>
      </trkpt>
      <trkpt lat="46.485823" lon="10.361344">
        <ele>1328.942475</ele>
        <time>2026-08-14T16:59:09.295Z</time>
      </trkpt>
      <trkpt lat="46.485728" lon="10.361423">
        <ele>1328.388433</ele>
        <time>2026-08-14T16:59:11.039Z</time>
      </trkpt>
      <trkpt lat="46.484645" lon="10.362377">
        <ele>1320.650177</ele>
        <time>2026-08-14T16:59:30.675Z</time>
      </trkpt>
      <trkpt lat="46.484600" lon="10.362417">
        <ele>1320.273098</ele>
        <time>2026-08-14T16:59:31.463Z</time>
      </trkpt>
      <trkpt lat="46.483806" lon="10.363130">
        <ele>1313.601112</ele>
        <time>2026-08-14T16:59:45.050Z</time>
      </trkpt>
      <trkpt lat="46.483402" lon="10.363677">
        <ele>1310.711467</ele>
        <time>2026-08-14T16:59:53.293Z</time>
      </trkpt>
      <trkpt lat="46.483345" lon="10.363754">
        <ele>1310.373882</ele>
        <time>2026-08-14T16:59:54.497Z</time>
      </trkpt>
      <trkpt lat="46.483045" lon="10.364177">
        <ele>1308.560627</ele>
        <time>2026-08-14T17:00:01.061Z</time>
      </trkpt>
      <trkpt lat="46.482966" lon="10.364357">
        <ele>1307.923246</ele>
        <time>2026-08-14T17:00:03.436Z</time>
      </trkpt>
      <trkpt lat="46.482934" lon="10.364510">
        <ele>1307.445774</ele>
        <time>2026-08-14T17:00:05.292Z</time>
      </trkpt>
      <trkpt lat="46.482876" lon="10.365236">
        <ele>1305.263377</ele>
        <time>2026-08-14T17:00:14.378Z</time>
      </trkpt>
      <trkpt lat="46.482798" lon="10.365383">
        <ele>1304.709222</ele>
        <time>2026-08-14T17:00:16.894Z</time>
      </trkpt>
      <trkpt lat="46.482388" lon="10.365630">
        <ele>1303.809741</ele>
        <time>2026-08-14T17:00:26.083Z</time>
      </trkpt>
      <trkpt lat="46.481927" lon="10.366161">
        <ele>1302.745065</ele>
        <time>2026-08-14T17:00:37.231Z</time>
      </trkpt>
      <trkpt lat="46.481643" lon="10.366335">
        <ele>1302.187321</ele>
        <time>2026-08-14T17:00:42.853Z</time>
      </trkpt>
      <trkpt lat="46.481506" lon="10.366387">
        <ele>1301.931099</ele>
        <time>2026-08-14T17:00:45.378Z</time>
      </trkpt>
      <trkpt lat="46.481176" lon="10.366485">
        <ele>1301.321624</ele>
        <time>2026-08-14T17:00:51.429Z</time>
      </trkpt>
      <trkpt lat="46.481103" lon="10.366442">
        <ele>1301.179523</ele>
        <time>2026-08-14T17:00:52.776Z</time>
      </trkpt>
      <trkpt lat="46.480882" lon="10.366652">
        <ele>1300.703549</ele>
        <time>2026-08-14T17:00:57.526Z</time>
      </trkpt>
      <trkpt lat="46.480334" lon="10.367454">
        <ele>1299.301418</ele>
        <time>2026-08-14T17:01:11.450Z</time>
      </trkpt>
      <trkpt lat="46.480232" lon="10.367534">
        <ele>1299.092495</ele>
        <time>2026-08-14T17:01:13.611Z</time>
      </trkpt>
      <trkpt lat="46.479828" lon="10.367679">
        <ele>1298.342494</ele>
        <time>2026-08-14T17:01:21.793Z</time>
      </trkpt>
      <trkpt lat="46.478961" lon="10.368450">
        <ele>1296.191719</ele>
        <time>2026-08-14T17:01:43.049Z</time>
      </trkpt>
      <trkpt lat="46.478845" lon="10.368481">
        <ele>1295.935111</ele>
        <time>2026-08-14T17:01:45.400Z</time>
      </trkpt>
      <trkpt lat="46.478587" lon="10.368386">
        <ele>1295.356042</ele>
        <time>2026-08-14T17:01:50.356Z</time>
      </trkpt>
      <trkpt lat="46.477956" lon="10.367748">
        <ele>1292.816487</ele>
        <time>2026-08-14T17:02:02.894Z</time>
      </trkpt>
      <trkpt lat="46.477747" lon="10.367522">
        <ele>1291.161162</ele>
        <time>2026-08-14T17:02:06.886Z</time>
      </trkpt>
      <trkpt lat="46.477694" lon="10.367500">
        <ele>1290.810997</ele>
        <time>2026-08-14T17:02:07.739Z</time>
      </trkpt>
      <trkpt lat="46.477651" lon="10.367387">
        <ele>1290.246224</ele>
        <time>2026-08-14T17:02:09.066Z</time>
      </trkpt>
      <trkpt lat="46.477533" lon="10.367335">
        <ele>1289.462879</ele>
        <time>2026-08-14T17:02:10.912Z</time>
      </trkpt>
      <trkpt lat="46.474867" lon="10.366904">
        <ele>1271.780442</ele>
        <time>2026-08-14T17:02:51.110Z</time>
      </trkpt>
      <trkpt lat="46.474429" lon="10.366903">
        <ele>1269.035395</ele>
        <time>2026-08-14T17:02:57.935Z</time>
      </trkpt>
      <trkpt lat="46.473905" lon="10.367064">
        <ele>1265.857638</ele>
        <time>2026-08-14T17:03:06.380Z</time>
      </trkpt>
      <trkpt lat="46.473789" lon="10.367115">
        <ele>1265.138548</ele>
        <time>2026-08-14T17:03:08.270Z</time>
      </trkpt>
      <trkpt lat="46.473760" lon="10.367128">
        <ele>1264.958476</ele>
        <time>2026-08-14T17:03:08.753Z</time>
      </trkpt>
      <trkpt lat="46.473288" lon="10.367468">
        <ele>1261.832414</ele>
        <time>2026-08-14T17:03:16.975Z</time>
      </trkpt>
      <trkpt lat="46.472651" lon="10.368118">
        <ele>1256.421563</ele>
        <time>2026-08-14T17:03:28.679Z</time>
      </trkpt>
      <trkpt lat="46.472675" lon="10.368210">
        <ele>1255.901075</ele>
        <time>2026-08-14T17:03:29.697Z</time>
      </trkpt>
      <trkpt lat="46.472408" lon="10.368548">
        <ele>1253.179883</ele>
        <time>2026-08-14T17:03:34.869Z</time>
      </trkpt>
      <trkpt lat="46.471709" lon="10.369520">
        <ele>1245.791307</ele>
        <time>2026-08-14T17:03:48.932Z</time>
      </trkpt>
      <trkpt lat="46.471638" lon="10.369704">
        <ele>1244.829759</ele>
        <time>2026-08-14T17:03:51.105Z</time>
      </trkpt>
      <trkpt lat="46.471537" lon="10.370406">
        <ele>1241.560243</ele>
        <time>2026-08-14T17:03:58.618Z</time>
      </trkpt>
      <trkpt lat="46.471502" lon="10.370686">
        <ele>1240.262863</ele>
        <time>2026-08-14T17:04:01.617Z</time>
      </trkpt>
      <trkpt lat="46.471416" lon="10.371395">
        <ele>1236.980765</ele>
        <time>2026-08-14T17:04:09.312Z</time>
      </trkpt>
      <trkpt lat="46.471259" lon="10.372488">
        <ele>1231.813248</ele>
        <time>2026-08-14T17:04:21.097Z</time>
      </trkpt>
      <trkpt lat="46.471148" lon="10.372980">
        <ele>1229.373074</ele>
        <time>2026-08-14T17:04:26.262Z</time>
      </trkpt>
      <trkpt lat="46.470965" lon="10.373249">
        <ele>1227.590965</ele>
        <time>2026-08-14T17:04:30.033Z</time>
      </trkpt>
      <trkpt lat="46.470404" lon="10.374111">
        <ele>1222.001111</ele>
        <time>2026-08-14T17:04:42.343Z</time>
      </trkpt>
      <trkpt lat="46.470019" lon="10.374707">
        <ele>1221.275022</ele>
        <time>2026-08-14T17:04:51.338Z</time>
      </trkpt>
      <trkpt lat="46.469857" lon="10.374955">
        <ele>1221.018929</ele>
        <time>2026-08-14T17:04:55.766Z</time>
      </trkpt>
      <trkpt lat="46.469663" lon="10.375162">
        <ele>1220.757026</ele>
        <time>2026-08-14T17:05:01.249Z</time>
      </trkpt>
      <trkpt lat="46.469480" lon="10.375304">
        <ele>1220.531303</ele>
        <time>2026-08-14T17:05:07.580Z</time>
      </trkpt>
      <trkpt lat="46.469400" lon="10.375321">
        <ele>1220.443348</ele>
        <time>2026-08-14T17:05:10.171Z</time>
      </trkpt>
      <trkpt lat="46.469177" lon="10.375587">
        <ele>1220.129389</ele>
        <time>2026-08-14T17:05:19.315Z</time>
      </trkpt>
      <trkpt lat="46.468944" lon="10.375922">
        <ele>1220.076178</ele>
        <time>2026-08-14T17:05:29.799Z</time>
      </trkpt>
      <trkpt lat="46.468782" lon="10.376190">
        <ele>1220.403506</ele>
        <time>2026-08-14T17:05:38.756Z</time>
      </trkpt>
      <trkpt lat="46.468657" lon="10.376401">
        <ele>1220.658992</ele>
        <time>2026-08-14T17:05:46.440Z</time>
      </trkpt>
      <trkpt lat="46.468366" lon="10.376825">
        <ele>1221.208466</ele>
        <time>2026-08-14T17:06:04.138Z</time>
      </trkpt>
      <trkpt lat="46.468424" lon="10.376922">
        <ele>1221.326384</ele>
        <time>2026-08-14T17:06:07.968Z</time>
      </trkpt>
      <trkpt lat="46.468260" lon="10.377577">
        <ele>1221.966160</ele>
        <time>2026-08-14T17:06:22.004Z</time>
      </trkpt>
      <trkpt lat="46.468096" lon="10.378155">
        <ele>1221.667451</ele>
        <time>2026-08-14T17:06:29.712Z</time>
      </trkpt>
      <trkpt lat="46.468068" lon="10.378291">
        <ele>1221.311221</ele>
        <time>2026-08-14T17:06:31.374Z</time>
      </trkpt>
      <trkpt lat="46.467930" lon="10.378487">
        <ele>1220.607810</ele>
        <time>2026-08-14T17:06:34.822Z</time>
      </trkpt>
      <trkpt lat="46.467579" lon="10.378188">
        <ele>1219.124997</ele>
        <time>2026-08-14T17:06:41.740Z</time>
      </trkpt>
      <trkpt lat="46.467526" lon="10.378320">
        <ele>1218.741546</ele>
        <time>2026-08-14T17:06:44.115Z</time>
      </trkpt>
      <trkpt lat="46.467339" lon="10.378191">
        <ele>1217.987177</ele>
        <time>2026-08-14T17:06:48.605Z</time>
      </trkpt>
      <trkpt lat="46.467245" lon="10.378326">
        <ele>1217.505412</ele>
        <time>2026-08-14T17:06:51.413Z</time>
      </trkpt>
      <trkpt lat="46.467223" lon="10.378447">
        <ele>1217.191342</ele>
        <time>2026-08-14T17:06:53.249Z</time>
      </trkpt>
      <trkpt lat="46.466914" lon="10.379532">
        <ele>1215.923140</ele>
        <time>2026-08-14T17:07:11.921Z</time>
      </trkpt>
      <trkpt lat="46.466823" lon="10.379523">
        <ele>1215.960718</ele>
        <time>2026-08-14T17:07:14.718Z</time>
      </trkpt>
      <trkpt lat="46.466797" lon="10.379437">
        <ele>1215.987370</ele>
        <time>2026-08-14T17:07:16.733Z</time>
      </trkpt>
      <trkpt lat="46.466666" lon="10.379440">
        <ele>1216.041347</ele>
        <time>2026-08-14T17:07:21.677Z</time>
      </trkpt>
      <trkpt lat="46.466393" lon="10.379421">
        <ele>1216.153950</ele>
        <time>2026-08-14T17:07:32.459Z</time>
      </trkpt>
      <trkpt lat="46.466322" lon="10.379427">
        <ele>1216.183251</ele>
        <time>2026-08-14T17:07:35.229Z</time>
      </trkpt>
      <trkpt lat="46.466301" lon="10.379502">
        <ele>1216.206226</ele>
        <time>2026-08-14T17:07:36.924Z</time>
      </trkpt>
      <trkpt lat="46.466160" lon="10.379645">
        <ele>1216.277086</ele>
        <time>2026-08-14T17:07:41.543Z</time>
      </trkpt>
      <trkpt lat="46.465996" lon="10.380085">
        <ele>1216.419056</ele>
        <time>2026-08-14T17:07:51.407Z</time>
      </trkpt>
      <trkpt lat="46.465794" lon="10.380584">
        <ele>1217.469754</ele>
        <time>2026-08-14T17:08:07.765Z</time>
      </trkpt>
      <trkpt lat="46.465869" lon="10.380658">
        <ele>1217.876591</ele>
        <time>2026-08-14T17:08:11.508Z</time>
      </trkpt>
      <trkpt lat="46.466116" lon="10.380751">
        <ele>1219.021412</ele>
        <time>2026-08-14T17:08:22.475Z</time>
      </trkpt>
      <trkpt lat="46.466103" lon="10.380840">
        <ele>1219.302558</ele>
        <time>2026-08-14T17:08:25.227Z</time>
      </trkpt>
      <trkpt lat="46.466027" lon="10.380964">
        <ele>1219.815486</ele>
        <time>2026-08-14T17:08:30.112Z</time>
      </trkpt>
      <trkpt lat="46.466010" lon="10.381109">
        <ele>1220.270013</ele>
        <time>2026-08-14T17:08:34.815Z</time>
      </trkpt>
      <trkpt lat="46.465879" lon="10.381578">
        <ele>1221.833964</ele>
        <time>2026-08-14T17:08:50.555Z</time>
      </trkpt>
      <trkpt lat="46.465840" lon="10.381825">
        <ele>1222.617049</ele>
        <time>2026-08-14T17:08:58.053Z</time>
      </trkpt>
      <trkpt lat="46.465805" lon="10.382836">
        <ele>1226.348262</ele>
        <time>2026-08-14T17:09:34.657Z</time>
      </trkpt>
      <trkpt lat="46.465578" lon="10.383783">
        <ele>1231.027792</ele>
        <time>2026-08-14T17:10:14.073Z</time>
      </trkpt>
      <trkpt lat="46.465347" lon="10.384585">
        <ele>1235.084728</ele>
        <time>2026-08-14T17:10:49.810Z</time>
      </trkpt>
      <trkpt lat="46.465305" lon="10.384947">
        <ele>1236.784454</ele>
        <time>2026-08-14T17:11:04.633Z</time>
      </trkpt>
      <trkpt lat="46.465220" lon="10.385395">
        <ele>1238.342749</ele>
        <time>2026-08-14T17:11:22.483Z</time>
      </trkpt>
      <trkpt lat="46.465203" lon="10.385873">
        <ele>1239.947830</ele>
        <time>2026-08-14T17:11:39.291Z</time>
      </trkpt>
      <trkpt lat="46.465231" lon="10.386042">
        <ele>1240.530726</ele>
        <time>2026-08-14T17:11:45.011Z</time>
      </trkpt>
      <trkpt lat="46.465334" lon="10.386278">
        <ele>1241.467634</ele>
        <time>2026-08-14T17:11:53.763Z</time>
      </trkpt>
      <trkpt lat="46.465345" lon="10.386608">
        <ele>1242.575563</ele>
        <time>2026-08-14T17:12:03.388Z</time>
      </trkpt>
      <trkpt lat="46.465184" lon="10.387334">
        <ele>1245.133231</ele>
        <time>2026-08-14T17:12:23.449Z</time>
      </trkpt>
      <trkpt lat="46.465280" lon="10.388214">
        <ele>1248.730613</ele>
        <time>2026-08-14T17:12:47.473Z</time>
      </trkpt>
      <trkpt lat="46.465282" lon="10.388391">
        <ele>1249.462671</ele>
        <time>2026-08-14T17:12:52.915Z</time>
      </trkpt>
      <trkpt lat="46.465190" lon="10.388922">
        <ele>1251.726957</ele>
        <time>2026-08-14T17:13:11.835Z</time>
      </trkpt>
      <trkpt lat="46.465114" lon="10.389598">
        <ele>1254.559466</ele>
        <time>2026-08-14T17:13:39.632Z</time>
      </trkpt>
      <trkpt lat="46.465061" lon="10.389807">
        <ele>1255.480475</ele>
        <time>2026-08-14T17:13:49.594Z</time>
      </trkpt>
      <trkpt lat="46.464976" lon="10.389942">
        <ele>1256.236849</ele>
        <time>2026-08-14T17:13:58.062Z</time>
      </trkpt>
      <trkpt lat="46.464837" lon="10.390060">
        <ele>1257.720927</ele>
        <time>2026-08-14T17:14:09.256Z</time>
      </trkpt>
      <trkpt lat="46.464579" lon="10.391538">
        <ele>1267.658456</ele>
        <time>2026-08-14T17:15:26.251Z</time>
      </trkpt>
      <trkpt lat="46.464562" lon="10.392098">
        <ele>1271.311861</ele>
        <time>2026-08-14T17:15:52.809Z</time>
      </trkpt>
      <trkpt lat="46.464327" lon="10.392712">
        <ele>1275.430066</ele>
        <time>2026-08-14T17:16:24.474Z</time>
      </trkpt>
      <trkpt lat="46.464223" lon="10.392865">
        <ele>1276.579901</ele>
        <time>2026-08-14T17:16:34.419Z</time>
      </trkpt>
      <trkpt lat="46.463987" lon="10.393749">
        <ele>1281.651346</ele>
        <time>2026-08-14T17:17:20.077Z</time>
      </trkpt>
      <trkpt lat="46.463665" lon="10.394735">
        <ele>1287.341083</ele>
        <time>2026-08-14T17:18:02.266Z</time>
      </trkpt>
      <trkpt lat="46.463476" lon="10.395079">
        <ele>1287.923117</ele>
        <time>2026-08-14T17:18:14.565Z</time>
      </trkpt>
      <trkpt lat="46.463381" lon="10.395559">
        <ele>1288.583716</ele>
        <time>2026-08-14T17:18:26.215Z</time>
      </trkpt>
      <trkpt lat="46.463394" lon="10.396074">
        <ele>1289.265380</ele>
        <time>2026-08-14T17:18:34.944Z</time>
      </trkpt>
      <trkpt lat="46.463299" lon="10.396595">
        <ele>1289.978261</ele>
        <time>2026-08-14T17:18:42.687Z</time>
      </trkpt>
      <trkpt lat="46.463121" lon="10.397168">
        <ele>1290.856775</ele>
        <time>2026-08-14T17:18:52.079Z</time>
      </trkpt>
      <trkpt lat="46.463092" lon="10.397191">
        <ele>1290.967570</ele>
        <time>2026-08-14T17:18:52.923Z</time>
      </trkpt>
      <trkpt lat="46.463068" lon="10.397142">
        <ele>1291.106426</ele>
        <time>2026-08-14T17:18:54.077Z</time>
      </trkpt>
      <trkpt lat="46.463063" lon="10.396722">
        <ele>1292.076553</ele>
        <time>2026-08-14T17:19:03.743Z</time>
      </trkpt>
      <trkpt lat="46.463037" lon="10.396700">
        <ele>1292.177452</ele>
        <time>2026-08-14T17:19:05.024Z</time>
      </trkpt>
      <trkpt lat="46.463010" lon="10.396727">
        <ele>1292.287375</ele>
        <time>2026-08-14T17:19:06.406Z</time>
      </trkpt>
      <trkpt lat="46.462992" lon="10.397255">
        <ele>1293.508274</ele>
        <time>2026-08-14T17:19:22.862Z</time>
      </trkpt>
      <trkpt lat="46.463038" lon="10.398166">
        <ele>1295.617857</ele>
        <time>2026-08-14T17:19:49.306Z</time>
      </trkpt>
      <trkpt lat="46.462982" lon="10.398452">
        <ele>1296.304537</ele>
        <time>2026-08-14T17:19:57.746Z</time>
      </trkpt>
      <trkpt lat="46.462995" lon="10.398607">
        <ele>1296.665150</ele>
        <time>2026-08-14T17:20:02.227Z</time>
      </trkpt>
      <trkpt lat="46.463074" lon="10.398837">
        <ele>1297.696278</ele>
        <time>2026-08-14T17:20:10.023Z</time>
      </trkpt>
      <trkpt lat="46.463087" lon="10.399131">
        <ele>1298.994805</ele>
        <time>2026-08-14T17:20:19.607Z</time>
      </trkpt>
      <trkpt lat="46.463151" lon="10.399259">
        <ele>1299.691954</ele>
        <time>2026-08-14T17:20:24.787Z</time>
      </trkpt>
      <trkpt lat="46.463403" lon="10.399459">
        <ele>1301.529702</ele>
        <time>2026-08-14T17:20:43.362Z</time>
      </trkpt>
      <trkpt lat="46.463416" lon="10.399470">
        <ele>1301.625986</ele>
        <time>2026-08-14T17:20:44.155Z</time>
      </trkpt>
      <trkpt lat="46.463006" lon="10.400054">
        <ele>1305.301428</ele>
        <time>2026-08-14T17:21:14.742Z</time>
      </trkpt>
      <trkpt lat="46.462822" lon="10.400163">
        <ele>1306.573072</ele>
        <time>2026-08-14T17:21:27.187Z</time>
      </trkpt>
      <trkpt lat="46.462643" lon="10.400353">
        <ele>1307.991976</ele>
        <time>2026-08-14T17:21:42.613Z</time>
      </trkpt>
      <trkpt lat="46.462541" lon="10.401468">
        <ele>1312.093915</ele>
        <time>2026-08-14T17:22:35.817Z</time>
      </trkpt>
      <trkpt lat="46.462441" lon="10.401908">
        <ele>1313.761360</ele>
        <time>2026-08-14T17:22:52.752Z</time>
      </trkpt>
      <trkpt lat="46.462353" lon="10.402438">
        <ele>1315.723367</ele>
        <time>2026-08-14T17:23:08.058Z</time>
      </trkpt>
      <trkpt lat="46.462306" lon="10.402945">
        <ele>1317.564424</ele>
        <time>2026-08-14T17:23:17.884Z</time>
      </trkpt>
      <trkpt lat="46.462374" lon="10.403707">
        <ele>1316.917796</ele>
        <time>2026-08-14T17:23:27.890Z</time>
      </trkpt>
      <trkpt lat="46.462439" lon="10.403886">
        <ele>1316.707083</ele>
        <time>2026-08-14T17:23:30.315Z</time>
      </trkpt>
      <trkpt lat="46.462851" lon="10.404576">
        <ele>1315.756193</ele>
        <time>2026-08-14T17:23:40.981Z</time>
      </trkpt>
      <trkpt lat="46.462973" lon="10.404828">
        <ele>1315.435451</ele>
        <time>2026-08-14T17:23:44.731Z</time>
      </trkpt>
      <trkpt lat="46.463054" lon="10.405120">
        <ele>1315.107655</ele>
        <time>2026-08-14T17:23:48.817Z</time>
      </trkpt>
      <trkpt lat="46.463063" lon="10.405316">
        <ele>1315.077200</ele>
        <time>2026-08-14T17:23:51.584Z</time>
      </trkpt>
      <trkpt lat="46.462984" lon="10.406201">
        <ele>1316.787483</ele>
        <time>2026-08-14T17:24:09.135Z</time>
      </trkpt>
      <trkpt lat="46.462929" lon="10.406432">
        <ele>1317.255896</ele>
        <time>2026-08-14T17:24:15.370Z</time>
      </trkpt>
      <trkpt lat="46.462484" lon="10.407637">
        <ele>1319.876245</ele>
        <time>2026-08-14T17:24:56.162Z</time>
      </trkpt>
      <trkpt lat="46.462410" lon="10.407914">
        <ele>1320.946687</ele>
        <time>2026-08-14T17:25:06.413Z</time>
      </trkpt>
      <trkpt lat="46.462387" lon="10.408111">
        <ele>1321.731931</ele>
        <time>2026-08-14T17:25:13.480Z</time>
      </trkpt>
      <trkpt lat="46.462329" lon="10.408044">
        <ele>1322.154813</ele>
        <time>2026-08-14T17:25:17.547Z</time>
      </trkpt>
      <trkpt lat="46.462173" lon="10.407866">
        <ele>1323.286841</ele>
        <time>2026-08-14T17:25:27.841Z</time>
      </trkpt>
      <trkpt lat="46.462143" lon="10.407841">
        <ele>1323.484194</ele>
        <time>2026-08-14T17:25:29.581Z</time>
      </trkpt>
      <trkpt lat="46.461768" lon="10.408935">
        <ele>1328.286516</ele>
        <time>2026-08-14T17:26:15.373Z</time>
      </trkpt>
      <trkpt lat="46.461445" lon="10.410660">
        <ele>1332.280282</ele>
        <time>2026-08-14T17:27:14.362Z</time>
      </trkpt>
      <trkpt lat="46.461433" lon="10.411754">
        <ele>1334.014908</ele>
        <time>2026-08-14T17:27:31.960Z</time>
      </trkpt>
      <trkpt lat="46.461491" lon="10.412759">
        <ele>1333.386520</ele>
        <time>2026-08-14T17:27:44.580Z</time>
      </trkpt>
      <trkpt lat="46.461497" lon="10.412852">
        <ele>1333.269414</ele>
        <time>2026-08-14T17:27:45.709Z</time>
      </trkpt>
      <trkpt lat="46.461489" lon="10.413183">
        <ele>1332.854177</ele>
        <time>2026-08-14T17:27:49.718Z</time>
      </trkpt>
      <trkpt lat="46.461462" lon="10.413493">
        <ele>1332.462429</ele>
        <time>2026-08-14T17:27:53.452Z</time>
      </trkpt>
      <trkpt lat="46.461363" lon="10.413997">
        <ele>1331.805364</ele>
        <time>2026-08-14T17:27:59.863Z</time>
      </trkpt>
      <trkpt lat="46.460981" lon="10.415350">
        <ele>1331.243906</ele>
        <time>2026-08-14T17:28:20.057Z</time>
      </trkpt>
      <trkpt lat="46.460818" lon="10.416621">
        <ele>1331.456467</ele>
        <time>2026-08-14T17:28:41.424Z</time>
      </trkpt>
      <trkpt lat="46.460791" lon="10.417228">
        <ele>1331.735655</ele>
        <time>2026-08-14T17:28:55.452Z</time>
      </trkpt>
      <trkpt lat="46.460708" lon="10.417861">
        <ele>1332.459629</ele>
        <time>2026-08-14T17:29:10.228Z</time>
      </trkpt>
      <trkpt lat="46.460639" lon="10.418031">
        <ele>1332.681322</ele>
        <time>2026-08-14T17:29:14.614Z</time>
      </trkpt>
      <trkpt lat="46.460598" lon="10.418133">
        <ele>1332.814007</ele>
        <time>2026-08-14T17:29:17.299Z</time>
      </trkpt>
      <trkpt lat="46.460499" lon="10.418376">
        <ele>1333.131206</ele>
        <time>2026-08-14T17:29:23.351Z</time>
      </trkpt>
      <trkpt lat="46.460013" lon="10.419109">
        <ele>1334.274276</ele>
        <time>2026-08-14T17:29:44.024Z</time>
      </trkpt>
      <trkpt lat="46.459863" lon="10.419431">
        <ele>1334.931924</ele>
        <time>2026-08-14T17:29:51.755Z</time>
      </trkpt>
      <trkpt lat="46.459760" lon="10.419905">
        <ele>1335.980663</ele>
        <time>2026-08-14T17:30:00.437Z</time>
      </trkpt>
      <trkpt lat="46.459656" lon="10.420611">
        <ele>1337.504033</ele>
        <time>2026-08-14T17:30:13.914Z</time>
      </trkpt>
      <trkpt lat="46.459474" lon="10.421240">
        <ele>1338.943580</ele>
        <time>2026-08-14T17:30:32.445Z</time>
      </trkpt>
      <trkpt lat="46.459322" lon="10.421623">
        <ele>1339.876253</ele>
        <time>2026-08-14T17:30:49.863Z</time>
      </trkpt>
      <trkpt lat="46.459033" lon="10.421958">
        <ele>1342.283511</ele>
        <time>2026-08-14T17:31:12.712Z</time>
      </trkpt>
      <trkpt lat="46.458897" lon="10.422075">
        <ele>1343.360979</ele>
        <time>2026-08-14T17:31:22.796Z</time>
      </trkpt>
      <trkpt lat="46.458517" lon="10.422408">
        <ele>1346.386226</ele>
        <time>2026-08-14T17:31:50.192Z</time>
      </trkpt>
      <trkpt lat="46.458107" lon="10.422973">
        <ele>1350.239237</ele>
        <time>2026-08-14T17:32:24.164Z</time>
      </trkpt>
      <trkpt lat="46.457850" lon="10.423544">
        <ele>1352.716307</ele>
        <time>2026-08-14T17:32:48.183Z</time>
      </trkpt>
      <trkpt lat="46.457818" lon="10.423837">
        <ele>1353.276993</ele>
        <time>2026-08-14T17:32:55.816Z</time>
      </trkpt>
      <trkpt lat="46.457564" lon="10.424735">
        <ele>1355.111712</ele>
        <time>2026-08-14T17:33:18.370Z</time>
      </trkpt>
      <trkpt lat="46.456981" lon="10.425674">
        <ele>1356.932619</ele>
        <time>2026-08-14T17:33:46.743Z</time>
      </trkpt>
      <trkpt lat="46.456647" lon="10.426360">
        <ele>1355.855795</ele>
        <time>2026-08-14T17:33:59.342Z</time>
      </trkpt>
      <trkpt lat="46.456376" lon="10.427762">
        <ele>1353.989181</ele>
        <time>2026-08-14T17:34:16.421Z</time>
      </trkpt>
      <trkpt lat="46.456215" lon="10.428089">
        <ele>1353.564519</ele>
        <time>2026-08-14T17:34:20.785Z</time>
      </trkpt>
      <trkpt lat="46.456203" lon="10.428265">
        <ele>1353.397936</ele>
        <time>2026-08-14T17:34:22.773Z</time>
      </trkpt>
      <trkpt lat="46.456387" lon="10.428410">
        <ele>1353.111685</ele>
        <time>2026-08-14T17:34:27.496Z</time>
      </trkpt>
      <trkpt lat="46.456488" lon="10.428481">
        <ele>1352.958255</ele>
        <time>2026-08-14T17:34:30.073Z</time>
      </trkpt>
      <trkpt lat="46.456570" lon="10.428523">
        <ele>1352.839368</ele>
        <time>2026-08-14T17:34:32.111Z</time>
      </trkpt>
      <trkpt lat="46.456738" lon="10.428501">
        <ele>1352.608742</ele>
        <time>2026-08-14T17:34:36.138Z</time>
      </trkpt>
      <trkpt lat="46.455943" lon="10.430506">
        <ele>1353.243381</ele>
        <time>2026-08-14T17:35:19.390Z</time>
      </trkpt>
      <trkpt lat="46.455755" lon="10.430843">
        <ele>1354.075322</ele>
        <time>2026-08-14T17:35:31.539Z</time>
      </trkpt>
      <trkpt lat="46.455548" lon="10.431111">
        <ele>1354.847772</ele>
        <time>2026-08-14T17:35:42.774Z</time>
      </trkpt>
      <trkpt lat="46.455480" lon="10.431165">
        <ele>1355.063629</ele>
        <time>2026-08-14T17:35:45.857Z</time>
      </trkpt>
      <trkpt lat="46.455344" lon="10.431266">
        <ele>1355.489060</ele>
        <time>2026-08-14T17:35:52.130Z</time>
      </trkpt>
      <trkpt lat="46.454622" lon="10.431569">
        <ele>1358.561418</ele>
        <time>2026-08-14T17:36:24.823Z</time>
      </trkpt>
      <trkpt lat="46.454146" lon="10.431704">
        <ele>1360.999112</ele>
        <time>2026-08-14T17:36:46.661Z</time>
      </trkpt>
      <trkpt lat="46.453931" lon="10.431813">
        <ele>1362.143754</ele>
        <time>2026-08-14T17:36:57.723Z</time>
      </trkpt>
      <trkpt lat="46.453715" lon="10.431974">
        <ele>1363.364181</ele>
        <time>2026-08-14T17:37:10.003Z</time>
      </trkpt>
      <trkpt lat="46.453449" lon="10.432335">
        <ele>1365.194502</ele>
        <time>2026-08-14T17:37:29.230Z</time>
      </trkpt>
      <trkpt lat="46.452956" lon="10.433383">
        <ele>1369.873784</ele>
        <time>2026-08-14T17:38:14.779Z</time>
      </trkpt>
      <trkpt lat="46.452765" lon="10.433887">
        <ele>1372.001352</ele>
        <time>2026-08-14T17:38:33.999Z</time>
      </trkpt>
      <trkpt lat="46.452414" lon="10.435305">
        <ele>1377.042835</ele>
        <time>2026-08-14T17:39:21.347Z</time>
      </trkpt>
      <trkpt lat="46.452168" lon="10.435604">
        <ele>1378.400987</ele>
        <time>2026-08-14T17:39:35.398Z</time>
      </trkpt>
      <trkpt lat="46.451630" lon="10.435913">
        <ele>1380.850066</ele>
        <time>2026-08-14T17:40:00.591Z</time>
      </trkpt>
      <trkpt lat="46.451023" lon="10.436515">
        <ele>1383.449480</ele>
        <time>2026-08-14T17:40:31.160Z</time>
      </trkpt>
      <trkpt lat="46.450563" lon="10.437009">
        <ele>1384.907048</ele>
        <time>2026-08-14T17:40:52.200Z</time>
      </trkpt>
      <trkpt lat="46.450151" lon="10.437670">
        <ele>1386.471342</ele>
        <time>2026-08-14T17:41:11.842Z</time>
      </trkpt>
      <trkpt lat="46.449356" lon="10.438336">
        <ele>1388.893346</ele>
        <time>2026-08-14T17:41:39.271Z</time>
      </trkpt>
      <trkpt lat="46.448529" lon="10.439305">
        <ele>1391.746889</ele>
        <time>2026-08-14T17:42:17.449Z</time>
      </trkpt>
      <trkpt lat="46.448216" lon="10.439592">
        <ele>1393.386494</ele>
        <time>2026-08-14T17:42:33.984Z</time>
      </trkpt>
      <trkpt lat="46.447134" lon="10.439956">
        <ele>1399.306244</ele>
        <time>2026-08-14T17:43:29.067Z</time>
      </trkpt>
      <trkpt lat="46.446450" lon="10.440463">
        <ele>1404.092183</ele>
        <time>2026-08-14T17:44:09.485Z</time>
      </trkpt>
      <trkpt lat="46.445171" lon="10.441285">
        <ele>1414.535236</ele>
        <time>2026-08-14T17:45:32.451Z</time>
      </trkpt>
      <trkpt lat="46.444741" lon="10.441654">
        <ele>1419.296530</ele>
        <time>2026-08-14T17:46:08.422Z</time>
      </trkpt>
      <trkpt lat="46.444259" lon="10.442295">
        <ele>1425.768769</ele>
        <time>2026-08-14T17:46:58.136Z</time>
      </trkpt>
      <trkpt lat="46.443697" lon="10.443110">
        <ele>1433.573718</ele>
        <time>2026-08-14T17:47:56.023Z</time>
      </trkpt>
      <trkpt lat="46.443025" lon="10.443787">
        <ele>1440.998897</ele>
        <time>2026-08-14T17:48:52.474Z</time>
      </trkpt>
      <trkpt lat="46.442123" lon="10.445220">
        <ele>1452.657021</ele>
        <time>2026-08-14T17:50:20.664Z</time>
      </trkpt>
      <trkpt lat="46.441774" lon="10.445590">
        <ele>1456.096829</ele>
        <time>2026-08-14T17:50:47.651Z</time>
      </trkpt>
      <trkpt lat="46.441551" lon="10.445934">
        <ele>1458.686998</ele>
        <time>2026-08-14T17:51:07.651Z</time>
      </trkpt>
      <trkpt lat="46.441327" lon="10.446379">
        <ele>1461.709269</ele>
        <time>2026-08-14T17:51:30.209Z</time>
      </trkpt>
      <trkpt lat="46.441116" lon="10.447078">
        <ele>1465.241685</ele>
        <time>2026-08-14T17:52:02.950Z</time>
      </trkpt>
      <trkpt lat="46.440251" lon="10.448070">
        <ele>1471.576177</ele>
        <time>2026-08-14T17:53:02.670Z</time>
      </trkpt>
      <trkpt lat="46.440031" lon="10.448553">
        <ele>1473.868515</ele>
        <time>2026-08-14T17:53:17.627Z</time>
      </trkpt>
      <trkpt lat="46.439837" lon="10.449094">
        <ele>1475.619466</ele>
        <time>2026-08-14T17:53:32.033Z</time>
      </trkpt>
      <trkpt lat="46.439669" lon="10.449426">
        <ele>1476.799679</ele>
        <time>2026-08-14T17:53:41.337Z</time>
      </trkpt>
      <trkpt lat="46.439408" lon="10.449823">
        <ele>1478.371847</ele>
        <time>2026-08-14T17:53:54.543Z</time>
      </trkpt>
      <trkpt lat="46.438721" lon="10.450721">
        <ele>1483.245099</ele>
        <time>2026-08-14T17:54:41.576Z</time>
      </trkpt>
      <trkpt lat="46.438409" lon="10.450956">
        <ele>1486.462189</ele>
        <time>2026-08-14T17:55:04.261Z</time>
      </trkpt>
      <trkpt lat="46.437771" lon="10.451460">
        <ele>1493.110186</ele>
        <time>2026-08-14T17:55:56.016Z</time>
      </trkpt>
      <trkpt lat="46.437624" lon="10.451631">
        <ele>1494.834420</ele>
        <time>2026-08-14T17:56:10.314Z</time>
      </trkpt>
      <trkpt lat="46.437438" lon="10.451902">
        <ele>1497.246652</ele>
        <time>2026-08-14T17:56:30.134Z</time>
      </trkpt>
      <trkpt lat="46.436157" lon="10.453961">
        <ele>1518.250691</ele>
        <time>2026-08-14T17:59:02.142Z</time>
      </trkpt>
      <trkpt lat="46.435974" lon="10.454218">
        <ele>1520.452486</ele>
        <time>2026-08-14T17:59:21.082Z</time>
      </trkpt>
      <trkpt lat="46.435776" lon="10.454385">
        <ele>1522.432483</ele>
        <time>2026-08-14T17:59:37.252Z</time>
      </trkpt>
      <trkpt lat="46.435236" lon="10.454654">
        <ele>1527.368541</ele>
        <time>2026-08-14T18:00:16.437Z</time>
      </trkpt>
      <trkpt lat="46.434784" lon="10.454794">
        <ele>1531.364367</ele>
        <time>2026-08-14T18:00:45.218Z</time>
      </trkpt>
      <trkpt lat="46.433877" lon="10.455415">
        <ele>1537.492245</ele>
        <time>2026-08-14T18:01:34.058Z</time>
      </trkpt>
      <trkpt lat="46.433604" lon="10.455552">
        <ele>1539.037415</ele>
        <time>2026-08-14T18:01:46.704Z</time>
      </trkpt>
      <trkpt lat="46.433162" lon="10.455621">
        <ele>1541.415352</ele>
        <time>2026-08-14T18:02:05.513Z</time>
      </trkpt>
      <trkpt lat="46.432148" lon="10.456129">
        <ele>1549.857122</ele>
        <time>2026-08-14T18:03:04.295Z</time>
      </trkpt>
      <trkpt lat="46.431317" lon="10.456883">
        <ele>1558.501876</ele>
        <time>2026-08-14T18:04:20.516Z</time>
      </trkpt>
      <trkpt lat="46.430370" lon="10.457878">
        <ele>1570.304405</ele>
        <time>2026-08-14T18:05:47.229Z</time>
      </trkpt>
      <trkpt lat="46.429378" lon="10.458474">
        <ele>1580.135925</ele>
        <time>2026-08-14T18:07:03.574Z</time>
      </trkpt>
      <trkpt lat="46.428818" lon="10.458953">
        <ele>1585.032760</ele>
        <time>2026-08-14T18:07:47.747Z</time>
      </trkpt>
      <trkpt lat="46.428674" lon="10.459122">
        <ele>1586.427928</ele>
        <time>2026-08-14T18:08:00.076Z</time>
      </trkpt>
      <trkpt lat="46.427008" lon="10.461074">
        <ele>1597.048816</ele>
        <time>2026-08-14T18:09:29.543Z</time>
      </trkpt>
      <trkpt lat="46.426178" lon="10.462246">
        <ele>1602.618732</ele>
        <time>2026-08-14T18:10:19.303Z</time>
      </trkpt>
      <trkpt lat="46.425637" lon="10.463251">
        <ele>1606.991535</ele>
        <time>2026-08-14T18:11:04.795Z</time>
      </trkpt>
      <trkpt lat="46.425088" lon="10.464396">
        <ele>1611.498903</ele>
        <time>2026-08-14T18:11:56.264Z</time>
      </trkpt>
      <trkpt lat="46.424549" lon="10.465429">
        <ele>1615.931127</ele>
        <time>2026-08-14T18:12:25.453Z</time>
      </trkpt>
      <trkpt lat="46.424316" lon="10.466158">
        <ele>1620.260142</ele>
        <time>2026-08-14T18:12:52.885Z</time>
      </trkpt>
      <trkpt lat="46.424152" lon="10.466640">
        <ele>1623.155963</ele>
        <time>2026-08-14T18:13:15.611Z</time>
      </trkpt>
      <trkpt lat="46.424037" lon="10.467068">
        <ele>1625.630739</ele>
        <time>2026-08-14T18:13:36.669Z</time>
      </trkpt>
      <trkpt lat="46.423962" lon="10.468054">
        <ele>1631.429177</ele>
        <time>2026-08-14T18:14:32.584Z</time>
      </trkpt>
      <trkpt lat="46.423874" lon="10.468298">
        <ele>1633.334040</ele>
        <time>2026-08-14T18:14:49.030Z</time>
      </trkpt>
      <trkpt lat="46.423614" lon="10.468712">
        <ele>1637.208096</ele>
        <time>2026-08-14T18:15:21.007Z</time>
      </trkpt>
      <trkpt lat="46.423337" lon="10.468966">
        <ele>1640.496498</ele>
        <time>2026-08-14T18:15:45.265Z</time>
      </trkpt>
      <trkpt lat="46.423023" lon="10.469147">
        <ele>1643.887096</ele>
        <time>2026-08-14T18:16:07.403Z</time>
      </trkpt>
      <trkpt lat="46.422893" lon="10.469325">
        <ele>1645.680945</ele>
        <time>2026-08-14T18:16:18.197Z</time>
      </trkpt>
      <trkpt lat="46.422326" lon="10.470808">
        <ele>1654.697195</ele>
        <time>2026-08-14T18:17:27.582Z</time>
      </trkpt>
      <trkpt lat="46.422180" lon="10.471016">
        <ele>1656.192531</ele>
        <time>2026-08-14T18:17:39.887Z</time>
      </trkpt>
      <trkpt lat="46.421915" lon="10.471236">
        <ele>1658.423678</ele>
        <time>2026-08-14T18:17:57.873Z</time>
      </trkpt>
      <trkpt lat="46.421767" lon="10.471406">
        <ele>1659.803157</ele>
        <time>2026-08-14T18:18:08.874Z</time>
      </trkpt>
      <trkpt lat="46.420585" lon="10.474250">
        <ele>1673.494306</ele>
        <time>2026-08-14T18:20:12.156Z</time>
      </trkpt>
      <trkpt lat="46.420068" lon="10.475202">
        <ele>1676.886757</ele>
        <time>2026-08-14T18:20:48.517Z</time>
      </trkpt>
      <trkpt lat="46.419199" lon="10.477626">
        <ele>1683.138249</ele>
        <time>2026-08-14T18:21:50.017Z</time>
      </trkpt>
      <trkpt lat="46.418940" lon="10.478165">
        <ele>1684.493172</ele>
        <time>2026-08-14T18:22:08.838Z</time>
      </trkpt>
      <trkpt lat="46.418786" lon="10.478882">
        <ele>1688.401690</ele>
        <time>2026-08-14T18:22:35.844Z</time>
      </trkpt>
      <trkpt lat="46.418717" lon="10.479817">
        <ele>1693.539421</ele>
        <time>2026-08-14T18:23:18.942Z</time>
      </trkpt>
      <trkpt lat="46.418698" lon="10.481502">
        <ele>1702.546223</ele>
        <time>2026-08-14T18:24:40.272Z</time>
      </trkpt>
      <trkpt lat="46.418572" lon="10.481927">
        <ele>1704.943161</ele>
        <time>2026-08-14T18:25:00.771Z</time>
      </trkpt>
      <trkpt lat="46.418417" lon="10.482272">
        <ele>1707.076715</ele>
        <time>2026-08-14T18:25:17.955Z</time>
      </trkpt>
      <trkpt lat="46.418301" lon="10.482632">
        <ele>1709.135592</ele>
        <time>2026-08-14T18:25:32.324Z</time>
      </trkpt>
      <trkpt lat="46.417723" lon="10.483503">
        <ele>1714.208754</ele>
        <time>2026-08-14T18:26:14.397Z</time>
      </trkpt>
      <trkpt lat="46.417688" lon="10.483581">
        <ele>1714.500555</ele>
        <time>2026-08-14T18:26:17.125Z</time>
      </trkpt>
      <trkpt lat="46.417491" lon="10.484235">
        <ele>1716.738291</ele>
        <time>2026-08-14T18:26:39.209Z</time>
      </trkpt>
      <trkpt lat="46.417368" lon="10.484426">
        <ele>1717.557784</ele>
        <time>2026-08-14T18:26:46.798Z</time>
      </trkpt>
      <trkpt lat="46.417154" lon="10.484569">
        <ele>1718.629367</ele>
        <time>2026-08-14T18:26:56.306Z</time>
      </trkpt>
      <trkpt lat="46.417055" lon="10.484679">
        <ele>1719.196536</ele>
        <time>2026-08-14T18:27:01.552Z</time>
      </trkpt>
      <trkpt lat="46.416891" lon="10.484969">
        <ele>1720.372590</ele>
        <time>2026-08-14T18:27:12.674Z</time>
      </trkpt>
      <trkpt lat="46.416525" lon="10.485486">
        <ele>1722.448837</ele>
        <time>2026-08-14T18:27:34.236Z</time>
      </trkpt>
      <trkpt lat="46.416445" lon="10.485639">
        <ele>1722.981106</ele>
        <time>2026-08-14T18:27:39.892Z</time>
      </trkpt>
      <trkpt lat="46.416153" lon="10.486861">
        <ele>1726.565994</ele>
        <time>2026-08-14T18:28:18.600Z</time>
      </trkpt>
      <trkpt lat="46.416112" lon="10.486967">
        <ele>1726.902894</ele>
        <time>2026-08-14T18:28:22.213Z</time>
      </trkpt>
      <trkpt lat="46.416058" lon="10.487146">
        <ele>1727.444480</ele>
        <time>2026-08-14T18:28:28.076Z</time>
      </trkpt>
      <trkpt lat="46.415903" lon="10.487488">
        <ele>1728.295646</ele>
        <time>2026-08-14T18:28:39.852Z</time>
      </trkpt>
      <trkpt lat="46.415757" lon="10.487667">
        <ele>1728.786191</ele>
        <time>2026-08-14T18:28:47.337Z</time>
      </trkpt>
      <trkpt lat="46.415636" lon="10.487746">
        <ele>1729.126687</ele>
        <time>2026-08-14T18:28:52.264Z</time>
      </trkpt>
      <trkpt lat="46.415348" lon="10.487989">
        <ele>1729.981648</ele>
        <time>2026-08-14T18:29:03.872Z</time>
      </trkpt>
      <trkpt lat="46.415176" lon="10.488231">
        <ele>1730.596537</ele>
        <time>2026-08-14T18:29:11.981Z</time>
      </trkpt>
      <trkpt lat="46.415054" lon="10.488362">
        <ele>1730.986042</ele>
        <time>2026-08-14T18:29:17.087Z</time>
      </trkpt>
      <trkpt lat="46.414813" lon="10.488525">
        <ele>1731.668387</ele>
        <time>2026-08-14T18:29:25.819Z</time>
      </trkpt>
      <trkpt lat="46.414729" lon="10.488629">
        <ele>1731.951782</ele>
        <time>2026-08-14T18:29:29.240Z</time>
      </trkpt>
      <trkpt lat="46.414545" lon="10.489007">
        <ele>1732.544484</ele>
        <time>2026-08-14T18:29:38.644Z</time>
      </trkpt>
      <trkpt lat="46.414497" lon="10.489160">
        <ele>1732.654806</ele>
        <time>2026-08-14T18:29:41.973Z</time>
      </trkpt>
      <trkpt lat="46.414507" lon="10.489666">
        <ele>1732.987031</ele>
        <time>2026-08-14T18:29:57.042Z</time>
      </trkpt>
      <trkpt lat="46.414493" lon="10.490040">
        <ele>1733.232849</ele>
        <time>2026-08-14T18:30:04.393Z</time>
      </trkpt>
      <trkpt lat="46.414441" lon="10.490372">
        <ele>1733.456294</ele>
        <time>2026-08-14T18:30:10.850Z</time>
      </trkpt>
      <trkpt lat="46.414433" lon="10.490697">
        <ele>1733.669728</ele>
        <time>2026-08-14T18:30:16.945Z</time>
      </trkpt>
      <trkpt lat="46.414454" lon="10.490930">
        <ele>1733.823948</ele>
        <time>2026-08-14T18:30:20.956Z</time>
      </trkpt>
      <trkpt lat="46.414458" lon="10.491020">
        <ele>1733.883137</ele>
        <time>2026-08-14T18:30:22.403Z</time>
      </trkpt>
      <trkpt lat="46.414437" lon="10.491402">
        <ele>1734.125235</ele>
        <time>2026-08-14T18:30:28.309Z</time>
      </trkpt>
      <trkpt lat="46.414371" lon="10.491671">
        <ele>1734.155115</ele>
        <time>2026-08-14T18:30:32.598Z</time>
      </trkpt>
      <trkpt lat="46.414253" lon="10.492109">
        <ele>1734.204325</ele>
        <time>2026-08-14T18:30:39.751Z</time>
      </trkpt>
      <trkpt lat="46.414038" lon="10.492646">
        <ele>1734.269309</ele>
        <time>2026-08-14T18:30:49.372Z</time>
      </trkpt>
      <trkpt lat="46.413965" lon="10.492774">
        <ele>1734.286692</ele>
        <time>2026-08-14T18:30:52.013Z</time>
      </trkpt>
      <trkpt lat="46.412771" lon="10.494847">
        <ele>1734.396459</ele>
        <time>2026-08-14T18:31:37.874Z</time>
      </trkpt>
      <trkpt lat="46.412424" lon="10.495462">
        <ele>1734.396459</ele>
        <time>2026-08-14T18:31:51.711Z</time>
      </trkpt>
      <trkpt lat="46.412323" lon="10.495475">
        <ele>1734.396459</ele>
        <time>2026-08-14T18:31:54.238Z</time>
      </trkpt>
      <trkpt lat="46.412256" lon="10.495445">
        <ele>1734.396459</ele>
        <time>2026-08-14T18:31:55.909Z</time>
      </trkpt>
      <trkpt lat="46.412135" lon="10.495250">
        <ele>1734.396459</ele>
        <time>2026-08-14T18:32:00.295Z</time>
      </trkpt>
      <trkpt lat="46.412059" lon="10.495084">
        <ele>1734.396459</ele>
        <time>2026-08-14T18:32:05.482Z</time>
      </trkpt>
      <trkpt lat="46.412026" lon="10.495018">
        <ele>1734.396459</ele>
        <time>2026-08-14T18:32:06.884Z</time>
      </trkpt>
      <trkpt lat="46.411987" lon="10.495056">
        <ele>1734.396459</ele>
        <time>2026-08-14T18:32:07.916Z</time>
      </trkpt>
    </trkseg>
  </trk>
</gpx>