<?xml version='1.0' encoding='UTF-8'?>
<gpx version="1.1" creator="https://www.komoot.de" xmlns="http://www.topografix.com/GPX/1/1" xmlns:xsi="http://www.w3.org/2001/XMLSchema-instance" xsi:schemaLocation="http://www.topografix.com/GPX/1/1 http://www.topografix.com/GPX/1/1/gpx.xsd">
  <metadata>
    <name>Alpentour Tag 1: von München nach Wallgau</name>
    <author>
      <link href="https://www.komoot.de">
        <text>komoot</text>
        <type>text/html</type>
      </link>
    </author>
  </metadata>
  <wpt lat="47.707090" lon="11.399378">
    <name>Kloster-Café Benediktbeuern</name>
    <sym>Restaurant</sym>
  </wpt>
  <trk>
    <name>Alpentour Tag 1: von München nach Wallgau</name>
    <type>mtb_easy</type>
    <trkseg>
      <trkpt lat="48.139338" lon="11.558443">
        <ele>524.525536</ele>
        <time>2026-08-14T12:13:41.306Z</time>
      </trkpt>
      <trkpt lat="48.139289" lon="11.557987">
        <ele>524.525536</ele>
        <time>2026-08-14T12:13:48.553Z</time>
      </trkpt>
      <trkpt lat="48.139317" lon="11.557868">
        <ele>524.525536</ele>
        <time>2026-08-14T12:13:50.420Z</time>
      </trkpt>
      <trkpt lat="48.139289" lon="11.557723">
        <ele>524.525536</ele>
        <time>2026-08-14T12:13:52.757Z</time>
      </trkpt>
      <trkpt lat="48.139272" lon="11.557543">
        <ele>524.525536</ele>
        <time>2026-08-14T12:13:55.676Z</time>
      </trkpt>
      <trkpt lat="48.139262" lon="11.556049">
        <ele>525.169303</ele>
        <time>2026-08-14T12:14:20.902Z</time>
      </trkpt>
      <trkpt lat="48.139262" lon="11.555948">
        <ele>525.230228</ele>
        <time>2026-08-14T12:14:22.335Z</time>
      </trkpt>
      <trkpt lat="48.139260" lon="11.555802">
        <ele>525.318317</ele>
        <time>2026-08-14T12:14:24.104Z</time>
      </trkpt>
      <trkpt lat="48.139215" lon="11.555813">
        <ele>525.359532</ele>
        <time>2026-08-14T12:14:24.971Z</time>
      </trkpt>
      <trkpt lat="48.139143" lon="11.555829">
        <ele>525.425328</ele>
        <time>2026-08-14T12:14:26.253Z</time>
      </trkpt>
      <trkpt lat="48.139099" lon="11.555839">
        <ele>525.465556</ele>
        <time>2026-08-14T12:14:27.093Z</time>
      </trkpt>
      <trkpt lat="48.139099" lon="11.555954">
        <ele>525.534927</ele>
        <time>2026-08-14T12:14:28.469Z</time>
      </trkpt>
      <trkpt lat="48.138725" lon="11.555946">
        <ele>525.873036</ele>
        <time>2026-08-14T12:14:35.496Z</time>
      </trkpt>
      <trkpt lat="48.138503" lon="11.555938">
        <ele>526.073770</ele>
        <time>2026-08-14T12:14:39.865Z</time>
      </trkpt>
      <trkpt lat="48.137882" lon="11.555917">
        <ele>526.140781</ele>
        <time>2026-08-14T12:14:51.069Z</time>
      </trkpt>
      <trkpt lat="48.137665" lon="11.555909">
        <ele>526.136472</ele>
        <time>2026-08-14T12:14:54.677Z</time>
      </trkpt>
      <trkpt lat="48.137610" lon="11.555907">
        <ele>526.135380</ele>
        <time>2026-08-14T12:14:55.582Z</time>
      </trkpt>
      <trkpt lat="48.137496" lon="11.555903">
        <ele>526.133116</ele>
        <time>2026-08-14T12:14:57.476Z</time>
      </trkpt>
      <trkpt lat="48.136922" lon="11.555883">
        <ele>526.121718</ele>
        <time>2026-08-14T12:15:09.076Z</time>
      </trkpt>
      <trkpt lat="48.136832" lon="11.555880">
        <ele>526.119930</ele>
        <time>2026-08-14T12:15:11.000Z</time>
      </trkpt>
      <trkpt lat="48.136713" lon="11.555876">
        <ele>526.117567</ele>
        <time>2026-08-14T12:15:13.407Z</time>
      </trkpt>
      <trkpt lat="48.136384" lon="11.555865">
        <ele>525.915236</ele>
        <time>2026-08-14T12:15:19.461Z</time>
      </trkpt>
      <trkpt lat="48.136016" lon="11.555856">
        <ele>525.601316</ele>
        <time>2026-08-14T12:15:26.150Z</time>
      </trkpt>
      <trkpt lat="48.135678" lon="11.555839">
        <ele>525.312863</ele>
        <time>2026-08-14T12:15:32.222Z</time>
      </trkpt>
      <trkpt lat="48.135619" lon="11.555838">
        <ele>525.262536</ele>
        <time>2026-08-14T12:15:33.265Z</time>
      </trkpt>
      <trkpt lat="48.135530" lon="11.555827">
        <ele>525.186368</ele>
        <time>2026-08-14T12:15:34.828Z</time>
      </trkpt>
      <trkpt lat="48.134997" lon="11.555796">
        <ele>524.731413</ele>
        <time>2026-08-14T12:15:43.960Z</time>
      </trkpt>
      <trkpt lat="48.134898" lon="11.555794">
        <ele>524.646965</ele>
        <time>2026-08-14T12:15:45.623Z</time>
      </trkpt>
      <trkpt lat="48.134756" lon="11.555792">
        <ele>524.531160</ele>
        <time>2026-08-14T12:15:47.615Z</time>
      </trkpt>
      <trkpt lat="48.134673" lon="11.555791">
        <ele>524.467117</ele>
        <time>2026-08-14T12:15:48.775Z</time>
      </trkpt>
      <trkpt lat="48.134633" lon="11.555791">
        <ele>524.436254</ele>
        <time>2026-08-14T12:15:49.338Z</time>
      </trkpt>
      <trkpt lat="48.134538" lon="11.555798">
        <ele>524.362866</ele>
        <time>2026-08-14T12:15:50.671Z</time>
      </trkpt>
      <trkpt lat="48.132856" lon="11.555798">
        <ele>523.331003</ele>
        <time>2026-08-14T12:16:16.669Z</time>
      </trkpt>
      <trkpt lat="48.132719" lon="11.555798">
        <ele>523.443682</ele>
        <time>2026-08-14T12:16:19.077Z</time>
      </trkpt>
      <trkpt lat="48.132587" lon="11.555735">
        <ele>523.557624</ele>
        <time>2026-08-14T12:16:21.630Z</time>
      </trkpt>
      <trkpt lat="48.132506" lon="11.555665">
        <ele>523.634532</ele>
        <time>2026-08-14T12:16:23.451Z</time>
      </trkpt>
      <trkpt lat="48.132461" lon="11.555577">
        <ele>523.695387</ele>
        <time>2026-08-14T12:16:24.958Z</time>
      </trkpt>
      <trkpt lat="48.132395" lon="11.555515">
        <ele>523.759457</ele>
        <time>2026-08-14T12:16:26.623Z</time>
      </trkpt>
      <trkpt lat="48.132359" lon="11.555511">
        <ele>523.789147</ele>
        <time>2026-08-14T12:16:27.394Z</time>
      </trkpt>
      <trkpt lat="48.132314" lon="11.555507">
        <ele>523.826224</ele>
        <time>2026-08-14T12:16:28.407Z</time>
      </trkpt>
      <trkpt lat="48.131644" lon="11.555506">
        <ele>524.377284</ele>
        <time>2026-08-14T12:16:43.997Z</time>
      </trkpt>
      <trkpt lat="48.131535" lon="11.555556">
        <ele>524.471041</ele>
        <time>2026-08-14T12:16:46.613Z</time>
      </trkpt>
      <trkpt lat="48.131231" lon="11.555777">
        <ele>524.784025</ele>
        <time>2026-08-14T12:16:54.317Z</time>
      </trkpt>
      <trkpt lat="48.131029" lon="11.555781">
        <ele>525.027050</ele>
        <time>2026-08-14T12:16:59.371Z</time>
      </trkpt>
      <trkpt lat="48.131011" lon="11.555781">
        <ele>525.048704</ele>
        <time>2026-08-14T12:16:59.836Z</time>
      </trkpt>
      <trkpt lat="48.130197" lon="11.555793">
        <ele>526.027983</ele>
        <time>2026-08-14T12:17:19.335Z</time>
      </trkpt>
      <trkpt lat="48.130079" lon="11.555795">
        <ele>526.169945</ele>
        <time>2026-08-14T12:17:21.535Z</time>
      </trkpt>
      <trkpt lat="48.130007" lon="11.555796">
        <ele>526.256564</ele>
        <time>2026-08-14T12:17:22.766Z</time>
      </trkpt>
      <trkpt lat="48.129936" lon="11.555796">
        <ele>526.341976</ele>
        <time>2026-08-14T12:17:24.063Z</time>
      </trkpt>
      <trkpt lat="48.129789" lon="11.555789">
        <ele>526.518904</ele>
        <time>2026-08-14T12:17:26.591Z</time>
      </trkpt>
      <trkpt lat="48.128728" lon="11.555736">
        <ele>527.420115</ele>
        <time>2026-08-14T12:17:51.728Z</time>
      </trkpt>
      <trkpt lat="48.128606" lon="11.555754">
        <ele>527.509795</ele>
        <time>2026-08-14T12:17:54.150Z</time>
      </trkpt>
      <trkpt lat="48.128461" lon="11.555845">
        <ele>527.624799</ele>
        <time>2026-08-14T12:17:57.232Z</time>
      </trkpt>
      <trkpt lat="48.128378" lon="11.555937">
        <ele>527.700327</ele>
        <time>2026-08-14T12:17:59.233Z</time>
      </trkpt>
      <trkpt lat="48.128281" lon="11.556037">
        <ele>527.786463</ele>
        <time>2026-08-14T12:18:01.575Z</time>
      </trkpt>
      <trkpt lat="48.128252" lon="11.556068">
        <ele>527.812524</ele>
        <time>2026-08-14T12:18:02.313Z</time>
      </trkpt>
      <trkpt lat="48.128106" lon="11.556249">
        <ele>527.951153</ele>
        <time>2026-08-14T12:18:06.105Z</time>
      </trkpt>
      <trkpt lat="48.127993" lon="11.556395">
        <ele>528.060311</ele>
        <time>2026-08-14T12:18:09.143Z</time>
      </trkpt>
      <trkpt lat="48.127949" lon="11.556446">
        <ele>528.101008</ele>
        <time>2026-08-14T12:18:10.264Z</time>
      </trkpt>
      <trkpt lat="48.127631" lon="11.556797">
        <ele>528.003214</ele>
        <time>2026-08-14T12:18:18.789Z</time>
      </trkpt>
      <trkpt lat="48.127007" lon="11.557465">
        <ele>527.649860</ele>
        <time>2026-08-14T12:18:31.006Z</time>
      </trkpt>
      <trkpt lat="48.126985" lon="11.557488">
        <ele>527.637500</ele>
        <time>2026-08-14T12:18:31.440Z</time>
      </trkpt>
      <trkpt lat="48.126953" lon="11.557522">
        <ele>527.619425</ele>
        <time>2026-08-14T12:18:32.052Z</time>
      </trkpt>
      <trkpt lat="48.126739" lon="11.557748">
        <ele>527.498792</ele>
        <time>2026-08-14T12:18:36.162Z</time>
      </trkpt>
      <trkpt lat="48.126714" lon="11.557773">
        <ele>527.484943</ele>
        <time>2026-08-14T12:18:36.631Z</time>
      </trkpt>
      <trkpt lat="48.126643" lon="11.557848">
        <ele>527.444917</ele>
        <time>2026-08-14T12:18:38.012Z</time>
      </trkpt>
      <trkpt lat="48.126579" lon="11.557917">
        <ele>527.408588</ele>
        <time>2026-08-14T12:18:39.318Z</time>
      </trkpt>
      <trkpt lat="48.126568" lon="11.557928">
        <ele>527.402495</ele>
        <time>2026-08-14T12:18:39.530Z</time>
      </trkpt>
      <trkpt lat="48.126411" lon="11.558100">
        <ele>527.296344</ele>
        <time>2026-08-14T12:18:42.594Z</time>
      </trkpt>
      <trkpt lat="48.126295" lon="11.558247">
        <ele>527.121843</ele>
        <time>2026-08-14T12:18:44.997Z</time>
      </trkpt>
      <trkpt lat="48.126161" lon="11.558474">
        <ele>526.889524</ele>
        <time>2026-08-14T12:18:48.166Z</time>
      </trkpt>
      <trkpt lat="48.126069" lon="11.558500">
        <ele>526.781995</ele>
        <time>2026-08-14T12:18:49.622Z</time>
      </trkpt>
      <trkpt lat="48.126022" lon="11.558547">
        <ele>526.717093</ele>
        <time>2026-08-14T12:18:50.479Z</time>
      </trkpt>
      <trkpt lat="48.125941" lon="11.558668">
        <ele>526.585716</ele>
        <time>2026-08-14T12:18:52.220Z</time>
      </trkpt>
      <trkpt lat="48.125719" lon="11.559248">
        <ele>526.073145</ele>
        <time>2026-08-14T12:18:58.913Z</time>
      </trkpt>
      <trkpt lat="48.125046" lon="11.561629">
        <ele>523.647476</ele>
        <time>2026-08-14T12:19:22.882Z</time>
      </trkpt>
      <trkpt lat="48.125028" lon="11.561775">
        <ele>523.490419</ele>
        <time>2026-08-14T12:19:24.224Z</time>
      </trkpt>
      <trkpt lat="48.125017" lon="11.561862">
        <ele>523.396750</ele>
        <time>2026-08-14T12:19:25.029Z</time>
      </trkpt>
      <trkpt lat="48.125037" lon="11.562088">
        <ele>523.155586</ele>
        <time>2026-08-14T12:19:27.118Z</time>
      </trkpt>
      <trkpt lat="48.124920" lon="11.562492">
        <ele>522.689728</ele>
        <time>2026-08-14T12:19:31.231Z</time>
      </trkpt>
      <trkpt lat="48.124825" lon="11.562778">
        <ele>522.402220</ele>
        <time>2026-08-14T12:19:34.274Z</time>
      </trkpt>
      <trkpt lat="48.124653" lon="11.563293">
        <ele>522.342242</ele>
        <time>2026-08-14T12:19:40.202Z</time>
      </trkpt>
      <trkpt lat="48.124603" lon="11.563445">
        <ele>522.324593</ele>
        <time>2026-08-14T12:19:42.038Z</time>
      </trkpt>
      <trkpt lat="48.124447" lon="11.563912">
        <ele>522.270202</ele>
        <time>2026-08-14T12:19:48.480Z</time>
      </trkpt>
      <trkpt lat="48.124350" lon="11.564100">
        <ele>522.245454</ele>
        <time>2026-08-14T12:19:51.833Z</time>
      </trkpt>
      <trkpt lat="48.124279" lon="11.564215">
        <ele>522.229138</ele>
        <time>2026-08-14T12:19:54.060Z</time>
      </trkpt>
      <trkpt lat="48.124157" lon="11.564534">
        <ele>522.190846</ele>
        <time>2026-08-14T12:19:59.018Z</time>
      </trkpt>
      <trkpt lat="48.124122" lon="11.564642">
        <ele>522.178342</ele>
        <time>2026-08-14T12:20:00.559Z</time>
      </trkpt>
      <trkpt lat="48.124100" lon="11.564711">
        <ele>522.170378</ele>
        <time>2026-08-14T12:20:01.455Z</time>
      </trkpt>
      <trkpt lat="48.123996" lon="11.565033">
        <ele>522.133120</ele>
        <time>2026-08-14T12:20:05.578Z</time>
      </trkpt>
      <trkpt lat="48.123923" lon="11.565257">
        <ele>521.895338</ele>
        <time>2026-08-14T12:20:08.439Z</time>
      </trkpt>
      <trkpt lat="48.123854" lon="11.565474">
        <ele>521.604137</ele>
        <time>2026-08-14T12:20:11.431Z</time>
      </trkpt>
      <trkpt lat="48.123684" lon="11.565997">
        <ele>520.899385</ele>
        <time>2026-08-14T12:20:18.116Z</time>
      </trkpt>
      <trkpt lat="48.123488" lon="11.566602">
        <ele>520.084654</ele>
        <time>2026-08-14T12:20:24.139Z</time>
      </trkpt>
      <trkpt lat="48.123413" lon="11.566595">
        <ele>519.948270</ele>
        <time>2026-08-14T12:20:25.262Z</time>
      </trkpt>
      <trkpt lat="48.123266" lon="11.566888">
        <ele>519.504210</ele>
        <time>2026-08-14T12:20:28.829Z</time>
      </trkpt>
      <trkpt lat="48.123240" lon="11.566940">
        <ele>519.425497</ele>
        <time>2026-08-14T12:20:29.481Z</time>
      </trkpt>
      <trkpt lat="48.123150" lon="11.567119">
        <ele>519.153999</ele>
        <time>2026-08-14T12:20:31.701Z</time>
      </trkpt>
      <trkpt lat="48.123064" lon="11.567277">
        <ele>518.907007</ele>
        <time>2026-08-14T12:20:33.784Z</time>
      </trkpt>
      <trkpt lat="48.122997" lon="11.567395">
        <ele>518.781063</ele>
        <time>2026-08-14T12:20:35.367Z</time>
      </trkpt>
      <trkpt lat="48.122942" lon="11.567535">
        <ele>518.669029</ele>
        <time>2026-08-14T12:20:37.078Z</time>
      </trkpt>
      <trkpt lat="48.121935" lon="11.568724">
        <ele>517.344324</ele>
        <time>2026-08-14T12:20:59.718Z</time>
      </trkpt>
      <trkpt lat="48.121888" lon="11.568786">
        <ele>517.279622</ele>
        <time>2026-08-14T12:21:01.155Z</time>
      </trkpt>
      <trkpt lat="48.121846" lon="11.568856">
        <ele>517.214710</ele>
        <time>2026-08-14T12:21:02.605Z</time>
      </trkpt>
      <trkpt lat="48.121685" lon="11.569211">
        <ele>517.049749</ele>
        <time>2026-08-14T12:21:08.869Z</time>
      </trkpt>
      <trkpt lat="48.121589" lon="11.569284">
        <ele>517.108672</ele>
        <time>2026-08-14T12:21:10.871Z</time>
      </trkpt>
      <trkpt lat="48.121520" lon="11.569361">
        <ele>517.155762</ele>
        <time>2026-08-14T12:21:12.421Z</time>
      </trkpt>
      <trkpt lat="48.121122" lon="11.569827">
        <ele>517.432231</ele>
        <time>2026-08-14T12:21:20.932Z</time>
      </trkpt>
      <trkpt lat="48.120658" lon="11.570325">
        <ele>517.744632</ele>
        <time>2026-08-14T12:21:32.829Z</time>
      </trkpt>
      <trkpt lat="48.120624" lon="11.570371">
        <ele>517.769706</ele>
        <time>2026-08-14T12:21:33.742Z</time>
      </trkpt>
      <trkpt lat="48.120556" lon="11.570463">
        <ele>517.819855</ele>
        <time>2026-08-14T12:21:35.661Z</time>
      </trkpt>
      <trkpt lat="48.120484" lon="11.570575">
        <ele>517.876664</ele>
        <time>2026-08-14T12:21:37.825Z</time>
      </trkpt>
      <trkpt lat="48.120354" lon="11.570778">
        <ele>517.979441</ele>
        <time>2026-08-14T12:21:41.954Z</time>
      </trkpt>
      <trkpt lat="48.120308" lon="11.570849">
        <ele>518.044648</ele>
        <time>2026-08-14T12:21:43.455Z</time>
      </trkpt>
      <trkpt lat="48.120084" lon="11.571330">
        <ele>518.491095</ele>
        <time>2026-08-14T12:21:53.022Z</time>
      </trkpt>
      <trkpt lat="48.119901" lon="11.571806">
        <ele>518.909240</ele>
        <time>2026-08-14T12:22:02.831Z</time>
      </trkpt>
      <trkpt lat="48.119884" lon="11.571851">
        <ele>518.948601</ele>
        <time>2026-08-14T12:22:03.766Z</time>
      </trkpt>
      <trkpt lat="48.119848" lon="11.571919">
        <ele>519.014667</ele>
        <time>2026-08-14T12:22:05.298Z</time>
      </trkpt>
      <trkpt lat="48.119443" lon="11.572683">
        <ele>519.757322</ele>
        <time>2026-08-14T12:22:20.953Z</time>
      </trkpt>
      <trkpt lat="48.119412" lon="11.572741">
        <ele>519.813882</ele>
        <time>2026-08-14T12:22:21.840Z</time>
      </trkpt>
      <trkpt lat="48.119369" lon="11.572821">
        <ele>519.892068</ele>
        <time>2026-08-14T12:22:23.047Z</time>
      </trkpt>
      <trkpt lat="48.119312" lon="11.572929">
        <ele>519.996873</ele>
        <time>2026-08-14T12:22:24.614Z</time>
      </trkpt>
      <trkpt lat="48.118807" lon="11.573903">
        <ele>519.751129</ele>
        <time>2026-08-14T12:22:37.321Z</time>
      </trkpt>
      <trkpt lat="48.118586" lon="11.574378">
        <ele>519.609118</ele>
        <time>2026-08-14T12:22:43.082Z</time>
      </trkpt>
      <trkpt lat="48.118501" lon="11.574422">
        <ele>519.576076</ele>
        <time>2026-08-14T12:22:44.704Z</time>
      </trkpt>
      <trkpt lat="48.118456" lon="11.574499">
        <ele>519.550975</ele>
        <time>2026-08-14T12:22:45.910Z</time>
      </trkpt>
      <trkpt lat="48.118423" lon="11.574582">
        <ele>519.527279</ele>
        <time>2026-08-14T12:22:47.105Z</time>
      </trkpt>
      <trkpt lat="48.118403" lon="11.574686">
        <ele>519.500733</ele>
        <time>2026-08-14T12:22:48.393Z</time>
      </trkpt>
      <trkpt lat="48.118449" lon="11.574720">
        <ele>519.481886</ele>
        <time>2026-08-14T12:22:49.357Z</time>
      </trkpt>
      <trkpt lat="48.118329" lon="11.575075">
        <ele>519.384285</ele>
        <time>2026-08-14T12:22:53.633Z</time>
      </trkpt>
      <trkpt lat="48.118119" lon="11.575589">
        <ele>520.007512</ele>
        <time>2026-08-14T12:23:01.866Z</time>
      </trkpt>
      <trkpt lat="48.118029" lon="11.575828">
        <ele>520.304449</ele>
        <time>2026-08-14T12:23:05.947Z</time>
      </trkpt>
      <trkpt lat="48.117932" lon="11.575817">
        <ele>520.462130</ele>
        <time>2026-08-14T12:23:08.325Z</time>
      </trkpt>
      <trkpt lat="48.117844" lon="11.575864">
        <ele>520.613569</ele>
        <time>2026-08-14T12:23:10.531Z</time>
      </trkpt>
      <trkpt lat="48.117779" lon="11.575944">
        <ele>520.749935</ele>
        <time>2026-08-14T12:23:12.890Z</time>
      </trkpt>
      <trkpt lat="48.117607" lon="11.576265">
        <ele>521.195350</ele>
        <time>2026-08-14T12:23:20.236Z</time>
      </trkpt>
      <trkpt lat="48.117572" lon="11.576386">
        <ele>521.338052</ele>
        <time>2026-08-14T12:23:22.514Z</time>
      </trkpt>
      <trkpt lat="48.117530" lon="11.576510">
        <ele>521.488520</ele>
        <time>2026-08-14T12:23:25.303Z</time>
      </trkpt>
      <trkpt lat="48.117047" lon="11.576351">
        <ele>522.290118</ele>
        <time>2026-08-14T12:23:40.284Z</time>
      </trkpt>
      <trkpt lat="48.116761" lon="11.576272">
        <ele>522.890703</ele>
        <time>2026-08-14T12:23:49.065Z</time>
      </trkpt>
      <trkpt lat="48.116678" lon="11.576248">
        <ele>523.065620</ele>
        <time>2026-08-14T12:23:51.874Z</time>
      </trkpt>
      <trkpt lat="48.116626" lon="11.576235">
        <ele>523.174709</ele>
        <time>2026-08-14T12:23:53.726Z</time>
      </trkpt>
      <trkpt lat="48.116555" lon="11.576215">
        <ele>523.324200</ele>
        <time>2026-08-14T12:23:55.626Z</time>
      </trkpt>
      <trkpt lat="48.116242" lon="11.576127">
        <ele>523.983181</ele>
        <time>2026-08-14T12:24:03.979Z</time>
      </trkpt>
      <trkpt lat="48.116118" lon="11.576082">
        <ele>524.247189</ele>
        <time>2026-08-14T12:24:07.404Z</time>
      </trkpt>
      <trkpt lat="48.116038" lon="11.576030">
        <ele>524.427643</ele>
        <time>2026-08-14T12:24:10.185Z</time>
      </trkpt>
      <trkpt lat="48.115991" lon="11.575999">
        <ele>524.533908</ele>
        <time>2026-08-14T12:24:11.902Z</time>
      </trkpt>
      <trkpt lat="48.115774" lon="11.575741">
        <ele>525.107195</ele>
        <time>2026-08-14T12:24:19.211Z</time>
      </trkpt>
      <trkpt lat="48.115764" lon="11.575729">
        <ele>525.133709</ele>
        <time>2026-08-14T12:24:19.554Z</time>
      </trkpt>
      <trkpt lat="48.115525" lon="11.575469">
        <ele>525.744930</ele>
        <time>2026-08-14T12:24:26.836Z</time>
      </trkpt>
      <trkpt lat="48.115283" lon="11.575268">
        <ele>525.998809</ele>
        <time>2026-08-14T12:24:33.560Z</time>
      </trkpt>
      <trkpt lat="48.115236" lon="11.575235">
        <ele>525.992589</ele>
        <time>2026-08-14T12:24:34.878Z</time>
      </trkpt>
      <trkpt lat="48.114996" lon="11.575112">
        <ele>525.962195</ele>
        <time>2026-08-14T12:24:40.180Z</time>
      </trkpt>
      <trkpt lat="48.114838" lon="11.575028">
        <ele>525.942106</ele>
        <time>2026-08-14T12:24:43.226Z</time>
      </trkpt>
      <trkpt lat="48.114554" lon="11.574870">
        <ele>525.905805</ele>
        <time>2026-08-14T12:24:48.135Z</time>
      </trkpt>
      <trkpt lat="48.114164" lon="11.574600">
        <ele>525.854325</ele>
        <time>2026-08-14T12:24:54.594Z</time>
      </trkpt>
      <trkpt lat="48.114056" lon="11.574541">
        <ele>525.840550</ele>
        <time>2026-08-14T12:24:56.326Z</time>
      </trkpt>
      <trkpt lat="48.113949" lon="11.574482">
        <ele>525.826888</ele>
        <time>2026-08-14T12:24:57.994Z</time>
      </trkpt>
      <trkpt lat="48.113859" lon="11.574432">
        <ele>525.815386</ele>
        <time>2026-08-14T12:24:59.389Z</time>
      </trkpt>
      <trkpt lat="48.113597" lon="11.574196">
        <ele>525.725110</ele>
        <time>2026-08-14T12:25:03.955Z</time>
      </trkpt>
      <trkpt lat="48.113444" lon="11.574058">
        <ele>525.651495</ele>
        <time>2026-08-14T12:25:06.670Z</time>
      </trkpt>
      <trkpt lat="48.113100" lon="11.573644">
        <ele>525.469603</ele>
        <time>2026-08-14T12:25:12.996Z</time>
      </trkpt>
      <trkpt lat="48.112959" lon="11.573550">
        <ele>525.405989</ele>
        <time>2026-08-14T12:25:15.128Z</time>
      </trkpt>
      <trkpt lat="48.112720" lon="11.573446">
        <ele>525.303404</ele>
        <time>2026-08-14T12:25:19.040Z</time>
      </trkpt>
      <trkpt lat="48.112469" lon="11.573336">
        <ele>525.195609</ele>
        <time>2026-08-14T12:25:24.129Z</time>
      </trkpt>
      <trkpt lat="48.112242" lon="11.573187">
        <ele>525.093454</ele>
        <time>2026-08-14T12:25:29.494Z</time>
      </trkpt>
      <trkpt lat="48.112017" lon="11.572862">
        <ele>525.549518</ele>
        <time>2026-08-14T12:25:36.423Z</time>
      </trkpt>
      <trkpt lat="48.112009" lon="11.572852">
        <ele>525.571733</ele>
        <time>2026-08-14T12:25:36.654Z</time>
      </trkpt>
      <trkpt lat="48.111791" lon="11.572665">
        <ele>526.107322</ele>
        <time>2026-08-14T12:25:42.143Z</time>
      </trkpt>
      <trkpt lat="48.111696" lon="11.572592">
        <ele>526.334956</ele>
        <time>2026-08-14T12:25:44.581Z</time>
      </trkpt>
      <trkpt lat="48.111502" lon="11.572559">
        <ele>526.751209</ele>
        <time>2026-08-14T12:25:49.204Z</time>
      </trkpt>
      <trkpt lat="48.111159" lon="11.572413">
        <ele>527.511418</ele>
        <time>2026-08-14T12:25:58.772Z</time>
      </trkpt>
      <trkpt lat="48.111136" lon="11.572403">
        <ele>527.562477</ele>
        <time>2026-08-14T12:25:59.483Z</time>
      </trkpt>
      <trkpt lat="48.111107" lon="11.572392">
        <ele>527.626255</ele>
        <time>2026-08-14T12:26:00.402Z</time>
      </trkpt>
      <trkpt lat="48.110725" lon="11.572321">
        <ele>528.446898</ele>
        <time>2026-08-14T12:26:12.703Z</time>
      </trkpt>
      <trkpt lat="48.110581" lon="11.572323">
        <ele>528.753909</ele>
        <time>2026-08-14T12:26:17.390Z</time>
      </trkpt>
      <trkpt lat="48.110409" lon="11.572348">
        <ele>529.190191</ele>
        <time>2026-08-14T12:26:23.059Z</time>
      </trkpt>
      <trkpt lat="48.109887" lon="11.572339">
        <ele>530.633873</ele>
        <time>2026-08-14T12:26:40.388Z</time>
      </trkpt>
      <trkpt lat="48.109672" lon="11.572306">
        <ele>531.231568</ele>
        <time>2026-08-14T12:26:47.608Z</time>
      </trkpt>
      <trkpt lat="48.109494" lon="11.572235">
        <ele>531.740985</ele>
        <time>2026-08-14T12:26:53.851Z</time>
      </trkpt>
      <trkpt lat="48.109333" lon="11.572068">
        <ele>532.282590</ele>
        <time>2026-08-14T12:27:00.086Z</time>
      </trkpt>
      <trkpt lat="48.109183" lon="11.571830">
        <ele>532.886926</ele>
        <time>2026-08-14T12:27:06.278Z</time>
      </trkpt>
      <trkpt lat="48.108768" lon="11.571029">
        <ele>533.808999</ele>
        <time>2026-08-14T12:27:21.210Z</time>
      </trkpt>
      <trkpt lat="48.108605" lon="11.570758">
        <ele>533.764338</ele>
        <time>2026-08-14T12:27:25.402Z</time>
      </trkpt>
      <trkpt lat="48.108379" lon="11.570511">
        <ele>533.713031</ele>
        <time>2026-08-14T12:27:29.897Z</time>
      </trkpt>
      <trkpt lat="48.107909" lon="11.570036">
        <ele>533.609051</ele>
        <time>2026-08-14T12:27:38.565Z</time>
      </trkpt>
      <trkpt lat="48.107075" lon="11.569112">
        <ele>533.618057</ele>
        <time>2026-08-14T12:27:54.117Z</time>
      </trkpt>
      <trkpt lat="48.106510" lon="11.568551">
        <ele>533.701136</ele>
        <time>2026-08-14T12:28:05.516Z</time>
      </trkpt>
      <trkpt lat="48.106326" lon="11.568202">
        <ele>533.737525</ele>
        <time>2026-08-14T12:28:11.877Z</time>
      </trkpt>
      <trkpt lat="48.105631" lon="11.567665">
        <ele>534.641627</ele>
        <time>2026-08-14T12:28:32.628Z</time>
      </trkpt>
      <trkpt lat="48.105041" lon="11.567081">
        <ele>535.666132</ele>
        <time>2026-08-14T12:28:51.576Z</time>
      </trkpt>
      <trkpt lat="48.104704" lon="11.566564">
        <ele>536.363723</ele>
        <time>2026-08-14T12:29:01.609Z</time>
      </trkpt>
      <trkpt lat="48.104224" lon="11.566139">
        <ele>535.886649</ele>
        <time>2026-08-14T12:29:10.726Z</time>
      </trkpt>
      <trkpt lat="48.103606" lon="11.565703">
        <ele>535.302181</ele>
        <time>2026-08-14T12:29:20.300Z</time>
      </trkpt>
      <trkpt lat="48.103192" lon="11.565452">
        <ele>534.920055</ele>
        <time>2026-08-14T12:29:26.476Z</time>
      </trkpt>
      <trkpt lat="48.103019" lon="11.565205">
        <ele>534.856989</ele>
        <time>2026-08-14T12:29:30.082Z</time>
      </trkpt>
      <trkpt lat="48.102639" lon="11.564662">
        <ele>534.986343</ele>
        <time>2026-08-14T12:29:38.395Z</time>
      </trkpt>
      <trkpt lat="48.102611" lon="11.564629">
        <ele>534.995118</ele>
        <time>2026-08-14T12:29:39.083Z</time>
      </trkpt>
      <trkpt lat="48.102100" lon="11.563952">
        <ele>535.163146</ele>
        <time>2026-08-14T12:29:51.863Z</time>
      </trkpt>
      <trkpt lat="48.101519" lon="11.563393">
        <ele>535.484422</ele>
        <time>2026-08-14T12:30:09.159Z</time>
      </trkpt>
      <trkpt lat="48.101075" lon="11.562904">
        <ele>535.936445</ele>
        <time>2026-08-14T12:30:21.995Z</time>
      </trkpt>
      <trkpt lat="48.100451" lon="11.562348">
        <ele>536.531954</ele>
        <time>2026-08-14T12:30:35.845Z</time>
      </trkpt>
      <trkpt lat="48.099842" lon="11.561795">
        <ele>537.185158</ele>
        <time>2026-08-14T12:30:48.477Z</time>
      </trkpt>
      <trkpt lat="48.099745" lon="11.561680">
        <ele>537.305438</ele>
        <time>2026-08-14T12:30:50.799Z</time>
      </trkpt>
      <trkpt lat="48.099142" lon="11.561173">
        <ele>537.977757</ele>
        <time>2026-08-14T12:31:05.244Z</time>
      </trkpt>
      <trkpt lat="48.098183" lon="11.560466">
        <ele>539.645512</ele>
        <time>2026-08-14T12:31:32.408Z</time>
      </trkpt>
      <trkpt lat="48.097286" lon="11.559889">
        <ele>541.731153</ele>
        <time>2026-08-14T12:31:58.704Z</time>
      </trkpt>
      <trkpt lat="48.096676" lon="11.559219">
        <ele>543.363948</ele>
        <time>2026-08-14T12:32:20.486Z</time>
      </trkpt>
      <trkpt lat="48.096173" lon="11.558828">
        <ele>544.594558</ele>
        <time>2026-08-14T12:32:36.364Z</time>
      </trkpt>
      <trkpt lat="48.095971" lon="11.558599">
        <ele>545.144713</ele>
        <time>2026-08-14T12:32:42.973Z</time>
      </trkpt>
      <trkpt lat="48.095830" lon="11.558440">
        <ele>545.527993</ele>
        <time>2026-08-14T12:32:47.568Z</time>
      </trkpt>
      <trkpt lat="48.095707" lon="11.558128">
        <ele>546.053405</ele>
        <time>2026-08-14T12:32:53.650Z</time>
      </trkpt>
      <trkpt lat="48.095486" lon="11.557840">
        <ele>546.313368</ele>
        <time>2026-08-14T12:33:00.795Z</time>
      </trkpt>
      <trkpt lat="48.095310" lon="11.557611">
        <ele>546.395961</ele>
        <time>2026-08-14T12:33:06.306Z</time>
      </trkpt>
      <trkpt lat="48.095276" lon="11.557679">
        <ele>546.416057</ele>
        <time>2026-08-14T12:33:07.561Z</time>
      </trkpt>
      <trkpt lat="48.095222" lon="11.557610">
        <ele>546.441203</ele>
        <time>2026-08-14T12:33:09.210Z</time>
      </trkpt>
      <trkpt lat="48.095213" lon="11.557509">
        <ele>546.465310</ele>
        <time>2026-08-14T12:33:10.647Z</time>
      </trkpt>
      <trkpt lat="48.095180" lon="11.557504">
        <ele>546.477058</ele>
        <time>2026-08-14T12:33:11.351Z</time>
      </trkpt>
      <trkpt lat="48.095121" lon="11.557493">
        <ele>546.498119</ele>
        <time>2026-08-14T12:33:12.608Z</time>
      </trkpt>
      <trkpt lat="48.095106" lon="11.557441">
        <ele>546.511519</ele>
        <time>2026-08-14T12:33:13.355Z</time>
      </trkpt>
      <trkpt lat="48.094961" lon="11.557248">
        <ele>546.580242</ele>
        <time>2026-08-14T12:33:17.161Z</time>
      </trkpt>
      <trkpt lat="48.094502" lon="11.556705">
        <ele>546.787454</ele>
        <time>2026-08-14T12:33:27.343Z</time>
      </trkpt>
      <trkpt lat="48.094488" lon="11.556688">
        <ele>546.793839</ele>
        <time>2026-08-14T12:33:27.633Z</time>
      </trkpt>
      <trkpt lat="48.094484" lon="11.556682">
        <ele>546.795845</ele>
        <time>2026-08-14T12:33:27.732Z</time>
      </trkpt>
      <trkpt lat="48.094369" lon="11.556559">
        <ele>546.845906</ele>
        <time>2026-08-14T12:33:29.886Z</time>
      </trkpt>
      <trkpt lat="48.094484" lon="11.556682">
        <ele>546.850630</ele>
        <time>2026-08-14T12:33:32.023Z</time>
      </trkpt>
      <trkpt lat="48.094651" lon="11.556188">
        <ele>546.666163</ele>
        <time>2026-08-14T12:33:37.699Z</time>
      </trkpt>
      <trkpt lat="48.094719" lon="11.555866">
        <ele>546.553647</ele>
        <time>2026-08-14T12:33:41.214Z</time>
      </trkpt>
      <trkpt lat="48.094734" lon="11.555756">
        <ele>546.516242</ele>
        <time>2026-08-14T12:33:42.388Z</time>
      </trkpt>
      <trkpt lat="48.094720" lon="11.555605">
        <ele>546.465451</ele>
        <time>2026-08-14T12:33:44.006Z</time>
      </trkpt>
      <trkpt lat="48.094698" lon="11.555535">
        <ele>546.439676</ele>
        <time>2026-08-14T12:33:44.780Z</time>
      </trkpt>
      <trkpt lat="48.094597" lon="11.555404">
        <ele>546.373018</ele>
        <time>2026-08-14T12:33:46.772Z</time>
      </trkpt>
      <trkpt lat="48.093626" lon="11.554233">
        <ele>546.349433</ele>
        <time>2026-08-14T12:34:08.168Z</time>
      </trkpt>
      <trkpt lat="48.093226" lon="11.553509">
        <ele>546.854887</ele>
        <time>2026-08-14T12:34:22.928Z</time>
      </trkpt>
      <trkpt lat="48.092591" lon="11.552735">
        <ele>547.488144</ele>
        <time>2026-08-14T12:34:40.555Z</time>
      </trkpt>
      <trkpt lat="48.092399" lon="11.552518">
        <ele>547.622645</ele>
        <time>2026-08-14T12:34:45.556Z</time>
      </trkpt>
      <trkpt lat="48.092078" lon="11.552249">
        <ele>547.828318</ele>
        <time>2026-08-14T12:34:53.521Z</time>
      </trkpt>
      <trkpt lat="48.091976" lon="11.552175">
        <ele>547.891689</ele>
        <time>2026-08-14T12:34:55.932Z</time>
      </trkpt>
      <trkpt lat="48.091903" lon="11.552175">
        <ele>547.932503</ele>
        <time>2026-08-14T12:34:57.597Z</time>
      </trkpt>
      <trkpt lat="48.091867" lon="11.552123">
        <ele>547.960471</ele>
        <time>2026-08-14T12:34:58.595Z</time>
      </trkpt>
      <trkpt lat="48.091465" lon="11.551921">
        <ele>548.197552</ele>
        <time>2026-08-14T12:35:07.157Z</time>
      </trkpt>
      <trkpt lat="48.091043" lon="11.551735">
        <ele>548.436880</ele>
        <time>2026-08-14T12:35:14.752Z</time>
      </trkpt>
      <trkpt lat="48.090840" lon="11.551629">
        <ele>548.471514</ele>
        <time>2026-08-14T12:35:18.261Z</time>
      </trkpt>
      <trkpt lat="48.090723" lon="11.551524">
        <ele>548.493489</ele>
        <time>2026-08-14T12:35:20.484Z</time>
      </trkpt>
      <trkpt lat="48.090143" lon="11.551002">
        <ele>548.602508</ele>
        <time>2026-08-14T12:35:32.132Z</time>
      </trkpt>
      <trkpt lat="48.089773" lon="11.550710">
        <ele>548.669887</ele>
        <time>2026-08-14T12:35:39.383Z</time>
      </trkpt>
      <trkpt lat="48.089258" lon="11.550280">
        <ele>548.959820</ele>
        <time>2026-08-14T12:35:50.477Z</time>
      </trkpt>
      <trkpt lat="48.088997" lon="11.550099">
        <ele>549.226845</ele>
        <time>2026-08-14T12:35:56.747Z</time>
      </trkpt>
      <trkpt lat="48.088905" lon="11.549999">
        <ele>549.332387</ele>
        <time>2026-08-14T12:35:59.292Z</time>
      </trkpt>
      <trkpt lat="48.088739" lon="11.549722">
        <ele>549.563149</ele>
        <time>2026-08-14T12:36:04.907Z</time>
      </trkpt>
      <trkpt lat="48.088640" lon="11.549626">
        <ele>549.672648</ele>
        <time>2026-08-14T12:36:07.587Z</time>
      </trkpt>
      <trkpt lat="48.088525" lon="11.549553">
        <ele>549.788605</ele>
        <time>2026-08-14T12:36:10.429Z</time>
      </trkpt>
      <trkpt lat="48.088372" lon="11.549507">
        <ele>549.933474</ele>
        <time>2026-08-14T12:36:14.007Z</time>
      </trkpt>
      <trkpt lat="48.088151" lon="11.549277">
        <ele>550.183337</ele>
        <time>2026-08-14T12:36:20.330Z</time>
      </trkpt>
      <trkpt lat="48.087690" lon="11.548879">
        <ele>550.508582</ele>
        <time>2026-08-14T12:36:31.578Z</time>
      </trkpt>
      <trkpt lat="48.087517" lon="11.548792">
        <ele>550.577209</ele>
        <time>2026-08-14T12:36:34.941Z</time>
      </trkpt>
      <trkpt lat="48.087429" lon="11.548673">
        <ele>550.621802</ele>
        <time>2026-08-14T12:36:37.067Z</time>
      </trkpt>
      <trkpt lat="48.087243" lon="11.548573">
        <ele>550.696120</ele>
        <time>2026-08-14T12:36:40.564Z</time>
      </trkpt>
      <trkpt lat="48.087091" lon="11.548413">
        <ele>550.765993</ele>
        <time>2026-08-14T12:36:43.942Z</time>
      </trkpt>
      <trkpt lat="48.086990" lon="11.548295">
        <ele>550.814171</ele>
        <time>2026-08-14T12:36:46.203Z</time>
      </trkpt>
      <trkpt lat="48.086920" lon="11.548137">
        <ele>550.861795</ele>
        <time>2026-08-14T12:36:48.475Z</time>
      </trkpt>
      <trkpt lat="48.086269" lon="11.547529">
        <ele>550.927354</ele>
        <time>2026-08-14T12:37:02.919Z</time>
      </trkpt>
      <trkpt lat="48.085671" lon="11.547125">
        <ele>550.489061</ele>
        <time>2026-08-14T12:37:12.937Z</time>
      </trkpt>
      <trkpt lat="48.085580" lon="11.547120">
        <ele>550.428228</ele>
        <time>2026-08-14T12:37:14.377Z</time>
      </trkpt>
      <trkpt lat="48.085496" lon="11.547049">
        <ele>550.363784</ele>
        <time>2026-08-14T12:37:15.886Z</time>
      </trkpt>
      <trkpt lat="48.085405" lon="11.547017">
        <ele>550.301337</ele>
        <time>2026-08-14T12:37:17.406Z</time>
      </trkpt>
      <trkpt lat="48.085253" lon="11.546863">
        <ele>550.178722</ele>
        <time>2026-08-14T12:37:20.280Z</time>
      </trkpt>
      <trkpt lat="48.085098" lon="11.546707">
        <ele>550.053947</ele>
        <time>2026-08-14T12:37:23.124Z</time>
      </trkpt>
      <trkpt lat="48.084592" lon="11.546352">
        <ele>549.868931</ele>
        <time>2026-08-14T12:37:31.070Z</time>
      </trkpt>
      <trkpt lat="48.084360" lon="11.546243">
        <ele>549.869355</ele>
        <time>2026-08-14T12:37:34.245Z</time>
      </trkpt>
      <trkpt lat="48.083892" lon="11.546149">
        <ele>549.870179</ele>
        <time>2026-08-14T12:37:42.080Z</time>
      </trkpt>
      <trkpt lat="48.083644" lon="11.546007">
        <ele>549.870643</ele>
        <time>2026-08-14T12:37:48.562Z</time>
      </trkpt>
      <trkpt lat="48.083469" lon="11.545866">
        <ele>549.870989</ele>
        <time>2026-08-14T12:37:53.194Z</time>
      </trkpt>
      <trkpt lat="48.083247" lon="11.545780">
        <ele>549.871389</ele>
        <time>2026-08-14T12:37:58.404Z</time>
      </trkpt>
      <trkpt lat="48.083048" lon="11.545644">
        <ele>549.924646</ele>
        <time>2026-08-14T12:38:02.954Z</time>
      </trkpt>
      <trkpt lat="48.082776" lon="11.545524">
        <ele>550.061224</ele>
        <time>2026-08-14T12:38:09.040Z</time>
      </trkpt>
      <trkpt lat="48.082559" lon="11.545305">
        <ele>550.187275</ele>
        <time>2026-08-14T12:38:14.633Z</time>
      </trkpt>
      <trkpt lat="48.082490" lon="11.545257">
        <ele>550.223922</ele>
        <time>2026-08-14T12:38:16.317Z</time>
      </trkpt>
      <trkpt lat="48.082186" lon="11.545044">
        <ele>550.385587</ele>
        <time>2026-08-14T12:38:24.668Z</time>
      </trkpt>
      <trkpt lat="48.081644" lon="11.544622">
        <ele>550.679839</ele>
        <time>2026-08-14T12:38:34.671Z</time>
      </trkpt>
      <trkpt lat="48.081275" lon="11.544405">
        <ele>550.816919</ele>
        <time>2026-08-14T12:38:40.222Z</time>
      </trkpt>
      <trkpt lat="48.081026" lon="11.544366">
        <ele>550.888629</ele>
        <time>2026-08-14T12:38:44.181Z</time>
      </trkpt>
      <trkpt lat="48.080756" lon="11.544163">
        <ele>550.975173</ele>
        <time>2026-08-14T12:38:49.454Z</time>
      </trkpt>
      <trkpt lat="48.080362" lon="11.544045">
        <ele>551.090263</ele>
        <time>2026-08-14T12:38:57.526Z</time>
      </trkpt>
      <trkpt lat="48.080113" lon="11.543921">
        <ele>551.165428</ele>
        <time>2026-08-14T12:39:03.153Z</time>
      </trkpt>
      <trkpt lat="48.079586" lon="11.543593">
        <ele>551.462983</ele>
        <time>2026-08-14T12:39:15.868Z</time>
      </trkpt>
      <trkpt lat="48.079383" lon="11.543411">
        <ele>551.650579</ele>
        <time>2026-08-14T12:39:21.642Z</time>
      </trkpt>
      <trkpt lat="48.079165" lon="11.543341">
        <ele>551.827338</ele>
        <time>2026-08-14T12:39:27.085Z</time>
      </trkpt>
      <trkpt lat="48.078780" lon="11.543323">
        <ele>552.132707</ele>
        <time>2026-08-14T12:39:35.062Z</time>
      </trkpt>
      <trkpt lat="48.078545" lon="11.543286">
        <ele>552.320038</ele>
        <time>2026-08-14T12:39:39.358Z</time>
      </trkpt>
      <trkpt lat="48.078006" lon="11.543157">
        <ele>552.622437</ele>
        <time>2026-08-14T12:39:49.735Z</time>
      </trkpt>
      <trkpt lat="48.077516" lon="11.543068">
        <ele>552.322516</ele>
        <time>2026-08-14T12:39:58.089Z</time>
      </trkpt>
      <trkpt lat="48.077320" lon="11.543180">
        <ele>552.195037</ele>
        <time>2026-08-14T12:40:01.500Z</time>
      </trkpt>
      <trkpt lat="48.076956" lon="11.543118">
        <ele>551.972435</ele>
        <time>2026-08-14T12:40:07.321Z</time>
      </trkpt>
      <trkpt lat="48.075693" lon="11.542639">
        <ele>550.864556</ele>
        <time>2026-08-14T12:40:25.875Z</time>
      </trkpt>
      <trkpt lat="48.075282" lon="11.542673">
        <ele>550.419334</ele>
        <time>2026-08-14T12:40:31.224Z</time>
      </trkpt>
      <trkpt lat="48.075220" lon="11.542693">
        <ele>550.350734</ele>
        <time>2026-08-14T12:40:32.204Z</time>
      </trkpt>
      <trkpt lat="48.075020" lon="11.542791">
        <ele>550.123113</ele>
        <time>2026-08-14T12:40:35.587Z</time>
      </trkpt>
      <trkpt lat="48.074962" lon="11.542808">
        <ele>550.059187</ele>
        <time>2026-08-14T12:40:36.583Z</time>
      </trkpt>
      <trkpt lat="48.074563" lon="11.542894">
        <ele>549.671752</ele>
        <time>2026-08-14T12:40:43.336Z</time>
      </trkpt>
      <trkpt lat="48.074408" lon="11.542941">
        <ele>549.976104</ele>
        <time>2026-08-14T12:40:46.336Z</time>
      </trkpt>
      <trkpt lat="48.074291" lon="11.543026">
        <ele>550.226392</ele>
        <time>2026-08-14T12:40:48.875Z</time>
      </trkpt>
      <trkpt lat="48.074216" lon="11.543151">
        <ele>550.442419</ele>
        <time>2026-08-14T12:40:51.202Z</time>
      </trkpt>
      <trkpt lat="48.074182" lon="11.543267">
        <ele>550.605299</ele>
        <time>2026-08-14T12:40:53.048Z</time>
      </trkpt>
      <trkpt lat="48.073971" lon="11.543560">
        <ele>551.159224</ele>
        <time>2026-08-14T12:40:59.508Z</time>
      </trkpt>
      <trkpt lat="48.073423" lon="11.543902">
        <ele>552.301848</ele>
        <time>2026-08-14T12:41:17.658Z</time>
      </trkpt>
      <trkpt lat="48.073104" lon="11.544222">
        <ele>553.040899</ele>
        <time>2026-08-14T12:41:28.491Z</time>
      </trkpt>
      <trkpt lat="48.072882" lon="11.544294">
        <ele>553.740678</ele>
        <time>2026-08-14T12:41:35.694Z</time>
      </trkpt>
      <trkpt lat="48.072480" lon="11.544588">
        <ele>555.203227</ele>
        <time>2026-08-14T12:41:51.227Z</time>
      </trkpt>
      <trkpt lat="48.072289" lon="11.544671">
        <ele>555.853347</ele>
        <time>2026-08-14T12:41:58.056Z</time>
      </trkpt>
      <trkpt lat="48.072160" lon="11.544768">
        <ele>556.325250</ele>
        <time>2026-08-14T12:42:02.977Z</time>
      </trkpt>
      <trkpt lat="48.071970" lon="11.545011">
        <ele>557.142208</ele>
        <time>2026-08-14T12:42:11.422Z</time>
      </trkpt>
      <trkpt lat="48.071819" lon="11.545094">
        <ele>557.668031</ele>
        <time>2026-08-14T12:42:16.646Z</time>
      </trkpt>
      <trkpt lat="48.071603" lon="11.545092">
        <ele>558.374097</ele>
        <time>2026-08-14T12:42:23.315Z</time>
      </trkpt>
      <trkpt lat="48.071372" lon="11.545206">
        <ele>559.034892</ele>
        <time>2026-08-14T12:42:30.821Z</time>
      </trkpt>
      <trkpt lat="48.071218" lon="11.545225">
        <ele>559.178764</ele>
        <time>2026-08-14T12:42:35.201Z</time>
      </trkpt>
      <trkpt lat="48.070913" lon="11.545336">
        <ele>559.471018</ele>
        <time>2026-08-14T12:42:43.120Z</time>
      </trkpt>
      <trkpt lat="48.070795" lon="11.545355">
        <ele>559.581519</ele>
        <time>2026-08-14T12:42:45.577Z</time>
      </trkpt>
      <trkpt lat="48.070585" lon="11.545300">
        <ele>559.780017</ele>
        <time>2026-08-14T12:42:49.588Z</time>
      </trkpt>
      <trkpt lat="48.070486" lon="11.545308">
        <ele>559.872327</ele>
        <time>2026-08-14T12:42:51.555Z</time>
      </trkpt>
      <trkpt lat="48.070215" lon="11.545378">
        <ele>560.128380</ele>
        <time>2026-08-14T12:42:56.690Z</time>
      </trkpt>
      <trkpt lat="48.070026" lon="11.545555">
        <ele>560.335970</ele>
        <time>2026-08-14T12:43:00.708Z</time>
      </trkpt>
      <trkpt lat="48.069913" lon="11.545566">
        <ele>560.441404</ele>
        <time>2026-08-14T12:43:02.845Z</time>
      </trkpt>
      <trkpt lat="48.069575" lon="11.545433">
        <ele>560.480985</ele>
        <time>2026-08-14T12:43:08.943Z</time>
      </trkpt>
      <trkpt lat="48.069465" lon="11.545431">
        <ele>560.319013</ele>
        <time>2026-08-14T12:43:10.684Z</time>
      </trkpt>
      <trkpt lat="48.069256" lon="11.545502">
        <ele>560.003460</ele>
        <time>2026-08-14T12:43:13.988Z</time>
      </trkpt>
      <trkpt lat="48.069126" lon="11.545494">
        <ele>559.811891</ele>
        <time>2026-08-14T12:43:15.953Z</time>
      </trkpt>
      <trkpt lat="48.069046" lon="11.545528">
        <ele>559.689444</ele>
        <time>2026-08-14T12:43:17.214Z</time>
      </trkpt>
      <trkpt lat="48.068773" lon="11.545513">
        <ele>559.287218</ele>
        <time>2026-08-14T12:43:21.136Z</time>
      </trkpt>
      <trkpt lat="48.068389" lon="11.545295">
        <ele>558.682512</ele>
        <time>2026-08-14T12:43:26.438Z</time>
      </trkpt>
      <trkpt lat="48.068220" lon="11.545254">
        <ele>558.430434</ele>
        <time>2026-08-14T12:43:28.605Z</time>
      </trkpt>
      <trkpt lat="48.067859" lon="11.545097">
        <ele>558.147978</ele>
        <time>2026-08-14T12:43:33.511Z</time>
      </trkpt>
      <trkpt lat="48.067864" lon="11.545037">
        <ele>558.211674</ele>
        <time>2026-08-14T12:43:36.317Z</time>
      </trkpt>
      <trkpt lat="48.067814" lon="11.544989">
        <ele>558.305320</ele>
        <time>2026-08-14T12:43:40.450Z</time>
      </trkpt>
      <trkpt lat="48.067764" lon="11.545003">
        <ele>558.385508</ele>
        <time>2026-08-14T12:43:44.001Z</time>
      </trkpt>
      <trkpt lat="48.067434" lon="11.544818">
        <ele>558.941031</ele>
        <time>2026-08-14T12:44:08.431Z</time>
      </trkpt>
      <trkpt lat="48.067204" lon="11.544746">
        <ele>559.311454</ele>
        <time>2026-08-14T12:44:24.801Z</time>
      </trkpt>
      <trkpt lat="48.066987" lon="11.544678">
        <ele>559.660956</ele>
        <time>2026-08-14T12:44:40.225Z</time>
      </trkpt>
      <trkpt lat="48.066706" lon="11.544545">
        <ele>560.125557</ele>
        <time>2026-08-14T12:45:00.674Z</time>
      </trkpt>
      <trkpt lat="48.066523" lon="11.544566">
        <ele>560.414888</ele>
        <time>2026-08-14T12:45:13.486Z</time>
      </trkpt>
      <trkpt lat="48.066424" lon="11.544537">
        <ele>560.573915</ele>
        <time>2026-08-14T12:45:17.401Z</time>
      </trkpt>
      <trkpt lat="48.065466" lon="11.544292">
        <ele>563.915467</ele>
        <time>2026-08-14T12:45:59.096Z</time>
      </trkpt>
      <trkpt lat="48.065054" lon="11.544149">
        <ele>565.537543</ele>
        <time>2026-08-14T12:46:14.078Z</time>
      </trkpt>
      <trkpt lat="48.064553" lon="11.543977">
        <ele>567.508931</ele>
        <time>2026-08-14T12:46:28.913Z</time>
      </trkpt>
      <trkpt lat="48.064358" lon="11.543904">
        <ele>567.642327</ele>
        <time>2026-08-14T12:46:33.285Z</time>
      </trkpt>
      <trkpt lat="48.064036" lon="11.543737">
        <ele>567.401594</ele>
        <time>2026-08-14T12:46:39.258Z</time>
      </trkpt>
      <trkpt lat="48.063622" lon="11.543443">
        <ele>567.077883</ele>
        <time>2026-08-14T12:46:45.901Z</time>
      </trkpt>
      <trkpt lat="48.063255" lon="11.543100">
        <ele>566.772223</ele>
        <time>2026-08-14T12:46:51.628Z</time>
      </trkpt>
      <trkpt lat="48.062722" lon="11.542527">
        <ele>566.839510</ele>
        <time>2026-08-14T12:47:00.730Z</time>
      </trkpt>
      <trkpt lat="48.062568" lon="11.542409">
        <ele>567.117019</ele>
        <time>2026-08-14T12:47:03.680Z</time>
      </trkpt>
      <trkpt lat="48.062262" lon="11.542258">
        <ele>567.633824</ele>
        <time>2026-08-14T12:47:10.822Z</time>
      </trkpt>
      <trkpt lat="48.061952" lon="11.542183">
        <ele>568.137501</ele>
        <time>2026-08-14T12:47:19.271Z</time>
      </trkpt>
      <trkpt lat="48.061542" lon="11.542182">
        <ele>568.795114</ele>
        <time>2026-08-14T12:47:32.111Z</time>
      </trkpt>
      <trkpt lat="48.061307" lon="11.542228">
        <ele>569.175250</ele>
        <time>2026-08-14T12:47:40.171Z</time>
      </trkpt>
      <trkpt lat="48.061104" lon="11.542298">
        <ele>569.527431</ele>
        <time>2026-08-14T12:47:47.566Z</time>
      </trkpt>
      <trkpt lat="48.060428" lon="11.542249">
        <ele>570.740557</ele>
        <time>2026-08-14T12:48:08.463Z</time>
      </trkpt>
      <trkpt lat="48.059956" lon="11.542075">
        <ele>571.611901</ele>
        <time>2026-08-14T12:48:18.958Z</time>
      </trkpt>
      <trkpt lat="48.059640" lon="11.541890">
        <ele>572.220136</ele>
        <time>2026-08-14T12:48:25.279Z</time>
      </trkpt>
      <trkpt lat="48.058626" lon="11.541077">
        <ele>573.341074</ele>
        <time>2026-08-14T12:48:47.335Z</time>
      </trkpt>
      <trkpt lat="48.057475" lon="11.540120">
        <ele>574.522186</ele>
        <time>2026-08-14T12:49:17.000Z</time>
      </trkpt>
      <trkpt lat="48.055423" lon="11.538339">
        <ele>576.608915</ele>
        <time>2026-08-14T12:50:08.309Z</time>
      </trkpt>
      <trkpt lat="48.055279" lon="11.538206">
        <ele>576.716582</ele>
        <time>2026-08-14T12:50:11.530Z</time>
      </trkpt>
      <trkpt lat="48.055014" lon="11.537966">
        <ele>576.913664</ele>
        <time>2026-08-14T12:50:17.274Z</time>
      </trkpt>
      <trkpt lat="48.054001" lon="11.537052">
        <ele>577.007098</ele>
        <time>2026-08-14T12:50:37.023Z</time>
      </trkpt>
      <trkpt lat="48.053127" lon="11.536255">
        <ele>576.964737</ele>
        <time>2026-08-14T12:50:54.065Z</time>
      </trkpt>
      <trkpt lat="48.050865" lon="11.534056">
        <ele>577.899172</ele>
        <time>2026-08-14T12:51:45.224Z</time>
      </trkpt>
      <trkpt lat="48.050533" lon="11.533739">
        <ele>578.059467</ele>
        <time>2026-08-14T12:51:52.613Z</time>
      </trkpt>
      <trkpt lat="48.050434" lon="11.533632">
        <ele>578.109174</ele>
        <time>2026-08-14T12:51:54.912Z</time>
      </trkpt>
      <trkpt lat="48.050001" lon="11.533226">
        <ele>578.391600</ele>
        <time>2026-08-14T12:52:04.566Z</time>
      </trkpt>
      <trkpt lat="48.049802" lon="11.533042">
        <ele>578.554530</ele>
        <time>2026-08-14T12:52:08.826Z</time>
      </trkpt>
      <trkpt lat="48.049440" lon="11.532703">
        <ele>578.851970</ele>
        <time>2026-08-14T12:52:16.983Z</time>
      </trkpt>
      <trkpt lat="48.048754" lon="11.532057">
        <ele>579.416517</ele>
        <time>2026-08-14T12:52:34.935Z</time>
      </trkpt>
      <trkpt lat="48.048327" lon="11.531598">
        <ele>579.660375</ele>
        <time>2026-08-14T12:52:45.694Z</time>
      </trkpt>
      <trkpt lat="48.047924" lon="11.531071">
        <ele>579.889554</ele>
        <time>2026-08-14T12:52:56.006Z</time>
      </trkpt>
      <trkpt lat="48.047637" lon="11.530694">
        <ele>580.053086</ele>
        <time>2026-08-14T12:53:03.281Z</time>
      </trkpt>
      <trkpt lat="48.047603" lon="11.530654">
        <ele>580.071606</ele>
        <time>2026-08-14T12:53:04.014Z</time>
      </trkpt>
      <trkpt lat="48.047240" lon="11.530277">
        <ele>580.253902</ele>
        <time>2026-08-14T12:53:11.337Z</time>
      </trkpt>
      <trkpt lat="48.046982" lon="11.530029">
        <ele>580.349754</ele>
        <time>2026-08-14T12:53:16.582Z</time>
      </trkpt>
      <trkpt lat="48.046706" lon="11.529764">
        <ele>580.452260</ele>
        <time>2026-08-14T12:53:22.502Z</time>
      </trkpt>
      <trkpt lat="48.046543" lon="11.529609">
        <ele>580.512628</ele>
        <time>2026-08-14T12:53:26.124Z</time>
      </trkpt>
      <trkpt lat="48.044984" lon="11.528164">
        <ele>581.347295</ele>
        <time>2026-08-14T12:54:01.537Z</time>
      </trkpt>
      <trkpt lat="48.044687" lon="11.527928">
        <ele>581.547672</ele>
        <time>2026-08-14T12:54:07.987Z</time>
      </trkpt>
      <trkpt lat="48.044310" lon="11.527647">
        <ele>581.798637</ele>
        <time>2026-08-14T12:54:16.359Z</time>
      </trkpt>
      <trkpt lat="48.043773" lon="11.527274">
        <ele>582.680934</ele>
        <time>2026-08-14T12:54:29.025Z</time>
      </trkpt>
      <trkpt lat="48.043487" lon="11.527121">
        <ele>583.201303</ele>
        <time>2026-08-14T12:54:36.223Z</time>
      </trkpt>
      <trkpt lat="48.042732" lon="11.526859">
        <ele>584.529118</ele>
        <time>2026-08-14T12:54:57.479Z</time>
      </trkpt>
      <trkpt lat="48.042490" lon="11.526736">
        <ele>584.969063</ele>
        <time>2026-08-14T12:55:04.432Z</time>
      </trkpt>
      <trkpt lat="48.042216" lon="11.526535">
        <ele>585.557367</ele>
        <time>2026-08-14T12:55:12.561Z</time>
      </trkpt>
      <trkpt lat="48.041960" lon="11.526274">
        <ele>586.154609</ele>
        <time>2026-08-14T12:55:20.658Z</time>
      </trkpt>
      <trkpt lat="48.041913" lon="11.526214">
        <ele>586.273726</ele>
        <time>2026-08-14T12:55:22.322Z</time>
      </trkpt>
      <trkpt lat="48.041541" lon="11.525712">
        <ele>587.239577</ele>
        <time>2026-08-14T12:55:35.605Z</time>
      </trkpt>
      <trkpt lat="48.041332" lon="11.525368">
        <ele>587.838660</ele>
        <time>2026-08-14T12:55:43.595Z</time>
      </trkpt>
      <trkpt lat="48.041110" lon="11.525072">
        <ele>588.411976</ele>
        <time>2026-08-14T12:55:50.562Z</time>
      </trkpt>
      <trkpt lat="48.041075" lon="11.525029">
        <ele>588.451176</ele>
        <time>2026-08-14T12:55:51.569Z</time>
      </trkpt>
      <trkpt lat="48.041054" lon="11.525001">
        <ele>588.473406</ele>
        <time>2026-08-14T12:55:52.192Z</time>
      </trkpt>
      <trkpt lat="48.040959" lon="11.524902">
        <ele>588.564897</ele>
        <time>2026-08-14T12:55:54.863Z</time>
      </trkpt>
      <trkpt lat="48.040867" lon="11.524814">
        <ele>588.651188</ele>
        <time>2026-08-14T12:55:57.349Z</time>
      </trkpt>
      <trkpt lat="48.040770" lon="11.524694">
        <ele>588.750657</ele>
        <time>2026-08-14T12:56:00.206Z</time>
      </trkpt>
      <trkpt lat="48.040627" lon="11.524484">
        <ele>588.909014</ele>
        <time>2026-08-14T12:56:04.817Z</time>
      </trkpt>
      <trkpt lat="48.040466" lon="11.524219">
        <ele>589.098185</ele>
        <time>2026-08-14T12:56:10.276Z</time>
      </trkpt>
      <trkpt lat="48.040370" lon="11.524062">
        <ele>589.210588</ele>
        <time>2026-08-14T12:56:13.400Z</time>
      </trkpt>
      <trkpt lat="48.039988" lon="11.523433">
        <ele>589.659524</ele>
        <time>2026-08-14T12:56:23.901Z</time>
      </trkpt>
      <trkpt lat="48.039788" lon="11.523111">
        <ele>589.906665</ele>
        <time>2026-08-14T12:56:28.723Z</time>
      </trkpt>
      <trkpt lat="48.039746" lon="11.522955">
        <ele>590.020697</ele>
        <time>2026-08-14T12:56:30.552Z</time>
      </trkpt>
      <trkpt lat="48.039723" lon="11.522812">
        <ele>590.120427</ele>
        <time>2026-08-14T12:56:32.176Z</time>
      </trkpt>
      <trkpt lat="48.039645" lon="11.522523">
        <ele>590.331752</ele>
        <time>2026-08-14T12:56:36.001Z</time>
      </trkpt>
      <trkpt lat="48.039598" lon="11.522373">
        <ele>590.444076</ele>
        <time>2026-08-14T12:56:38.188Z</time>
      </trkpt>
      <trkpt lat="48.039577" lon="11.522316">
        <ele>590.488206</ele>
        <time>2026-08-14T12:56:39.073Z</time>
      </trkpt>
      <trkpt lat="48.039446" lon="11.522102">
        <ele>590.684943</ele>
        <time>2026-08-14T12:56:43.087Z</time>
      </trkpt>
      <trkpt lat="48.039329" lon="11.521975">
        <ele>590.831553</ele>
        <time>2026-08-14T12:56:46.102Z</time>
      </trkpt>
      <trkpt lat="48.039190" lon="11.521892">
        <ele>590.983338</ele>
        <time>2026-08-14T12:56:49.296Z</time>
      </trkpt>
      <trkpt lat="48.038953" lon="11.521788">
        <ele>591.233820</ele>
        <time>2026-08-14T12:56:54.724Z</time>
      </trkpt>
      <trkpt lat="48.038622" lon="11.521745">
        <ele>591.570764</ele>
        <time>2026-08-14T12:57:02.986Z</time>
      </trkpt>
      <trkpt lat="48.038556" lon="11.521808">
        <ele>591.650167</ele>
        <time>2026-08-14T12:57:05.103Z</time>
      </trkpt>
      <trkpt lat="48.038502" lon="11.521813">
        <ele>591.783160</ele>
        <time>2026-08-14T12:57:06.555Z</time>
      </trkpt>
      <trkpt lat="48.038273" lon="11.521764">
        <ele>592.454517</ele>
        <time>2026-08-14T12:57:13.178Z</time>
      </trkpt>
      <trkpt lat="48.037486" lon="11.521386">
        <ele>594.853394</ele>
        <time>2026-08-14T12:57:39.372Z</time>
      </trkpt>
      <trkpt lat="48.036893" lon="11.521337">
        <ele>596.576988</ele>
        <time>2026-08-14T12:57:58.158Z</time>
      </trkpt>
      <trkpt lat="48.036064" lon="11.521340">
        <ele>598.379024</ele>
        <time>2026-08-14T12:58:22.837Z</time>
      </trkpt>
      <trkpt lat="48.035303" lon="11.521253">
        <ele>599.957055</ele>
        <time>2026-08-14T12:58:42.382Z</time>
      </trkpt>
      <trkpt lat="48.035125" lon="11.521224">
        <ele>600.327265</ele>
        <time>2026-08-14T12:58:46.424Z</time>
      </trkpt>
      <trkpt lat="48.035105" lon="11.521219">
        <ele>600.369191</ele>
        <time>2026-08-14T12:58:46.892Z</time>
      </trkpt>
      <trkpt lat="48.033537" lon="11.520784">
        <ele>601.952117</ele>
        <time>2026-08-14T12:59:19.425Z</time>
      </trkpt>
      <trkpt lat="48.033113" lon="11.520667">
        <ele>602.394682</ele>
        <time>2026-08-14T12:59:28.900Z</time>
      </trkpt>
      <trkpt lat="48.032445" lon="11.520482">
        <ele>603.308382</ele>
        <time>2026-08-14T12:59:44.641Z</time>
      </trkpt>
      <trkpt lat="48.031518" lon="11.520211">
        <ele>604.578747</ele>
        <time>2026-08-14T13:00:07.551Z</time>
      </trkpt>
      <trkpt lat="48.031468" lon="11.520196">
        <ele>604.647334</ele>
        <time>2026-08-14T13:00:08.691Z</time>
      </trkpt>
      <trkpt lat="48.030639" lon="11.519995">
        <ele>605.403292</ele>
        <time>2026-08-14T13:00:26.881Z</time>
      </trkpt>
      <trkpt lat="48.030540" lon="11.519975">
        <ele>605.492734</ele>
        <time>2026-08-14T13:00:28.907Z</time>
      </trkpt>
      <trkpt lat="48.030186" lon="11.519609">
        <ele>605.878055</ele>
        <time>2026-08-14T13:00:37.387Z</time>
      </trkpt>
      <trkpt lat="48.030061" lon="11.519469">
        <ele>606.017881</ele>
        <time>2026-08-14T13:00:40.357Z</time>
      </trkpt>
      <trkpt lat="48.029927" lon="11.519323">
        <ele>606.166322</ele>
        <time>2026-08-14T13:00:43.465Z</time>
      </trkpt>
      <trkpt lat="48.029899" lon="11.519292">
        <ele>606.197514</ele>
        <time>2026-08-14T13:00:44.119Z</time>
      </trkpt>
      <trkpt lat="48.029883" lon="11.519275">
        <ele>606.215087</ele>
        <time>2026-08-14T13:00:44.488Z</time>
      </trkpt>
      <trkpt lat="48.027832" lon="11.517133">
        <ele>608.910452</ele>
        <time>2026-08-14T13:01:45.739Z</time>
      </trkpt>
      <trkpt lat="48.027431" lon="11.516710">
        <ele>609.558713</ele>
        <time>2026-08-14T13:02:01.604Z</time>
      </trkpt>
      <trkpt lat="48.024156" lon="11.513315">
        <ele>612.625628</ele>
        <time>2026-08-14T13:03:33.157Z</time>
      </trkpt>
      <trkpt lat="48.023369" lon="11.512472">
        <ele>613.739372</ele>
        <time>2026-08-14T13:03:52.728Z</time>
      </trkpt>
      <trkpt lat="48.021154" lon="11.510118">
        <ele>618.916687</ele>
        <time>2026-08-14T13:05:13.095Z</time>
      </trkpt>
      <trkpt lat="48.019403" lon="11.508315">
        <ele>624.004778</ele>
        <time>2026-08-14T13:06:22.853Z</time>
      </trkpt>
      <trkpt lat="48.017872" lon="11.506711">
        <ele>624.369561</ele>
        <time>2026-08-14T13:07:00.433Z</time>
      </trkpt>
      <trkpt lat="48.015292" lon="11.503964">
        <ele>619.794560</ele>
        <time>2026-08-14T13:07:52.551Z</time>
      </trkpt>
      <trkpt lat="48.014999" lon="11.503707">
        <ele>619.475784</ele>
        <time>2026-08-14T13:07:58.500Z</time>
      </trkpt>
      <trkpt lat="48.014746" lon="11.503567">
        <ele>619.514535</ele>
        <time>2026-08-14T13:08:03.464Z</time>
      </trkpt>
      <trkpt lat="48.014145" lon="11.503377">
        <ele>619.602775</ele>
        <time>2026-08-14T13:08:15.423Z</time>
      </trkpt>
      <trkpt lat="48.013709" lon="11.503202">
        <ele>619.667622</ele>
        <time>2026-08-14T13:08:25.867Z</time>
      </trkpt>
      <trkpt lat="48.013616" lon="11.503138">
        <ele>619.682328</ele>
        <time>2026-08-14T13:08:28.388Z</time>
      </trkpt>
      <trkpt lat="48.013539" lon="11.503015">
        <ele>619.698516</ele>
        <time>2026-08-14T13:08:31.169Z</time>
      </trkpt>
      <trkpt lat="48.013225" lon="11.502251">
        <ele>620.591840</ele>
        <time>2026-08-14T13:08:46.548Z</time>
      </trkpt>
      <trkpt lat="48.012849" lon="11.501441">
        <ele>621.818549</ele>
        <time>2026-08-14T13:09:05.586Z</time>
      </trkpt>
      <trkpt lat="48.012392" lon="11.500846">
        <ele>622.945753</ele>
        <time>2026-08-14T13:09:24.074Z</time>
      </trkpt>
      <trkpt lat="48.012233" lon="11.500678">
        <ele>623.287073</ele>
        <time>2026-08-14T13:09:30.037Z</time>
      </trkpt>
      <trkpt lat="48.012138" lon="11.500618">
        <ele>623.462607</ele>
        <time>2026-08-14T13:09:33.119Z</time>
      </trkpt>
      <trkpt lat="48.011662" lon="11.500237">
        <ele>624.381618</ele>
        <time>2026-08-14T13:09:47.117Z</time>
      </trkpt>
      <trkpt lat="48.011053" lon="11.499781">
        <ele>625.540937</ele>
        <time>2026-08-14T13:10:02.478Z</time>
      </trkpt>
      <trkpt lat="48.010706" lon="11.499587">
        <ele>626.176954</ele>
        <time>2026-08-14T13:10:10.823Z</time>
      </trkpt>
      <trkpt lat="48.010510" lon="11.499510">
        <ele>626.561363</ele>
        <time>2026-08-14T13:10:16.098Z</time>
      </trkpt>
      <trkpt lat="48.009726" lon="11.499175">
        <ele>628.108062</ele>
        <time>2026-08-14T13:10:39.716Z</time>
      </trkpt>
      <trkpt lat="48.009135" lon="11.498879">
        <ele>629.290357</ele>
        <time>2026-08-14T13:10:58.539Z</time>
      </trkpt>
      <trkpt lat="48.008533" lon="11.498617">
        <ele>629.597013</ele>
        <time>2026-08-14T13:11:14.589Z</time>
      </trkpt>
      <trkpt lat="48.006883" lon="11.498148">
        <ele>629.881995</ele>
        <time>2026-08-14T13:11:44.291Z</time>
      </trkpt>
      <trkpt lat="48.006684" lon="11.498127">
        <ele>629.947651</ele>
        <time>2026-08-14T13:11:47.879Z</time>
      </trkpt>
      <trkpt lat="48.005871" lon="11.498255">
        <ele>630.216698</ele>
        <time>2026-08-14T13:12:04.951Z</time>
      </trkpt>
      <trkpt lat="48.005196" lon="11.498450">
        <ele>630.389020</ele>
        <time>2026-08-14T13:12:22.250Z</time>
      </trkpt>
      <trkpt lat="48.004825" lon="11.498493">
        <ele>630.440924</ele>
        <time>2026-08-14T13:12:32.013Z</time>
      </trkpt>
      <trkpt lat="48.004458" lon="11.498492">
        <ele>630.492115</ele>
        <time>2026-08-14T13:12:40.956Z</time>
      </trkpt>
      <trkpt lat="48.004058" lon="11.498409">
        <ele>630.548444</ele>
        <time>2026-08-14T13:12:48.652Z</time>
      </trkpt>
      <trkpt lat="48.003939" lon="11.498148">
        <ele>630.577920</ele>
        <time>2026-08-14T13:12:52.212Z</time>
      </trkpt>
      <trkpt lat="48.003774" lon="11.497503">
        <ele>629.396555</ele>
        <time>2026-08-14T13:12:59.354Z</time>
      </trkpt>
      <trkpt lat="48.003075" lon="11.494414">
        <ele>619.915360</ele>
        <time>2026-08-14T13:13:28.737Z</time>
      </trkpt>
      <trkpt lat="48.003083" lon="11.494336">
        <ele>619.644270</ele>
        <time>2026-08-14T13:13:29.442Z</time>
      </trkpt>
      <trkpt lat="48.003148" lon="11.494146">
        <ele>618.911173</ele>
        <time>2026-08-14T13:13:31.344Z</time>
      </trkpt>
      <trkpt lat="48.003479" lon="11.493562">
        <ele>616.281844</ele>
        <time>2026-08-14T13:13:38.098Z</time>
      </trkpt>
      <trkpt lat="48.003779" lon="11.492908">
        <ele>613.648065</ele>
        <time>2026-08-14T13:13:45.027Z</time>
      </trkpt>
      <trkpt lat="48.004136" lon="11.491818">
        <ele>610.066024</ele>
        <time>2026-08-14T13:13:55.689Z</time>
      </trkpt>
      <trkpt lat="48.004356" lon="11.490694">
        <ele>606.609389</ele>
        <time>2026-08-14T13:14:06.480Z</time>
      </trkpt>
      <trkpt lat="48.004384" lon="11.489657">
        <ele>605.658326</ele>
        <time>2026-08-14T13:14:17.922Z</time>
      </trkpt>
      <trkpt lat="48.004362" lon="11.489172">
        <ele>605.338511</ele>
        <time>2026-08-14T13:14:24.923Z</time>
      </trkpt>
      <trkpt lat="48.004177" lon="11.488462">
        <ele>604.837226</ele>
        <time>2026-08-14T13:14:34.297Z</time>
      </trkpt>
      <trkpt lat="48.004074" lon="11.488120">
        <ele>604.590478</ele>
        <time>2026-08-14T13:14:38.685Z</time>
      </trkpt>
      <trkpt lat="48.004021" lon="11.488013">
        <ele>604.502891</ele>
        <time>2026-08-14T13:14:40.238Z</time>
      </trkpt>
      <trkpt lat="48.003934" lon="11.487947">
        <ele>604.211604</ele>
        <time>2026-08-14T13:14:41.897Z</time>
      </trkpt>
      <trkpt lat="48.003813" lon="11.487918">
        <ele>603.825459</ele>
        <time>2026-08-14T13:14:43.917Z</time>
      </trkpt>
      <trkpt lat="48.003751" lon="11.487977">
        <ele>603.593856</ele>
        <time>2026-08-14T13:14:45.121Z</time>
      </trkpt>
      <trkpt lat="48.003718" lon="11.488083">
        <ele>603.347370</ele>
        <time>2026-08-14T13:14:46.371Z</time>
      </trkpt>
      <trkpt lat="48.003746" lon="11.488218">
        <ele>603.049388</ele>
        <time>2026-08-14T13:14:47.859Z</time>
      </trkpt>
      <trkpt lat="48.003949" lon="11.488622">
        <ele>601.984193</ele>
        <time>2026-08-14T13:14:52.948Z</time>
      </trkpt>
      <trkpt lat="48.004051" lon="11.488906">
        <ele>601.304630</ele>
        <time>2026-08-14T13:14:56.028Z</time>
      </trkpt>
      <trkpt lat="48.004094" lon="11.489243">
        <ele>600.581334</ele>
        <time>2026-08-14T13:14:59.146Z</time>
      </trkpt>
      <trkpt lat="48.004026" lon="11.490122">
        <ele>598.658111</ele>
        <time>2026-08-14T13:15:07.144Z</time>
      </trkpt>
      <trkpt lat="48.003901" lon="11.490533">
        <ele>597.216767</ele>
        <time>2026-08-14T13:15:11.182Z</time>
      </trkpt>
      <trkpt lat="48.003598" lon="11.491319">
        <ele>594.320697</ele>
        <time>2026-08-14T13:15:19.176Z</time>
      </trkpt>
      <trkpt lat="48.003337" lon="11.491716">
        <ele>592.543780</ele>
        <time>2026-08-14T13:15:24.081Z</time>
      </trkpt>
      <trkpt lat="48.003291" lon="11.491757">
        <ele>592.288220</ele>
        <time>2026-08-14T13:15:24.795Z</time>
      </trkpt>
      <trkpt lat="48.003170" lon="11.491782">
        <ele>591.705368</ele>
        <time>2026-08-14T13:15:26.432Z</time>
      </trkpt>
      <trkpt lat="48.002885" lon="11.491777">
        <ele>590.345374</ele>
        <time>2026-08-14T13:15:30.318Z</time>
      </trkpt>
      <trkpt lat="48.002772" lon="11.491744">
        <ele>590.082866</ele>
        <time>2026-08-14T13:15:31.933Z</time>
      </trkpt>
      <trkpt lat="48.002642" lon="11.491649">
        <ele>589.832925</ele>
        <time>2026-08-14T13:15:33.970Z</time>
      </trkpt>
      <trkpt lat="48.001923" lon="11.490572">
        <ele>588.074686</ele>
        <time>2026-08-14T13:15:49.587Z</time>
      </trkpt>
      <trkpt lat="48.001808" lon="11.490708">
        <ele>587.821394</ele>
        <time>2026-08-14T13:15:52.325Z</time>
      </trkpt>
      <trkpt lat="48.001610" lon="11.490872">
        <ele>587.430398</ele>
        <time>2026-08-14T13:15:56.933Z</time>
      </trkpt>
      <trkpt lat="48.001345" lon="11.491026">
        <ele>587.120326</ele>
        <time>2026-08-14T13:16:03.194Z</time>
      </trkpt>
      <trkpt lat="48.000968" lon="11.491324">
        <ele>587.051460</ele>
        <time>2026-08-14T13:16:13.294Z</time>
      </trkpt>
      <trkpt lat="48.000606" lon="11.491693">
        <ele>586.980704</ele>
        <time>2026-08-14T13:16:23.269Z</time>
      </trkpt>
      <trkpt lat="48.000294" lon="11.491942">
        <ele>586.923590</ele>
        <time>2026-08-14T13:16:30.426Z</time>
      </trkpt>
      <trkpt lat="48.000086" lon="11.491994">
        <ele>586.889537</ele>
        <time>2026-08-14T13:16:34.172Z</time>
      </trkpt>
      <trkpt lat="48.000015" lon="11.491964">
        <ele>586.877623</ele>
        <time>2026-08-14T13:16:35.437Z</time>
      </trkpt>
      <trkpt lat="47.999997" lon="11.491925">
        <ele>586.872503</ele>
        <time>2026-08-14T13:16:35.976Z</time>
      </trkpt>
      <trkpt lat="47.999992" lon="11.491835">
        <ele>586.862746</ele>
        <time>2026-08-14T13:16:36.974Z</time>
      </trkpt>
      <trkpt lat="48.000211" lon="11.490194">
        <ele>583.603040</ele>
        <time>2026-08-14T13:16:53.176Z</time>
      </trkpt>
      <trkpt lat="48.000238" lon="11.489862">
        <ele>582.899134</ele>
        <time>2026-08-14T13:16:56.229Z</time>
      </trkpt>
      <trkpt lat="48.000200" lon="11.489663">
        <ele>582.463575</ele>
        <time>2026-08-14T13:16:58.126Z</time>
      </trkpt>
      <trkpt lat="48.000129" lon="11.489515">
        <ele>582.080292</ele>
        <time>2026-08-14T13:16:59.810Z</time>
      </trkpt>
      <trkpt lat="47.999949" lon="11.489258">
        <ele>581.297254</ele>
        <time>2026-08-14T13:17:03.270Z</time>
      </trkpt>
      <trkpt lat="47.999948" lon="11.489257">
        <ele>581.293470</ele>
        <time>2026-08-14T13:17:03.290Z</time>
      </trkpt>
      <trkpt lat="47.999873" lon="11.489186">
        <ele>581.118034</ele>
        <time>2026-08-14T13:17:04.537Z</time>
      </trkpt>
      <trkpt lat="47.999711" lon="11.489148">
        <ele>580.905131</ele>
        <time>2026-08-14T13:17:06.865Z</time>
      </trkpt>
      <trkpt lat="47.999330" lon="11.489272">
        <ele>580.398877</ele>
        <time>2026-08-14T13:17:12.608Z</time>
      </trkpt>
      <trkpt lat="47.998898" lon="11.489538">
        <ele>579.792261</ele>
        <time>2026-08-14T13:17:20.044Z</time>
      </trkpt>
      <trkpt lat="47.998763" lon="11.489713">
        <ele>579.560237</ele>
        <time>2026-08-14T13:17:23.161Z</time>
      </trkpt>
      <trkpt lat="47.997921" lon="11.491030">
        <ele>579.615945</ele>
        <time>2026-08-14T13:17:52.441Z</time>
      </trkpt>
      <trkpt lat="47.997250" lon="11.491829">
        <ele>580.580324</ele>
        <time>2026-08-14T13:18:15.355Z</time>
      </trkpt>
      <trkpt lat="47.996800" lon="11.492273">
        <ele>580.549980</ele>
        <time>2026-08-14T13:18:27.282Z</time>
      </trkpt>
      <trkpt lat="47.996256" lon="11.492562">
        <ele>579.861889</ele>
        <time>2026-08-14T13:18:37.402Z</time>
      </trkpt>
      <trkpt lat="47.996131" lon="11.492586">
        <ele>579.711689</ele>
        <time>2026-08-14T13:18:39.418Z</time>
      </trkpt>
      <trkpt lat="47.996062" lon="11.492039">
        <ele>579.267756</ele>
        <time>2026-08-14T13:18:44.466Z</time>
      </trkpt>
      <trkpt lat="47.996057" lon="11.491291">
        <ele>578.547181</ele>
        <time>2026-08-14T13:18:51.027Z</time>
      </trkpt>
      <trkpt lat="47.996004" lon="11.490401">
        <ele>576.425893</ele>
        <time>2026-08-14T13:18:58.700Z</time>
      </trkpt>
      <trkpt lat="47.995903" lon="11.489792">
        <ele>574.936331</ele>
        <time>2026-08-14T13:19:03.899Z</time>
      </trkpt>
      <trkpt lat="47.995807" lon="11.488738">
        <ele>572.410962</ele>
        <time>2026-08-14T13:19:12.415Z</time>
      </trkpt>
      <trkpt lat="47.995807" lon="11.488485">
        <ele>572.026761</ele>
        <time>2026-08-14T13:19:14.416Z</time>
      </trkpt>
      <trkpt lat="47.995887" lon="11.487860">
        <ele>571.118845</ele>
        <time>2026-08-14T13:19:19.455Z</time>
      </trkpt>
      <trkpt lat="47.995913" lon="11.487168">
        <ele>570.129946</ele>
        <time>2026-08-14T13:19:25.313Z</time>
      </trkpt>
      <trkpt lat="47.995847" lon="11.486990">
        <ele>569.839596</ele>
        <time>2026-08-14T13:19:27.194Z</time>
      </trkpt>
      <trkpt lat="47.995750" lon="11.486844">
        <ele>569.546052</ele>
        <time>2026-08-14T13:19:29.207Z</time>
      </trkpt>
      <trkpt lat="47.995506" lon="11.486645">
        <ele>568.953370</ele>
        <time>2026-08-14T13:19:33.668Z</time>
      </trkpt>
      <trkpt lat="47.995221" lon="11.486701">
        <ele>568.676673</ele>
        <time>2026-08-14T13:19:39.717Z</time>
      </trkpt>
      <trkpt lat="47.994687" lon="11.486679">
        <ele>569.697204</ele>
        <time>2026-08-14T13:19:55.673Z</time>
      </trkpt>
      <trkpt lat="47.994390" lon="11.486611">
        <ele>570.271209</ele>
        <time>2026-08-14T13:20:06.449Z</time>
      </trkpt>
      <trkpt lat="47.993804" lon="11.486368">
        <ele>571.432999</ele>
        <time>2026-08-14T13:20:26.069Z</time>
      </trkpt>
      <trkpt lat="47.993158" lon="11.485990">
        <ele>571.165865</ele>
        <time>2026-08-14T13:20:36.508Z</time>
      </trkpt>
      <trkpt lat="47.992429" lon="11.485429">
        <ele>569.631356</ele>
        <time>2026-08-14T13:20:46.925Z</time>
      </trkpt>
      <trkpt lat="47.990926" lon="11.484078">
        <ele>566.981305</ele>
        <time>2026-08-14T13:21:10.704Z</time>
      </trkpt>
      <trkpt lat="47.990637" lon="11.483859">
        <ele>566.546158</ele>
        <time>2026-08-14T13:21:16.011Z</time>
      </trkpt>
      <trkpt lat="47.988811" lon="11.482670">
        <ele>566.869289</ele>
        <time>2026-08-14T13:21:52.201Z</time>
      </trkpt>
      <trkpt lat="47.987448" lon="11.481995">
        <ele>567.656150</ele>
        <time>2026-08-14T13:22:27.343Z</time>
      </trkpt>
      <trkpt lat="47.986133" lon="11.481271">
        <ele>566.323318</ele>
        <time>2026-08-14T13:22:46.740Z</time>
      </trkpt>
      <trkpt lat="47.985918" lon="11.481193">
        <ele>565.956309</ele>
        <time>2026-08-14T13:22:49.674Z</time>
      </trkpt>
      <trkpt lat="47.985419" lon="11.481107">
        <ele>565.123069</ele>
        <time>2026-08-14T13:22:56.585Z</time>
      </trkpt>
      <trkpt lat="47.984678" lon="11.481057">
        <ele>564.097943</ele>
        <time>2026-08-14T13:23:07.335Z</time>
      </trkpt>
      <trkpt lat="47.983287" lon="11.480883">
        <ele>562.513400</ele>
        <time>2026-08-14T13:23:27.431Z</time>
      </trkpt>
      <trkpt lat="47.982925" lon="11.480729">
        <ele>562.478820</ele>
        <time>2026-08-14T13:23:33.009Z</time>
      </trkpt>
      <trkpt lat="47.982326" lon="11.480417">
        <ele>562.420540</ele>
        <time>2026-08-14T13:23:43.570Z</time>
      </trkpt>
      <trkpt lat="47.981639" lon="11.480202">
        <ele>562.501792</ele>
        <time>2026-08-14T13:23:58.592Z</time>
      </trkpt>
      <trkpt lat="47.981209" lon="11.480077">
        <ele>562.946370</ele>
        <time>2026-08-14T13:24:08.958Z</time>
      </trkpt>
      <trkpt lat="47.980953" lon="11.479965">
        <ele>563.217088</ele>
        <time>2026-08-14T13:24:15.301Z</time>
      </trkpt>
      <trkpt lat="47.980681" lon="11.479769">
        <ele>563.523567</ele>
        <time>2026-08-14T13:24:22.243Z</time>
      </trkpt>
      <trkpt lat="47.980159" lon="11.479196">
        <ele>564.180964</ele>
        <time>2026-08-14T13:24:35.332Z</time>
      </trkpt>
      <trkpt lat="47.979934" lon="11.479059">
        <ele>564.439962</ele>
        <time>2026-08-14T13:24:40.015Z</time>
      </trkpt>
      <trkpt lat="47.979701" lon="11.479005">
        <ele>564.691949</ele>
        <time>2026-08-14T13:24:44.620Z</time>
      </trkpt>
      <trkpt lat="47.979250" lon="11.478991">
        <ele>565.174040</ele>
        <time>2026-08-14T13:24:53.757Z</time>
      </trkpt>
      <trkpt lat="47.977582" lon="11.479159">
        <ele>566.567293</ele>
        <time>2026-08-14T13:25:33.861Z</time>
      </trkpt>
      <trkpt lat="47.977130" lon="11.479125">
        <ele>566.825766</ele>
        <time>2026-08-14T13:25:43.249Z</time>
      </trkpt>
      <trkpt lat="47.976546" lon="11.478830">
        <ele>567.087915</ele>
        <time>2026-08-14T13:25:52.969Z</time>
      </trkpt>
      <trkpt lat="47.976013" lon="11.478511">
        <ele>566.569611</ele>
        <time>2026-08-14T13:26:00.927Z</time>
      </trkpt>
      <trkpt lat="47.975492" lon="11.478140">
        <ele>566.048617</ele>
        <time>2026-08-14T13:26:09.021Z</time>
      </trkpt>
      <trkpt lat="47.975366" lon="11.478128">
        <ele>565.934650</ele>
        <time>2026-08-14T13:26:10.891Z</time>
      </trkpt>
      <trkpt lat="47.975072" lon="11.478229">
        <ele>565.662337</ele>
        <time>2026-08-14T13:26:15.727Z</time>
      </trkpt>
      <trkpt lat="47.974305" lon="11.477976">
        <ele>565.565256</ele>
        <time>2026-08-14T13:26:31.477Z</time>
      </trkpt>
      <trkpt lat="47.973717" lon="11.477925">
        <ele>565.608304</ele>
        <time>2026-08-14T13:26:43.710Z</time>
      </trkpt>
      <trkpt lat="47.973616" lon="11.477813">
        <ele>565.617497</ele>
        <time>2026-08-14T13:26:45.831Z</time>
      </trkpt>
      <trkpt lat="47.973555" lon="11.477737">
        <ele>565.623303</ele>
        <time>2026-08-14T13:26:47.079Z</time>
      </trkpt>
      <trkpt lat="47.973465" lon="11.477802">
        <ele>565.630609</ele>
        <time>2026-08-14T13:26:48.745Z</time>
      </trkpt>
      <trkpt lat="47.973252" lon="11.477794">
        <ele>565.646182</ele>
        <time>2026-08-14T13:26:51.920Z</time>
      </trkpt>
      <trkpt lat="47.972261" lon="11.477528">
        <ele>564.789889</ele>
        <time>2026-08-14T13:27:06.471Z</time>
      </trkpt>
      <trkpt lat="47.971957" lon="11.477544">
        <ele>564.512046</ele>
        <time>2026-08-14T13:27:10.848Z</time>
      </trkpt>
      <trkpt lat="47.971626" lon="11.477686">
        <ele>564.197492</ele>
        <time>2026-08-14T13:27:16.077Z</time>
      </trkpt>
      <trkpt lat="47.971537" lon="11.477667">
        <ele>564.115374</ele>
        <time>2026-08-14T13:27:17.476Z</time>
      </trkpt>
      <trkpt lat="47.971399" lon="11.477650">
        <ele>564.011232</ele>
        <time>2026-08-14T13:27:19.727Z</time>
      </trkpt>
      <trkpt lat="47.971100" lon="11.477759">
        <ele>564.058507</ele>
        <time>2026-08-14T13:27:25.052Z</time>
      </trkpt>
      <trkpt lat="47.969003" lon="11.478201">
        <ele>564.448746</ele>
        <time>2026-08-14T13:28:04.374Z</time>
      </trkpt>
      <trkpt lat="47.967811" lon="11.478697">
        <ele>564.787544</ele>
        <time>2026-08-14T13:28:26.562Z</time>
      </trkpt>
      <trkpt lat="47.967448" lon="11.478787">
        <ele>564.985861</ele>
        <time>2026-08-14T13:28:32.905Z</time>
      </trkpt>
      <trkpt lat="47.966591" lon="11.478846">
        <ele>565.448233</ele>
        <time>2026-08-14T13:28:48.253Z</time>
      </trkpt>
      <trkpt lat="47.966014" lon="11.478830">
        <ele>565.943803</ele>
        <time>2026-08-14T13:29:01.178Z</time>
      </trkpt>
      <trkpt lat="47.965494" lon="11.478717">
        <ele>567.293465</ele>
        <time>2026-08-14T13:29:15.312Z</time>
      </trkpt>
      <trkpt lat="47.965368" lon="11.478727">
        <ele>567.617547</ele>
        <time>2026-08-14T13:29:18.891Z</time>
      </trkpt>
      <trkpt lat="47.964870" lon="11.478929">
        <ele>568.942975</ele>
        <time>2026-08-14T13:29:33.723Z</time>
      </trkpt>
      <trkpt lat="47.964479" lon="11.478991">
        <ele>569.952886</ele>
        <time>2026-08-14T13:29:46.615Z</time>
      </trkpt>
      <trkpt lat="47.963794" lon="11.478970">
        <ele>570.640317</ele>
        <time>2026-08-14T13:30:10.616Z</time>
      </trkpt>
      <trkpt lat="47.963263" lon="11.479060">
        <ele>570.948386</ele>
        <time>2026-08-14T13:30:21.924Z</time>
      </trkpt>
      <trkpt lat="47.963080" lon="11.479009">
        <ele>571.055701</ele>
        <time>2026-08-14T13:30:24.772Z</time>
      </trkpt>
      <trkpt lat="47.962916" lon="11.478912">
        <ele>571.157386</ele>
        <time>2026-08-14T13:30:27.356Z</time>
      </trkpt>
      <trkpt lat="47.962879" lon="11.478888">
        <ele>571.180641</ele>
        <time>2026-08-14T13:30:27.925Z</time>
      </trkpt>
      <trkpt lat="47.962622" lon="11.478694">
        <ele>571.346644</ele>
        <time>2026-08-14T13:30:31.890Z</time>
      </trkpt>
      <trkpt lat="47.962384" lon="11.478310">
        <ele>570.253387</ele>
        <time>2026-08-14T13:30:36.293Z</time>
      </trkpt>
      <trkpt lat="47.962210" lon="11.478195">
        <ele>569.581471</ele>
        <time>2026-08-14T13:30:38.555Z</time>
      </trkpt>
      <trkpt lat="47.961736" lon="11.477989">
        <ele>567.838233</ele>
        <time>2026-08-14T13:30:44.265Z</time>
      </trkpt>
      <trkpt lat="47.961033" lon="11.477711">
        <ele>565.270220</ele>
        <time>2026-08-14T13:30:53.304Z</time>
      </trkpt>
      <trkpt lat="47.960695" lon="11.477572">
        <ele>564.692501</ele>
        <time>2026-08-14T13:30:57.946Z</time>
      </trkpt>
      <trkpt lat="47.960393" lon="11.477449">
        <ele>564.329434</ele>
        <time>2026-08-14T13:31:02.247Z</time>
      </trkpt>
      <trkpt lat="47.959904" lon="11.477123">
        <ele>563.708318</ele>
        <time>2026-08-14T13:31:09.976Z</time>
      </trkpt>
      <trkpt lat="47.958912" lon="11.476320">
        <ele>562.749796</ele>
        <time>2026-08-14T13:31:30.100Z</time>
      </trkpt>
      <trkpt lat="47.958630" lon="11.476093">
        <ele>562.623886</ele>
        <time>2026-08-14T13:31:35.546Z</time>
      </trkpt>
      <trkpt lat="47.958169" lon="11.475603">
        <ele>562.401492</ele>
        <time>2026-08-14T13:31:44.640Z</time>
      </trkpt>
      <trkpt lat="47.958045" lon="11.475440">
        <ele>562.336565</ele>
        <time>2026-08-14T13:31:47.188Z</time>
      </trkpt>
      <trkpt lat="47.957905" lon="11.475251">
        <ele>562.262389</ele>
        <time>2026-08-14T13:31:50.078Z</time>
      </trkpt>
      <trkpt lat="47.957628" lon="11.474820">
        <ele>561.967599</ele>
        <time>2026-08-14T13:31:55.877Z</time>
      </trkpt>
      <trkpt lat="47.957403" lon="11.474395">
        <ele>561.657674</ele>
        <time>2026-08-14T13:32:00.832Z</time>
      </trkpt>
      <trkpt lat="47.956189" lon="11.471951">
        <ele>560.423354</ele>
        <time>2026-08-14T13:32:32.878Z</time>
      </trkpt>
      <trkpt lat="47.956054" lon="11.471794">
        <ele>560.373446</ele>
        <time>2026-08-14T13:32:35.787Z</time>
      </trkpt>
      <trkpt lat="47.955453" lon="11.471464">
        <ele>560.186681</ele>
        <time>2026-08-14T13:32:46.734Z</time>
      </trkpt>
      <trkpt lat="47.955260" lon="11.471234">
        <ele>560.098938</ele>
        <time>2026-08-14T13:32:50.922Z</time>
      </trkpt>
      <trkpt lat="47.955234" lon="11.471196">
        <ele>560.084751</ele>
        <time>2026-08-14T13:32:51.544Z</time>
      </trkpt>
      <trkpt lat="47.955161" lon="11.471090">
        <ele>560.045046</ele>
        <time>2026-08-14T13:32:53.277Z</time>
      </trkpt>
      <trkpt lat="47.955060" lon="11.470843">
        <ele>559.969470</ele>
        <time>2026-08-14T13:32:56.515Z</time>
      </trkpt>
      <trkpt lat="47.955024" lon="11.470668">
        <ele>559.921662</ele>
        <time>2026-08-14T13:32:58.526Z</time>
      </trkpt>
      <trkpt lat="47.954960" lon="11.470359">
        <ele>559.837196</ele>
        <time>2026-08-14T13:33:02.017Z</time>
      </trkpt>
      <trkpt lat="47.954684" lon="11.470125">
        <ele>559.713435</ele>
        <time>2026-08-14T13:33:06.986Z</time>
      </trkpt>
      <trkpt lat="47.954636" lon="11.470098">
        <ele>559.693433</ele>
        <time>2026-08-14T13:33:07.774Z</time>
      </trkpt>
      <trkpt lat="47.954427" lon="11.470096">
        <ele>559.611935</ele>
        <time>2026-08-14T13:33:11.071Z</time>
      </trkpt>
      <trkpt lat="47.954216" lon="11.470094">
        <ele>559.529656</ele>
        <time>2026-08-14T13:33:14.398Z</time>
      </trkpt>
      <trkpt lat="47.953798" lon="11.469996">
        <ele>559.368576</ele>
        <time>2026-08-14T13:33:20.939Z</time>
      </trkpt>
      <trkpt lat="47.953510" lon="11.469891">
        <ele>559.257720</ele>
        <time>2026-08-14T13:33:25.655Z</time>
      </trkpt>
      <trkpt lat="47.953418" lon="11.469824">
        <ele>559.219444</ele>
        <time>2026-08-14T13:33:27.308Z</time>
      </trkpt>
      <trkpt lat="47.953260" lon="11.469497">
        <ele>559.118463</ele>
        <time>2026-08-14T13:33:31.709Z</time>
      </trkpt>
      <trkpt lat="47.953201" lon="11.469404">
        <ele>559.086382</ele>
        <time>2026-08-14T13:33:33.102Z</time>
      </trkpt>
      <trkpt lat="47.953029" lon="11.469119">
        <ele>558.990304</ele>
        <time>2026-08-14T13:33:37.279Z</time>
      </trkpt>
      <trkpt lat="47.952873" lon="11.468790">
        <ele>558.889351</ele>
        <time>2026-08-14T13:33:41.656Z</time>
      </trkpt>
      <trkpt lat="47.952642" lon="11.468212">
        <ele>558.766330</ele>
        <time>2026-08-14T13:33:48.936Z</time>
      </trkpt>
      <trkpt lat="47.952536" lon="11.468050">
        <ele>558.748396</ele>
        <time>2026-08-14T13:33:51.481Z</time>
      </trkpt>
      <trkpt lat="47.952368" lon="11.467957">
        <ele>558.727211</ele>
        <time>2026-08-14T13:33:54.551Z</time>
      </trkpt>
      <trkpt lat="47.952131" lon="11.467913">
        <ele>558.698974</ele>
        <time>2026-08-14T13:33:58.743Z</time>
      </trkpt>
      <trkpt lat="47.951897" lon="11.467817">
        <ele>558.670282</ele>
        <time>2026-08-14T13:34:02.877Z</time>
      </trkpt>
      <trkpt lat="47.950876" lon="11.467302">
        <ele>558.457887</ele>
        <time>2026-08-14T13:34:20.990Z</time>
      </trkpt>
      <trkpt lat="47.950790" lon="11.467207">
        <ele>558.411511</ele>
        <time>2026-08-14T13:34:22.726Z</time>
      </trkpt>
      <trkpt lat="47.950740" lon="11.467103">
        <ele>558.374340</ele>
        <time>2026-08-14T13:34:24.099Z</time>
      </trkpt>
      <trkpt lat="47.950652" lon="11.466773">
        <ele>558.271209</ele>
        <time>2026-08-14T13:34:27.838Z</time>
      </trkpt>
      <trkpt lat="47.950524" lon="11.466526">
        <ele>558.180531</ele>
        <time>2026-08-14T13:34:31.077Z</time>
      </trkpt>
      <trkpt lat="47.950336" lon="11.466356">
        <ele>558.085249</ele>
        <time>2026-08-14T13:34:34.477Z</time>
      </trkpt>
      <trkpt lat="47.950015" lon="11.466031">
        <ele>557.917114</ele>
        <time>2026-08-14T13:34:40.571Z</time>
      </trkpt>
      <trkpt lat="47.949707" lon="11.465855">
        <ele>557.796362</ele>
        <time>2026-08-14T13:34:45.855Z</time>
      </trkpt>
      <trkpt lat="47.949301" lon="11.465735">
        <ele>557.808079</ele>
        <time>2026-08-14T13:34:52.588Z</time>
      </trkpt>
      <trkpt lat="47.948907" lon="11.465199">
        <ele>557.823168</ele>
        <time>2026-08-14T13:35:01.576Z</time>
      </trkpt>
      <trkpt lat="47.948649" lon="11.464915">
        <ele>557.832242</ele>
        <time>2026-08-14T13:35:07.161Z</time>
      </trkpt>
      <trkpt lat="47.948230" lon="11.464629">
        <ele>557.845285</ele>
        <time>2026-08-14T13:35:15.721Z</time>
      </trkpt>
      <trkpt lat="47.948049" lon="11.464586">
        <ele>558.037302</ele>
        <time>2026-08-14T13:35:19.363Z</time>
      </trkpt>
      <trkpt lat="47.947747" lon="11.464666">
        <ele>558.402122</ele>
        <time>2026-08-14T13:35:25.745Z</time>
      </trkpt>
      <trkpt lat="47.947432" lon="11.465032">
        <ele>558.876890</ele>
        <time>2026-08-14T13:35:34.373Z</time>
      </trkpt>
      <trkpt lat="47.947229" lon="11.465022">
        <ele>559.118477</ele>
        <time>2026-08-14T13:35:38.975Z</time>
      </trkpt>
      <trkpt lat="47.946794" lon="11.464867">
        <ele>559.650414</ele>
        <time>2026-08-14T13:35:49.958Z</time>
      </trkpt>
      <trkpt lat="47.946295" lon="11.464609">
        <ele>560.320069</ele>
        <time>2026-08-14T13:36:03.505Z</time>
      </trkpt>
      <trkpt lat="47.945948" lon="11.464505">
        <ele>560.800672</ele>
        <time>2026-08-14T13:36:11.896Z</time>
      </trkpt>
      <trkpt lat="47.945668" lon="11.464518">
        <ele>561.181077</ele>
        <time>2026-08-14T13:36:18.080Z</time>
      </trkpt>
      <trkpt lat="47.945404" lon="11.464624">
        <ele>561.552310</ele>
        <time>2026-08-14T13:36:23.933Z</time>
      </trkpt>
      <trkpt lat="47.945105" lon="11.464804">
        <ele>561.990100</ele>
        <time>2026-08-14T13:36:30.846Z</time>
      </trkpt>
      <trkpt lat="47.944907" lon="11.464802">
        <ele>562.258976</ele>
        <time>2026-08-14T13:36:35.230Z</time>
      </trkpt>
      <trkpt lat="47.944038" lon="11.464513">
        <ele>563.863530</ele>
        <time>2026-08-14T13:36:57.163Z</time>
      </trkpt>
      <trkpt lat="47.943943" lon="11.464450">
        <ele>564.058370</ele>
        <time>2026-08-14T13:37:00.029Z</time>
      </trkpt>
      <trkpt lat="47.943779" lon="11.464212">
        <ele>564.487068</ele>
        <time>2026-08-14T13:37:06.465Z</time>
      </trkpt>
      <trkpt lat="47.943707" lon="11.464005">
        <ele>564.779914</ele>
        <time>2026-08-14T13:37:10.935Z</time>
      </trkpt>
      <trkpt lat="47.943535" lon="11.463664">
        <ele>565.315859</ele>
        <time>2026-08-14T13:37:19.055Z</time>
      </trkpt>
      <trkpt lat="47.943404" lon="11.463493">
        <ele>565.642026</ele>
        <time>2026-08-14T13:37:23.870Z</time>
      </trkpt>
      <trkpt lat="47.943176" lon="11.463286">
        <ele>565.812839</ele>
        <time>2026-08-14T13:37:30.832Z</time>
      </trkpt>
      <trkpt lat="47.942899" lon="11.463122">
        <ele>565.835384</ele>
        <time>2026-08-14T13:37:37.232Z</time>
      </trkpt>
      <trkpt lat="47.942745" lon="11.462975">
        <ele>565.849213</ele>
        <time>2026-08-14T13:37:40.714Z</time>
      </trkpt>
      <trkpt lat="47.942411" lon="11.462451">
        <ele>565.885870</ele>
        <time>2026-08-14T13:37:48.675Z</time>
      </trkpt>
      <trkpt lat="47.942342" lon="11.462270">
        <ele>565.896425</ele>
        <time>2026-08-14T13:37:50.796Z</time>
      </trkpt>
      <trkpt lat="47.942323" lon="11.462201">
        <ele>565.900206</ele>
        <time>2026-08-14T13:37:51.519Z</time>
      </trkpt>
      <trkpt lat="47.942310" lon="11.462150">
        <ele>565.902971</ele>
        <time>2026-08-14T13:37:52.072Z</time>
      </trkpt>
      <trkpt lat="47.942293" lon="11.461989">
        <ele>565.911231</ele>
        <time>2026-08-14T13:37:53.680Z</time>
      </trkpt>
      <trkpt lat="47.942336" lon="11.461779">
        <ele>565.922360</ele>
        <time>2026-08-14T13:37:55.818Z</time>
      </trkpt>
      <trkpt lat="47.942424" lon="11.461575">
        <ele>565.934657</ele>
        <time>2026-08-14T13:37:58.148Z</time>
      </trkpt>
      <trkpt lat="47.942625" lon="11.461260">
        <ele>565.808808</ele>
        <time>2026-08-14T13:38:02.311Z</time>
      </trkpt>
      <trkpt lat="47.942678" lon="11.461083">
        <ele>565.751485</ele>
        <time>2026-08-14T13:38:04.194Z</time>
      </trkpt>
      <trkpt lat="47.942691" lon="11.460915">
        <ele>565.701483</ele>
        <time>2026-08-14T13:38:05.810Z</time>
      </trkpt>
      <trkpt lat="47.942655" lon="11.460714">
        <ele>565.639968</ele>
        <time>2026-08-14T13:38:07.901Z</time>
      </trkpt>
      <trkpt lat="47.942560" lon="11.460524">
        <ele>565.569869</ele>
        <time>2026-08-14T13:38:10.423Z</time>
      </trkpt>
      <trkpt lat="47.941816" lon="11.459848">
        <ele>565.185446</ele>
        <time>2026-08-14T13:38:25.680Z</time>
      </trkpt>
      <trkpt lat="47.941282" lon="11.459196">
        <ele>564.979888</ele>
        <time>2026-08-14T13:38:38.143Z</time>
      </trkpt>
      <trkpt lat="47.940684" lon="11.458612">
        <ele>564.784387</ele>
        <time>2026-08-14T13:38:49.744Z</time>
      </trkpt>
      <trkpt lat="47.940254" lon="11.457936">
        <ele>564.693983</ele>
        <time>2026-08-14T13:38:59.207Z</time>
      </trkpt>
      <trkpt lat="47.939676" lon="11.457415">
        <ele>564.926895</ele>
        <time>2026-08-14T13:39:09.962Z</time>
      </trkpt>
      <trkpt lat="47.938326" lon="11.455732">
        <ele>565.418586</ele>
        <time>2026-08-14T13:39:48.448Z</time>
      </trkpt>
      <trkpt lat="47.938148" lon="11.455441">
        <ele>565.469977</ele>
        <time>2026-08-14T13:39:53.786Z</time>
      </trkpt>
      <trkpt lat="47.937362" lon="11.454153">
        <ele>565.343190</ele>
        <time>2026-08-14T13:40:11.653Z</time>
      </trkpt>
      <trkpt lat="47.936695" lon="11.453151">
        <ele>564.685808</ele>
        <time>2026-08-14T13:40:25.217Z</time>
      </trkpt>
      <trkpt lat="47.936143" lon="11.452671">
        <ele>564.550143</ele>
        <time>2026-08-14T13:40:36.568Z</time>
      </trkpt>
      <trkpt lat="47.935306" lon="11.452287">
        <ele>565.403672</ele>
        <time>2026-08-14T13:40:56.769Z</time>
      </trkpt>
      <trkpt lat="47.934642" lon="11.452199">
        <ele>566.053448</ele>
        <time>2026-08-14T13:41:12.726Z</time>
      </trkpt>
      <trkpt lat="47.934540" lon="11.452159">
        <ele>566.129844</ele>
        <time>2026-08-14T13:41:14.958Z</time>
      </trkpt>
      <trkpt lat="47.933988" lon="11.451943">
        <ele>566.238273</ele>
        <time>2026-08-14T13:41:25.358Z</time>
      </trkpt>
      <trkpt lat="47.933683" lon="11.451785">
        <ele>566.299616</ele>
        <time>2026-08-14T13:41:30.799Z</time>
      </trkpt>
      <trkpt lat="47.933163" lon="11.451664">
        <ele>566.399614</ele>
        <time>2026-08-14T13:41:39.602Z</time>
      </trkpt>
      <trkpt lat="47.933036" lon="11.451598">
        <ele>566.425166</ele>
        <time>2026-08-14T13:41:41.837Z</time>
      </trkpt>
      <trkpt lat="47.932504" lon="11.451024">
        <ele>566.676040</ele>
        <time>2026-08-14T13:41:52.922Z</time>
      </trkpt>
      <trkpt lat="47.932314" lon="11.450879">
        <ele>566.776981</ele>
        <time>2026-08-14T13:41:56.938Z</time>
      </trkpt>
      <trkpt lat="47.930799" lon="11.450343">
        <ele>567.610483</ele>
        <time>2026-08-14T13:42:28.752Z</time>
      </trkpt>
      <trkpt lat="47.930343" lon="11.450351">
        <ele>567.932174</ele>
        <time>2026-08-14T13:42:38.048Z</time>
      </trkpt>
      <trkpt lat="47.929996" lon="11.450416">
        <ele>568.178874</ele>
        <time>2026-08-14T13:42:45.342Z</time>
      </trkpt>
      <trkpt lat="47.929749" lon="11.450426">
        <ele>568.353176</ele>
        <time>2026-08-14T13:42:50.601Z</time>
      </trkpt>
      <trkpt lat="47.928908" lon="11.450297">
        <ele>568.600259</ele>
        <time>2026-08-14T13:43:06.845Z</time>
      </trkpt>
      <trkpt lat="47.928751" lon="11.450335">
        <ele>568.605015</ele>
        <time>2026-08-14T13:43:09.523Z</time>
      </trkpt>
      <trkpt lat="47.928302" lon="11.450586">
        <ele>568.619352</ele>
        <time>2026-08-14T13:43:17.448Z</time>
      </trkpt>
      <trkpt lat="47.927998" lon="11.450686">
        <ele>568.628660</ele>
        <time>2026-08-14T13:43:22.570Z</time>
      </trkpt>
      <trkpt lat="47.927377" lon="11.450754">
        <ele>568.836212</ele>
        <time>2026-08-14T13:43:32.715Z</time>
      </trkpt>
      <trkpt lat="47.927084" lon="11.450840">
        <ele>569.039067</ele>
        <time>2026-08-14T13:43:37.700Z</time>
      </trkpt>
      <trkpt lat="47.926868" lon="11.450829">
        <ele>569.185887</ele>
        <time>2026-08-14T13:43:41.850Z</time>
      </trkpt>
      <trkpt lat="47.925688" lon="11.450259">
        <ele>570.313026</ele>
        <time>2026-08-14T13:44:09.982Z</time>
      </trkpt>
      <trkpt lat="47.925270" lon="11.450216">
        <ele>571.079834</ele>
        <time>2026-08-14T13:44:20.250Z</time>
      </trkpt>
      <trkpt lat="47.924527" lon="11.450082">
        <ele>572.449512</ele>
        <time>2026-08-14T13:44:40.045Z</time>
      </trkpt>
      <trkpt lat="47.924236" lon="11.450072">
        <ele>572.982220</ele>
        <time>2026-08-14T13:44:47.952Z</time>
      </trkpt>
      <trkpt lat="47.923625" lon="11.450050">
        <ele>573.921550</ele>
        <time>2026-08-14T13:45:04.326Z</time>
      </trkpt>
      <trkpt lat="47.922570" lon="11.450111">
        <ele>575.488744</ele>
        <time>2026-08-14T13:45:29.436Z</time>
      </trkpt>
      <trkpt lat="47.922011" lon="11.450083">
        <ele>575.991043</ele>
        <time>2026-08-14T13:45:40.097Z</time>
      </trkpt>
      <trkpt lat="47.921616" lon="11.449926">
        <ele>576.197387</ele>
        <time>2026-08-14T13:45:47.310Z</time>
      </trkpt>
      <trkpt lat="47.921535" lon="11.449898">
        <ele>576.239358</ele>
        <time>2026-08-14T13:45:48.759Z</time>
      </trkpt>
      <trkpt lat="47.921013" lon="11.449780">
        <ele>576.505864</ele>
        <time>2026-08-14T13:45:58.071Z</time>
      </trkpt>
      <trkpt lat="47.920716" lon="11.449780">
        <ele>576.655786</ele>
        <time>2026-08-14T13:46:03.934Z</time>
      </trkpt>
      <trkpt lat="47.920312" lon="11.449852">
        <ele>576.942120</ele>
        <time>2026-08-14T13:46:13.106Z</time>
      </trkpt>
      <trkpt lat="47.920110" lon="11.449822">
        <ele>577.107825</ele>
        <time>2026-08-14T13:46:17.886Z</time>
      </trkpt>
      <trkpt lat="47.919868" lon="11.449630">
        <ele>577.331554</ele>
        <time>2026-08-14T13:46:24.377Z</time>
      </trkpt>
      <trkpt lat="47.919700" lon="11.449408">
        <ele>577.514736</ele>
        <time>2026-08-14T13:46:29.414Z</time>
      </trkpt>
      <trkpt lat="47.919526" lon="11.449191">
        <ele>577.699846</ele>
        <time>2026-08-14T13:46:34.333Z</time>
      </trkpt>
      <trkpt lat="47.919301" lon="11.448998">
        <ele>577.911696</ele>
        <time>2026-08-14T13:46:39.785Z</time>
      </trkpt>
      <trkpt lat="47.919209" lon="11.448948">
        <ele>577.991621</ele>
        <time>2026-08-14T13:46:41.795Z</time>
      </trkpt>
      <trkpt lat="47.919022" lon="11.448873">
        <ele>578.149685</ele>
        <time>2026-08-14T13:46:45.606Z</time>
      </trkpt>
      <trkpt lat="47.918853" lon="11.448819">
        <ele>578.041703</ele>
        <time>2026-08-14T13:46:48.656Z</time>
      </trkpt>
      <trkpt lat="47.918680" lon="11.448852">
        <ele>577.800993</ele>
        <time>2026-08-14T13:46:51.478Z</time>
      </trkpt>
      <trkpt lat="47.918546" lon="11.448921">
        <ele>577.605349</ele>
        <time>2026-08-14T13:46:53.624Z</time>
      </trkpt>
      <trkpt lat="47.918265" lon="11.449142">
        <ele>577.166949</ele>
        <time>2026-08-14T13:46:58.170Z</time>
      </trkpt>
      <trkpt lat="47.918075" lon="11.449264">
        <ele>576.881469</ele>
        <time>2026-08-14T13:47:01.010Z</time>
      </trkpt>
      <trkpt lat="47.918024" lon="11.449147">
        <ele>576.752370</ele>
        <time>2026-08-14T13:47:02.269Z</time>
      </trkpt>
      <trkpt lat="47.917328" lon="11.447916">
        <ele>575.547583</ele>
        <time>2026-08-14T13:47:16.731Z</time>
      </trkpt>
      <trkpt lat="47.917211" lon="11.447682">
        <ele>575.447340</ele>
        <time>2026-08-14T13:47:19.477Z</time>
      </trkpt>
      <trkpt lat="47.917075" lon="11.447254">
        <ele>575.284699</ele>
        <time>2026-08-14T13:47:24.189Z</time>
      </trkpt>
      <trkpt lat="47.917054" lon="11.447183">
        <ele>575.258052</ele>
        <time>2026-08-14T13:47:25.001Z</time>
      </trkpt>
      <trkpt lat="47.916537" lon="11.445423">
        <ele>574.809267</ele>
        <time>2026-08-14T13:47:50.273Z</time>
      </trkpt>
      <trkpt lat="47.916485" lon="11.445302">
        <ele>574.813034</ele>
        <time>2026-08-14T13:47:52.272Z</time>
      </trkpt>
      <trkpt lat="47.916383" lon="11.444973">
        <ele>574.822536</ele>
        <time>2026-08-14T13:47:56.994Z</time>
      </trkpt>
      <trkpt lat="47.916207" lon="11.444647">
        <ele>574.833509</ele>
        <time>2026-08-14T13:48:01.939Z</time>
      </trkpt>
      <trkpt lat="47.916044" lon="11.444421">
        <ele>574.842211</ele>
        <time>2026-08-14T13:48:05.596Z</time>
      </trkpt>
      <trkpt lat="47.915881" lon="11.444283">
        <ele>574.849541</ele>
        <time>2026-08-14T13:48:08.553Z</time>
      </trkpt>
      <trkpt lat="47.915719" lon="11.444145">
        <ele>574.856836</ele>
        <time>2026-08-14T13:48:11.439Z</time>
      </trkpt>
      <trkpt lat="47.915322" lon="11.443988">
        <ele>574.951844</ele>
        <time>2026-08-14T13:48:17.773Z</time>
      </trkpt>
      <trkpt lat="47.914974" lon="11.443808">
        <ele>575.104000</ele>
        <time>2026-08-14T13:48:23.728Z</time>
      </trkpt>
      <trkpt lat="47.914771" lon="11.443653">
        <ele>575.198204</ele>
        <time>2026-08-14T13:48:27.729Z</time>
      </trkpt>
      <trkpt lat="47.914486" lon="11.443309">
        <ele>575.349644</ele>
        <time>2026-08-14T13:48:34.972Z</time>
      </trkpt>
      <trkpt lat="47.913542" lon="11.441918">
        <ele>576.131834</ele>
        <time>2026-08-14T13:49:05.280Z</time>
      </trkpt>
      <trkpt lat="47.913494" lon="11.441886">
        <ele>576.171080</ele>
        <time>2026-08-14T13:49:06.424Z</time>
      </trkpt>
      <trkpt lat="47.913292" lon="11.441553">
        <ele>576.395797</ele>
        <time>2026-08-14T13:49:12.844Z</time>
      </trkpt>
      <trkpt lat="47.913251" lon="11.441605">
        <ele>576.435967</ele>
        <time>2026-08-14T13:49:14.475Z</time>
      </trkpt>
      <trkpt lat="47.913059" lon="11.441089">
        <ele>576.731258</ele>
        <time>2026-08-14T13:49:22.017Z</time>
      </trkpt>
      <trkpt lat="47.912983" lon="11.440736">
        <ele>576.916767</ele>
        <time>2026-08-14T13:49:26.356Z</time>
      </trkpt>
      <trkpt lat="47.912929" lon="11.440145">
        <ele>576.978675</ele>
        <time>2026-08-14T13:49:33.044Z</time>
      </trkpt>
      <trkpt lat="47.912968" lon="11.439688">
        <ele>577.003326</ele>
        <time>2026-08-14T13:49:38.359Z</time>
      </trkpt>
      <trkpt lat="47.913211" lon="11.438851">
        <ele>577.052134</ele>
        <time>2026-08-14T13:49:49.100Z</time>
      </trkpt>
      <trkpt lat="47.913759" lon="11.436984">
        <ele>577.304198</ele>
        <time>2026-08-14T13:50:12.618Z</time>
      </trkpt>
      <trkpt lat="47.913855" lon="11.436663">
        <ele>577.363001</ele>
        <time>2026-08-14T13:50:17.022Z</time>
      </trkpt>
      <trkpt lat="47.913887" lon="11.436554">
        <ele>577.382908</ele>
        <time>2026-08-14T13:50:18.546Z</time>
      </trkpt>
      <trkpt lat="47.913942" lon="11.436369">
        <ele>577.416764</ele>
        <time>2026-08-14T13:50:21.122Z</time>
      </trkpt>
      <trkpt lat="47.913957" lon="11.436320">
        <ele>577.425775</ele>
        <time>2026-08-14T13:50:21.793Z</time>
      </trkpt>
      <trkpt lat="47.914039" lon="11.436054">
        <ele>577.474755</ele>
        <time>2026-08-14T13:50:25.510Z</time>
      </trkpt>
      <trkpt lat="47.914130" lon="11.435501">
        <ele>577.557304</ele>
        <time>2026-08-14T13:50:32.937Z</time>
      </trkpt>
      <trkpt lat="47.914151" lon="11.434926">
        <ele>577.608535</ele>
        <time>2026-08-14T13:50:40.478Z</time>
      </trkpt>
      <trkpt lat="47.914164" lon="11.434589">
        <ele>577.638567</ele>
        <time>2026-08-14T13:50:44.858Z</time>
      </trkpt>
      <trkpt lat="47.913821" lon="11.434382">
        <ele>577.687679</ele>
        <time>2026-08-14T13:50:51.567Z</time>
      </trkpt>
      <trkpt lat="47.913726" lon="11.434337">
        <ele>577.700909</ele>
        <time>2026-08-14T13:50:53.349Z</time>
      </trkpt>
      <trkpt lat="47.913200" lon="11.434037">
        <ele>577.775657</ele>
        <time>2026-08-14T13:51:03.055Z</time>
      </trkpt>
      <trkpt lat="47.913135" lon="11.434000">
        <ele>577.783386</ele>
        <time>2026-08-14T13:51:04.262Z</time>
      </trkpt>
      <trkpt lat="47.912667" lon="11.433740">
        <ele>577.819206</ele>
        <time>2026-08-14T13:51:12.814Z</time>
      </trkpt>
      <trkpt lat="47.912554" lon="11.433682">
        <ele>577.827777</ele>
        <time>2026-08-14T13:51:14.795Z</time>
      </trkpt>
      <trkpt lat="47.912421" lon="11.433612">
        <ele>577.837893</ele>
        <time>2026-08-14T13:51:17.183Z</time>
      </trkpt>
      <trkpt lat="47.911743" lon="11.433133">
        <ele>577.891702</ele>
        <time>2026-08-14T13:51:30.926Z</time>
      </trkpt>
      <trkpt lat="47.911537" lon="11.432983">
        <ele>577.908144</ele>
        <time>2026-08-14T13:51:35.739Z</time>
      </trkpt>
      <trkpt lat="47.911353" lon="11.432849">
        <ele>578.038693</ele>
        <time>2026-08-14T13:51:40.246Z</time>
      </trkpt>
      <trkpt lat="47.911071" lon="11.432649">
        <ele>578.273752</ele>
        <time>2026-08-14T13:51:47.302Z</time>
      </trkpt>
      <trkpt lat="47.910616" lon="11.432306">
        <ele>578.657524</ele>
        <time>2026-08-14T13:51:58.814Z</time>
      </trkpt>
      <trkpt lat="47.910391" lon="11.432133">
        <ele>578.848078</ele>
        <time>2026-08-14T13:52:04.467Z</time>
      </trkpt>
      <trkpt lat="47.910317" lon="11.432075">
        <ele>578.911006</ele>
        <time>2026-08-14T13:52:06.276Z</time>
      </trkpt>
      <trkpt lat="47.910144" lon="11.431943">
        <ele>579.057287</ele>
        <time>2026-08-14T13:52:10.325Z</time>
      </trkpt>
      <trkpt lat="47.909833" lon="11.431698">
        <ele>579.283309</ele>
        <time>2026-08-14T13:52:17.266Z</time>
      </trkpt>
      <trkpt lat="47.909580" lon="11.431504">
        <ele>579.352891</ele>
        <time>2026-08-14T13:52:22.725Z</time>
      </trkpt>
      <trkpt lat="47.909386" lon="11.431421">
        <ele>579.402258</ele>
        <time>2026-08-14T13:52:26.702Z</time>
      </trkpt>
      <trkpt lat="47.908928" lon="11.431360">
        <ele>579.514734</ele>
        <time>2026-08-14T13:52:35.252Z</time>
      </trkpt>
      <trkpt lat="47.908595" lon="11.431291">
        <ele>579.596971</ele>
        <time>2026-08-14T13:52:41.353Z</time>
      </trkpt>
      <trkpt lat="47.908282" lon="11.431177">
        <ele>579.675782</ele>
        <time>2026-08-14T13:52:47.148Z</time>
      </trkpt>
      <trkpt lat="47.907993" lon="11.431038">
        <ele>579.782113</ele>
        <time>2026-08-14T13:52:52.539Z</time>
      </trkpt>
      <trkpt lat="47.908158" lon="11.430658">
        <ele>579.908732</ele>
        <time>2026-08-14T13:52:59.023Z</time>
      </trkpt>
      <trkpt lat="47.907993" lon="11.431038">
        <ele>580.035350</ele>
        <time>2026-08-14T13:53:05.535Z</time>
      </trkpt>
      <trkpt lat="47.907727" lon="11.430858">
        <ele>580.157210</ele>
        <time>2026-08-14T13:53:11.020Z</time>
      </trkpt>
      <trkpt lat="47.907605" lon="11.430766">
        <ele>580.214242</ele>
        <time>2026-08-14T13:53:13.623Z</time>
      </trkpt>
      <trkpt lat="47.907510" lon="11.430693">
        <ele>580.258826</ele>
        <time>2026-08-14T13:53:15.778Z</time>
      </trkpt>
      <trkpt lat="47.907478" lon="11.430618">
        <ele>580.283689</ele>
        <time>2026-08-14T13:53:16.916Z</time>
      </trkpt>
      <trkpt lat="47.907413" lon="11.430559">
        <ele>580.315433</ele>
        <time>2026-08-14T13:53:18.448Z</time>
      </trkpt>
      <trkpt lat="47.907374" lon="11.430529">
        <ele>580.333739</ele>
        <time>2026-08-14T13:53:19.293Z</time>
      </trkpt>
      <trkpt lat="47.907331" lon="11.430500">
        <ele>580.353427</ele>
        <time>2026-08-14T13:53:20.146Z</time>
      </trkpt>
      <trkpt lat="47.907141" lon="11.430349">
        <ele>580.443243</ele>
        <time>2026-08-14T13:53:24.185Z</time>
      </trkpt>
      <trkpt lat="47.906802" lon="11.430035">
        <ele>580.566510</ele>
        <time>2026-08-14T13:53:32.220Z</time>
      </trkpt>
      <trkpt lat="47.906687" lon="11.429972">
        <ele>580.603345</ele>
        <time>2026-08-14T13:53:34.910Z</time>
      </trkpt>
      <trkpt lat="47.906216" lon="11.429367">
        <ele>580.790222</ele>
        <time>2026-08-14T13:53:47.324Z</time>
      </trkpt>
      <trkpt lat="47.905737" lon="11.428819">
        <ele>580.971719</ele>
        <time>2026-08-14T13:53:58.126Z</time>
      </trkpt>
      <trkpt lat="47.905554" lon="11.428677">
        <ele>581.022840</ele>
        <time>2026-08-14T13:54:01.829Z</time>
      </trkpt>
      <trkpt lat="47.905508" lon="11.428653">
        <ele>581.033280</ele>
        <time>2026-08-14T13:54:02.801Z</time>
      </trkpt>
      <trkpt lat="47.905290" lon="11.428562">
        <ele>581.081779</ele>
        <time>2026-08-14T13:54:06.716Z</time>
      </trkpt>
      <trkpt lat="47.905229" lon="11.428540">
        <ele>581.095224</ele>
        <time>2026-08-14T13:54:07.779Z</time>
      </trkpt>
      <trkpt lat="47.905095" lon="11.428491">
        <ele>581.124783</ele>
        <time>2026-08-14T13:54:10.155Z</time>
      </trkpt>
      <trkpt lat="47.904793" lon="11.428381">
        <ele>581.191384</ele>
        <time>2026-08-14T13:54:15.458Z</time>
      </trkpt>
      <trkpt lat="47.904438" lon="11.428274">
        <ele>581.268977</ele>
        <time>2026-08-14T13:54:21.684Z</time>
      </trkpt>
      <trkpt lat="47.903652" lon="11.428044">
        <ele>581.614663</ele>
        <time>2026-08-14T13:54:37.225Z</time>
      </trkpt>
      <trkpt lat="47.902999" lon="11.427852">
        <ele>582.175037</ele>
        <time>2026-08-14T13:54:51.716Z</time>
      </trkpt>
      <trkpt lat="47.902844" lon="11.427807">
        <ele>582.307989</ele>
        <time>2026-08-14T13:54:55.260Z</time>
      </trkpt>
      <trkpt lat="47.902766" lon="11.427783">
        <ele>582.375044</ele>
        <time>2026-08-14T13:54:57.053Z</time>
      </trkpt>
      <trkpt lat="47.902715" lon="11.427767">
        <ele>582.418923</ele>
        <time>2026-08-14T13:54:58.206Z</time>
      </trkpt>
      <trkpt lat="47.902483" lon="11.427697">
        <ele>582.618212</ele>
        <time>2026-08-14T13:55:03.472Z</time>
      </trkpt>
      <trkpt lat="47.902297" lon="11.427641">
        <ele>582.777973</ele>
        <time>2026-08-14T13:55:07.668Z</time>
      </trkpt>
      <trkpt lat="47.901838" lon="11.427491">
        <ele>582.845910</ele>
        <time>2026-08-14T13:55:16.782Z</time>
      </trkpt>
      <trkpt lat="47.901579" lon="11.427413">
        <ele>582.806203</ele>
        <time>2026-08-14T13:55:21.261Z</time>
      </trkpt>
      <trkpt lat="47.901233" lon="11.427309">
        <ele>582.753163</ele>
        <time>2026-08-14T13:55:27.195Z</time>
      </trkpt>
      <trkpt lat="47.901200" lon="11.427299">
        <ele>582.748103</ele>
        <time>2026-08-14T13:55:27.742Z</time>
      </trkpt>
      <trkpt lat="47.900839" lon="11.427264">
        <ele>582.693739</ele>
        <time>2026-08-14T13:55:33.405Z</time>
      </trkpt>
      <trkpt lat="47.900791" lon="11.427146">
        <ele>582.679834</ele>
        <time>2026-08-14T13:55:34.850Z</time>
      </trkpt>
      <trkpt lat="47.900723" lon="11.427119">
        <ele>582.669259</ele>
        <time>2026-08-14T13:55:35.929Z</time>
      </trkpt>
      <trkpt lat="47.900652" lon="11.426703">
        <ele>582.626012</ele>
        <time>2026-08-14T13:55:40.374Z</time>
      </trkpt>
      <trkpt lat="47.900616" lon="11.426501">
        <ele>582.596562</ele>
        <time>2026-08-14T13:55:42.544Z</time>
      </trkpt>
      <trkpt lat="47.900600" lon="11.426407">
        <ele>582.582751</ele>
        <time>2026-08-14T13:55:43.559Z</time>
      </trkpt>
      <trkpt lat="47.900473" lon="11.425719">
        <ele>582.481129</ele>
        <time>2026-08-14T13:55:51.109Z</time>
      </trkpt>
      <trkpt lat="47.900441" lon="11.425546">
        <ele>582.455572</ele>
        <time>2026-08-14T13:55:53.123Z</time>
      </trkpt>
      <trkpt lat="47.900269" lon="11.424471">
        <ele>582.298184</ele>
        <time>2026-08-14T13:56:05.940Z</time>
      </trkpt>
      <trkpt lat="47.900194" lon="11.424228">
        <ele>582.260088</ele>
        <time>2026-08-14T13:56:09.054Z</time>
      </trkpt>
      <trkpt lat="47.900041" lon="11.423156">
        <ele>582.023118</ele>
        <time>2026-08-14T13:56:21.465Z</time>
      </trkpt>
      <trkpt lat="47.899183" lon="11.423535">
        <ele>581.722579</ele>
        <time>2026-08-14T13:56:36.556Z</time>
      </trkpt>
      <trkpt lat="47.898857" lon="11.423571">
        <ele>581.634695</ele>
        <time>2026-08-14T13:56:41.815Z</time>
      </trkpt>
      <trkpt lat="47.898699" lon="11.423568">
        <ele>581.625819</ele>
        <time>2026-08-14T13:56:44.229Z</time>
      </trkpt>
      <trkpt lat="47.898493" lon="11.423521">
        <ele>581.614114</ele>
        <time>2026-08-14T13:56:47.508Z</time>
      </trkpt>
      <trkpt lat="47.898169" lon="11.423374">
        <ele>581.595091</ele>
        <time>2026-08-14T13:56:52.989Z</time>
      </trkpt>
      <trkpt lat="47.898034" lon="11.423314">
        <ele>581.587178</ele>
        <time>2026-08-14T13:56:55.313Z</time>
      </trkpt>
      <trkpt lat="47.897793" lon="11.423215">
        <ele>581.573137</ele>
        <time>2026-08-14T13:56:59.763Z</time>
      </trkpt>
      <trkpt lat="47.897774" lon="11.423208">
        <ele>581.572038</ele>
        <time>2026-08-14T13:57:00.132Z</time>
      </trkpt>
      <trkpt lat="47.897745" lon="11.423197">
        <ele>581.570357</ele>
        <time>2026-08-14T13:57:00.673Z</time>
      </trkpt>
      <trkpt lat="47.897608" lon="11.423147">
        <ele>581.562435</ele>
        <time>2026-08-14T13:57:03.239Z</time>
      </trkpt>
      <trkpt lat="47.897228" lon="11.423011">
        <ele>581.540484</ele>
        <time>2026-08-14T13:57:10.635Z</time>
      </trkpt>
      <trkpt lat="47.897181" lon="11.422995">
        <ele>581.542664</ele>
        <time>2026-08-14T13:57:11.607Z</time>
      </trkpt>
      <trkpt lat="47.896416" lon="11.422708">
        <ele>582.251525</ele>
        <time>2026-08-14T13:57:28.149Z</time>
      </trkpt>
      <trkpt lat="47.896029" lon="11.422522">
        <ele>582.616903</ele>
        <time>2026-08-14T13:57:36.568Z</time>
      </trkpt>
      <trkpt lat="47.895945" lon="11.422481">
        <ele>582.696326</ele>
        <time>2026-08-14T13:57:38.412Z</time>
      </trkpt>
      <trkpt lat="47.895804" lon="11.422430">
        <ele>582.826705</ele>
        <time>2026-08-14T13:57:41.532Z</time>
      </trkpt>
      <trkpt lat="47.895687" lon="11.422398">
        <ele>582.933597</ele>
        <time>2026-08-14T13:57:44.145Z</time>
      </trkpt>
      <trkpt lat="47.895210" lon="11.422288">
        <ele>583.396715</ele>
        <time>2026-08-14T13:57:55.266Z</time>
      </trkpt>
      <trkpt lat="47.894807" lon="11.422281">
        <ele>583.808848</ele>
        <time>2026-08-14T13:58:04.811Z</time>
      </trkpt>
      <trkpt lat="47.894718" lon="11.422282">
        <ele>583.899862</ele>
        <time>2026-08-14T13:58:06.892Z</time>
      </trkpt>
      <trkpt lat="47.894464" lon="11.422293">
        <ele>584.159711</ele>
        <time>2026-08-14T13:58:12.622Z</time>
      </trkpt>
      <trkpt lat="47.894399" lon="11.422295">
        <ele>584.226193</ele>
        <time>2026-08-14T13:58:13.996Z</time>
      </trkpt>
      <trkpt lat="47.894241" lon="11.422302">
        <ele>584.387835</ele>
        <time>2026-08-14T13:58:17.302Z</time>
      </trkpt>
      <trkpt lat="47.893907" lon="11.422313">
        <ele>584.729465</ele>
        <time>2026-08-14T13:58:24.187Z</time>
      </trkpt>
      <trkpt lat="47.893899" lon="11.422171">
        <ele>584.827171</ele>
        <time>2026-08-14T13:58:26.212Z</time>
      </trkpt>
      <trkpt lat="47.893888" lon="11.421690">
        <ele>585.002629</ele>
        <time>2026-08-14T13:58:32.679Z</time>
      </trkpt>
      <trkpt lat="47.893887" lon="11.421634">
        <ele>585.004738</ele>
        <time>2026-08-14T13:58:33.413Z</time>
      </trkpt>
      <trkpt lat="47.893871" lon="11.421513">
        <ele>585.009381</ele>
        <time>2026-08-14T13:58:34.975Z</time>
      </trkpt>
      <trkpt lat="47.893811" lon="11.421442">
        <ele>585.013682</ele>
        <time>2026-08-14T13:58:36.351Z</time>
      </trkpt>
      <trkpt lat="47.893773" lon="11.421432">
        <ele>585.015849</ele>
        <time>2026-08-14T13:58:37.046Z</time>
      </trkpt>
      <trkpt lat="47.893551" lon="11.421423">
        <ele>585.028318</ele>
        <time>2026-08-14T13:58:40.949Z</time>
      </trkpt>
      <trkpt lat="47.893278" lon="11.421553">
        <ele>585.044409</ele>
        <time>2026-08-14T13:58:45.801Z</time>
      </trkpt>
      <trkpt lat="47.893026" lon="11.421782">
        <ele>585.060979</ele>
        <time>2026-08-14T13:58:50.759Z</time>
      </trkpt>
      <trkpt lat="47.892883" lon="11.421943">
        <ele>585.071039</ele>
        <time>2026-08-14T13:58:53.798Z</time>
      </trkpt>
      <trkpt lat="47.892669" lon="11.422325">
        <ele>585.089780</ele>
        <time>2026-08-14T13:58:59.531Z</time>
      </trkpt>
      <trkpt lat="47.892643" lon="11.422390">
        <ele>585.092629</ele>
        <time>2026-08-14T13:59:00.404Z</time>
      </trkpt>
      <trkpt lat="47.892595" lon="11.422515">
        <ele>585.025634</ele>
        <time>2026-08-14T13:59:02.037Z</time>
      </trkpt>
      <trkpt lat="47.892552" lon="11.422785">
        <ele>584.814177</ele>
        <time>2026-08-14T13:59:05.036Z</time>
      </trkpt>
      <trkpt lat="47.892381" lon="11.422848">
        <ele>584.614012</ele>
        <time>2026-08-14T13:59:07.763Z</time>
      </trkpt>
      <trkpt lat="47.892240" lon="11.422911">
        <ele>584.446744</ele>
        <time>2026-08-14T13:59:09.985Z</time>
      </trkpt>
      <trkpt lat="47.892148" lon="11.422602">
        <ele>584.189124</ele>
        <time>2026-08-14T13:59:13.306Z</time>
      </trkpt>
      <trkpt lat="47.892054" lon="11.421960">
        <ele>583.688403</ele>
        <time>2026-08-14T13:59:19.565Z</time>
      </trkpt>
      <trkpt lat="47.891990" lon="11.420929">
        <ele>582.883540</ele>
        <time>2026-08-14T13:59:29.243Z</time>
      </trkpt>
      <trkpt lat="47.891880" lon="11.420690">
        <ele>582.639435</ele>
        <time>2026-08-14T13:59:31.908Z</time>
      </trkpt>
      <trkpt lat="47.891788" lon="11.420394">
        <ele>582.364705</ele>
        <time>2026-08-14T13:59:34.952Z</time>
      </trkpt>
      <trkpt lat="47.891757" lon="11.420285">
        <ele>582.265004</ele>
        <time>2026-08-14T13:59:36.126Z</time>
      </trkpt>
      <trkpt lat="47.891640" lon="11.419692">
        <ele>581.744483</ele>
        <time>2026-08-14T13:59:42.086Z</time>
      </trkpt>
      <trkpt lat="47.891560" lon="11.419360">
        <ele>581.447408</ele>
        <time>2026-08-14T13:59:45.533Z</time>
      </trkpt>
      <trkpt lat="47.891538" lon="11.419245">
        <ele>581.346705</ele>
        <time>2026-08-14T13:59:46.708Z</time>
      </trkpt>
      <trkpt lat="47.891179" lon="11.419512">
        <ele>580.842908</ele>
        <time>2026-08-14T13:59:52.748Z</time>
      </trkpt>
      <trkpt lat="47.890887" lon="11.419708">
        <ele>580.746422</ele>
        <time>2026-08-14T13:59:57.598Z</time>
      </trkpt>
      <trkpt lat="47.890420" lon="11.419925">
        <ele>580.666889</ele>
        <time>2026-08-14T14:00:05.454Z</time>
      </trkpt>
      <trkpt lat="47.888449" lon="11.420846">
        <ele>580.614318</ele>
        <time>2026-08-14T14:00:48.534Z</time>
      </trkpt>
      <trkpt lat="47.885680" lon="11.422230">
        <ele>580.412061</ele>
        <time>2026-08-14T14:01:46.479Z</time>
      </trkpt>
      <trkpt lat="47.884435" lon="11.422884">
        <ele>579.579042</ele>
        <time>2026-08-14T14:02:10.247Z</time>
      </trkpt>
      <trkpt lat="47.883356" lon="11.423506">
        <ele>578.983969</ele>
        <time>2026-08-14T14:02:30.293Z</time>
      </trkpt>
      <trkpt lat="47.883082" lon="11.423581">
        <ele>578.844428</ele>
        <time>2026-08-14T14:02:35.496Z</time>
      </trkpt>
      <trkpt lat="47.882823" lon="11.423592">
        <ele>578.714641</ele>
        <time>2026-08-14T14:02:40.661Z</time>
      </trkpt>
      <trkpt lat="47.882551" lon="11.423500">
        <ele>578.646707</ele>
        <time>2026-08-14T14:02:46.767Z</time>
      </trkpt>
      <trkpt lat="47.882067" lon="11.423217">
        <ele>579.067025</ele>
        <time>2026-08-14T14:02:59.578Z</time>
      </trkpt>
      <trkpt lat="47.880916" lon="11.422648">
        <ele>580.047406</ele>
        <time>2026-08-14T14:03:29.799Z</time>
      </trkpt>
      <trkpt lat="47.880556" lon="11.422616">
        <ele>579.968299</ele>
        <time>2026-08-14T14:03:37.332Z</time>
      </trkpt>
      <trkpt lat="47.879355" lon="11.422605">
        <ele>579.664793</ele>
        <time>2026-08-14T14:03:59.320Z</time>
      </trkpt>
      <trkpt lat="47.877599" lon="11.422476">
        <ele>579.475481</ele>
        <time>2026-08-14T14:04:32.196Z</time>
      </trkpt>
      <trkpt lat="47.877430" lon="11.422482">
        <ele>579.461311</ele>
        <time>2026-08-14T14:04:36.437Z</time>
      </trkpt>
      <trkpt lat="47.877002" lon="11.422498">
        <ele>579.499677</ele>
        <time>2026-08-14T14:04:47.478Z</time>
      </trkpt>
      <trkpt lat="47.876846" lon="11.422561">
        <ele>579.525049</ele>
        <time>2026-08-14T14:04:51.637Z</time>
      </trkpt>
      <trkpt lat="47.876703" lon="11.422552">
        <ele>579.547517</ele>
        <time>2026-08-14T14:04:55.239Z</time>
      </trkpt>
      <trkpt lat="47.876590" lon="11.422524">
        <ele>579.565500</ele>
        <time>2026-08-14T14:04:59.636Z</time>
      </trkpt>
      <trkpt lat="47.876594" lon="11.422587">
        <ele>579.572163</ele>
        <time>2026-08-14T14:05:00.526Z</time>
      </trkpt>
      <trkpt lat="47.876469" lon="11.422623">
        <ele>579.592149</ele>
        <time>2026-08-14T14:05:03.557Z</time>
      </trkpt>
      <trkpt lat="47.876201" lon="11.422705">
        <ele>579.635098</ele>
        <time>2026-08-14T14:05:09.531Z</time>
      </trkpt>
      <trkpt lat="47.875934" lon="11.422786">
        <ele>579.677871</ele>
        <time>2026-08-14T14:05:14.822Z</time>
      </trkpt>
      <trkpt lat="47.875088" lon="11.423115">
        <ele>579.326600</ele>
        <time>2026-08-14T14:05:29.487Z</time>
      </trkpt>
      <trkpt lat="47.874560" lon="11.423200">
        <ele>578.910209</ele>
        <time>2026-08-14T14:05:38.244Z</time>
      </trkpt>
      <trkpt lat="47.871882" lon="11.423324">
        <ele>578.585814</ele>
        <time>2026-08-14T14:06:33.332Z</time>
      </trkpt>
      <trkpt lat="47.871585" lon="11.423304">
        <ele>578.575948</ele>
        <time>2026-08-14T14:06:39.556Z</time>
      </trkpt>
      <trkpt lat="47.871298" lon="11.423344">
        <ele>578.566383</ele>
        <time>2026-08-14T14:06:45.309Z</time>
      </trkpt>
      <trkpt lat="47.871198" lon="11.423317">
        <ele>578.563010</ele>
        <time>2026-08-14T14:06:47.304Z</time>
      </trkpt>
      <trkpt lat="47.871105" lon="11.423211">
        <ele>578.559126</ele>
        <time>2026-08-14T14:06:49.602Z</time>
      </trkpt>
      <trkpt lat="47.871091" lon="11.422880">
        <ele>578.551743</ele>
        <time>2026-08-14T14:06:53.922Z</time>
      </trkpt>
      <trkpt lat="47.871049" lon="11.422752">
        <ele>578.548571</ele>
        <time>2026-08-14T14:06:55.760Z</time>
      </trkpt>
      <trkpt lat="47.870995" lon="11.422852">
        <ele>578.545713</ele>
        <time>2026-08-14T14:06:57.406Z</time>
      </trkpt>
      <trkpt lat="47.870961" lon="11.423278">
        <ele>578.536163</ele>
        <time>2026-08-14T14:07:02.964Z</time>
      </trkpt>
      <trkpt lat="47.870890" lon="11.423402">
        <ele>578.532534</ele>
        <time>2026-08-14T14:07:05.077Z</time>
      </trkpt>
      <trkpt lat="47.868389" lon="11.423480">
        <ele>578.506462</ele>
        <time>2026-08-14T14:07:54.324Z</time>
      </trkpt>
      <trkpt lat="47.862100" lon="11.423772">
        <ele>579.180299</ele>
        <time>2026-08-14T14:10:03.438Z</time>
      </trkpt>
      <trkpt lat="47.861623" lon="11.423710">
        <ele>579.136150</ele>
        <time>2026-08-14T14:10:12.757Z</time>
      </trkpt>
      <trkpt lat="47.861212" lon="11.423554">
        <ele>579.017370</ele>
        <time>2026-08-14T14:10:20.785Z</time>
      </trkpt>
      <trkpt lat="47.860827" lon="11.423402">
        <ele>578.905827</ele>
        <time>2026-08-14T14:10:28.247Z</time>
      </trkpt>
      <trkpt lat="47.860181" lon="11.422997">
        <ele>578.709553</ele>
        <time>2026-08-14T14:10:41.211Z</time>
      </trkpt>
      <trkpt lat="47.857598" lon="11.421027">
        <ele>578.942932</ele>
        <time>2026-08-14T14:11:39.682Z</time>
      </trkpt>
      <trkpt lat="47.857214" lon="11.420802">
        <ele>579.053008</ele>
        <time>2026-08-14T14:11:48.746Z</time>
      </trkpt>
      <trkpt lat="47.854001" lon="11.418319">
        <ele>581.261563</ele>
        <time>2026-08-14T14:13:11.090Z</time>
      </trkpt>
      <trkpt lat="47.853936" lon="11.418250">
        <ele>581.312412</ele>
        <time>2026-08-14T14:13:12.926Z</time>
      </trkpt>
      <trkpt lat="47.853797" lon="11.417899">
        <ele>581.477816</ele>
        <time>2026-08-14T14:13:19.142Z</time>
      </trkpt>
      <trkpt lat="47.853688" lon="11.417820">
        <ele>581.524439</ele>
        <time>2026-08-14T14:13:21.894Z</time>
      </trkpt>
      <trkpt lat="47.853268" lon="11.417739">
        <ele>581.687341</ele>
        <time>2026-08-14T14:13:31.075Z</time>
      </trkpt>
      <trkpt lat="47.852389" lon="11.417078">
        <ele>582.066063</ele>
        <time>2026-08-14T14:13:51.548Z</time>
      </trkpt>
      <trkpt lat="47.851703" lon="11.416540">
        <ele>582.276934</ele>
        <time>2026-08-14T14:14:06.754Z</time>
      </trkpt>
      <trkpt lat="47.851220" lon="11.416062">
        <ele>582.406366</ele>
        <time>2026-08-14T14:14:18.203Z</time>
      </trkpt>
      <trkpt lat="47.851555" lon="11.414796">
        <ele>582.564253</ele>
        <time>2026-08-14T14:14:35.151Z</time>
      </trkpt>
      <trkpt lat="47.851635" lon="11.414422">
        <ele>582.571586</ele>
        <time>2026-08-14T14:14:40.323Z</time>
      </trkpt>
      <trkpt lat="47.851628" lon="11.413977">
        <ele>582.579902</ele>
        <time>2026-08-14T14:14:46.105Z</time>
      </trkpt>
      <trkpt lat="47.851500" lon="11.412768">
        <ele>582.602767</ele>
        <time>2026-08-14T14:15:00.138Z</time>
      </trkpt>
      <trkpt lat="47.851491" lon="11.412636">
        <ele>582.605246</ele>
        <time>2026-08-14T14:15:01.540Z</time>
      </trkpt>
      <trkpt lat="47.851470" lon="11.412105">
        <ele>582.327291</ele>
        <time>2026-08-14T14:15:07.011Z</time>
      </trkpt>
      <trkpt lat="47.851433" lon="11.410729">
        <ele>581.353156</ele>
        <time>2026-08-14T14:15:20.197Z</time>
      </trkpt>
      <trkpt lat="47.851445" lon="11.410337">
        <ele>581.075575</ele>
        <time>2026-08-14T14:15:23.931Z</time>
      </trkpt>
      <trkpt lat="47.851516" lon="11.409757">
        <ele>580.730121</ele>
        <time>2026-08-14T14:15:29.716Z</time>
      </trkpt>
      <trkpt lat="47.851600" lon="11.409342">
        <ele>580.835793</ele>
        <time>2026-08-14T14:15:34.285Z</time>
      </trkpt>
      <trkpt lat="47.851800" lon="11.408523">
        <ele>581.048260</ele>
        <time>2026-08-14T14:15:44.839Z</time>
      </trkpt>
      <trkpt lat="47.851870" lon="11.408297">
        <ele>581.108941</ele>
        <time>2026-08-14T14:15:48.328Z</time>
      </trkpt>
      <trkpt lat="47.852101" lon="11.407274">
        <ele>581.389852</ele>
        <time>2026-08-14T14:16:04.268Z</time>
      </trkpt>
      <trkpt lat="47.852133" lon="11.406916">
        <ele>581.705449</ele>
        <time>2026-08-14T14:16:10.045Z</time>
      </trkpt>
      <trkpt lat="47.852203" lon="11.406256">
        <ele>582.289341</ele>
        <time>2026-08-14T14:16:20.308Z</time>
      </trkpt>
      <trkpt lat="47.852272" lon="11.405893">
        <ele>582.619024</ele>
        <time>2026-08-14T14:16:26.092Z</time>
      </trkpt>
      <trkpt lat="47.852356" lon="11.405616">
        <ele>582.884645</ele>
        <time>2026-08-14T14:16:30.756Z</time>
      </trkpt>
      <trkpt lat="47.852370" lon="11.405573">
        <ele>582.926409</ele>
        <time>2026-08-14T14:16:31.486Z</time>
      </trkpt>
      <trkpt lat="47.852425" lon="11.405411">
        <ele>583.085056</ele>
        <time>2026-08-14T14:16:34.240Z</time>
      </trkpt>
      <trkpt lat="47.852506" lon="11.405226">
        <ele>583.278083</ele>
        <time>2026-08-14T14:16:37.584Z</time>
      </trkpt>
      <trkpt lat="47.852713" lon="11.404748">
        <ele>583.803185</ele>
        <time>2026-08-14T14:16:46.506Z</time>
      </trkpt>
      <trkpt lat="47.852763" lon="11.404642">
        <ele>583.963128</ele>
        <time>2026-08-14T14:16:48.856Z</time>
      </trkpt>
      <trkpt lat="47.852185" lon="11.403811">
        <ele>585.440572</ele>
        <time>2026-08-14T14:17:08.058Z</time>
      </trkpt>
      <trkpt lat="47.851376" lon="11.402769">
        <ele>587.483827</ele>
        <time>2026-08-14T14:17:36.826Z</time>
      </trkpt>
      <trkpt lat="47.850902" lon="11.402253">
        <ele>588.773814</ele>
        <time>2026-08-14T14:17:54.029Z</time>
      </trkpt>
      <trkpt lat="47.850480" lon="11.401928">
        <ele>589.817717</ele>
        <time>2026-08-14T14:18:06.826Z</time>
      </trkpt>
      <trkpt lat="47.850231" lon="11.401783">
        <ele>590.405209</ele>
        <time>2026-08-14T14:18:13.423Z</time>
      </trkpt>
      <trkpt lat="47.849782" lon="11.401594">
        <ele>591.371983</ele>
        <time>2026-08-14T14:18:25.443Z</time>
      </trkpt>
      <trkpt lat="47.849286" lon="11.401415">
        <ele>592.351293</ele>
        <time>2026-08-14T14:18:38.263Z</time>
      </trkpt>
      <trkpt lat="47.848661" lon="11.401293">
        <ele>593.560878</ele>
        <time>2026-08-14T14:18:53.446Z</time>
      </trkpt>
      <trkpt lat="47.847119" lon="11.401236">
        <ele>596.267174</ele>
        <time>2026-08-14T14:19:36.470Z</time>
      </trkpt>
      <trkpt lat="47.846064" lon="11.401143">
        <ele>597.061704</ele>
        <time>2026-08-14T14:19:59.083Z</time>
      </trkpt>
      <trkpt lat="47.845285" lon="11.401100">
        <ele>596.192752</ele>
        <time>2026-08-14T14:20:10.168Z</time>
      </trkpt>
      <trkpt lat="47.844421" lon="11.400955">
        <ele>595.537988</ele>
        <time>2026-08-14T14:20:21.549Z</time>
      </trkpt>
      <trkpt lat="47.844111" lon="11.400865">
        <ele>595.674672</ele>
        <time>2026-08-14T14:20:26.281Z</time>
      </trkpt>
      <trkpt lat="47.843814" lon="11.400801">
        <ele>595.804544</ele>
        <time>2026-08-14T14:20:31.725Z</time>
      </trkpt>
      <trkpt lat="47.843612" lon="11.400758">
        <ele>595.892852</ele>
        <time>2026-08-14T14:20:36.221Z</time>
      </trkpt>
      <trkpt lat="47.843435" lon="11.400686">
        <ele>595.972257</ele>
        <time>2026-08-14T14:20:40.590Z</time>
      </trkpt>
      <trkpt lat="47.842601" lon="11.400508">
        <ele>596.770224</ele>
        <time>2026-08-14T14:21:03.048Z</time>
      </trkpt>
      <trkpt lat="47.842017" lon="11.400405">
        <ele>598.042029</ele>
        <time>2026-08-14T14:21:19.996Z</time>
      </trkpt>
      <trkpt lat="47.841376" lon="11.400199">
        <ele>599.460168</ele>
        <time>2026-08-14T14:21:36.281Z</time>
      </trkpt>
      <trkpt lat="47.840631" lon="11.399845">
        <ele>601.502149</ele>
        <time>2026-08-14T14:21:57.316Z</time>
      </trkpt>
      <trkpt lat="47.840400" lon="11.399736">
        <ele>602.204159</ele>
        <time>2026-08-14T14:22:04.318Z</time>
      </trkpt>
      <trkpt lat="47.838601" lon="11.398688">
        <ele>607.548247</ele>
        <time>2026-08-14T14:23:06.534Z</time>
      </trkpt>
      <trkpt lat="47.838013" lon="11.398380">
        <ele>609.169724</ele>
        <time>2026-08-14T14:23:24.656Z</time>
      </trkpt>
      <trkpt lat="47.836872" lon="11.397783">
        <ele>610.976342</ele>
        <time>2026-08-14T14:23:50.956Z</time>
      </trkpt>
      <trkpt lat="47.836492" lon="11.397651">
        <ele>611.402155</ele>
        <time>2026-08-14T14:23:57.810Z</time>
      </trkpt>
      <trkpt lat="47.836401" lon="11.397630">
        <ele>611.502647</ele>
        <time>2026-08-14T14:23:59.518Z</time>
      </trkpt>
      <trkpt lat="47.835840" lon="11.397642">
        <ele>612.361441</ele>
        <time>2026-08-14T14:24:11.524Z</time>
      </trkpt>
      <trkpt lat="47.835433" lon="11.397714">
        <ele>613.576393</ele>
        <time>2026-08-14T14:24:24.223Z</time>
      </trkpt>
      <trkpt lat="47.834990" lon="11.397913">
        <ele>614.947987</ele>
        <time>2026-08-14T14:24:40.651Z</time>
      </trkpt>
      <trkpt lat="47.834592" lon="11.398173">
        <ele>616.236235</ele>
        <time>2026-08-14T14:24:56.365Z</time>
      </trkpt>
      <trkpt lat="47.834290" lon="11.398553">
        <ele>617.329907</ele>
        <time>2026-08-14T14:25:09.518Z</time>
      </trkpt>
      <trkpt lat="47.833476" lon="11.400025">
        <ele>618.300829</ele>
        <time>2026-08-14T14:25:35.070Z</time>
      </trkpt>
      <trkpt lat="47.831109" lon="11.404698">
        <ele>617.506937</ele>
        <time>2026-08-14T14:26:38.407Z</time>
      </trkpt>
      <trkpt lat="47.830500" lon="11.405864">
        <ele>617.165752</ele>
        <time>2026-08-14T14:26:55.388Z</time>
      </trkpt>
      <trkpt lat="47.830170" lon="11.406321">
        <ele>617.008551</ele>
        <time>2026-08-14T14:27:02.824Z</time>
      </trkpt>
      <trkpt lat="47.829841" lon="11.406651">
        <ele>616.870170</ele>
        <time>2026-08-14T14:27:08.891Z</time>
      </trkpt>
      <trkpt lat="47.829613" lon="11.406814">
        <ele>616.691881</ele>
        <time>2026-08-14T14:27:12.650Z</time>
      </trkpt>
      <trkpt lat="47.829286" lon="11.407000">
        <ele>616.349000</ele>
        <time>2026-08-14T14:27:17.830Z</time>
      </trkpt>
      <trkpt lat="47.829123" lon="11.407043">
        <ele>616.186844</ele>
        <time>2026-08-14T14:27:20.285Z</time>
      </trkpt>
      <trkpt lat="47.828996" lon="11.407115">
        <ele>616.053732</ele>
        <time>2026-08-14T14:27:22.318Z</time>
      </trkpt>
      <trkpt lat="47.828936" lon="11.407390">
        <ele>615.863571</ele>
        <time>2026-08-14T14:27:25.242Z</time>
      </trkpt>
      <trkpt lat="47.828858" lon="11.407493">
        <ele>615.761462</ele>
        <time>2026-08-14T14:27:26.818Z</time>
      </trkpt>
      <trkpt lat="47.828664" lon="11.407495">
        <ele>615.571420</ele>
        <time>2026-08-14T14:27:29.753Z</time>
      </trkpt>
      <trkpt lat="47.828629" lon="11.407566">
        <ele>615.513492</ele>
        <time>2026-08-14T14:27:30.642Z</time>
      </trkpt>
      <trkpt lat="47.827695" lon="11.407394">
        <ele>614.293395</ele>
        <time>2026-08-14T14:27:44.456Z</time>
      </trkpt>
      <trkpt lat="47.827674" lon="11.407392">
        <ele>614.259928</ele>
        <time>2026-08-14T14:27:44.755Z</time>
      </trkpt>
      <trkpt lat="47.827641" lon="11.407388">
        <ele>614.207272</ele>
        <time>2026-08-14T14:27:45.219Z</time>
      </trkpt>
      <trkpt lat="47.827542" lon="11.407378">
        <ele>614.049462</ele>
        <time>2026-08-14T14:27:46.597Z</time>
      </trkpt>
      <trkpt lat="47.827365" lon="11.407426">
        <ele>613.763336</ele>
        <time>2026-08-14T14:27:49.060Z</time>
      </trkpt>
      <trkpt lat="47.827300" lon="11.407452">
        <ele>613.656298</ele>
        <time>2026-08-14T14:27:49.986Z</time>
      </trkpt>
      <trkpt lat="47.827177" lon="11.407341">
        <ele>613.427578</ele>
        <time>2026-08-14T14:27:51.947Z</time>
      </trkpt>
      <trkpt lat="47.826941" lon="11.407274">
        <ele>613.045490</ele>
        <time>2026-08-14T14:27:55.206Z</time>
      </trkpt>
      <trkpt lat="47.826639" lon="11.407169">
        <ele>612.552282</ele>
        <time>2026-08-14T14:27:59.441Z</time>
      </trkpt>
      <trkpt lat="47.826602" lon="11.407070">
        <ele>612.431300</ele>
        <time>2026-08-14T14:28:00.500Z</time>
      </trkpt>
      <trkpt lat="47.826353" lon="11.407000">
        <ele>612.091994</ele>
        <time>2026-08-14T14:28:04.038Z</time>
      </trkpt>
      <trkpt lat="47.825834" lon="11.406930">
        <ele>611.554836</ele>
        <time>2026-08-14T14:28:11.539Z</time>
      </trkpt>
      <trkpt lat="47.825500" lon="11.406967">
        <ele>611.209609</ele>
        <time>2026-08-14T14:28:16.591Z</time>
      </trkpt>
      <trkpt lat="47.825411" lon="11.406928">
        <ele>611.113982</ele>
        <time>2026-08-14T14:28:18.035Z</time>
      </trkpt>
      <trkpt lat="47.825355" lon="11.406825">
        <ele>611.022260</ele>
        <time>2026-08-14T14:28:19.428Z</time>
      </trkpt>
      <trkpt lat="47.825339" lon="11.406542">
        <ele>610.825717</ele>
        <time>2026-08-14T14:28:22.465Z</time>
      </trkpt>
      <trkpt lat="47.824633" lon="11.406611">
        <ele>610.230766</ele>
        <time>2026-08-14T14:28:33.404Z</time>
      </trkpt>
      <trkpt lat="47.824213" lon="11.406571">
        <ele>610.022056</ele>
        <time>2026-08-14T14:28:39.529Z</time>
      </trkpt>
      <trkpt lat="47.823672" lon="11.406504">
        <ele>609.752838</ele>
        <time>2026-08-14T14:28:47.907Z</time>
      </trkpt>
      <trkpt lat="47.823060" lon="11.406373">
        <ele>609.456754</ele>
        <time>2026-08-14T14:28:58.539Z</time>
      </trkpt>
      <trkpt lat="47.823055" lon="11.406283">
        <ele>609.445183</ele>
        <time>2026-08-14T14:28:59.684Z</time>
      </trkpt>
      <trkpt lat="47.823044" lon="11.406194">
        <ele>609.433587</ele>
        <time>2026-08-14T14:29:00.839Z</time>
      </trkpt>
      <trkpt lat="47.822429" lon="11.406054">
        <ele>609.314852</ele>
        <time>2026-08-14T14:29:12.200Z</time>
      </trkpt>
      <trkpt lat="47.822188" lon="11.405740">
        <ele>609.253742</ele>
        <time>2026-08-14T14:29:17.643Z</time>
      </trkpt>
      <trkpt lat="47.821914" lon="11.405495">
        <ele>609.192750</ele>
        <time>2026-08-14T14:29:22.808Z</time>
      </trkpt>
      <trkpt lat="47.821818" lon="11.405464">
        <ele>609.174003</ele>
        <time>2026-08-14T14:29:24.347Z</time>
      </trkpt>
      <trkpt lat="47.821738" lon="11.405477">
        <ele>609.158644</ele>
        <time>2026-08-14T14:29:25.588Z</time>
      </trkpt>
      <trkpt lat="47.821201" lon="11.405785">
        <ele>608.588941</ele>
        <time>2026-08-14T14:29:34.351Z</time>
      </trkpt>
      <trkpt lat="47.821000" lon="11.405839">
        <ele>608.298396</ele>
        <time>2026-08-14T14:29:37.333Z</time>
      </trkpt>
      <trkpt lat="47.820513" lon="11.405670">
        <ele>607.587060</ele>
        <time>2026-08-14T14:29:44.543Z</time>
      </trkpt>
      <trkpt lat="47.819109" lon="11.405066">
        <ele>605.476115</ele>
        <time>2026-08-14T14:30:04.401Z</time>
      </trkpt>
      <trkpt lat="47.818546" lon="11.405181">
        <ele>604.643136</ele>
        <time>2026-08-14T14:30:12.114Z</time>
      </trkpt>
      <trkpt lat="47.818475" lon="11.405080">
        <ele>604.499214</ele>
        <time>2026-08-14T14:30:13.533Z</time>
      </trkpt>
      <trkpt lat="47.818413" lon="11.405152">
        <ele>604.383969</ele>
        <time>2026-08-14T14:30:14.858Z</time>
      </trkpt>
      <trkpt lat="47.817876" lon="11.404256">
        <ele>604.205895</ele>
        <time>2026-08-14T14:30:28.810Z</time>
      </trkpt>
      <trkpt lat="47.817700" lon="11.403961">
        <ele>604.356802</ele>
        <time>2026-08-14T14:30:35.137Z</time>
      </trkpt>
      <trkpt lat="47.817515" lon="11.403544">
        <ele>604.547929</ele>
        <time>2026-08-14T14:30:43.667Z</time>
      </trkpt>
      <trkpt lat="47.817343" lon="11.403049">
        <ele>604.761067</ele>
        <time>2026-08-14T14:30:52.012Z</time>
      </trkpt>
      <trkpt lat="47.817285" lon="11.402930">
        <ele>604.817298</ele>
        <time>2026-08-14T14:30:54.165Z</time>
      </trkpt>
      <trkpt lat="47.817126" lon="11.402720">
        <ele>604.938330</ele>
        <time>2026-08-14T14:30:57.984Z</time>
      </trkpt>
      <trkpt lat="47.817171" lon="11.402661">
        <ele>604.895405</ele>
        <time>2026-08-14T14:30:59.726Z</time>
      </trkpt>
      <trkpt lat="47.816953" lon="11.402396">
        <ele>604.523076</ele>
        <time>2026-08-14T14:31:04.136Z</time>
      </trkpt>
      <trkpt lat="47.816548" lon="11.402062">
        <ele>603.910537</ele>
        <time>2026-08-14T14:31:10.605Z</time>
      </trkpt>
      <trkpt lat="47.815764" lon="11.401386">
        <ele>602.711888</ele>
        <time>2026-08-14T14:31:22.906Z</time>
      </trkpt>
      <trkpt lat="47.815479" lon="11.401211">
        <ele>602.250715</ele>
        <time>2026-08-14T14:31:27.265Z</time>
      </trkpt>
      <trkpt lat="47.814724" lon="11.400934">
        <ele>601.015390</ele>
        <time>2026-08-14T14:31:38.808Z</time>
      </trkpt>
      <trkpt lat="47.814236" lon="11.400819">
        <ele>600.230463</ele>
        <time>2026-08-14T14:31:45.747Z</time>
      </trkpt>
      <trkpt lat="47.814200" lon="11.400813">
        <ele>600.172913</ele>
        <time>2026-08-14T14:31:46.230Z</time>
      </trkpt>
      <trkpt lat="47.813094" lon="11.400580">
        <ele>598.129680</ele>
        <time>2026-08-14T14:32:00.980Z</time>
      </trkpt>
      <trkpt lat="47.811689" lon="11.400211">
        <ele>595.752704</ele>
        <time>2026-08-14T14:32:20.962Z</time>
      </trkpt>
      <trkpt lat="47.810385" lon="11.399540">
        <ele>594.182497</ele>
        <time>2026-08-14T14:32:41.689Z</time>
      </trkpt>
      <trkpt lat="47.809141" lon="11.398531">
        <ele>592.534947</ele>
        <time>2026-08-14T14:33:02.777Z</time>
      </trkpt>
      <trkpt lat="47.808867" lon="11.398358">
        <ele>592.188807</ele>
        <time>2026-08-14T14:33:07.024Z</time>
      </trkpt>
      <trkpt lat="47.808366" lon="11.398252">
        <ele>591.315831</ele>
        <time>2026-08-14T14:33:13.939Z</time>
      </trkpt>
      <trkpt lat="47.807920" lon="11.398286">
        <ele>590.518820</ele>
        <time>2026-08-14T14:33:19.890Z</time>
      </trkpt>
      <trkpt lat="47.807576" lon="11.398470">
        <ele>589.866475</ele>
        <time>2026-08-14T14:33:24.855Z</time>
      </trkpt>
      <trkpt lat="47.807160" lon="11.398902">
        <ele>588.961307</ele>
        <time>2026-08-14T14:33:31.937Z</time>
      </trkpt>
      <trkpt lat="47.807012" lon="11.399003">
        <ele>588.808282</ele>
        <time>2026-08-14T14:33:34.257Z</time>
      </trkpt>
      <trkpt lat="47.806498" lon="11.399242">
        <ele>588.372434</ele>
        <time>2026-08-14T14:33:42.210Z</time>
      </trkpt>
      <trkpt lat="47.806303" lon="11.399375">
        <ele>588.198828</ele>
        <time>2026-08-14T14:33:45.570Z</time>
      </trkpt>
      <trkpt lat="47.804642" lon="11.400682">
        <ele>587.016988</ele>
        <time>2026-08-14T14:34:15.403Z</time>
      </trkpt>
      <trkpt lat="47.803712" lon="11.401315">
        <ele>586.645675</ele>
        <time>2026-08-14T14:34:31.693Z</time>
      </trkpt>
      <trkpt lat="47.803320" lon="11.401548">
        <ele>586.665523</ele>
        <time>2026-08-14T14:34:38.526Z</time>
      </trkpt>
      <trkpt lat="47.802668" lon="11.401835">
        <ele>586.697496</ele>
        <time>2026-08-14T14:34:50.066Z</time>
      </trkpt>
      <trkpt lat="47.802072" lon="11.402027">
        <ele>586.844124</ele>
        <time>2026-08-14T14:35:01.448Z</time>
      </trkpt>
      <trkpt lat="47.796024" lon="11.404285">
        <ele>593.889808</ele>
        <time>2026-08-14T14:37:20.611Z</time>
      </trkpt>
      <trkpt lat="47.795888" lon="11.404283">
        <ele>594.059712</ele>
        <time>2026-08-14T14:37:23.977Z</time>
      </trkpt>
      <trkpt lat="47.795689" lon="11.404065">
        <ele>594.368369</ele>
        <time>2026-08-14T14:37:30.089Z</time>
      </trkpt>
      <trkpt lat="47.795492" lon="11.403759">
        <ele>594.724050</ele>
        <time>2026-08-14T14:37:36.863Z</time>
      </trkpt>
      <trkpt lat="47.795292" lon="11.403416">
        <ele>595.024066</ele>
        <time>2026-08-14T14:37:43.761Z</time>
      </trkpt>
      <trkpt lat="47.795055" lon="11.402926">
        <ele>595.266975</ele>
        <time>2026-08-14T14:37:52.430Z</time>
      </trkpt>
      <trkpt lat="47.794685" lon="11.402070">
        <ele>595.676477</ele>
        <time>2026-08-14T14:38:04.903Z</time>
      </trkpt>
      <trkpt lat="47.794204" lon="11.400682">
        <ele>596.581334</ele>
        <time>2026-08-14T14:38:24.259Z</time>
      </trkpt>
      <trkpt lat="47.793760" lon="11.399028">
        <ele>598.009925</ele>
        <time>2026-08-14T14:38:52.520Z</time>
      </trkpt>
      <trkpt lat="47.793611" lon="11.398604">
        <ele>598.538260</ele>
        <time>2026-08-14T14:39:01.216Z</time>
      </trkpt>
      <trkpt lat="47.793300" lon="11.397846">
        <ele>599.719053</ele>
        <time>2026-08-14T14:39:16.286Z</time>
      </trkpt>
      <trkpt lat="47.793073" lon="11.397412">
        <ele>600.450286</ele>
        <time>2026-08-14T14:39:25.527Z</time>
      </trkpt>
      <trkpt lat="47.792606" lon="11.396723">
        <ele>601.753681</ele>
        <time>2026-08-14T14:39:42.898Z</time>
      </trkpt>
      <trkpt lat="47.791941" lon="11.395990">
        <ele>603.588509</ele>
        <time>2026-08-14T14:40:06.680Z</time>
      </trkpt>
      <trkpt lat="47.791415" lon="11.395632">
        <ele>604.870987</ele>
        <time>2026-08-14T14:40:23.300Z</time>
      </trkpt>
      <trkpt lat="47.790910" lon="11.395419">
        <ele>605.629505</ele>
        <time>2026-08-14T14:40:36.451Z</time>
      </trkpt>
      <trkpt lat="47.790639" lon="11.395356">
        <ele>605.450951</ele>
        <time>2026-08-14T14:40:42.353Z</time>
      </trkpt>
      <trkpt lat="47.790202" lon="11.395332">
        <ele>605.166280</ele>
        <time>2026-08-14T14:40:49.872Z</time>
      </trkpt>
      <trkpt lat="47.789652" lon="11.395383">
        <ele>604.807549</ele>
        <time>2026-08-14T14:40:57.765Z</time>
      </trkpt>
      <trkpt lat="47.789201" lon="11.395515">
        <ele>604.321166</ele>
        <time>2026-08-14T14:41:03.843Z</time>
      </trkpt>
      <trkpt lat="47.788550" lon="11.395824">
        <ele>601.907485</ele>
        <time>2026-08-14T14:41:12.473Z</time>
      </trkpt>
      <trkpt lat="47.787024" lon="11.396784">
        <ele>596.002534</ele>
        <time>2026-08-14T14:41:32.481Z</time>
      </trkpt>
      <trkpt lat="47.786226" lon="11.397234">
        <ele>592.913832</ele>
        <time>2026-08-14T14:41:42.943Z</time>
      </trkpt>
      <trkpt lat="47.786129" lon="11.397278">
        <ele>592.546799</ele>
        <time>2026-08-14T14:41:44.234Z</time>
      </trkpt>
      <trkpt lat="47.785695" lon="11.397425">
        <ele>591.269474</ele>
        <time>2026-08-14T14:41:49.927Z</time>
      </trkpt>
      <trkpt lat="47.784990" lon="11.397539">
        <ele>589.842871</ele>
        <time>2026-08-14T14:41:59.447Z</time>
      </trkpt>
      <trkpt lat="47.784309" lon="11.397482">
        <ele>588.470731</ele>
        <time>2026-08-14T14:42:09.053Z</time>
      </trkpt>
      <trkpt lat="47.783760" lon="11.397322">
        <ele>587.650291</ele>
        <time>2026-08-14T14:42:17.003Z</time>
      </trkpt>
      <trkpt lat="47.782173" lon="11.396453">
        <ele>585.718815</ele>
        <time>2026-08-14T14:42:41.964Z</time>
      </trkpt>
      <trkpt lat="47.781688" lon="11.396295">
        <ele>585.212260</ele>
        <time>2026-08-14T14:42:49.457Z</time>
      </trkpt>
      <trkpt lat="47.781216" lon="11.396238">
        <ele>584.729104</ele>
        <time>2026-08-14T14:42:56.496Z</time>
      </trkpt>
      <trkpt lat="47.781116" lon="11.396293">
        <ele>584.620331</ele>
        <time>2026-08-14T14:42:58.070Z</time>
      </trkpt>
      <trkpt lat="47.780624" lon="11.396411">
        <ele>584.110949</ele>
        <time>2026-08-14T14:43:05.406Z</time>
      </trkpt>
      <trkpt lat="47.780029" lon="11.396752">
        <ele>583.439558</ele>
        <time>2026-08-14T14:43:14.808Z</time>
      </trkpt>
      <trkpt lat="47.778761" lon="11.397709">
        <ele>582.149642</ele>
        <time>2026-08-14T14:43:35.878Z</time>
      </trkpt>
      <trkpt lat="47.778364" lon="11.397960">
        <ele>582.004686</ele>
        <time>2026-08-14T14:43:42.555Z</time>
      </trkpt>
      <trkpt lat="47.778385" lon="11.398050">
        <ele>581.983172</ele>
        <time>2026-08-14T14:43:43.573Z</time>
      </trkpt>
      <trkpt lat="47.778482" lon="11.398375">
        <ele>581.902864</ele>
        <time>2026-08-14T14:43:48.143Z</time>
      </trkpt>
      <trkpt lat="47.778475" lon="11.398494">
        <ele>581.875888</ele>
        <time>2026-08-14T14:43:49.694Z</time>
      </trkpt>
      <trkpt lat="47.778448" lon="11.398561">
        <ele>581.858245</ele>
        <time>2026-08-14T14:43:50.702Z</time>
      </trkpt>
      <trkpt lat="47.778129" lon="11.398611">
        <ele>581.750451</ele>
        <time>2026-08-14T14:43:56.806Z</time>
      </trkpt>
      <trkpt lat="47.777728" lon="11.398730">
        <ele>581.681517</ele>
        <time>2026-08-14T14:44:04.773Z</time>
      </trkpt>
      <trkpt lat="47.777459" lon="11.398903">
        <ele>581.813370</ele>
        <time>2026-08-14T14:44:11.072Z</time>
      </trkpt>
      <trkpt lat="47.776965" lon="11.399305">
        <ele>582.066702</ele>
        <time>2026-08-14T14:44:24.114Z</time>
      </trkpt>
      <trkpt lat="47.776845" lon="11.399444">
        <ele>582.135124</ele>
        <time>2026-08-14T14:44:27.369Z</time>
      </trkpt>
      <trkpt lat="47.776640" lon="11.399760">
        <ele>582.267928</ele>
        <time>2026-08-14T14:44:33.433Z</time>
      </trkpt>
      <trkpt lat="47.776034" lon="11.400860">
        <ele>582.741961</ele>
        <time>2026-08-14T14:44:52.865Z</time>
      </trkpt>
      <trkpt lat="47.775656" lon="11.401360">
        <ele>583.010106</ele>
        <time>2026-08-14T14:45:03.791Z</time>
      </trkpt>
      <trkpt lat="47.775374" lon="11.401607">
        <ele>583.183597</ele>
        <time>2026-08-14T14:45:11.049Z</time>
      </trkpt>
      <trkpt lat="47.775158" lon="11.401675">
        <ele>583.300652</ele>
        <time>2026-08-14T14:45:16.029Z</time>
      </trkpt>
      <trkpt lat="47.774901" lon="11.401835">
        <ele>583.454844</ele>
        <time>2026-08-14T14:45:22.358Z</time>
      </trkpt>
      <trkpt lat="47.774707" lon="11.401923">
        <ele>583.578544</ele>
        <time>2026-08-14T14:45:26.952Z</time>
      </trkpt>
      <trkpt lat="47.774557" lon="11.401943">
        <ele>583.670397</ele>
        <time>2026-08-14T14:45:30.377Z</time>
      </trkpt>
      <trkpt lat="47.774187" lon="11.401920">
        <ele>583.896263</ele>
        <time>2026-08-14T14:45:38.748Z</time>
      </trkpt>
      <trkpt lat="47.772836" lon="11.401713">
        <ele>584.681829</ele>
        <time>2026-08-14T14:46:07.709Z</time>
      </trkpt>
      <trkpt lat="47.771560" lon="11.401718">
        <ele>585.310355</ele>
        <time>2026-08-14T14:46:34.478Z</time>
      </trkpt>
      <trkpt lat="47.769935" lon="11.401879">
        <ele>586.207473</ele>
        <time>2026-08-14T14:47:11.783Z</time>
      </trkpt>
      <trkpt lat="47.769806" lon="11.401910">
        <ele>586.280272</ele>
        <time>2026-08-14T14:47:14.503Z</time>
      </trkpt>
      <trkpt lat="47.769552" lon="11.402040">
        <ele>586.355164</ele>
        <time>2026-08-14T14:47:19.714Z</time>
      </trkpt>
      <trkpt lat="47.769286" lon="11.402283">
        <ele>586.201449</ele>
        <time>2026-08-14T14:47:25.403Z</time>
      </trkpt>
      <trkpt lat="47.769022" lon="11.402616">
        <ele>586.031006</ele>
        <time>2026-08-14T14:47:31.382Z</time>
      </trkpt>
      <trkpt lat="47.768756" lon="11.403322">
        <ele>585.763115</ele>
        <time>2026-08-14T14:47:40.607Z</time>
      </trkpt>
      <trkpt lat="47.768557" lon="11.403683">
        <ele>585.608579</ele>
        <time>2026-08-14T14:47:46.013Z</time>
      </trkpt>
      <trkpt lat="47.768409" lon="11.403847">
        <ele>585.517702</ele>
        <time>2026-08-14T14:47:49.322Z</time>
      </trkpt>
      <trkpt lat="47.768141" lon="11.404019">
        <ele>585.588968</ele>
        <time>2026-08-14T14:47:54.761Z</time>
      </trkpt>
      <trkpt lat="47.767920" lon="11.404065">
        <ele>585.660104</ele>
        <time>2026-08-14T14:47:59.137Z</time>
      </trkpt>
      <trkpt lat="47.767525" lon="11.403984">
        <ele>585.787210</ele>
        <time>2026-08-14T14:48:07.541Z</time>
      </trkpt>
      <trkpt lat="47.767459" lon="11.403954">
        <ele>585.809209</ele>
        <time>2026-08-14T14:48:09.105Z</time>
      </trkpt>
      <trkpt lat="47.767195" lon="11.403708">
        <ele>585.908509</ele>
        <time>2026-08-14T14:48:16.227Z</time>
      </trkpt>
      <trkpt lat="47.766719" lon="11.403335">
        <ele>586.075492</ele>
        <time>2026-08-14T14:48:28.472Z</time>
      </trkpt>
      <trkpt lat="47.766119" lon="11.403150">
        <ele>585.862842</ele>
        <time>2026-08-14T14:48:40.996Z</time>
      </trkpt>
      <trkpt lat="47.765693" lon="11.403118">
        <ele>585.714814</ele>
        <time>2026-08-14T14:48:48.741Z</time>
      </trkpt>
      <trkpt lat="47.765124" lon="11.403248">
        <ele>585.515032</ele>
        <time>2026-08-14T14:48:58.501Z</time>
      </trkpt>
      <trkpt lat="47.764895" lon="11.403368">
        <ele>585.432699</ele>
        <time>2026-08-14T14:49:02.520Z</time>
      </trkpt>
      <trkpt lat="47.764531" lon="11.403643">
        <ele>585.302952</ele>
        <time>2026-08-14T14:49:09.321Z</time>
      </trkpt>
      <trkpt lat="47.764304" lon="11.403866">
        <ele>585.216499</ele>
        <time>2026-08-14T14:49:13.964Z</time>
      </trkpt>
      <trkpt lat="47.764032" lon="11.404222">
        <ele>585.101361</ele>
        <time>2026-08-14T14:49:20.392Z</time>
      </trkpt>
      <trkpt lat="47.763718" lon="11.404825">
        <ele>584.938409</ele>
        <time>2026-08-14T14:49:30.668Z</time>
      </trkpt>
      <trkpt lat="47.763603" lon="11.405116">
        <ele>584.903468</ele>
        <time>2026-08-14T14:49:35.791Z</time>
      </trkpt>
      <trkpt lat="47.763454" lon="11.405658">
        <ele>585.074373</ele>
        <time>2026-08-14T14:49:45.115Z</time>
      </trkpt>
      <trkpt lat="47.763372" lon="11.406169">
        <ele>585.227704</ele>
        <time>2026-08-14T14:49:53.386Z</time>
      </trkpt>
      <trkpt lat="47.763340" lon="11.406568">
        <ele>585.344982</ele>
        <time>2026-08-14T14:49:59.508Z</time>
      </trkpt>
      <trkpt lat="47.763342" lon="11.406942">
        <ele>585.454140</ele>
        <time>2026-08-14T14:50:04.922Z</time>
      </trkpt>
      <trkpt lat="47.763368" lon="11.407275">
        <ele>585.551983</ele>
        <time>2026-08-14T14:50:09.503Z</time>
      </trkpt>
      <trkpt lat="47.763512" lon="11.408183">
        <ele>585.450029</ele>
        <time>2026-08-14T14:50:20.922Z</time>
      </trkpt>
      <trkpt lat="47.763520" lon="11.408402">
        <ele>585.365536</ele>
        <time>2026-08-14T14:50:23.444Z</time>
      </trkpt>
      <trkpt lat="47.763494" lon="11.408698">
        <ele>585.250533</ele>
        <time>2026-08-14T14:50:26.819Z</time>
      </trkpt>
      <trkpt lat="47.763407" lon="11.409065">
        <ele>585.100613</ele>
        <time>2026-08-14T14:50:31.203Z</time>
      </trkpt>
      <trkpt lat="47.763309" lon="11.409299">
        <ele>584.994399</ele>
        <time>2026-08-14T14:50:34.331Z</time>
      </trkpt>
      <trkpt lat="47.763120" lon="11.409594">
        <ele>584.837399</ele>
        <time>2026-08-14T14:50:39.053Z</time>
      </trkpt>
      <trkpt lat="47.762970" lon="11.409755">
        <ele>584.731391</ele>
        <time>2026-08-14T14:50:42.299Z</time>
      </trkpt>
      <trkpt lat="47.762797" lon="11.409865">
        <ele>584.644519</ele>
        <time>2026-08-14T14:50:45.681Z</time>
      </trkpt>
      <trkpt lat="47.762551" lon="11.409953">
        <ele>584.854805</ele>
        <time>2026-08-14T14:50:50.407Z</time>
      </trkpt>
      <trkpt lat="47.761784" lon="11.409872">
        <ele>585.493886</ele>
        <time>2026-08-14T14:51:07.402Z</time>
      </trkpt>
      <trkpt lat="47.761233" lon="11.409854">
        <ele>585.951949</ele>
        <time>2026-08-14T14:51:21.796Z</time>
      </trkpt>
      <trkpt lat="47.760848" lon="11.409899">
        <ele>586.348976</ele>
        <time>2026-08-14T14:51:32.242Z</time>
      </trkpt>
      <trkpt lat="47.760418" lon="11.410010">
        <ele>586.900789</ele>
        <time>2026-08-14T14:51:44.044Z</time>
      </trkpt>
      <trkpt lat="47.760065" lon="11.410011">
        <ele>587.347120</ele>
        <time>2026-08-14T14:51:53.213Z</time>
      </trkpt>
      <trkpt lat="47.759864" lon="11.409946">
        <ele>587.607198</ele>
        <time>2026-08-14T14:51:58.379Z</time>
      </trkpt>
      <trkpt lat="47.759609" lon="11.409796">
        <ele>587.953911</ele>
        <time>2026-08-14T14:52:05.115Z</time>
      </trkpt>
      <trkpt lat="47.758690" lon="11.409042">
        <ele>588.403222</ele>
        <time>2026-08-14T14:52:27.547Z</time>
      </trkpt>
      <trkpt lat="47.758869" lon="11.409487">
        <ele>588.404229</ele>
        <time>2026-08-14T14:52:33.278Z</time>
      </trkpt>
      <trkpt lat="47.758935" lon="11.409605">
        <ele>588.404527</ele>
        <time>2026-08-14T14:52:34.968Z</time>
      </trkpt>
      <trkpt lat="47.759076" lon="11.409744">
        <ele>588.405016</ele>
        <time>2026-08-14T14:52:37.665Z</time>
      </trkpt>
      <trkpt lat="47.759172" lon="11.409920">
        <ele>588.405456</ele>
        <time>2026-08-14T14:52:40.066Z</time>
      </trkpt>
      <trkpt lat="47.759219" lon="11.410128">
        <ele>588.405882</ele>
        <time>2026-08-14T14:52:42.364Z</time>
      </trkpt>
      <trkpt lat="47.759222" lon="11.410304">
        <ele>588.406224</ele>
        <time>2026-08-14T14:52:44.208Z</time>
      </trkpt>
      <trkpt lat="47.759190" lon="11.410471">
        <ele>588.410384</ele>
        <time>2026-08-14T14:52:46.031Z</time>
      </trkpt>
      <trkpt lat="47.759094" lon="11.410675">
        <ele>588.422934</ele>
        <time>2026-08-14T14:52:48.703Z</time>
      </trkpt>
      <trkpt lat="47.758978" lon="11.410796">
        <ele>588.433556</ele>
        <time>2026-08-14T14:52:51.020Z</time>
      </trkpt>
      <trkpt lat="47.758492" lon="11.411174">
        <ele>588.474673</ele>
        <time>2026-08-14T14:53:00.299Z</time>
      </trkpt>
      <trkpt lat="47.758430" lon="11.411236">
        <ele>588.480274</ele>
        <time>2026-08-14T14:53:01.653Z</time>
      </trkpt>
      <trkpt lat="47.757844" lon="11.411683">
        <ele>588.529647</ele>
        <time>2026-08-14T14:53:14.363Z</time>
      </trkpt>
      <trkpt lat="47.757176" lon="11.412193">
        <ele>588.362970</ele>
        <time>2026-08-14T14:53:28.340Z</time>
      </trkpt>
      <trkpt lat="47.757052" lon="11.412344">
        <ele>588.315034</ele>
        <time>2026-08-14T14:53:31.073Z</time>
      </trkpt>
      <trkpt lat="47.756937" lon="11.412610">
        <ele>588.251435</ele>
        <time>2026-08-14T14:53:34.571Z</time>
      </trkpt>
      <trkpt lat="47.756763" lon="11.413120">
        <ele>588.136422</ele>
        <time>2026-08-14T14:53:40.663Z</time>
      </trkpt>
      <trkpt lat="47.756540" lon="11.413922">
        <ele>587.885790</ele>
        <time>2026-08-14T14:53:49.381Z</time>
      </trkpt>
      <trkpt lat="47.756398" lon="11.414229">
        <ele>587.672884</ele>
        <time>2026-08-14T14:53:52.967Z</time>
      </trkpt>
      <trkpt lat="47.756301" lon="11.414372">
        <ele>587.556820</ele>
        <time>2026-08-14T14:53:54.931Z</time>
      </trkpt>
      <trkpt lat="47.756149" lon="11.414524">
        <ele>587.401165</ele>
        <time>2026-08-14T14:53:57.578Z</time>
      </trkpt>
      <trkpt lat="47.755829" lon="11.414709">
        <ele>587.109395</ele>
        <time>2026-08-14T14:54:02.654Z</time>
      </trkpt>
      <trkpt lat="47.755478" lon="11.415033">
        <ele>586.758326</ele>
        <time>2026-08-14T14:54:08.980Z</time>
      </trkpt>
      <trkpt lat="47.755326" lon="11.415136">
        <ele>586.616376</ele>
        <time>2026-08-14T14:54:11.635Z</time>
      </trkpt>
      <trkpt lat="47.755130" lon="11.415185">
        <ele>586.484603</ele>
        <time>2026-08-14T14:54:14.865Z</time>
      </trkpt>
      <trkpt lat="47.754970" lon="11.415146">
        <ele>586.535064</ele>
        <time>2026-08-14T14:54:17.541Z</time>
      </trkpt>
      <trkpt lat="47.754621" lon="11.414974">
        <ele>586.649492</ele>
        <time>2026-08-14T14:54:23.881Z</time>
      </trkpt>
      <trkpt lat="47.754198" lon="11.414912">
        <ele>586.781781</ele>
        <time>2026-08-14T14:54:32.012Z</time>
      </trkpt>
      <trkpt lat="47.753920" lon="11.414961">
        <ele>586.868909</ele>
        <time>2026-08-14T14:54:37.736Z</time>
      </trkpt>
      <trkpt lat="47.753763" lon="11.414956">
        <ele>586.917784</ele>
        <time>2026-08-14T14:54:40.988Z</time>
      </trkpt>
      <trkpt lat="47.753644" lon="11.414942">
        <ele>586.954937</ele>
        <time>2026-08-14T14:54:43.461Z</time>
      </trkpt>
      <trkpt lat="47.753470" lon="11.414870">
        <ele>587.011148</ele>
        <time>2026-08-14T14:54:47.132Z</time>
      </trkpt>
      <trkpt lat="47.753400" lon="11.414805">
        <ele>587.034402</ele>
        <time>2026-08-14T14:54:48.777Z</time>
      </trkpt>
      <trkpt lat="47.752955" lon="11.414145">
        <ele>587.030725</ele>
        <time>2026-08-14T14:55:00.242Z</time>
      </trkpt>
      <trkpt lat="47.752771" lon="11.413946">
        <ele>587.029394</ele>
        <time>2026-08-14T14:55:04.005Z</time>
      </trkpt>
      <trkpt lat="47.752669" lon="11.413883">
        <ele>587.028748</ele>
        <time>2026-08-14T14:55:05.792Z</time>
      </trkpt>
      <trkpt lat="47.752561" lon="11.413873">
        <ele>587.028115</ele>
        <time>2026-08-14T14:55:07.598Z</time>
      </trkpt>
      <trkpt lat="47.752458" lon="11.413910">
        <ele>587.027495</ele>
        <time>2026-08-14T14:55:09.368Z</time>
      </trkpt>
      <trkpt lat="47.752296" lon="11.414027">
        <ele>587.026442</ele>
        <time>2026-08-14T14:55:12.383Z</time>
      </trkpt>
      <trkpt lat="47.751873" lon="11.414456">
        <ele>587.041819</ele>
        <time>2026-08-14T14:55:20.725Z</time>
      </trkpt>
      <trkpt lat="47.751690" lon="11.414490">
        <ele>587.082246</ele>
        <time>2026-08-14T14:55:23.632Z</time>
      </trkpt>
      <trkpt lat="47.751574" lon="11.414419">
        <ele>587.109743</ele>
        <time>2026-08-14T14:55:25.627Z</time>
      </trkpt>
      <trkpt lat="47.751304" lon="11.414199">
        <ele>587.177228</ele>
        <time>2026-08-14T14:55:30.600Z</time>
      </trkpt>
      <trkpt lat="47.750850" lon="11.413680">
        <ele>587.302748</ele>
        <time>2026-08-14T14:55:40.900Z</time>
      </trkpt>
      <trkpt lat="47.750726" lon="11.413473">
        <ele>587.343609</ele>
        <time>2026-08-14T14:55:44.720Z</time>
      </trkpt>
      <trkpt lat="47.750406" lon="11.412816">
        <ele>587.649192</ele>
        <time>2026-08-14T14:55:56.203Z</time>
      </trkpt>
      <trkpt lat="47.750296" lon="11.412449">
        <ele>587.953321</ele>
        <time>2026-08-14T14:56:02.449Z</time>
      </trkpt>
      <trkpt lat="47.750221" lon="11.412048">
        <ele>588.268358</ele>
        <time>2026-08-14T14:56:09.385Z</time>
      </trkpt>
      <trkpt lat="47.750181" lon="11.411356">
        <ele>588.794059</ele>
        <time>2026-08-14T14:56:20.651Z</time>
      </trkpt>
      <trkpt lat="47.750132" lon="11.410962">
        <ele>589.097333</ele>
        <time>2026-08-14T14:56:26.706Z</time>
      </trkpt>
      <trkpt lat="47.750151" lon="11.410718">
        <ele>589.283249</ele>
        <time>2026-08-14T14:56:30.204Z</time>
      </trkpt>
      <trkpt lat="47.750191" lon="11.410525">
        <ele>589.436112</ele>
        <time>2026-08-14T14:56:32.956Z</time>
      </trkpt>
      <trkpt lat="47.750193" lon="11.410327">
        <ele>589.417998</ele>
        <time>2026-08-14T14:56:35.546Z</time>
      </trkpt>
      <trkpt lat="47.750128" lon="11.409975">
        <ele>589.369779</ele>
        <time>2026-08-14T14:56:40.007Z</time>
      </trkpt>
      <trkpt lat="47.750077" lon="11.409855">
        <ele>589.351026</ele>
        <time>2026-08-14T14:56:41.660Z</time>
      </trkpt>
      <trkpt lat="47.749910" lon="11.409671">
        <ele>589.310194</ele>
        <time>2026-08-14T14:56:45.122Z</time>
      </trkpt>
      <trkpt lat="47.749803" lon="11.409635">
        <ele>589.288642</ele>
        <time>2026-08-14T14:56:46.920Z</time>
      </trkpt>
      <trkpt lat="47.749277" lon="11.409762">
        <ele>589.183949</ele>
        <time>2026-08-14T14:56:55.152Z</time>
      </trkpt>
      <trkpt lat="47.749074" lon="11.409746">
        <ele>589.144011</ele>
        <time>2026-08-14T14:56:58.279Z</time>
      </trkpt>
      <trkpt lat="47.748890" lon="11.409650">
        <ele>589.105702</ele>
        <time>2026-08-14T14:57:01.327Z</time>
      </trkpt>
      <trkpt lat="47.748581" lon="11.409311">
        <ele>589.105430</ele>
        <time>2026-08-14T14:57:07.467Z</time>
      </trkpt>
      <trkpt lat="47.748415" lon="11.409210">
        <ele>589.114836</ele>
        <time>2026-08-14T14:57:10.403Z</time>
      </trkpt>
      <trkpt lat="47.747860" lon="11.409046">
        <ele>589.144512</ele>
        <time>2026-08-14T14:57:19.912Z</time>
      </trkpt>
      <trkpt lat="47.747344" lon="11.408938">
        <ele>589.171840</ele>
        <time>2026-08-14T14:57:29.227Z</time>
      </trkpt>
      <trkpt lat="47.747109" lon="11.408849">
        <ele>589.212674</ele>
        <time>2026-08-14T14:57:33.999Z</time>
      </trkpt>
      <trkpt lat="47.746856" lon="11.408564">
        <ele>589.965340</ele>
        <time>2026-08-14T14:57:40.761Z</time>
      </trkpt>
      <trkpt lat="47.746785" lon="11.408513">
        <ele>590.152325</ele>
        <time>2026-08-14T14:57:42.553Z</time>
      </trkpt>
      <trkpt lat="47.746563" lon="11.408411">
        <ele>590.703341</ele>
        <time>2026-08-14T14:57:47.972Z</time>
      </trkpt>
      <trkpt lat="47.746313" lon="11.408380">
        <ele>591.298263</ele>
        <time>2026-08-14T14:57:54.169Z</time>
      </trkpt>
      <trkpt lat="47.745101" lon="11.408387">
        <ele>594.959729</ele>
        <time>2026-08-14T14:58:32.966Z</time>
      </trkpt>
      <trkpt lat="47.744625" lon="11.408426">
        <ele>597.320948</ele>
        <time>2026-08-14T14:58:53.857Z</time>
      </trkpt>
      <trkpt lat="47.744284" lon="11.408503">
        <ele>599.029292</ele>
        <time>2026-08-14T14:59:10.317Z</time>
      </trkpt>
      <trkpt lat="47.743885" lon="11.408772">
        <ele>601.199157</ele>
        <time>2026-08-14T14:59:30.045Z</time>
      </trkpt>
      <trkpt lat="47.743849" lon="11.408771">
        <ele>601.377497</ele>
        <time>2026-08-14T14:59:31.540Z</time>
      </trkpt>
      <trkpt lat="47.743534" lon="11.408627">
        <ele>602.226521</ele>
        <time>2026-08-14T14:59:43.449Z</time>
      </trkpt>
      <trkpt lat="47.743412" lon="11.408641">
        <ele>602.104177</ele>
        <time>2026-08-14T14:59:47.134Z</time>
      </trkpt>
      <trkpt lat="47.743275" lon="11.408706">
        <ele>601.960395</ele>
        <time>2026-08-14T14:59:50.899Z</time>
      </trkpt>
      <trkpt lat="47.743188" lon="11.408750">
        <ele>601.868515</ele>
        <time>2026-08-14T14:59:53.055Z</time>
      </trkpt>
      <trkpt lat="47.743070" lon="11.408760">
        <ele>601.750342</ele>
        <time>2026-08-14T14:59:55.348Z</time>
      </trkpt>
      <trkpt lat="47.743030" lon="11.408985">
        <ele>601.593865</ele>
        <time>2026-08-14T14:59:57.779Z</time>
      </trkpt>
      <trkpt lat="47.742860" lon="11.409016">
        <ele>601.422617</ele>
        <time>2026-08-14T15:00:00.119Z</time>
      </trkpt>
      <trkpt lat="47.742767" lon="11.409032">
        <ele>601.329011</ele>
        <time>2026-08-14T15:00:01.307Z</time>
      </trkpt>
      <trkpt lat="47.742693" lon="11.409045">
        <ele>601.254508</ele>
        <time>2026-08-14T15:00:02.241Z</time>
      </trkpt>
      <trkpt lat="47.742644" lon="11.409053">
        <ele>601.205221</ele>
        <time>2026-08-14T15:00:02.843Z</time>
      </trkpt>
      <trkpt lat="47.742206" lon="11.409331">
        <ele>600.729066</ele>
        <time>2026-08-14T15:00:08.504Z</time>
      </trkpt>
      <trkpt lat="47.742022" lon="11.409393">
        <ele>600.531381</ele>
        <time>2026-08-14T15:00:10.736Z</time>
      </trkpt>
      <trkpt lat="47.741909" lon="11.409415">
        <ele>600.363933</ele>
        <time>2026-08-14T15:00:12.089Z</time>
      </trkpt>
      <trkpt lat="47.741654" lon="11.409343">
        <ele>599.982566</ele>
        <time>2026-08-14T15:00:15.237Z</time>
      </trkpt>
      <trkpt lat="47.741739" lon="11.409768">
        <ele>599.544459</ele>
        <time>2026-08-14T15:00:19.054Z</time>
      </trkpt>
      <trkpt lat="47.741705" lon="11.410134">
        <ele>599.179392</ele>
        <time>2026-08-14T15:00:22.457Z</time>
      </trkpt>
      <trkpt lat="47.741266" lon="11.411920">
        <ele>597.835251</ele>
        <time>2026-08-14T15:00:47.697Z</time>
      </trkpt>
      <trkpt lat="47.741246" lon="11.412367">
        <ele>597.776586</ele>
        <time>2026-08-14T15:00:53.483Z</time>
      </trkpt>
      <trkpt lat="47.741271" lon="11.412521">
        <ele>597.755840</ele>
        <time>2026-08-14T15:00:55.418Z</time>
      </trkpt>
      <trkpt lat="47.741339" lon="11.412682">
        <ele>597.730943</ele>
        <time>2026-08-14T15:00:57.643Z</time>
      </trkpt>
      <trkpt lat="47.741126" lon="11.413169">
        <ele>597.654867</ele>
        <time>2026-08-14T15:01:03.884Z</time>
      </trkpt>
      <trkpt lat="47.740984" lon="11.413406">
        <ele>597.613299</ele>
        <time>2026-08-14T15:01:07.125Z</time>
      </trkpt>
      <trkpt lat="47.740760" lon="11.413706">
        <ele>597.556242</ele>
        <time>2026-08-14T15:01:11.441Z</time>
      </trkpt>
      <trkpt lat="47.740605" lon="11.413851">
        <ele>597.525435</ele>
        <time>2026-08-14T15:01:14.023Z</time>
      </trkpt>
      <trkpt lat="47.740453" lon="11.413962">
        <ele>597.496946</ele>
        <time>2026-08-14T15:01:16.374Z</time>
      </trkpt>
      <trkpt lat="47.740232" lon="11.414036">
        <ele>597.458836</ele>
        <time>2026-08-14T15:01:19.662Z</time>
      </trkpt>
      <trkpt lat="47.739764" lon="11.414167">
        <ele>597.378720</ele>
        <time>2026-08-14T15:01:28.171Z</time>
      </trkpt>
      <trkpt lat="47.739306" lon="11.414272">
        <ele>597.300758</ele>
        <time>2026-08-14T15:01:37.168Z</time>
      </trkpt>
      <trkpt lat="47.738988" lon="11.414338">
        <ele>597.438018</ele>
        <time>2026-08-14T15:01:44.452Z</time>
      </trkpt>
      <trkpt lat="47.737733" lon="11.414549">
        <ele>599.566145</ele>
        <time>2026-08-14T15:02:16.630Z</time>
      </trkpt>
      <trkpt lat="47.737300" lon="11.414652">
        <ele>600.306432</ele>
        <time>2026-08-14T15:02:27.579Z</time>
      </trkpt>
      <trkpt lat="47.736828" lon="11.414778">
        <ele>601.226066</ele>
        <time>2026-08-14T15:02:39.644Z</time>
      </trkpt>
      <trkpt lat="47.736717" lon="11.414772">
        <ele>601.439073</ele>
        <time>2026-08-14T15:02:42.449Z</time>
      </trkpt>
      <trkpt lat="47.736548" lon="11.414867">
        <ele>601.785554</ele>
        <time>2026-08-14T15:02:47.024Z</time>
      </trkpt>
      <trkpt lat="47.735604" lon="11.415178">
        <ele>603.639783</ele>
        <time>2026-08-14T15:03:12.148Z</time>
      </trkpt>
      <trkpt lat="47.731712" lon="11.416698">
        <ele>611.845459</ele>
        <time>2026-08-14T15:04:59.336Z</time>
      </trkpt>
      <trkpt lat="47.731166" lon="11.416828">
        <ele>612.691080</ele>
        <time>2026-08-14T15:05:12.656Z</time>
      </trkpt>
      <trkpt lat="47.730570" lon="11.416875">
        <ele>613.603806</ele>
        <time>2026-08-14T15:05:26.527Z</time>
      </trkpt>
      <trkpt lat="47.729243" lon="11.416542">
        <ele>614.388526</ele>
        <time>2026-08-14T15:05:55.321Z</time>
      </trkpt>
      <trkpt lat="47.729105" lon="11.416426">
        <ele>614.442180</ele>
        <time>2026-08-14T15:05:58.082Z</time>
      </trkpt>
      <trkpt lat="47.729022" lon="11.416252">
        <ele>614.490741</ele>
        <time>2026-08-14T15:06:00.481Z</time>
      </trkpt>
      <trkpt lat="47.728990" lon="11.416086">
        <ele>614.530053</ele>
        <time>2026-08-14T15:06:02.358Z</time>
      </trkpt>
      <trkpt lat="47.729004" lon="11.415820">
        <ele>614.590793</ele>
        <time>2026-08-14T15:06:05.189Z</time>
      </trkpt>
      <trkpt lat="47.729587" lon="11.414285">
        <ele>613.777787</ele>
        <time>2026-08-14T15:06:22.586Z</time>
      </trkpt>
      <trkpt lat="47.729723" lon="11.413754">
        <ele>613.466821</ele>
        <time>2026-08-14T15:06:28.355Z</time>
      </trkpt>
      <trkpt lat="47.729776" lon="11.413432">
        <ele>613.285394</ele>
        <time>2026-08-14T15:06:31.829Z</time>
      </trkpt>
      <trkpt lat="47.729714" lon="11.413232">
        <ele>613.171778</ele>
        <time>2026-08-14T15:06:34.196Z</time>
      </trkpt>
      <trkpt lat="47.729747" lon="11.412834">
        <ele>613.168087</ele>
        <time>2026-08-14T15:06:38.696Z</time>
      </trkpt>
      <trkpt lat="47.729715" lon="11.412743">
        <ele>613.167142</ele>
        <time>2026-08-14T15:06:39.865Z</time>
      </trkpt>
      <trkpt lat="47.729466" lon="11.412676">
        <ele>613.163680</ele>
        <time>2026-08-14T15:06:44.271Z</time>
      </trkpt>
      <trkpt lat="47.729001" lon="11.412629">
        <ele>613.157303</ele>
        <time>2026-08-14T15:06:52.803Z</time>
      </trkpt>
      <trkpt lat="47.728839" lon="11.412651">
        <ele>613.155077</ele>
        <time>2026-08-14T15:06:55.700Z</time>
      </trkpt>
      <trkpt lat="47.727390" lon="11.411601">
        <ele>613.194528</ele>
        <time>2026-08-14T15:07:23.235Z</time>
      </trkpt>
      <trkpt lat="47.727358" lon="11.411578">
        <ele>613.196139</ele>
        <time>2026-08-14T15:07:23.840Z</time>
      </trkpt>
      <trkpt lat="47.727043" lon="11.411375">
        <ele>613.211696</ele>
        <time>2026-08-14T15:07:29.645Z</time>
      </trkpt>
      <trkpt lat="47.727076" lon="11.411268">
        <ele>613.215284</ele>
        <time>2026-08-14T15:07:30.993Z</time>
      </trkpt>
      <trkpt lat="47.726703" lon="11.410964">
        <ele>613.304852</ele>
        <time>2026-08-14T15:07:39.409Z</time>
      </trkpt>
      <trkpt lat="47.726078" lon="11.410566">
        <ele>613.711009</ele>
        <time>2026-08-14T15:07:53.787Z</time>
      </trkpt>
      <trkpt lat="47.725939" lon="11.410521">
        <ele>613.795987</ele>
        <time>2026-08-14T15:07:56.941Z</time>
      </trkpt>
      <trkpt lat="47.725809" lon="11.410541">
        <ele>613.874058</ele>
        <time>2026-08-14T15:07:59.904Z</time>
      </trkpt>
      <trkpt lat="47.725237" lon="11.410343">
        <ele>614.224885</ele>
        <time>2026-08-14T15:08:12.517Z</time>
      </trkpt>
      <trkpt lat="47.725000" lon="11.410212">
        <ele>614.347501</ele>
        <time>2026-08-14T15:08:17.885Z</time>
      </trkpt>
      <trkpt lat="47.724539" lon="11.409853">
        <ele>614.536842</ele>
        <time>2026-08-14T15:08:28.312Z</time>
      </trkpt>
      <trkpt lat="47.724210" lon="11.409607">
        <ele>614.670827</ele>
        <time>2026-08-14T15:08:35.080Z</time>
      </trkpt>
      <trkpt lat="47.723839" lon="11.409238">
        <ele>614.833230</ele>
        <time>2026-08-14T15:08:42.975Z</time>
      </trkpt>
      <trkpt lat="47.723306" lon="11.408884">
        <ele>615.003043</ele>
        <time>2026-08-14T15:08:52.895Z</time>
      </trkpt>
      <trkpt lat="47.723150" lon="11.408770">
        <ele>615.035694</ele>
        <time>2026-08-14T15:08:55.868Z</time>
      </trkpt>
      <trkpt lat="47.723020" lon="11.408774">
        <ele>615.060118</ele>
        <time>2026-08-14T15:08:58.135Z</time>
      </trkpt>
      <trkpt lat="47.722544" lon="11.408453">
        <ele>615.158299</ele>
        <time>2026-08-14T15:09:07.904Z</time>
      </trkpt>
      <trkpt lat="47.722295" lon="11.408263">
        <ele>615.210872</ele>
        <time>2026-08-14T15:09:13.423Z</time>
      </trkpt>
      <trkpt lat="47.721947" lon="11.408068">
        <ele>615.280729</ele>
        <time>2026-08-14T15:09:20.309Z</time>
      </trkpt>
      <trkpt lat="47.721646" lon="11.407898">
        <ele>615.153814</ele>
        <time>2026-08-14T15:09:25.832Z</time>
      </trkpt>
      <trkpt lat="47.721443" lon="11.407781">
        <ele>615.027245</ele>
        <time>2026-08-14T15:09:29.412Z</time>
      </trkpt>
      <trkpt lat="47.721241" lon="11.407426">
        <ele>614.845410</ele>
        <time>2026-08-14T15:09:34.401Z</time>
      </trkpt>
      <trkpt lat="47.721069" lon="11.407233">
        <ele>614.720132</ele>
        <time>2026-08-14T15:09:37.758Z</time>
      </trkpt>
      <trkpt lat="47.720483" lon="11.406874">
        <ele>614.351677</ele>
        <time>2026-08-14T15:09:47.183Z</time>
      </trkpt>
      <trkpt lat="47.720389" lon="11.406870">
        <ele>614.297010</ele>
        <time>2026-08-14T15:09:48.521Z</time>
      </trkpt>
      <trkpt lat="47.720317" lon="11.406866">
        <ele>614.255125</ele>
        <time>2026-08-14T15:09:49.554Z</time>
      </trkpt>
      <trkpt lat="47.719925" lon="11.406687">
        <ele>614.003314</ele>
        <time>2026-08-14T15:09:55.592Z</time>
      </trkpt>
      <trkpt lat="47.719915" lon="11.406548">
        <ele>613.945495</ele>
        <time>2026-08-14T15:09:57.005Z</time>
      </trkpt>
      <trkpt lat="47.719904" lon="11.406385">
        <ele>613.877739</ele>
        <time>2026-08-14T15:09:58.678Z</time>
      </trkpt>
      <trkpt lat="47.719889" lon="11.406193">
        <ele>613.797793</ele>
        <time>2026-08-14T15:10:00.664Z</time>
      </trkpt>
      <trkpt lat="47.719888" lon="11.405857">
        <ele>613.658819</ele>
        <time>2026-08-14T15:10:04.164Z</time>
      </trkpt>
      <trkpt lat="47.718358" lon="11.405276">
        <ele>613.212909</ele>
        <time>2026-08-14T15:10:30.090Z</time>
      </trkpt>
      <trkpt lat="47.718314" lon="11.405256">
        <ele>613.217180</ele>
        <time>2026-08-14T15:10:30.932Z</time>
      </trkpt>
      <trkpt lat="47.717701" lon="11.405025">
        <ele>613.275877</ele>
        <time>2026-08-14T15:10:42.718Z</time>
      </trkpt>
      <trkpt lat="47.717686" lon="11.405097">
        <ele>613.280583</ele>
        <time>2026-08-14T15:10:43.672Z</time>
      </trkpt>
      <trkpt lat="47.717609" lon="11.405454">
        <ele>613.303994</ele>
        <time>2026-08-14T15:10:48.381Z</time>
      </trkpt>
      <trkpt lat="47.717527" lon="11.405427">
        <ele>613.312328</ele>
        <time>2026-08-14T15:10:49.950Z</time>
      </trkpt>
      <trkpt lat="47.717258" lon="11.405498">
        <ele>613.354920</ele>
        <time>2026-08-14T15:10:55.009Z</time>
      </trkpt>
      <trkpt lat="47.717144" lon="11.405491">
        <ele>613.372708</ele>
        <time>2026-08-14T15:10:57.141Z</time>
      </trkpt>
      <trkpt lat="47.716716" lon="11.405367">
        <ele>613.440688</ele>
        <time>2026-08-14T15:11:05.264Z</time>
      </trkpt>
      <trkpt lat="47.716541" lon="11.405234">
        <ele>613.471330</ele>
        <time>2026-08-14T15:11:08.748Z</time>
      </trkpt>
      <trkpt lat="47.716111" lon="11.404798">
        <ele>613.552479</ele>
        <time>2026-08-14T15:11:17.526Z</time>
      </trkpt>
      <trkpt lat="47.715815" lon="11.404562">
        <ele>613.616950</ele>
        <time>2026-08-14T15:11:23.203Z</time>
      </trkpt>
      <trkpt lat="47.715570" lon="11.404408">
        <ele>613.695766</ele>
        <time>2026-08-14T15:11:27.733Z</time>
      </trkpt>
      <trkpt lat="47.715304" lon="11.404280">
        <ele>613.778608</ele>
        <time>2026-08-14T15:11:32.562Z</time>
      </trkpt>
      <trkpt lat="47.714427" lon="11.403949">
        <ele>614.046702</ele>
        <time>2026-08-14T15:11:49.467Z</time>
      </trkpt>
      <trkpt lat="47.712594" lon="11.403465">
        <ele>615.265274</ele>
        <time>2026-08-14T15:12:27.380Z</time>
      </trkpt>
      <trkpt lat="47.712356" lon="11.403365">
        <ele>615.447285</ele>
        <time>2026-08-14T15:12:32.627Z</time>
      </trkpt>
      <trkpt lat="47.711992" lon="11.403148">
        <ele>615.772480</ele>
        <time>2026-08-14T15:12:40.864Z</time>
      </trkpt>
      <trkpt lat="47.711660" lon="11.402943">
        <ele>616.070579</ele>
        <time>2026-08-14T15:12:48.375Z</time>
      </trkpt>
      <trkpt lat="47.711390" lon="11.402778">
        <ele>616.312643</ele>
        <time>2026-08-14T15:12:54.417Z</time>
      </trkpt>
      <trkpt lat="47.710376" lon="11.402198">
        <ele>617.344180</ele>
        <time>2026-08-14T15:13:17.024Z</time>
      </trkpt>
      <trkpt lat="47.710135" lon="11.402145">
        <ele>617.629957</ele>
        <time>2026-08-14T15:13:22.107Z</time>
      </trkpt>
      <trkpt lat="47.709212" lon="11.402038">
        <ele>618.715946</ele>
        <time>2026-08-14T15:13:43.789Z</time>
      </trkpt>
      <trkpt lat="47.708978" lon="11.402094">
        <ele>618.993970</ele>
        <time>2026-08-14T15:13:49.527Z</time>
      </trkpt>
      <trkpt lat="47.708825" lon="11.402237">
        <ele>619.120807</ele>
        <time>2026-08-14T15:13:53.698Z</time>
      </trkpt>
      <trkpt lat="47.708756" lon="11.402343">
        <ele>619.187038</ele>
        <time>2026-08-14T15:13:55.916Z</time>
      </trkpt>
      <trkpt lat="47.708707" lon="11.402419">
        <ele>619.234306</ele>
        <time>2026-08-14T15:13:57.464Z</time>
      </trkpt>
      <trkpt lat="47.708613" lon="11.402490">
        <ele>619.304677</ele>
        <time>2026-08-14T15:13:59.784Z</time>
      </trkpt>
      <trkpt lat="47.708319" lon="11.402711">
        <ele>619.524559</ele>
        <time>2026-08-14T15:14:06.809Z</time>
      </trkpt>
      <trkpt lat="47.708264" lon="11.402800">
        <ele>619.578824</ele>
        <time>2026-08-14T15:14:08.517Z</time>
      </trkpt>
      <trkpt lat="47.708238" lon="11.402978">
        <ele>619.660623</ele>
        <time>2026-08-14T15:14:11.121Z</time>
      </trkpt>
      <trkpt lat="47.707797" lon="11.402801">
        <ele>619.965482</ele>
        <time>2026-08-14T15:14:20.183Z</time>
      </trkpt>
      <trkpt lat="47.707632" lon="11.402704">
        <ele>620.083902</ele>
        <time>2026-08-14T15:14:23.252Z</time>
      </trkpt>
      <trkpt lat="47.707297" lon="11.402509">
        <ele>620.080515</ele>
        <time>2026-08-14T15:14:29.065Z</time>
      </trkpt>
      <trkpt lat="47.707265" lon="11.402482">
        <ele>620.053189</ele>
        <time>2026-08-14T15:14:29.651Z</time>
      </trkpt>
      <trkpt lat="47.707206" lon="11.402453">
        <ele>620.007042</ele>
        <time>2026-08-14T15:14:30.640Z</time>
      </trkpt>
      <trkpt lat="47.706794" lon="11.402140">
        <ele>619.663431</ele>
        <time>2026-08-14T15:14:37.878Z</time>
      </trkpt>
      <trkpt lat="47.706533" lon="11.401929">
        <ele>619.442791</ele>
        <time>2026-08-14T15:14:42.415Z</time>
      </trkpt>
      <trkpt lat="47.706313" lon="11.401752">
        <ele>619.257013</ele>
        <time>2026-08-14T15:14:46.096Z</time>
      </trkpt>
      <trkpt lat="47.706396" lon="11.401525">
        <ele>619.127915</ele>
        <time>2026-08-14T15:14:48.594Z</time>
      </trkpt>
      <trkpt lat="47.706700" lon="11.400595">
        <ele>618.690825</ele>
        <time>2026-08-14T15:14:58.866Z</time>
      </trkpt>
      <trkpt lat="47.706759" lon="11.400355">
        <ele>618.601943</ele>
        <time>2026-08-14T15:15:01.458Z</time>
      </trkpt>
      <trkpt lat="47.706876" lon="11.399790">
        <ele>618.396310</ele>
        <time>2026-08-14T15:15:07.288Z</time>
      </trkpt>
      <trkpt lat="47.706981" lon="11.399263">
        <ele>618.205125</ele>
        <time>2026-08-14T15:15:13.042Z</time>
      </trkpt>
      <trkpt lat="47.707092" lon="11.399372">
        <ele>618.136350</ele>
        <time>2026-08-14T15:15:16.540Z</time>
      </trkpt>
      <trkpt lat="47.706981" lon="11.399263">
        <ele>618.067575</ele>
        <time>2026-08-14T15:15:20.140Z</time>
      </trkpt>
      <trkpt lat="47.706876" lon="11.399790">
        <ele>618.021071</ele>
        <time>2026-08-14T15:15:27.513Z</time>
      </trkpt>
      <trkpt lat="47.706759" lon="11.400355">
        <ele>618.259903</ele>
        <time>2026-08-14T15:15:36.381Z</time>
      </trkpt>
      <trkpt lat="47.706700" lon="11.400595">
        <ele>618.363135</ele>
        <time>2026-08-14T15:15:39.880Z</time>
      </trkpt>
      <trkpt lat="47.706396" lon="11.401525">
        <ele>618.780854</ele>
        <time>2026-08-14T15:15:53.280Z</time>
      </trkpt>
      <trkpt lat="47.706313" lon="11.401752">
        <ele>618.885230</ele>
        <time>2026-08-14T15:15:56.837Z</time>
      </trkpt>
      <trkpt lat="47.706114" lon="11.401577">
        <ele>619.024396</ele>
        <time>2026-08-14T15:16:01.589Z</time>
      </trkpt>
      <trkpt lat="47.706076" lon="11.401560">
        <ele>619.057621</ele>
        <time>2026-08-14T15:16:02.348Z</time>
      </trkpt>
      <trkpt lat="47.705893" lon="11.401478">
        <ele>619.217645</ele>
        <time>2026-08-14T15:16:05.993Z</time>
      </trkpt>
      <trkpt lat="47.705685" lon="11.401452">
        <ele>619.392400</ele>
        <time>2026-08-14T15:16:09.923Z</time>
      </trkpt>
      <trkpt lat="47.705459" lon="11.401463">
        <ele>619.581712</ele>
        <time>2026-08-14T15:16:14.154Z</time>
      </trkpt>
      <trkpt lat="47.705290" lon="11.401531">
        <ele>619.728296</ele>
        <time>2026-08-14T15:16:17.446Z</time>
      </trkpt>
      <trkpt lat="47.705107" lon="11.401644">
        <ele>619.894207</ele>
        <time>2026-08-14T15:16:21.171Z</time>
      </trkpt>
      <trkpt lat="47.705290" lon="11.401531">
        <ele>620.060118</ele>
        <time>2026-08-14T15:16:25.197Z</time>
      </trkpt>
      <trkpt lat="47.705107" lon="11.401644">
        <ele>620.226029</ele>
        <time>2026-08-14T15:16:29.656Z</time>
      </trkpt>
      <trkpt lat="47.705029" lon="11.401693">
        <ele>620.296927</ele>
        <time>2026-08-14T15:16:31.643Z</time>
      </trkpt>
      <trkpt lat="47.704887" lon="11.401819">
        <ele>620.435393</ele>
        <time>2026-08-14T15:16:35.609Z</time>
      </trkpt>
      <trkpt lat="47.704686" lon="11.402052">
        <ele>620.749898</ele>
        <time>2026-08-14T15:16:41.947Z</time>
      </trkpt>
      <trkpt lat="47.704231" lon="11.402679">
        <ele>621.707887</ele>
        <time>2026-08-14T15:16:57.760Z</time>
      </trkpt>
      <trkpt lat="47.703993" lon="11.402933">
        <ele>622.160258</ele>
        <time>2026-08-14T15:17:05.230Z</time>
      </trkpt>
      <trkpt lat="47.703753" lon="11.403139">
        <ele>622.588145</ele>
        <time>2026-08-14T15:17:12.051Z</time>
      </trkpt>
      <trkpt lat="47.703449" lon="11.403333">
        <ele>623.098914</ele>
        <time>2026-08-14T15:17:19.718Z</time>
      </trkpt>
      <trkpt lat="47.703181" lon="11.403461">
        <ele>623.389494</ele>
        <time>2026-08-14T15:17:25.895Z</time>
      </trkpt>
      <trkpt lat="47.702903" lon="11.403514">
        <ele>623.548499</ele>
        <time>2026-08-14T15:17:31.727Z</time>
      </trkpt>
      <trkpt lat="47.702714" lon="11.403500">
        <ele>623.655853</ele>
        <time>2026-08-14T15:17:35.513Z</time>
      </trkpt>
      <trkpt lat="47.702417" lon="11.403412">
        <ele>623.827660</ele>
        <time>2026-08-14T15:17:41.321Z</time>
      </trkpt>
      <trkpt lat="47.701824" lon="11.403349">
        <ele>624.164933</ele>
        <time>2026-08-14T15:17:52.143Z</time>
      </trkpt>
      <trkpt lat="47.701145" lon="11.403395">
        <ele>624.679233</ele>
        <time>2026-08-14T15:18:04.788Z</time>
      </trkpt>
      <trkpt lat="47.701036" lon="11.403412">
        <ele>624.777082</ele>
        <time>2026-08-14T15:18:06.932Z</time>
      </trkpt>
      <trkpt lat="47.700823" lon="11.403446">
        <ele>624.968340</ele>
        <time>2026-08-14T15:18:11.199Z</time>
      </trkpt>
      <trkpt lat="47.700548" lon="11.403597">
        <ele>625.230084</ele>
        <time>2026-08-14T15:18:17.250Z</time>
      </trkpt>
      <trkpt lat="47.700017" lon="11.404047">
        <ele>625.775841</ele>
        <time>2026-08-14T15:18:30.978Z</time>
      </trkpt>
      <trkpt lat="47.699486" lon="11.404256">
        <ele>626.717476</ele>
        <time>2026-08-14T15:18:43.978Z</time>
      </trkpt>
      <trkpt lat="47.699056" lon="11.404308">
        <ele>627.622612</ele>
        <time>2026-08-14T15:18:54.791Z</time>
      </trkpt>
      <trkpt lat="47.699044" lon="11.404903">
        <ele>628.463145</ele>
        <time>2026-08-14T15:19:06.771Z</time>
      </trkpt>
      <trkpt lat="47.698808" lon="11.404918">
        <ele>628.958732</ele>
        <time>2026-08-14T15:19:13.574Z</time>
      </trkpt>
      <trkpt lat="47.698811" lon="11.405042">
        <ele>629.133937</ele>
        <time>2026-08-14T15:19:15.999Z</time>
      </trkpt>
      <trkpt lat="47.698290" lon="11.405130">
        <ele>630.064330</ele>
        <time>2026-08-14T15:19:31.748Z</time>
      </trkpt>
      <trkpt lat="47.697783" lon="11.405299">
        <ele>630.804334</ele>
        <time>2026-08-14T15:19:47.169Z</time>
      </trkpt>
      <trkpt lat="47.697549" lon="11.405408">
        <ele>631.153584</ele>
        <time>2026-08-14T15:19:53.875Z</time>
      </trkpt>
      <trkpt lat="47.697435" lon="11.405439">
        <ele>631.318637</ele>
        <time>2026-08-14T15:19:56.729Z</time>
      </trkpt>
      <trkpt lat="47.697354" lon="11.405451">
        <ele>631.434567</ele>
        <time>2026-08-14T15:19:58.656Z</time>
      </trkpt>
      <trkpt lat="47.697229" lon="11.405482">
        <ele>631.615052</ele>
        <time>2026-08-14T15:20:01.384Z</time>
      </trkpt>
      <trkpt lat="47.696953" lon="11.405564">
        <ele>632.015905</ele>
        <time>2026-08-14T15:20:07.112Z</time>
      </trkpt>
      <trkpt lat="47.696914" lon="11.405575">
        <ele>632.072440</ele>
        <time>2026-08-14T15:20:07.787Z</time>
      </trkpt>
      <trkpt lat="47.696769" lon="11.405553">
        <ele>632.248242</ele>
        <time>2026-08-14T15:20:10.102Z</time>
      </trkpt>
      <trkpt lat="47.695288" lon="11.405633">
        <ele>629.122859</ele>
        <time>2026-08-14T15:20:29.690Z</time>
      </trkpt>
      <trkpt lat="47.694987" lon="11.405646">
        <ele>628.487804</ele>
        <time>2026-08-14T15:20:35.229Z</time>
      </trkpt>
      <trkpt lat="47.694846" lon="11.405655">
        <ele>628.138865</ele>
        <time>2026-08-14T15:20:37.070Z</time>
      </trkpt>
      <trkpt lat="47.694460" lon="11.405679">
        <ele>627.176829</ele>
        <time>2026-08-14T15:20:42.103Z</time>
      </trkpt>
      <trkpt lat="47.694102" lon="11.405692">
        <ele>626.285092</ele>
        <time>2026-08-14T15:20:46.802Z</time>
      </trkpt>
      <trkpt lat="47.694101" lon="11.405630">
        <ele>626.181145</ele>
        <time>2026-08-14T15:20:47.355Z</time>
      </trkpt>
      <trkpt lat="47.693783" lon="11.404460">
        <ele>624.066276</ele>
        <time>2026-08-14T15:20:58.483Z</time>
      </trkpt>
      <trkpt lat="47.693516" lon="11.403530">
        <ele>622.654876</ele>
        <time>2026-08-14T15:21:07.526Z</time>
      </trkpt>
      <trkpt lat="47.693352" lon="11.402949">
        <ele>621.783126</ele>
        <time>2026-08-14T15:21:13.351Z</time>
      </trkpt>
      <trkpt lat="47.693196" lon="11.402335">
        <ele>620.875032</ele>
        <time>2026-08-14T15:21:19.492Z</time>
      </trkpt>
      <trkpt lat="47.693157" lon="11.402199">
        <ele>620.670483</ele>
        <time>2026-08-14T15:21:20.860Z</time>
      </trkpt>
      <trkpt lat="47.693031" lon="11.401762">
        <ele>620.037365</ele>
        <time>2026-08-14T15:21:25.223Z</time>
      </trkpt>
      <trkpt lat="47.692894" lon="11.401348">
        <ele>619.454343</ele>
        <time>2026-08-14T15:21:29.381Z</time>
      </trkpt>
      <trkpt lat="47.692670" lon="11.400544">
        <ele>618.354649</ele>
        <time>2026-08-14T15:21:37.198Z</time>
      </trkpt>
      <trkpt lat="47.692533" lon="11.400210">
        <ele>617.860340</ele>
        <time>2026-08-14T15:21:40.745Z</time>
      </trkpt>
      <trkpt lat="47.692217" lon="11.400375">
        <ele>617.231452</ele>
        <time>2026-08-14T15:21:45.295Z</time>
      </trkpt>
      <trkpt lat="47.692157" lon="11.400353">
        <ele>617.115418</ele>
        <time>2026-08-14T15:21:46.159Z</time>
      </trkpt>
      <trkpt lat="47.690588" lon="11.401394">
        <ele>615.453922</ele>
        <time>2026-08-14T15:22:12.339Z</time>
      </trkpt>
      <trkpt lat="47.690100" lon="11.401636">
        <ele>614.971064</ele>
        <time>2026-08-14T15:22:20.275Z</time>
      </trkpt>
      <trkpt lat="47.690028" lon="11.401689">
        <ele>614.894297</ele>
        <time>2026-08-14T15:22:21.503Z</time>
      </trkpt>
      <trkpt lat="47.689967" lon="11.401818">
        <ele>614.792916</ele>
        <time>2026-08-14T15:22:23.112Z</time>
      </trkpt>
      <trkpt lat="47.689428" lon="11.401810">
        <ele>614.277953</ele>
        <time>2026-08-14T15:22:31.196Z</time>
      </trkpt>
      <trkpt lat="47.688770" lon="11.401880">
        <ele>613.647720</ele>
        <time>2026-08-14T15:22:40.891Z</time>
      </trkpt>
      <trkpt lat="47.688216" lon="11.401791">
        <ele>613.150003</ele>
        <time>2026-08-14T15:22:49.036Z</time>
      </trkpt>
      <trkpt lat="47.687664" lon="11.401611">
        <ele>612.651369</ele>
        <time>2026-08-14T15:22:57.443Z</time>
      </trkpt>
      <trkpt lat="47.687203" lon="11.401411">
        <ele>612.227629</ele>
        <time>2026-08-14T15:23:04.678Z</time>
      </trkpt>
      <trkpt lat="47.686348" lon="11.400822">
        <ele>612.364104</ele>
        <time>2026-08-14T15:23:19.859Z</time>
      </trkpt>
      <trkpt lat="47.685937" lon="11.400369">
        <ele>612.659308</ele>
        <time>2026-08-14T15:23:29.982Z</time>
      </trkpt>
      <trkpt lat="47.685868" lon="11.400300">
        <ele>612.707287</ele>
        <time>2026-08-14T15:23:31.750Z</time>
      </trkpt>
      <trkpt lat="47.685720" lon="11.400154">
        <ele>612.809766</ele>
        <time>2026-08-14T15:23:35.589Z</time>
      </trkpt>
      <trkpt lat="47.685496" lon="11.399836">
        <ele>612.988491</ele>
        <time>2026-08-14T15:23:42.514Z</time>
      </trkpt>
      <trkpt lat="47.685396" lon="11.399658">
        <ele>613.374443</ele>
        <time>2026-08-14T15:23:46.441Z</time>
      </trkpt>
      <trkpt lat="47.685290" lon="11.399295">
        <ele>614.290980</ele>
        <time>2026-08-14T15:23:54.071Z</time>
      </trkpt>
      <trkpt lat="47.684770" lon="11.399573">
        <ele>616.192562</ele>
        <time>2026-08-14T15:24:11.926Z</time>
      </trkpt>
      <trkpt lat="47.684678" lon="11.399643">
        <ele>616.548230</ele>
        <time>2026-08-14T15:24:15.382Z</time>
      </trkpt>
      <trkpt lat="47.684227" lon="11.399985">
        <ele>618.290561</ele>
        <time>2026-08-14T15:24:34.581Z</time>
      </trkpt>
      <trkpt lat="47.683746" lon="11.400414">
        <ele>620.209293</ele>
        <time>2026-08-14T15:24:55.030Z</time>
      </trkpt>
      <trkpt lat="47.683693" lon="11.400371">
        <ele>620.414681</ele>
        <time>2026-08-14T15:24:57.536Z</time>
      </trkpt>
      <trkpt lat="47.683384" lon="11.400715">
        <ele>621.727989</ele>
        <time>2026-08-14T15:25:11.014Z</time>
      </trkpt>
      <trkpt lat="47.683158" lon="11.401021">
        <ele>622.768022</ele>
        <time>2026-08-14T15:25:20.639Z</time>
      </trkpt>
      <trkpt lat="47.683032" lon="11.401119">
        <ele>623.251740</ele>
        <time>2026-08-14T15:25:25.020Z</time>
      </trkpt>
      <trkpt lat="47.682843" lon="11.401109">
        <ele>623.894936</ele>
        <time>2026-08-14T15:25:30.680Z</time>
      </trkpt>
      <trkpt lat="47.681533" lon="11.400866">
        <ele>627.919799</ele>
        <time>2026-08-14T15:26:07.969Z</time>
      </trkpt>
      <trkpt lat="47.679917" lon="11.400493">
        <ele>632.205361</ele>
        <time>2026-08-14T15:27:00.036Z</time>
      </trkpt>
      <trkpt lat="47.679832" lon="11.400435">
        <ele>632.420388</ele>
        <time>2026-08-14T15:27:02.867Z</time>
      </trkpt>
      <trkpt lat="47.679655" lon="11.400388">
        <ele>632.833717</ele>
        <time>2026-08-14T15:27:08.235Z</time>
      </trkpt>
      <trkpt lat="47.679477" lon="11.400326">
        <ele>633.253996</ele>
        <time>2026-08-14T15:27:13.365Z</time>
      </trkpt>
      <trkpt lat="47.679406" lon="11.400293">
        <ele>633.425011</ele>
        <time>2026-08-14T15:27:15.344Z</time>
      </trkpt>
      <trkpt lat="47.678996" lon="11.400053">
        <ele>634.438054</ele>
        <time>2026-08-14T15:27:25.743Z</time>
      </trkpt>
      <trkpt lat="47.678796" lon="11.399935">
        <ele>634.449192</ele>
        <time>2026-08-14T15:27:30.075Z</time>
      </trkpt>
      <trkpt lat="47.678836" lon="11.399563">
        <ele>634.045492</ele>
        <time>2026-08-14T15:27:34.343Z</time>
      </trkpt>
      <trkpt lat="47.678850" lon="11.398808">
        <ele>633.236101</ele>
        <time>2026-08-14T15:27:41.774Z</time>
      </trkpt>
      <trkpt lat="47.678854" lon="11.398539">
        <ele>632.947761</ele>
        <time>2026-08-14T15:27:44.198Z</time>
      </trkpt>
      <trkpt lat="47.678858" lon="11.397799">
        <ele>632.154726</ele>
        <time>2026-08-14T15:27:50.553Z</time>
      </trkpt>
      <trkpt lat="47.678910" lon="11.397223">
        <ele>631.242277</ele>
        <time>2026-08-14T15:27:55.455Z</time>
      </trkpt>
      <trkpt lat="47.678962" lon="11.396950">
        <ele>630.589142</ele>
        <time>2026-08-14T15:27:57.840Z</time>
      </trkpt>
      <trkpt lat="47.679036" lon="11.396529">
        <ele>629.587483</ele>
        <time>2026-08-14T15:28:01.488Z</time>
      </trkpt>
      <trkpt lat="47.679271" lon="11.395059">
        <ele>626.109351</ele>
        <time>2026-08-14T15:28:14.076Z</time>
      </trkpt>
      <trkpt lat="47.679403" lon="11.394003">
        <ele>623.746717</ele>
        <time>2026-08-14T15:28:23.052Z</time>
      </trkpt>
      <trkpt lat="47.679477" lon="11.393049">
        <ele>621.657643</ele>
        <time>2026-08-14T15:28:31.123Z</time>
      </trkpt>
      <trkpt lat="47.679462" lon="11.392426">
        <ele>620.301493</ele>
        <time>2026-08-14T15:28:36.465Z</time>
      </trkpt>
      <trkpt lat="47.679382" lon="11.391509">
        <ele>618.769982</ele>
        <time>2026-08-14T15:28:44.566Z</time>
      </trkpt>
      <trkpt lat="47.679243" lon="11.390842">
        <ele>617.726735</ele>
        <time>2026-08-14T15:28:50.805Z</time>
      </trkpt>
      <trkpt lat="47.679034" lon="11.390211">
        <ele>616.676011</ele>
        <time>2026-08-14T15:28:57.158Z</time>
      </trkpt>
      <trkpt lat="47.678783" lon="11.389627">
        <ele>615.820392</ele>
        <time>2026-08-14T15:29:03.545Z</time>
      </trkpt>
      <trkpt lat="47.678552" lon="11.389245">
        <ele>615.776893</ele>
        <time>2026-08-14T15:29:08.491Z</time>
      </trkpt>
      <trkpt lat="47.678162" lon="11.388811">
        <ele>615.715575</ele>
        <time>2026-08-14T15:29:16.327Z</time>
      </trkpt>
      <trkpt lat="47.677678" lon="11.388478">
        <ele>615.648458</ele>
        <time>2026-08-14T15:29:26.860Z</time>
      </trkpt>
      <trkpt lat="47.677433" lon="11.388398">
        <ele>615.616895</ele>
        <time>2026-08-14T15:29:32.501Z</time>
      </trkpt>
      <trkpt lat="47.676942" lon="11.388350">
        <ele>615.647227</ele>
        <time>2026-08-14T15:29:43.781Z</time>
      </trkpt>
      <trkpt lat="47.676679" lon="11.388246">
        <ele>615.676300</ele>
        <time>2026-08-14T15:29:49.937Z</time>
      </trkpt>
      <trkpt lat="47.676342" lon="11.388206">
        <ele>615.712415</ele>
        <time>2026-08-14T15:29:57.086Z</time>
      </trkpt>
      <trkpt lat="47.676297" lon="11.388199">
        <ele>615.717248</ele>
        <time>2026-08-14T15:29:57.945Z</time>
      </trkpt>
      <trkpt lat="47.675952" lon="11.388139">
        <ele>615.754354</ele>
        <time>2026-08-14T15:30:03.845Z</time>
      </trkpt>
      <trkpt lat="47.675769" lon="11.388140">
        <ele>615.773902</ele>
        <time>2026-08-14T15:30:06.573Z</time>
      </trkpt>
      <trkpt lat="47.675621" lon="11.388141">
        <ele>615.789712</ele>
        <time>2026-08-14T15:30:08.646Z</time>
      </trkpt>
      <trkpt lat="47.675325" lon="11.388137">
        <ele>615.151188</ele>
        <time>2026-08-14T15:30:12.633Z</time>
      </trkpt>
      <trkpt lat="47.675204" lon="11.388013">
        <ele>614.734257</ele>
        <time>2026-08-14T15:30:14.544Z</time>
      </trkpt>
      <trkpt lat="47.675265" lon="11.387590">
        <ele>613.908172</ele>
        <time>2026-08-14T15:30:18.249Z</time>
      </trkpt>
      <trkpt lat="47.675311" lon="11.386928">
        <ele>612.637294</ele>
        <time>2026-08-14T15:30:23.796Z</time>
      </trkpt>
      <trkpt lat="47.675312" lon="11.386715">
        <ele>612.230537</ele>
        <time>2026-08-14T15:30:25.566Z</time>
      </trkpt>
      <trkpt lat="47.675312" lon="11.385480">
        <ele>610.204647</ele>
        <time>2026-08-14T15:30:36.022Z</time>
      </trkpt>
      <trkpt lat="47.675116" lon="11.385492">
        <ele>609.872850</ele>
        <time>2026-08-14T15:30:38.673Z</time>
      </trkpt>
      <trkpt lat="47.674904" lon="11.385692">
        <ele>609.448043</ele>
        <time>2026-08-14T15:30:42.123Z</time>
      </trkpt>
      <trkpt lat="47.674698" lon="11.385740">
        <ele>609.095351</ele>
        <time>2026-08-14T15:30:45.072Z</time>
      </trkpt>
      <trkpt lat="47.672759" lon="11.385830">
        <ele>606.707090</ele>
        <time>2026-08-14T15:31:14.223Z</time>
      </trkpt>
      <trkpt lat="47.671016" lon="11.385844">
        <ele>605.424383</ele>
        <time>2026-08-14T15:31:40.632Z</time>
      </trkpt>
      <trkpt lat="47.670488" lon="11.385846">
        <ele>605.084735</ele>
        <time>2026-08-14T15:31:49.181Z</time>
      </trkpt>
      <trkpt lat="47.670120" lon="11.385801">
        <ele>604.845887</ele>
        <time>2026-08-14T15:31:55.215Z</time>
      </trkpt>
      <trkpt lat="47.669575" lon="11.385689">
        <ele>604.486390</ele>
        <time>2026-08-14T15:32:04.144Z</time>
      </trkpt>
      <trkpt lat="47.669298" lon="11.385566">
        <ele>604.297480</ele>
        <time>2026-08-14T15:32:08.651Z</time>
      </trkpt>
      <trkpt lat="47.668818" lon="11.385320">
        <ele>603.965695</ele>
        <time>2026-08-14T15:32:16.368Z</time>
      </trkpt>
      <trkpt lat="47.668670" lon="11.385209">
        <ele>603.857358</ele>
        <time>2026-08-14T15:32:18.822Z</time>
      </trkpt>
      <trkpt lat="47.668506" lon="11.385090">
        <ele>603.737255</ele>
        <time>2026-08-14T15:32:21.514Z</time>
      </trkpt>
      <trkpt lat="47.668152" lon="11.384783">
        <ele>603.456871</ele>
        <time>2026-08-14T15:32:27.561Z</time>
      </trkpt>
      <trkpt lat="47.667758" lon="11.384367">
        <ele>603.126220</ele>
        <time>2026-08-14T15:32:34.747Z</time>
      </trkpt>
      <trkpt lat="47.666921" lon="11.383398">
        <ele>602.551634</ele>
        <time>2026-08-14T15:32:51.811Z</time>
      </trkpt>
      <trkpt lat="47.666652" lon="11.383095">
        <ele>602.599177</ele>
        <time>2026-08-14T15:32:57.573Z</time>
      </trkpt>
      <trkpt lat="47.666499" lon="11.382846">
        <ele>602.631141</ele>
        <time>2026-08-14T15:33:01.529Z</time>
      </trkpt>
      <trkpt lat="47.666306" lon="11.382694">
        <ele>602.661903</ele>
        <time>2026-08-14T15:33:05.433Z</time>
      </trkpt>
      <trkpt lat="47.665352" lon="11.381633">
        <ele>602.843209</ele>
        <time>2026-08-14T15:33:27.823Z</time>
      </trkpt>
      <trkpt lat="47.664889" lon="11.381076">
        <ele>602.949427</ele>
        <time>2026-08-14T15:33:38.841Z</time>
      </trkpt>
      <trkpt lat="47.663293" lon="11.379220">
        <ele>603.030103</ele>
        <time>2026-08-14T15:34:13.716Z</time>
      </trkpt>
      <trkpt lat="47.662982" lon="11.378808">
        <ele>603.005617</ele>
        <time>2026-08-14T15:34:20.600Z</time>
      </trkpt>
      <trkpt lat="47.662594" lon="11.378147">
        <ele>603.130372</ele>
        <time>2026-08-14T15:34:30.379Z</time>
      </trkpt>
      <trkpt lat="47.662237" lon="11.377362">
        <ele>603.351733</ele>
        <time>2026-08-14T15:34:41.460Z</time>
      </trkpt>
      <trkpt lat="47.662023" lon="11.376633">
        <ele>603.537580</ele>
        <time>2026-08-14T15:34:52.029Z</time>
      </trkpt>
      <trkpt lat="47.661885" lon="11.376060">
        <ele>603.755031</ele>
        <time>2026-08-14T15:35:01.055Z</time>
      </trkpt>
      <trkpt lat="47.661826" lon="11.375494">
        <ele>604.052182</ele>
        <time>2026-08-14T15:35:09.801Z</time>
      </trkpt>
      <trkpt lat="47.661675" lon="11.374664">
        <ele>604.498241</ele>
        <time>2026-08-14T15:35:22.385Z</time>
      </trkpt>
      <trkpt lat="47.661674" lon="11.374633">
        <ele>604.514343</ele>
        <time>2026-08-14T15:35:22.808Z</time>
      </trkpt>
      <trkpt lat="47.661673" lon="11.374558">
        <ele>604.553263</ele>
        <time>2026-08-14T15:35:23.861Z</time>
      </trkpt>
      <trkpt lat="47.661668" lon="11.374370">
        <ele>604.650878</ele>
        <time>2026-08-14T15:35:26.445Z</time>
      </trkpt>
      <trkpt lat="47.661659" lon="11.374192">
        <ele>604.743489</ele>
        <time>2026-08-14T15:35:28.844Z</time>
      </trkpt>
      <trkpt lat="47.661531" lon="11.372249">
        <ele>605.134589</ele>
        <time>2026-08-14T15:35:52.200Z</time>
      </trkpt>
      <trkpt lat="47.661475" lon="11.371433">
        <ele>605.208598</ele>
        <time>2026-08-14T15:36:02.557Z</time>
      </trkpt>
      <trkpt lat="47.661382" lon="11.370612">
        <ele>605.395507</ele>
        <time>2026-08-14T15:36:13.287Z</time>
      </trkpt>
      <trkpt lat="47.661351" lon="11.369941">
        <ele>605.629850</ele>
        <time>2026-08-14T15:36:22.502Z</time>
      </trkpt>
      <trkpt lat="47.661401" lon="11.369167">
        <ele>605.900770</ele>
        <time>2026-08-14T15:36:33.389Z</time>
      </trkpt>
      <trkpt lat="47.661127" lon="11.369055">
        <ele>606.047791</ele>
        <time>2026-08-14T15:36:39.092Z</time>
      </trkpt>
      <trkpt lat="47.660561" lon="11.368911">
        <ele>606.782073</ele>
        <time>2026-08-14T15:36:51.739Z</time>
      </trkpt>
      <trkpt lat="47.660415" lon="11.368919">
        <ele>607.052348</ele>
        <time>2026-08-14T15:36:55.259Z</time>
      </trkpt>
      <trkpt lat="47.660211" lon="11.368996">
        <ele>607.441740</ele>
        <time>2026-08-14T15:37:00.576Z</time>
      </trkpt>
      <trkpt lat="47.659913" lon="11.369188">
        <ele>608.042691</ele>
        <time>2026-08-14T15:37:08.807Z</time>
      </trkpt>
      <trkpt lat="47.659901" lon="11.369195">
        <ele>608.066542</ele>
        <time>2026-08-14T15:37:09.135Z</time>
      </trkpt>
      <trkpt lat="47.659818" lon="11.369262">
        <ele>608.241314</ele>
        <time>2026-08-14T15:37:11.544Z</time>
      </trkpt>
      <trkpt lat="47.659515" lon="11.368880">
        <ele>608.976666</ele>
        <time>2026-08-14T15:37:22.525Z</time>
      </trkpt>
      <trkpt lat="47.659393" lon="11.368683">
        <ele>609.310115</ele>
        <time>2026-08-14T15:37:27.734Z</time>
      </trkpt>
      <trkpt lat="47.659366" lon="11.368675">
        <ele>609.361049</ele>
        <time>2026-08-14T15:37:28.546Z</time>
      </trkpt>
      <trkpt lat="47.658922" lon="11.368567">
        <ele>610.456206</ele>
        <time>2026-08-14T15:37:42.026Z</time>
      </trkpt>
      <trkpt lat="47.658743" lon="11.368483">
        <ele>610.935618</ele>
        <time>2026-08-14T15:37:47.428Z</time>
      </trkpt>
      <trkpt lat="47.658580" lon="11.368196">
        <ele>611.581351</ele>
        <time>2026-08-14T15:37:54.496Z</time>
      </trkpt>
      <trkpt lat="47.658494" lon="11.368240">
        <ele>611.813648</ele>
        <time>2026-08-14T15:37:57.014Z</time>
      </trkpt>
      <trkpt lat="47.658168" lon="11.368409">
        <ele>612.695461</ele>
        <time>2026-08-14T15:38:07.090Z</time>
      </trkpt>
      <trkpt lat="47.658084" lon="11.368420">
        <ele>612.910808</ele>
        <time>2026-08-14T15:38:09.548Z</time>
      </trkpt>
      <trkpt lat="47.657909" lon="11.368373">
        <ele>613.364967</ele>
        <time>2026-08-14T15:38:14.862Z</time>
      </trkpt>
      <trkpt lat="47.657733" lon="11.368245">
        <ele>613.865457</ele>
        <time>2026-08-14T15:38:20.836Z</time>
      </trkpt>
      <trkpt lat="47.657653" lon="11.368141">
        <ele>614.135467</ele>
        <time>2026-08-14T15:38:23.965Z</time>
      </trkpt>
      <trkpt lat="47.657566" lon="11.367983">
        <ele>614.473377</ele>
        <time>2026-08-14T15:38:28.135Z</time>
      </trkpt>
      <trkpt lat="47.657078" lon="11.366773">
        <ele>616.808597</ele>
        <time>2026-08-14T15:38:55.787Z</time>
      </trkpt>
      <trkpt lat="47.656786" lon="11.366165">
        <ele>618.045037</ele>
        <time>2026-08-14T15:39:10.876Z</time>
      </trkpt>
      <trkpt lat="47.656402" lon="11.365282">
        <ele>619.295297</ele>
        <time>2026-08-14T15:39:30.122Z</time>
      </trkpt>
      <trkpt lat="47.656276" lon="11.364935">
        <ele>619.695756</ele>
        <time>2026-08-14T15:39:36.680Z</time>
      </trkpt>
      <trkpt lat="47.656196" lon="11.364629">
        <ele>620.029202</ele>
        <time>2026-08-14T15:39:42.021Z</time>
      </trkpt>
      <trkpt lat="47.656174" lon="11.364545">
        <ele>620.120758</ele>
        <time>2026-08-14T15:39:43.476Z</time>
      </trkpt>
      <trkpt lat="47.656039" lon="11.363860">
        <ele>620.845796</ele>
        <time>2026-08-14T15:39:54.600Z</time>
      </trkpt>
      <trkpt lat="47.655943" lon="11.363698">
        <ele>621.064988</ele>
        <time>2026-08-14T15:39:57.670Z</time>
      </trkpt>
      <trkpt lat="47.655915" lon="11.363650">
        <ele>621.129493</ele>
        <time>2026-08-14T15:39:58.550Z</time>
      </trkpt>
      <trkpt lat="47.655793" lon="11.363511">
        <ele>621.330186</ele>
        <time>2026-08-14T15:40:01.793Z</time>
      </trkpt>
      <trkpt lat="47.655131" lon="11.363193">
        <ele>622.130128</ele>
        <time>2026-08-14T15:40:17.300Z</time>
      </trkpt>
      <trkpt lat="47.654919" lon="11.363115">
        <ele>622.381235</ele>
        <time>2026-08-14T15:40:22.256Z</time>
      </trkpt>
      <trkpt lat="47.654686" lon="11.363030">
        <ele>622.657081</ele>
        <time>2026-08-14T15:40:27.775Z</time>
      </trkpt>
      <trkpt lat="47.654356" lon="11.362920">
        <ele>623.045923</ele>
        <time>2026-08-14T15:40:35.559Z</time>
      </trkpt>
      <trkpt lat="47.654281" lon="11.362894">
        <ele>623.134469</ele>
        <time>2026-08-14T15:40:37.345Z</time>
      </trkpt>
      <trkpt lat="47.654135" lon="11.362848">
        <ele>623.303267</ele>
        <time>2026-08-14T15:40:40.932Z</time>
      </trkpt>
      <trkpt lat="47.653747" lon="11.362714">
        <ele>623.605041</ele>
        <time>2026-08-14T15:40:51.134Z</time>
      </trkpt>
      <trkpt lat="47.653610" lon="11.362668">
        <ele>623.711446</ele>
        <time>2026-08-14T15:40:55.015Z</time>
      </trkpt>
      <trkpt lat="47.653396" lon="11.362602">
        <ele>623.877021</ele>
        <time>2026-08-14T15:41:00.304Z</time>
      </trkpt>
      <trkpt lat="47.652829" lon="11.362407">
        <ele>624.317923</ele>
        <time>2026-08-14T15:41:12.397Z</time>
      </trkpt>
      <trkpt lat="47.652588" lon="11.362331">
        <ele>624.504564</ele>
        <time>2026-08-14T15:41:16.970Z</time>
      </trkpt>
      <trkpt lat="47.652829" lon="11.362407">
        <ele>624.619698</ele>
        <time>2026-08-14T15:41:21.274Z</time>
      </trkpt>
      <trkpt lat="47.653396" lon="11.362602">
        <ele>624.036706</ele>
        <time>2026-08-14T15:41:30.810Z</time>
      </trkpt>
      <trkpt lat="47.653610" lon="11.362668">
        <ele>623.817770</ele>
        <time>2026-08-14T15:41:34.094Z</time>
      </trkpt>
      <trkpt lat="47.653747" lon="11.362714">
        <ele>623.677074</ele>
        <time>2026-08-14T15:41:36.098Z</time>
      </trkpt>
      <trkpt lat="47.654135" lon="11.362848">
        <ele>623.278046</ele>
        <time>2026-08-14T15:41:41.940Z</time>
      </trkpt>
      <trkpt lat="47.654281" lon="11.362894">
        <ele>623.128544</ele>
        <time>2026-08-14T15:41:44.206Z</time>
      </trkpt>
      <trkpt lat="47.654356" lon="11.362920">
        <ele>623.051397</ele>
        <time>2026-08-14T15:41:45.375Z</time>
      </trkpt>
      <trkpt lat="47.654686" lon="11.363030">
        <ele>622.850388</ele>
        <time>2026-08-14T15:41:50.725Z</time>
      </trkpt>
      <trkpt lat="47.654919" lon="11.363115">
        <ele>622.836627</ele>
        <time>2026-08-14T15:41:54.591Z</time>
      </trkpt>
      <trkpt lat="47.655131" lon="11.363193">
        <ele>622.824100</ele>
        <time>2026-08-14T15:41:58.211Z</time>
      </trkpt>
      <trkpt lat="47.655462" lon="11.363352">
        <ele>622.804147</ele>
        <time>2026-08-14T15:42:04.249Z</time>
      </trkpt>
      <trkpt lat="47.655131" lon="11.363193">
        <ele>622.784194</ele>
        <time>2026-08-14T15:42:10.795Z</time>
      </trkpt>
      <trkpt lat="47.654919" lon="11.363115">
        <ele>622.771667</ele>
        <time>2026-08-14T15:42:15.264Z</time>
      </trkpt>
      <trkpt lat="47.654686" lon="11.363030">
        <ele>622.757906</ele>
        <time>2026-08-14T15:42:20.367Z</time>
      </trkpt>
      <trkpt lat="47.654356" lon="11.362920">
        <ele>623.173780</ele>
        <time>2026-08-14T15:42:27.889Z</time>
      </trkpt>
      <trkpt lat="47.654281" lon="11.362894">
        <ele>623.281876</ele>
        <time>2026-08-14T15:42:29.676Z</time>
      </trkpt>
      <trkpt lat="47.654135" lon="11.362848">
        <ele>623.491354</ele>
        <time>2026-08-14T15:42:33.263Z</time>
      </trkpt>
      <trkpt lat="47.653747" lon="11.362714">
        <ele>624.050462</ele>
        <time>2026-08-14T15:42:43.464Z</time>
      </trkpt>
      <trkpt lat="47.653610" lon="11.362668">
        <ele>624.247601</ele>
        <time>2026-08-14T15:42:47.429Z</time>
      </trkpt>
      <trkpt lat="47.653396" lon="11.362602">
        <ele>624.554368</ele>
        <time>2026-08-14T15:42:53.344Z</time>
      </trkpt>
      <trkpt lat="47.652829" lon="11.362407">
        <ele>625.144780</ele>
        <time>2026-08-14T15:43:08.472Z</time>
      </trkpt>
      <trkpt lat="47.652588" lon="11.362331">
        <ele>624.632012</ele>
        <time>2026-08-14T15:43:14.271Z</time>
      </trkpt>
      <trkpt lat="47.652596" lon="11.362282">
        <ele>624.561327</ele>
        <time>2026-08-14T15:43:14.985Z</time>
      </trkpt>
      <trkpt lat="47.651775" lon="11.361958">
        <ele>622.793292</ele>
        <time>2026-08-14T15:44:14.044Z</time>
      </trkpt>
      <trkpt lat="47.650957" lon="11.361462">
        <ele>619.393519</ele>
        <time>2026-08-14T15:45:15.544Z</time>
      </trkpt>
      <trkpt lat="47.650872" lon="11.361432">
        <ele>618.724332</ele>
        <time>2026-08-14T15:45:21.635Z</time>
      </trkpt>
      <trkpt lat="47.650728" lon="11.361439">
        <ele>617.620804</ele>
        <time>2026-08-14T15:45:31.656Z</time>
      </trkpt>
      <trkpt lat="47.650576" lon="11.361501">
        <ele>616.413442</ele>
        <time>2026-08-14T15:45:42.657Z</time>
      </trkpt>
      <trkpt lat="47.650462" lon="11.361546">
        <ele>615.509941</ele>
        <time>2026-08-14T15:45:50.893Z</time>
      </trkpt>
      <trkpt lat="47.650318" lon="11.361714">
        <ele>614.107136</ele>
        <time>2026-08-14T15:46:03.642Z</time>
      </trkpt>
      <trkpt lat="47.650155" lon="11.361910">
        <ele>612.500464</ele>
        <time>2026-08-14T15:46:05.850Z</time>
      </trkpt>
      <trkpt lat="47.649974" lon="11.362218">
        <ele>610.391565</ele>
        <time>2026-08-14T15:46:08.767Z</time>
      </trkpt>
      <trkpt lat="47.649856" lon="11.362307">
        <ele>609.377797</ele>
        <time>2026-08-14T15:46:10.186Z</time>
      </trkpt>
      <trkpt lat="47.649721" lon="11.362339">
        <ele>608.330694</ele>
        <time>2026-08-14T15:46:11.659Z</time>
      </trkpt>
      <trkpt lat="47.649545" lon="11.362313">
        <ele>607.632432</ele>
        <time>2026-08-14T15:46:13.616Z</time>
      </trkpt>
      <trkpt lat="47.649200" lon="11.362116">
        <ele>607.170750</ele>
        <time>2026-08-14T15:46:17.997Z</time>
      </trkpt>
      <trkpt lat="47.649132" lon="11.362119">
        <ele>607.085782</ele>
        <time>2026-08-14T15:46:18.930Z</time>
      </trkpt>
      <trkpt lat="47.649000" lon="11.362211">
        <ele>606.903647</ele>
        <time>2026-08-14T15:46:20.929Z</time>
      </trkpt>
      <trkpt lat="47.648589" lon="11.362714">
        <ele>606.238341</ele>
        <time>2026-08-14T15:46:29.254Z</time>
      </trkpt>
      <trkpt lat="47.648646" lon="11.362790">
        <ele>606.142646</ele>
        <time>2026-08-14T15:46:30.913Z</time>
      </trkpt>
      <trkpt lat="47.648034" lon="11.363948">
        <ele>606.077122</ele>
        <time>2026-08-14T15:47:02.429Z</time>
      </trkpt>
      <trkpt lat="47.647849" lon="11.364100">
        <ele>606.321141</ele>
        <time>2026-08-14T15:47:08.361Z</time>
      </trkpt>
      <trkpt lat="47.647625" lon="11.364184">
        <ele>606.587767</ele>
        <time>2026-08-14T15:47:13.997Z</time>
      </trkpt>
      <trkpt lat="47.647469" lon="11.364190">
        <ele>606.767857</ele>
        <time>2026-08-14T15:47:17.488Z</time>
      </trkpt>
      <trkpt lat="47.647320" lon="11.364161">
        <ele>606.941280</ele>
        <time>2026-08-14T15:47:20.599Z</time>
      </trkpt>
      <trkpt lat="47.647175" lon="11.364085">
        <ele>607.118741</ele>
        <time>2026-08-14T15:47:23.478Z</time>
      </trkpt>
      <trkpt lat="47.647053" lon="11.363971">
        <ele>607.285108</ele>
        <time>2026-08-14T15:47:25.891Z</time>
      </trkpt>
      <trkpt lat="47.646850" lon="11.363618">
        <ele>607.531103</ele>
        <time>2026-08-14T15:47:30.554Z</time>
      </trkpt>
      <trkpt lat="47.646803" lon="11.363554">
        <ele>607.454819</ele>
        <time>2026-08-14T15:47:31.428Z</time>
      </trkpt>
      <trkpt lat="47.646741" lon="11.363471">
        <ele>607.354961</ele>
        <time>2026-08-14T15:47:32.559Z</time>
      </trkpt>
      <trkpt lat="47.646388" lon="11.363260">
        <ele>606.899815</ele>
        <time>2026-08-14T15:47:37.605Z</time>
      </trkpt>
      <trkpt lat="47.646154" lon="11.363101">
        <ele>606.592012</ele>
        <time>2026-08-14T15:47:41.048Z</time>
      </trkpt>
      <trkpt lat="47.646064" lon="11.363040">
        <ele>606.473678</ele>
        <time>2026-08-14T15:47:42.429Z</time>
      </trkpt>
      <trkpt lat="47.646016" lon="11.363013">
        <ele>606.412285</ele>
        <time>2026-08-14T15:47:43.131Z</time>
      </trkpt>
      <trkpt lat="47.645837" lon="11.362884">
        <ele>606.174295</ele>
        <time>2026-08-14T15:47:45.847Z</time>
      </trkpt>
      <trkpt lat="47.645789" lon="11.362841">
        <ele>606.107240</ele>
        <time>2026-08-14T15:47:46.637Z</time>
      </trkpt>
      <trkpt lat="47.645704" lon="11.362765">
        <ele>605.988557</ele>
        <time>2026-08-14T15:47:48.010Z</time>
      </trkpt>
      <trkpt lat="47.645352" lon="11.362447">
        <ele>605.495706</ele>
        <time>2026-08-14T15:47:54.656Z</time>
      </trkpt>
      <trkpt lat="47.644888" lon="11.361848">
        <ele>605.579838</ele>
        <time>2026-08-14T15:48:07.812Z</time>
      </trkpt>
      <trkpt lat="47.644865" lon="11.361819">
        <ele>605.587371</ele>
        <time>2026-08-14T15:48:08.291Z</time>
      </trkpt>
      <trkpt lat="47.644799" lon="11.361713">
        <ele>605.611644</ele>
        <time>2026-08-14T15:48:10.408Z</time>
      </trkpt>
      <trkpt lat="47.644457" lon="11.361213">
        <ele>605.731472</ele>
        <time>2026-08-14T15:48:19.142Z</time>
      </trkpt>
      <trkpt lat="47.644123" lon="11.360706">
        <ele>605.850724</ele>
        <time>2026-08-14T15:48:28.433Z</time>
      </trkpt>
      <trkpt lat="47.643883" lon="11.360443">
        <ele>605.856797</ele>
        <time>2026-08-14T15:48:34.155Z</time>
      </trkpt>
      <trkpt lat="47.643532" lon="11.360187">
        <ele>605.778263</ele>
        <time>2026-08-14T15:48:39.786Z</time>
      </trkpt>
      <trkpt lat="47.643325" lon="11.360059">
        <ele>605.733232</ele>
        <time>2026-08-14T15:48:42.990Z</time>
      </trkpt>
      <trkpt lat="47.643144" lon="11.359939">
        <ele>605.693424</ele>
        <time>2026-08-14T15:48:46.171Z</time>
      </trkpt>
      <trkpt lat="47.643014" lon="11.359849">
        <ele>605.664619</ele>
        <time>2026-08-14T15:48:48.632Z</time>
      </trkpt>
      <trkpt lat="47.642756" lon="11.359682">
        <ele>605.608097</ele>
        <time>2026-08-14T15:48:53.695Z</time>
      </trkpt>
      <trkpt lat="47.642165" lon="11.359279">
        <ele>605.856183</ele>
        <time>2026-08-14T15:49:05.551Z</time>
      </trkpt>
      <trkpt lat="47.641933" lon="11.359092">
        <ele>606.216172</ele>
        <time>2026-08-14T15:49:10.560Z</time>
      </trkpt>
      <trkpt lat="47.641599" lon="11.358756">
        <ele>606.766362</ele>
        <time>2026-08-14T15:49:18.823Z</time>
      </trkpt>
      <trkpt lat="47.641420" lon="11.358494">
        <ele>607.109165</ele>
        <time>2026-08-14T15:49:23.639Z</time>
      </trkpt>
      <trkpt lat="47.640775" lon="11.357273">
        <ele>611.378089</ele>
        <time>2026-08-14T15:49:53.110Z</time>
      </trkpt>
      <trkpt lat="47.640751" lon="11.357244">
        <ele>611.636131</ele>
        <time>2026-08-14T15:49:54.520Z</time>
      </trkpt>
      <trkpt lat="47.640577" lon="11.357029">
        <ele>613.523903</ele>
        <time>2026-08-14T15:50:05.172Z</time>
      </trkpt>
      <trkpt lat="47.640393" lon="11.356858">
        <ele>615.334027</ele>
        <time>2026-08-14T15:50:17.141Z</time>
      </trkpt>
      <trkpt lat="47.639868" lon="11.356454">
        <ele>620.264830</ele>
        <time>2026-08-14T15:50:58.830Z</time>
      </trkpt>
      <trkpt lat="47.639668" lon="11.356210">
        <ele>622.423502</ele>
        <time>2026-08-14T15:51:19.339Z</time>
      </trkpt>
      <trkpt lat="47.639556" lon="11.355980">
        <ele>623.384773</ele>
        <time>2026-08-14T15:51:33.807Z</time>
      </trkpt>
      <trkpt lat="47.639465" lon="11.355792">
        <ele>623.895398</ele>
        <time>2026-08-14T15:51:44.672Z</time>
      </trkpt>
      <trkpt lat="47.639371" lon="11.355461">
        <ele>624.687751</ele>
        <time>2026-08-14T15:51:59.135Z</time>
      </trkpt>
      <trkpt lat="47.639315" lon="11.355110">
        <ele>625.483429</ele>
        <time>2026-08-14T15:52:10.654Z</time>
      </trkpt>
      <trkpt lat="47.639283" lon="11.354883">
        <ele>625.995009</ele>
        <time>2026-08-14T15:52:17.685Z</time>
      </trkpt>
      <trkpt lat="47.639195" lon="11.353868">
        <ele>628.252456</ele>
        <time>2026-08-14T15:52:28.306Z</time>
      </trkpt>
      <trkpt lat="47.639102" lon="11.353392">
        <ele>628.459057</ele>
        <time>2026-08-14T15:52:32.062Z</time>
      </trkpt>
      <trkpt lat="47.638953" lon="11.352936">
        <ele>627.519242</ele>
        <time>2026-08-14T15:52:35.776Z</time>
      </trkpt>
      <trkpt lat="47.638741" lon="11.352533">
        <ele>626.571106</ele>
        <time>2026-08-14T15:52:39.587Z</time>
      </trkpt>
      <trkpt lat="47.638525" lon="11.352191">
        <ele>625.701826</ele>
        <time>2026-08-14T15:52:43.305Z</time>
      </trkpt>
      <trkpt lat="47.638385" lon="11.352008">
        <ele>625.188372</ele>
        <time>2026-08-14T15:52:45.784Z</time>
      </trkpt>
      <trkpt lat="47.638026" lon="11.351705">
        <ele>624.051721</ele>
        <time>2026-08-14T15:52:53.793Z</time>
      </trkpt>
      <trkpt lat="47.637917" lon="11.351647">
        <ele>624.610648</ele>
        <time>2026-08-14T15:52:57.646Z</time>
      </trkpt>
      <trkpt lat="47.637835" lon="11.351625">
        <ele>625.495056</ele>
        <time>2026-08-14T15:53:00.903Z</time>
      </trkpt>
      <trkpt lat="47.637819" lon="11.351623">
        <ele>625.665472</ele>
        <time>2026-08-14T15:53:01.571Z</time>
      </trkpt>
      <trkpt lat="47.637659" lon="11.351624">
        <ele>627.363636</ele>
        <time>2026-08-14T15:53:08.933Z</time>
      </trkpt>
      <trkpt lat="47.637382" lon="11.351712">
        <ele>630.370160</ele>
        <time>2026-08-14T15:53:25.220Z</time>
      </trkpt>
      <trkpt lat="47.637286" lon="11.351596">
        <ele>631.684062</ele>
        <time>2026-08-14T15:53:34.800Z</time>
      </trkpt>
      <trkpt lat="47.637228" lon="11.351721">
        <ele>632.769453</ele>
        <time>2026-08-14T15:53:42.292Z</time>
      </trkpt>
      <trkpt lat="47.637207" lon="11.351832">
        <ele>633.593973</ele>
        <time>2026-08-14T15:53:48.290Z</time>
      </trkpt>
      <trkpt lat="47.636672" lon="11.352448">
        <ele>640.780712</ele>
        <time>2026-08-14T15:54:45.397Z</time>
      </trkpt>
      <trkpt lat="47.636418" lon="11.352818">
        <ele>643.931188</ele>
        <time>2026-08-14T15:55:15.770Z</time>
      </trkpt>
      <trkpt lat="47.636248" lon="11.353212">
        <ele>645.927704</ele>
        <time>2026-08-14T15:55:41.504Z</time>
      </trkpt>
      <trkpt lat="47.636198" lon="11.353507">
        <ele>647.225808</ele>
        <time>2026-08-14T15:55:53.532Z</time>
      </trkpt>
      <trkpt lat="47.636181" lon="11.354131">
        <ele>649.890857</ele>
        <time>2026-08-14T15:56:09.547Z</time>
      </trkpt>
      <trkpt lat="47.636200" lon="11.354490">
        <ele>651.427581</ele>
        <time>2026-08-14T15:56:14.830Z</time>
      </trkpt>
      <trkpt lat="47.636287" lon="11.354695">
        <ele>652.461450</ele>
        <time>2026-08-14T15:56:17.443Z</time>
      </trkpt>
      <trkpt lat="47.636365" lon="11.354751">
        <ele>653.010196</ele>
        <time>2026-08-14T15:56:18.747Z</time>
      </trkpt>
      <trkpt lat="47.636462" lon="11.354768">
        <ele>653.628769</ele>
        <time>2026-08-14T15:56:20.340Z</time>
      </trkpt>
      <trkpt lat="47.636557" lon="11.354724">
        <ele>654.259027</ele>
        <time>2026-08-14T15:56:22.116Z</time>
      </trkpt>
      <trkpt lat="47.636835" lon="11.354472">
        <ele>655.547599</ele>
        <time>2026-08-14T15:56:29.348Z</time>
      </trkpt>
      <trkpt lat="47.636960" lon="11.354469">
        <ele>656.021246</ele>
        <time>2026-08-14T15:56:32.827Z</time>
      </trkpt>
      <trkpt lat="47.637073" lon="11.354553">
        <ele>656.500071</ele>
        <time>2026-08-14T15:56:36.515Z</time>
      </trkpt>
      <trkpt lat="47.637131" lon="11.354655">
        <ele>656.840796</ele>
        <time>2026-08-14T15:56:38.949Z</time>
      </trkpt>
      <trkpt lat="47.637158" lon="11.354813">
        <ele>657.256924</ele>
        <time>2026-08-14T15:56:41.742Z</time>
      </trkpt>
      <trkpt lat="47.637131" lon="11.355036">
        <ele>657.835339</ele>
        <time>2026-08-14T15:56:46.370Z</time>
      </trkpt>
      <trkpt lat="47.637083" lon="11.355134">
        <ele>658.144635</ele>
        <time>2026-08-14T15:56:49.666Z</time>
      </trkpt>
      <trkpt lat="47.636970" lon="11.355228">
        <ele>658.635425</ele>
        <time>2026-08-14T15:56:55.329Z</time>
      </trkpt>
      <trkpt lat="47.636643" lon="11.355218">
        <ele>659.874587</ele>
        <time>2026-08-14T15:57:11.235Z</time>
      </trkpt>
      <trkpt lat="47.636485" lon="11.355281">
        <ele>660.494429</ele>
        <time>2026-08-14T15:57:19.157Z</time>
      </trkpt>
      <trkpt lat="47.636438" lon="11.355335">
        <ele>660.719624</ele>
        <time>2026-08-14T15:57:21.919Z</time>
      </trkpt>
      <trkpt lat="47.636383" lon="11.355475">
        <ele>661.133344</ele>
        <time>2026-08-14T15:57:26.956Z</time>
      </trkpt>
      <trkpt lat="47.636363" lon="11.355623">
        <ele>661.647478</ele>
        <time>2026-08-14T15:57:31.427Z</time>
      </trkpt>
      <trkpt lat="47.636376" lon="11.355752">
        <ele>662.118872</ele>
        <time>2026-08-14T15:57:35.126Z</time>
      </trkpt>
      <trkpt lat="47.636478" lon="11.355913">
        <ele>662.917520</ele>
        <time>2026-08-14T15:57:41.046Z</time>
      </trkpt>
      <trkpt lat="47.636814" lon="11.356094">
        <ele>664.834664</ele>
        <time>2026-08-14T15:57:52.358Z</time>
      </trkpt>
      <trkpt lat="47.637126" lon="11.356411">
        <ele>666.862632</ele>
        <time>2026-08-14T15:58:01.433Z</time>
      </trkpt>
      <trkpt lat="47.637297" lon="11.356480">
        <ele>667.813066</ele>
        <time>2026-08-14T15:58:06.219Z</time>
      </trkpt>
      <trkpt lat="47.637506" lon="11.356516">
        <ele>668.941537</ele>
        <time>2026-08-14T15:58:13.098Z</time>
      </trkpt>
      <trkpt lat="47.637536" lon="11.356521">
        <ele>669.103450</ele>
        <time>2026-08-14T15:58:14.147Z</time>
      </trkpt>
      <trkpt lat="47.637627" lon="11.356618">
        <ele>669.704363</ele>
        <time>2026-08-14T15:58:18.488Z</time>
      </trkpt>
      <trkpt lat="47.637664" lon="11.356716">
        <ele>670.110336</ele>
        <time>2026-08-14T15:58:21.640Z</time>
      </trkpt>
      <trkpt lat="47.637681" lon="11.356820">
        <ele>670.497086</ele>
        <time>2026-08-14T15:58:25.040Z</time>
      </trkpt>
      <trkpt lat="47.637662" lon="11.356988">
        <ele>671.416415</ele>
        <time>2026-08-14T15:58:32.607Z</time>
      </trkpt>
      <trkpt lat="47.637585" lon="11.357145">
        <ele>672.947328</ele>
        <time>2026-08-14T15:58:43.056Z</time>
      </trkpt>
      <trkpt lat="47.637506" lon="11.357229">
        <ele>674.084396</ele>
        <time>2026-08-14T15:58:51.510Z</time>
      </trkpt>
      <trkpt lat="47.637063" lon="11.357543">
        <ele>679.828415</ele>
        <time>2026-08-14T15:59:39.014Z</time>
      </trkpt>
      <trkpt lat="47.636910" lon="11.357585">
        <ele>681.648915</ele>
        <time>2026-08-14T15:59:54.081Z</time>
      </trkpt>
      <trkpt lat="47.636847" lon="11.357572">
        <ele>682.393119</ele>
        <time>2026-08-14T15:59:59.920Z</time>
      </trkpt>
      <trkpt lat="47.636697" lon="11.357493">
        <ele>684.255391</ele>
        <time>2026-08-14T16:00:14.204Z</time>
      </trkpt>
      <trkpt lat="47.636575" lon="11.357351">
        <ele>686.069467</ele>
        <time>2026-08-14T16:00:26.813Z</time>
      </trkpt>
      <trkpt lat="47.636397" lon="11.357019">
        <ele>689.414402</ele>
        <time>2026-08-14T16:00:46.301Z</time>
      </trkpt>
      <trkpt lat="47.636238" lon="11.356606">
        <ele>691.745378</ele>
        <time>2026-08-14T16:01:02.003Z</time>
      </trkpt>
      <trkpt lat="47.635819" lon="11.355201">
        <ele>690.262116</ele>
        <time>2026-08-14T16:01:16.522Z</time>
      </trkpt>
      <trkpt lat="47.635790" lon="11.354803">
        <ele>689.875652</ele>
        <time>2026-08-14T16:01:19.546Z</time>
      </trkpt>
      <trkpt lat="47.635757" lon="11.354650">
        <ele>689.720565</ele>
        <time>2026-08-14T16:01:20.752Z</time>
      </trkpt>
      <trkpt lat="47.635620" lon="11.354365">
        <ele>689.382595</ele>
        <time>2026-08-14T16:01:23.441Z</time>
      </trkpt>
      <trkpt lat="47.635536" lon="11.354134">
        <ele>688.907666</ele>
        <time>2026-08-14T16:01:25.457Z</time>
      </trkpt>
      <trkpt lat="47.635500" lon="11.353938">
        <ele>688.487767</ele>
        <time>2026-08-14T16:01:27.040Z</time>
      </trkpt>
      <trkpt lat="47.635486" lon="11.353547">
        <ele>687.678454</ele>
        <time>2026-08-14T16:01:30.121Z</time>
      </trkpt>
      <trkpt lat="47.635629" lon="11.352814">
        <ele>686.101173</ele>
        <time>2026-08-14T16:01:36.311Z</time>
      </trkpt>
      <trkpt lat="47.635655" lon="11.352037">
        <ele>684.493189</ele>
        <time>2026-08-14T16:01:42.939Z</time>
      </trkpt>
      <trkpt lat="47.635604" lon="11.351802">
        <ele>683.982890</ele>
        <time>2026-08-14T16:01:45.420Z</time>
      </trkpt>
      <trkpt lat="47.635485" lon="11.351687">
        <ele>684.432811</ele>
        <time>2026-08-14T16:01:47.990Z</time>
      </trkpt>
      <trkpt lat="47.634670" lon="11.351551">
        <ele>690.520937</ele>
        <time>2026-08-14T16:02:19.752Z</time>
      </trkpt>
      <trkpt lat="47.634474" lon="11.351616">
        <ele>692.011794</ele>
        <time>2026-08-14T16:02:32.255Z</time>
      </trkpt>
      <trkpt lat="47.634401" lon="11.351678">
        <ele>692.636169</ele>
        <time>2026-08-14T16:02:37.969Z</time>
      </trkpt>
      <trkpt lat="47.634302" lon="11.351761">
        <ele>693.480249</ele>
        <time>2026-08-14T16:02:46.138Z</time>
      </trkpt>
      <trkpt lat="47.634202" lon="11.351921">
        <ele>694.571871</ele>
        <time>2026-08-14T16:02:57.163Z</time>
      </trkpt>
      <trkpt lat="47.634022" lon="11.352306">
        <ele>696.915894</ele>
        <time>2026-08-14T16:03:20.264Z</time>
      </trkpt>
      <trkpt lat="47.633927" lon="11.352638">
        <ele>699.353150</ele>
        <time>2026-08-14T16:03:38.673Z</time>
      </trkpt>
      <trkpt lat="47.633943" lon="11.352883">
        <ele>701.083389</ele>
        <time>2026-08-14T16:03:52.000Z</time>
      </trkpt>
      <trkpt lat="47.634126" lon="11.353300">
        <ele>704.581377</ele>
        <time>2026-08-14T16:04:18.570Z</time>
      </trkpt>
      <trkpt lat="47.634095" lon="11.353505">
        <ele>706.058210</ele>
        <time>2026-08-14T16:04:29.299Z</time>
      </trkpt>
      <trkpt lat="47.633865" lon="11.353530">
        <ele>708.463831</ele>
        <time>2026-08-14T16:04:46.110Z</time>
      </trkpt>
      <trkpt lat="47.633742" lon="11.353762">
        <ele>710.538849</ele>
        <time>2026-08-14T16:04:59.505Z</time>
      </trkpt>
      <trkpt lat="47.633689" lon="11.353778">
        <ele>711.103030</ele>
        <time>2026-08-14T16:05:03.147Z</time>
      </trkpt>
      <trkpt lat="47.633526" lon="11.353652">
        <ele>713.020181</ele>
        <time>2026-08-14T16:05:13.087Z</time>
      </trkpt>
      <trkpt lat="47.633068" lon="11.352790">
        <ele>717.628140</ele>
        <time>2026-08-14T16:05:39.531Z</time>
      </trkpt>
      <trkpt lat="47.632815" lon="11.352085">
        <ele>719.619197</ele>
        <time>2026-08-14T16:05:52.142Z</time>
      </trkpt>
      <trkpt lat="47.632633" lon="11.351858">
        <ele>720.498657</ele>
        <time>2026-08-14T16:05:57.638Z</time>
      </trkpt>
      <trkpt lat="47.632409" lon="11.351706">
        <ele>721.409784</ele>
        <time>2026-08-14T16:06:04.415Z</time>
      </trkpt>
      <trkpt lat="47.632294" lon="11.351675">
        <ele>721.842145</ele>
        <time>2026-08-14T16:06:08.126Z</time>
      </trkpt>
      <trkpt lat="47.632106" lon="11.351724">
        <ele>722.548227</ele>
        <time>2026-08-14T16:06:15.443Z</time>
      </trkpt>
      <trkpt lat="47.631661" lon="11.352155">
        <ele>725.518469</ele>
        <time>2026-08-14T16:06:43.149Z</time>
      </trkpt>
      <trkpt lat="47.631268" lon="11.352344">
        <ele>727.837849</ele>
        <time>2026-08-14T16:07:06.853Z</time>
      </trkpt>
      <trkpt lat="47.631175" lon="11.352474">
        <ele>728.555156</ele>
        <time>2026-08-14T16:07:13.274Z</time>
      </trkpt>
      <trkpt lat="47.631130" lon="11.352631">
        <ele>729.200652</ele>
        <time>2026-08-14T16:07:18.532Z</time>
      </trkpt>
      <trkpt lat="47.631134" lon="11.352805">
        <ele>729.859356</ele>
        <time>2026-08-14T16:07:23.351Z</time>
      </trkpt>
      <trkpt lat="47.631164" lon="11.352936">
        <ele>730.382824</ele>
        <time>2026-08-14T16:07:26.854Z</time>
      </trkpt>
      <trkpt lat="47.631279" lon="11.353086">
        <ele>731.242431</ele>
        <time>2026-08-14T16:07:31.920Z</time>
      </trkpt>
      <trkpt lat="47.631386" lon="11.353138">
        <ele>731.874552</ele>
        <time>2026-08-14T16:07:35.309Z</time>
      </trkpt>
      <trkpt lat="47.631530" lon="11.353106">
        <ele>732.687446</ele>
        <time>2026-08-14T16:07:39.279Z</time>
      </trkpt>
      <trkpt lat="47.631607" lon="11.353041">
        <ele>733.072934</ele>
        <time>2026-08-14T16:07:41.506Z</time>
      </trkpt>
      <trkpt lat="47.631925" lon="11.352509">
        <ele>735.158269</ele>
        <time>2026-08-14T16:07:52.048Z</time>
      </trkpt>
      <trkpt lat="47.632015" lon="11.352414">
        <ele>735.638878</ele>
        <time>2026-08-14T16:07:54.499Z</time>
      </trkpt>
      <trkpt lat="47.632142" lon="11.352353">
        <ele>736.219747</ele>
        <time>2026-08-14T16:07:57.828Z</time>
      </trkpt>
      <trkpt lat="47.632268" lon="11.352353">
        <ele>736.768035</ele>
        <time>2026-08-14T16:08:01.510Z</time>
      </trkpt>
      <trkpt lat="47.632423" lon="11.352429">
        <ele>737.478383</ele>
        <time>2026-08-14T16:08:07.137Z</time>
      </trkpt>
      <trkpt lat="47.632554" lon="11.352586">
        <ele>738.211124</ele>
        <time>2026-08-14T16:08:13.505Z</time>
      </trkpt>
      <trkpt lat="47.632731" lon="11.352882">
        <ele>739.371570</ele>
        <time>2026-08-14T16:08:25.628Z</time>
      </trkpt>
      <trkpt lat="47.632883" lon="11.353274">
        <ele>740.860039</ele>
        <time>2026-08-14T16:08:42.807Z</time>
      </trkpt>
      <trkpt lat="47.632984" lon="11.353711">
        <ele>743.317736</ele>
        <time>2026-08-14T16:09:03.586Z</time>
      </trkpt>
      <trkpt lat="47.633198" lon="11.355513">
        <ele>753.051767</ele>
        <time>2026-08-14T16:10:10.563Z</time>
      </trkpt>
      <trkpt lat="47.633208" lon="11.355929">
        <ele>755.018259</ele>
        <time>2026-08-14T16:10:22.481Z</time>
      </trkpt>
      <trkpt lat="47.633172" lon="11.356098">
        <ele>755.549981</ele>
        <time>2026-08-14T16:10:27.565Z</time>
      </trkpt>
      <trkpt lat="47.633097" lon="11.356274">
        <ele>756.174688</ele>
        <time>2026-08-14T16:10:33.660Z</time>
      </trkpt>
      <trkpt lat="47.632987" lon="11.356379">
        <ele>756.756950</ele>
        <time>2026-08-14T16:10:39.331Z</time>
      </trkpt>
      <trkpt lat="47.632886" lon="11.356407">
        <ele>757.214362</ele>
        <time>2026-08-14T16:10:43.866Z</time>
      </trkpt>
      <trkpt lat="47.632792" lon="11.356385">
        <ele>757.638006</ele>
        <time>2026-08-14T16:10:47.700Z</time>
      </trkpt>
      <trkpt lat="47.632686" lon="11.356274">
        <ele>758.215561</ele>
        <time>2026-08-14T16:10:52.778Z</time>
      </trkpt>
      <trkpt lat="47.632632" lon="11.356147">
        <ele>758.666063</ele>
        <time>2026-08-14T16:10:56.648Z</time>
      </trkpt>
      <trkpt lat="47.632617" lon="11.355998">
        <ele>759.118023</ele>
        <time>2026-08-14T16:11:00.119Z</time>
      </trkpt>
      <trkpt lat="47.632643" lon="11.355847">
        <ele>759.585577</ele>
        <time>2026-08-14T16:11:03.704Z</time>
      </trkpt>
      <trkpt lat="47.632844" lon="11.355404">
        <ele>761.187739</ele>
        <time>2026-08-14T16:11:16.239Z</time>
      </trkpt>
      <trkpt lat="47.632870" lon="11.355131">
        <ele>762.014873</ele>
        <time>2026-08-14T16:11:22.225Z</time>
      </trkpt>
      <trkpt lat="47.632837" lon="11.354905">
        <ele>762.707861</ele>
        <time>2026-08-14T16:11:26.611Z</time>
      </trkpt>
      <trkpt lat="47.632680" lon="11.354368">
        <ele>764.117504</ele>
        <time>2026-08-14T16:11:35.799Z</time>
      </trkpt>
      <trkpt lat="47.632578" lon="11.353876">
        <ele>765.357123</ele>
        <time>2026-08-14T16:11:44.257Z</time>
      </trkpt>
      <trkpt lat="47.632503" lon="11.353721">
        <ele>765.816645</ele>
        <time>2026-08-14T16:11:47.712Z</time>
      </trkpt>
      <trkpt lat="47.632429" lon="11.353651">
        <ele>766.130249</ele>
        <time>2026-08-14T16:11:50.235Z</time>
      </trkpt>
      <trkpt lat="47.632297" lon="11.353604">
        <ele>766.615349</ele>
        <time>2026-08-14T16:11:54.224Z</time>
      </trkpt>
      <trkpt lat="47.632203" lon="11.353621">
        <ele>766.953750</ele>
        <time>2026-08-14T16:11:57.121Z</time>
      </trkpt>
      <trkpt lat="47.631814" lon="11.353860">
        <ele>768.458309</ele>
        <time>2026-08-14T16:12:12.643Z</time>
      </trkpt>
      <trkpt lat="47.631525" lon="11.353963">
        <ele>770.037421</ele>
        <time>2026-08-14T16:12:25.784Z</time>
      </trkpt>
      <trkpt lat="47.631334" lon="11.353961">
        <ele>771.629407</ele>
        <time>2026-08-14T16:12:35.369Z</time>
      </trkpt>
      <trkpt lat="47.630734" lon="11.353833">
        <ele>776.681701</ele>
        <time>2026-08-14T16:13:13.606Z</time>
      </trkpt>
      <trkpt lat="47.630542" lon="11.353821">
        <ele>778.283401</ele>
        <time>2026-08-14T16:13:25.648Z</time>
      </trkpt>
      <trkpt lat="47.630361" lon="11.353915">
        <ele>779.881725</ele>
        <time>2026-08-14T16:13:36.752Z</time>
      </trkpt>
      <trkpt lat="47.630165" lon="11.354165">
        <ele>782.035925</ele>
        <time>2026-08-14T16:13:50.666Z</time>
      </trkpt>
      <trkpt lat="47.629966" lon="11.354402">
        <ele>784.159521</ele>
        <time>2026-08-14T16:14:03.748Z</time>
      </trkpt>
      <trkpt lat="47.629801" lon="11.354504">
        <ele>785.527785</ele>
        <time>2026-08-14T16:14:12.598Z</time>
      </trkpt>
      <trkpt lat="47.629570" lon="11.354530">
        <ele>787.301123</ele>
        <time>2026-08-14T16:14:24.379Z</time>
      </trkpt>
      <trkpt lat="47.629034" lon="11.354427">
        <ele>791.438357</ele>
        <time>2026-08-14T16:14:54.133Z</time>
      </trkpt>
      <trkpt lat="47.628812" lon="11.354473">
        <ele>793.154211</ele>
        <time>2026-08-14T16:15:04.726Z</time>
      </trkpt>
      <trkpt lat="47.628712" lon="11.354560">
        <ele>794.041564</ele>
        <time>2026-08-14T16:15:09.842Z</time>
      </trkpt>
      <trkpt lat="47.628279" lon="11.355237">
        <ele>798.990965</ele>
        <time>2026-08-14T16:15:41.087Z</time>
      </trkpt>
      <trkpt lat="47.628098" lon="11.355378">
        <ele>800.773931</ele>
        <time>2026-08-14T16:15:52.361Z</time>
      </trkpt>
      <trkpt lat="47.628011" lon="11.355391">
        <ele>801.536559</ele>
        <time>2026-08-14T16:15:57.185Z</time>
      </trkpt>
      <trkpt lat="47.627825" lon="11.355356">
        <ele>803.171794</ele>
        <time>2026-08-14T16:16:07.814Z</time>
      </trkpt>
      <trkpt lat="47.627711" lon="11.355266">
        <ele>804.298047</ele>
        <time>2026-08-14T16:16:15.150Z</time>
      </trkpt>
      <trkpt lat="47.627590" lon="11.355091">
        <ele>805.771760</ele>
        <time>2026-08-14T16:16:24.750Z</time>
      </trkpt>
      <trkpt lat="47.627463" lon="11.354908">
        <ele>807.315774</ele>
        <time>2026-08-14T16:16:34.862Z</time>
      </trkpt>
      <trkpt lat="47.626950" lon="11.354103">
        <ele>813.783000</ele>
        <time>2026-08-14T16:17:19.934Z</time>
      </trkpt>
      <trkpt lat="47.626626" lon="11.353598">
        <ele>817.140102</ele>
        <time>2026-08-14T16:17:48.031Z</time>
      </trkpt>
      <trkpt lat="47.626498" lon="11.353483">
        <ele>818.209132</ele>
        <time>2026-08-14T16:17:55.501Z</time>
      </trkpt>
      <trkpt lat="47.626386" lon="11.353446">
        <ele>819.028873</ele>
        <time>2026-08-14T16:18:01.041Z</time>
      </trkpt>
      <trkpt lat="47.626254" lon="11.353464">
        <ele>819.975879</ele>
        <time>2026-08-14T16:18:07.186Z</time>
      </trkpt>
      <trkpt lat="47.626151" lon="11.353545">
        <ele>820.808695</ele>
        <time>2026-08-14T16:18:12.332Z</time>
      </trkpt>
      <trkpt lat="47.626057" lon="11.353703">
        <ele>821.823455</ele>
        <time>2026-08-14T16:18:18.353Z</time>
      </trkpt>
      <trkpt lat="47.626039" lon="11.353775">
        <ele>822.193213</ele>
        <time>2026-08-14T16:18:20.436Z</time>
      </trkpt>
      <trkpt lat="47.626042" lon="11.354139">
        <ele>823.945981</ele>
        <time>2026-08-14T16:18:30.121Z</time>
      </trkpt>
      <trkpt lat="47.626141" lon="11.354509">
        <ele>825.862768</ele>
        <time>2026-08-14T16:18:41.562Z</time>
      </trkpt>
      <trkpt lat="47.626504" lon="11.355390">
        <ele>830.623201</ele>
        <time>2026-08-14T16:19:14.419Z</time>
      </trkpt>
      <trkpt lat="47.626555" lon="11.355618">
        <ele>831.724369</ele>
        <time>2026-08-14T16:19:22.225Z</time>
      </trkpt>
      <trkpt lat="47.626554" lon="11.355745">
        <ele>832.306553</ele>
        <time>2026-08-14T16:19:26.563Z</time>
      </trkpt>
      <trkpt lat="47.626502" lon="11.355951">
        <ele>833.314878</ele>
        <time>2026-08-14T16:19:34.177Z</time>
      </trkpt>
      <trkpt lat="47.626447" lon="11.356044">
        <ele>833.882027</ele>
        <time>2026-08-14T16:19:38.606Z</time>
      </trkpt>
      <trkpt lat="47.626302" lon="11.356151">
        <ele>834.983450</ele>
        <time>2026-08-14T16:19:46.917Z</time>
      </trkpt>
      <trkpt lat="47.626155" lon="11.356130">
        <ele>835.987866</ele>
        <time>2026-08-14T16:19:54.275Z</time>
      </trkpt>
      <trkpt lat="47.626072" lon="11.356073">
        <ele>836.609909</ele>
        <time>2026-08-14T16:19:58.710Z</time>
      </trkpt>
      <trkpt lat="47.625962" lon="11.355903">
        <ele>837.690169</ele>
        <time>2026-08-14T16:20:06.185Z</time>
      </trkpt>
      <trkpt lat="47.625785" lon="11.355450">
        <ele>840.061179</ele>
        <time>2026-08-14T16:20:23.068Z</time>
      </trkpt>
      <trkpt lat="47.625464" lon="11.354353">
        <ele>845.431089</ele>
        <time>2026-08-14T16:20:59.256Z</time>
      </trkpt>
      <trkpt lat="47.625386" lon="11.354046">
        <ele>846.904265</ele>
        <time>2026-08-14T16:21:08.746Z</time>
      </trkpt>
      <trkpt lat="47.625236" lon="11.353542">
        <ele>849.378139</ele>
        <time>2026-08-14T16:21:26.288Z</time>
      </trkpt>
      <trkpt lat="47.625088" lon="11.353237">
        <ele>850.990467</ele>
        <time>2026-08-14T16:21:39.269Z</time>
      </trkpt>
      <trkpt lat="47.624946" lon="11.353054">
        <ele>852.019422</ele>
        <time>2026-08-14T16:21:49.561Z</time>
      </trkpt>
      <trkpt lat="47.624717" lon="11.352855">
        <ele>853.471261</ele>
        <time>2026-08-14T16:22:04.342Z</time>
      </trkpt>
      <trkpt lat="47.624532" lon="11.352623">
        <ele>854.796415</ele>
        <time>2026-08-14T16:22:16.672Z</time>
      </trkpt>
      <trkpt lat="47.623494" lon="11.350817">
        <ele>862.936739</ele>
        <time>2026-08-14T16:23:11.512Z</time>
      </trkpt>
      <trkpt lat="47.623269" lon="11.350535">
        <ele>864.226518</ele>
        <time>2026-08-14T16:23:22.513Z</time>
      </trkpt>
      <trkpt lat="47.622786" lon="11.350056">
        <ele>866.770582</ele>
        <time>2026-08-14T16:23:47.055Z</time>
      </trkpt>
      <trkpt lat="47.622258" lon="11.349618">
        <ele>867.618090</ele>
        <time>2026-08-14T16:24:10.509Z</time>
      </trkpt>
      <trkpt lat="47.622079" lon="11.349492">
        <ele>867.008822</ele>
        <time>2026-08-14T16:24:15.587Z</time>
      </trkpt>
      <trkpt lat="47.621838" lon="11.349323">
        <ele>866.189092</ele>
        <time>2026-08-14T16:24:19.933Z</time>
      </trkpt>
      <trkpt lat="47.621573" lon="11.349201">
        <ele>865.335839</ele>
        <time>2026-08-14T16:24:23.582Z</time>
      </trkpt>
      <trkpt lat="47.621507" lon="11.349091">
        <ele>865.030588</ele>
        <time>2026-08-14T16:24:24.934Z</time>
      </trkpt>
      <trkpt lat="47.621338" lon="11.349011">
        <ele>864.485071</ele>
        <time>2026-08-14T16:24:27.300Z</time>
      </trkpt>
      <trkpt lat="47.621234" lon="11.348962">
        <ele>864.149513</ele>
        <time>2026-08-14T16:24:28.730Z</time>
      </trkpt>
      <trkpt lat="47.620923" lon="11.349144">
        <ele>863.121421</ele>
        <time>2026-08-14T16:24:51.986Z</time>
      </trkpt>
      <trkpt lat="47.620928" lon="11.349162">
        <ele>863.081067</ele>
        <time>2026-08-14T16:24:52.209Z</time>
      </trkpt>
      <trkpt lat="47.620805" lon="11.349247">
        <ele>862.124524</ele>
        <time>2026-08-14T16:24:54.550Z</time>
      </trkpt>
      <trkpt lat="47.620731" lon="11.349298">
        <ele>861.060129</ele>
        <time>2026-08-14T16:24:55.964Z</time>
      </trkpt>
      <trkpt lat="47.620638" lon="11.349323">
        <ele>859.827198</ele>
        <time>2026-08-14T16:24:57.546Z</time>
      </trkpt>
      <trkpt lat="47.620559" lon="11.349283">
        <ele>858.738286</ele>
        <time>2026-08-14T16:24:58.996Z</time>
      </trkpt>
      <trkpt lat="47.620509" lon="11.349204">
        <ele>857.785431</ele>
        <time>2026-08-14T16:25:00.208Z</time>
      </trkpt>
      <trkpt lat="47.620426" lon="11.348916">
        <ele>855.031355</ele>
        <time>2026-08-14T16:25:03.749Z</time>
      </trkpt>
      <trkpt lat="47.620362" lon="11.348859">
        <ele>854.057596</ele>
        <time>2026-08-14T16:25:04.621Z</time>
      </trkpt>
      <trkpt lat="47.620280" lon="11.348687">
        <ele>852.205177</ele>
        <time>2026-08-14T16:25:06.052Z</time>
      </trkpt>
      <trkpt lat="47.620212" lon="11.348631">
        <ele>851.190623</ele>
        <time>2026-08-14T16:25:06.840Z</time>
      </trkpt>
      <trkpt lat="47.620111" lon="11.348612">
        <ele>849.862537</ele>
        <time>2026-08-14T16:25:07.847Z</time>
      </trkpt>
      <trkpt lat="47.620061" lon="11.348540">
        <ele>848.953571</ele>
        <time>2026-08-14T16:25:08.696Z</time>
      </trkpt>
      <trkpt lat="47.620006" lon="11.348553">
        <ele>848.227052</ele>
        <time>2026-08-14T16:25:09.350Z</time>
      </trkpt>
      <trkpt lat="47.619910" lon="11.348652">
        <ele>846.701916</ele>
        <time>2026-08-14T16:25:10.744Z</time>
      </trkpt>
      <trkpt lat="47.619838" lon="11.348821">
        <ele>844.943979</ele>
        <time>2026-08-14T16:25:12.342Z</time>
      </trkpt>
      <trkpt lat="47.619777" lon="11.349033">
        <ele>842.917149</ele>
        <time>2026-08-14T16:25:14.193Z</time>
      </trkpt>
      <trkpt lat="47.619688" lon="11.349149">
        <ele>841.371748</ele>
        <time>2026-08-14T16:25:15.603Z</time>
      </trkpt>
      <trkpt lat="47.619542" lon="11.349081">
        <ele>839.375540</ele>
        <time>2026-08-14T16:25:17.424Z</time>
      </trkpt>
      <trkpt lat="47.619487" lon="11.349146">
        <ele>838.485089</ele>
        <time>2026-08-14T16:25:18.257Z</time>
      </trkpt>
      <trkpt lat="47.619422" lon="11.349037">
        <ele>837.243214</ele>
        <time>2026-08-14T16:25:19.376Z</time>
      </trkpt>
      <trkpt lat="47.619444" lon="11.348557">
        <ele>833.137795</ele>
        <time>2026-08-14T16:25:22.658Z</time>
      </trkpt>
      <trkpt lat="47.619429" lon="11.348453">
        <ele>832.230248</ele>
        <time>2026-08-14T16:25:23.378Z</time>
      </trkpt>
      <trkpt lat="47.619153" lon="11.347373">
        <ele>822.374188</ele>
        <time>2026-08-14T16:25:31.279Z</time>
      </trkpt>
      <trkpt lat="47.619123" lon="11.347284">
        <ele>821.525057</ele>
        <time>2026-08-14T16:25:31.990Z</time>
      </trkpt>
      <trkpt lat="47.619026" lon="11.347201">
        <ele>820.107458</ele>
        <time>2026-08-14T16:25:33.140Z</time>
      </trkpt>
      <trkpt lat="47.618941" lon="11.347048">
        <ele>818.415562</ele>
        <time>2026-08-14T16:25:42.475Z</time>
      </trkpt>
      <trkpt lat="47.618813" lon="11.346795">
        <ele>816.099932</ele>
        <time>2026-08-14T16:25:57.326Z</time>
      </trkpt>
      <trkpt lat="47.618745" lon="11.346778">
        <ele>815.607367</ele>
        <time>2026-08-14T16:26:02.158Z</time>
      </trkpt>
      <trkpt lat="47.618735" lon="11.346960">
        <ele>814.728178</ele>
        <time>2026-08-14T16:26:10.770Z</time>
      </trkpt>
      <trkpt lat="47.618555" lon="11.346751">
        <ele>813.095487</ele>
        <time>2026-08-14T16:26:26.682Z</time>
      </trkpt>
      <trkpt lat="47.618505" lon="11.346571">
        <ele>812.158125</ele>
        <time>2026-08-14T16:26:28.076Z</time>
      </trkpt>
      <trkpt lat="47.618420" lon="11.346392">
        <ele>811.103896</ele>
        <time>2026-08-14T16:26:29.653Z</time>
      </trkpt>
      <trkpt lat="47.618353" lon="11.346293">
        <ele>810.428440</ele>
        <time>2026-08-14T16:26:30.690Z</time>
      </trkpt>
      <trkpt lat="47.618103" lon="11.346048">
        <ele>808.288273</ele>
        <time>2026-08-14T16:26:34.038Z</time>
      </trkpt>
      <trkpt lat="47.617751" lon="11.345749">
        <ele>805.390995</ele>
        <time>2026-08-14T16:26:38.748Z</time>
      </trkpt>
      <trkpt lat="47.617558" lon="11.345532">
        <ele>803.736518</ele>
        <time>2026-08-14T16:26:41.748Z</time>
      </trkpt>
      <trkpt lat="47.617378" lon="11.345334">
        <ele>803.503850</ele>
        <time>2026-08-14T16:26:44.587Z</time>
      </trkpt>
      <trkpt lat="47.617257" lon="11.345190">
        <ele>803.342785</ele>
        <time>2026-08-14T16:26:46.635Z</time>
      </trkpt>
      <trkpt lat="47.615972" lon="11.344129">
        <ele>801.874357</ele>
        <time>2026-08-14T16:27:10.943Z</time>
      </trkpt>
      <trkpt lat="47.615816" lon="11.343957">
        <ele>801.851653</ele>
        <time>2026-08-14T16:27:14.540Z</time>
      </trkpt>
      <trkpt lat="47.615674" lon="11.343686">
        <ele>801.824626</ele>
        <time>2026-08-14T16:27:18.709Z</time>
      </trkpt>
      <trkpt lat="47.615546" lon="11.343185">
        <ele>801.782438</ele>
        <time>2026-08-14T16:27:25.018Z</time>
      </trkpt>
      <trkpt lat="47.615494" lon="11.343015">
        <ele>801.767738</ele>
        <time>2026-08-14T16:27:27.069Z</time>
      </trkpt>
      <trkpt lat="47.615313" lon="11.342682">
        <ele>801.734055</ele>
        <time>2026-08-14T16:27:31.776Z</time>
      </trkpt>
      <trkpt lat="47.615219" lon="11.342567">
        <ele>801.719823</ele>
        <time>2026-08-14T16:27:33.787Z</time>
      </trkpt>
      <trkpt lat="47.615032" lon="11.342417">
        <ele>801.694991</ele>
        <time>2026-08-14T16:27:37.457Z</time>
      </trkpt>
      <trkpt lat="47.614997" lon="11.342382">
        <ele>801.690060</ele>
        <time>2026-08-14T16:27:38.199Z</time>
      </trkpt>
      <trkpt lat="47.614611" lon="11.341994">
        <ele>801.771647</ele>
        <time>2026-08-14T16:27:45.796Z</time>
      </trkpt>
      <trkpt lat="47.614523" lon="11.341827">
        <ele>801.817888</ele>
        <time>2026-08-14T16:27:47.998Z</time>
      </trkpt>
      <trkpt lat="47.614494" lon="11.341579">
        <ele>801.872798</ele>
        <time>2026-08-14T16:27:50.625Z</time>
      </trkpt>
      <trkpt lat="47.614505" lon="11.340847">
        <ele>802.032527</ele>
        <time>2026-08-14T16:27:58.890Z</time>
      </trkpt>
      <trkpt lat="47.614458" lon="11.340520">
        <ele>802.105466</ele>
        <time>2026-08-14T16:28:03.744Z</time>
      </trkpt>
      <trkpt lat="47.614347" lon="11.340150">
        <ele>802.193816</ele>
        <time>2026-08-14T16:28:10.215Z</time>
      </trkpt>
      <trkpt lat="47.614282" lon="11.339882">
        <ele>802.263291</ele>
        <time>2026-08-14T16:28:15.029Z</time>
      </trkpt>
      <trkpt lat="47.614263" lon="11.339802">
        <ele>802.343443</ele>
        <time>2026-08-14T16:28:16.342Z</time>
      </trkpt>
      <trkpt lat="47.614190" lon="11.339429">
        <ele>802.710471</ele>
        <time>2026-08-14T16:28:22.119Z</time>
      </trkpt>
      <trkpt lat="47.614059" lon="11.339103">
        <ele>803.069112</ele>
        <time>2026-08-14T16:28:27.392Z</time>
      </trkpt>
      <trkpt lat="47.613944" lon="11.338954">
        <ele>803.283149</ele>
        <time>2026-08-14T16:28:30.768Z</time>
      </trkpt>
      <trkpt lat="47.613720" lon="11.338780">
        <ele>803.637596</ele>
        <time>2026-08-14T16:28:36.915Z</time>
      </trkpt>
      <trkpt lat="47.613262" lon="11.338586">
        <ele>804.305276</ele>
        <time>2026-08-14T16:28:50.307Z</time>
      </trkpt>
      <trkpt lat="47.612544" lon="11.338282">
        <ele>804.946274</ele>
        <time>2026-08-14T16:29:06.327Z</time>
      </trkpt>
      <trkpt lat="47.612247" lon="11.338248">
        <ele>805.070202</ele>
        <time>2026-08-14T16:29:11.939Z</time>
      </trkpt>
      <trkpt lat="47.611456" lon="11.338281">
        <ele>805.399410</ele>
        <time>2026-08-14T16:29:27.588Z</time>
      </trkpt>
      <trkpt lat="47.611286" lon="11.338238">
        <ele>805.471156</ele>
        <time>2026-08-14T16:29:30.411Z</time>
      </trkpt>
      <trkpt lat="47.610810" lon="11.337965">
        <ele>805.320069</ele>
        <time>2026-08-14T16:29:37.876Z</time>
      </trkpt>
      <trkpt lat="47.610510" lon="11.337893">
        <ele>805.159565</ele>
        <time>2026-08-14T16:29:42.426Z</time>
      </trkpt>
      <trkpt lat="47.610388" lon="11.337922">
        <ele>805.094309</ele>
        <time>2026-08-14T16:29:44.347Z</time>
      </trkpt>
      <trkpt lat="47.609808" lon="11.338199">
        <ele>804.772498</ele>
        <time>2026-08-14T16:29:54.438Z</time>
      </trkpt>
      <trkpt lat="47.609536" lon="11.338254">
        <ele>804.627513</ele>
        <time>2026-08-14T16:29:58.784Z</time>
      </trkpt>
      <trkpt lat="47.609399" lon="11.338233">
        <ele>804.602012</ele>
        <time>2026-08-14T16:30:00.931Z</time>
      </trkpt>
      <trkpt lat="47.608911" lon="11.338014">
        <ele>805.015564</ele>
        <time>2026-08-14T16:30:08.730Z</time>
      </trkpt>
      <trkpt lat="47.608729" lon="11.337924">
        <ele>805.171177</ele>
        <time>2026-08-14T16:30:12.258Z</time>
      </trkpt>
      <trkpt lat="47.608562" lon="11.337793">
        <ele>805.324413</ele>
        <time>2026-08-14T16:30:16.533Z</time>
      </trkpt>
      <trkpt lat="47.608461" lon="11.337684">
        <ele>805.425727</ele>
        <time>2026-08-14T16:30:19.580Z</time>
      </trkpt>
      <trkpt lat="47.608308" lon="11.337385">
        <ele>805.631001</ele>
        <time>2026-08-14T16:30:26.193Z</time>
      </trkpt>
      <trkpt lat="47.608081" lon="11.337065">
        <ele>805.885021</ele>
        <time>2026-08-14T16:30:34.746Z</time>
      </trkpt>
      <trkpt lat="47.607777" lon="11.336749">
        <ele>805.863299</ele>
        <time>2026-08-14T16:30:44.501Z</time>
      </trkpt>
      <trkpt lat="47.607258" lon="11.336054">
        <ele>805.239928</ele>
        <time>2026-08-14T16:30:57.674Z</time>
      </trkpt>
      <trkpt lat="47.607049" lon="11.335840">
        <ele>805.013516</ele>
        <time>2026-08-14T16:31:01.361Z</time>
      </trkpt>
      <trkpt lat="47.606930" lon="11.335750">
        <ele>804.894430</ele>
        <time>2026-08-14T16:31:03.135Z</time>
      </trkpt>
      <trkpt lat="47.606154" lon="11.335401">
        <ele>803.925328</ele>
        <time>2026-08-14T16:31:13.228Z</time>
      </trkpt>
      <trkpt lat="47.606007" lon="11.335296">
        <ele>803.640703</ele>
        <time>2026-08-14T16:31:15.218Z</time>
      </trkpt>
      <trkpt lat="47.605934" lon="11.335249">
        <ele>803.501876</ele>
        <time>2026-08-14T16:31:16.201Z</time>
      </trkpt>
      <trkpt lat="47.605630" lon="11.334972">
        <ele>802.879475</ele>
        <time>2026-08-14T16:31:20.729Z</time>
      </trkpt>
      <trkpt lat="47.605514" lon="11.334686">
        <ele>802.486914</ele>
        <time>2026-08-14T16:31:23.852Z</time>
      </trkpt>
      <trkpt lat="47.605392" lon="11.334050">
        <ele>801.709179</ele>
        <time>2026-08-14T16:31:31.191Z</time>
      </trkpt>
      <trkpt lat="47.605208" lon="11.333735">
        <ele>801.305340</ele>
        <time>2026-08-14T16:31:36.865Z</time>
      </trkpt>
      <trkpt lat="47.604993" lon="11.333498">
        <ele>801.397247</ele>
        <time>2026-08-14T16:31:42.282Z</time>
      </trkpt>
      <trkpt lat="47.604695" lon="11.333311">
        <ele>801.508262</ele>
        <time>2026-08-14T16:31:48.801Z</time>
      </trkpt>
      <trkpt lat="47.603576" lon="11.332897">
        <ele>801.903944</ele>
        <time>2026-08-14T16:32:09.878Z</time>
      </trkpt>
      <trkpt lat="47.603306" lon="11.332648">
        <ele>802.006080</ele>
        <time>2026-08-14T16:32:15.594Z</time>
      </trkpt>
      <trkpt lat="47.603170" lon="11.332428">
        <ele>802.070548</ele>
        <time>2026-08-14T16:32:19.324Z</time>
      </trkpt>
      <trkpt lat="47.603044" lon="11.332225">
        <ele>802.130144</ele>
        <time>2026-08-14T16:32:22.900Z</time>
      </trkpt>
      <trkpt lat="47.602695" lon="11.331295">
        <ele>802.360037</ele>
        <time>2026-08-14T16:32:36.801Z</time>
      </trkpt>
      <trkpt lat="47.602571" lon="11.331084">
        <ele>802.420494</ele>
        <time>2026-08-14T16:32:40.061Z</time>
      </trkpt>
      <trkpt lat="47.602159" lon="11.330618">
        <ele>802.224799</ele>
        <time>2026-08-14T16:32:49.899Z</time>
      </trkpt>
      <trkpt lat="47.602048" lon="11.330471">
        <ele>802.103519</ele>
        <time>2026-08-14T16:32:52.308Z</time>
      </trkpt>
      <trkpt lat="47.601834" lon="11.330006">
        <ele>801.794145</ele>
        <time>2026-08-14T16:32:57.863Z</time>
      </trkpt>
      <trkpt lat="47.601677" lon="11.329694">
        <ele>801.580212</ele>
        <time>2026-08-14T16:33:01.573Z</time>
      </trkpt>
      <trkpt lat="47.601066" lon="11.328800">
        <ele>800.952406</ele>
        <time>2026-08-14T16:33:13.973Z</time>
      </trkpt>
      <trkpt lat="47.600586" lon="11.328179">
        <ele>800.703282</ele>
        <time>2026-08-14T16:33:23.865Z</time>
      </trkpt>
      <trkpt lat="47.600214" lon="11.327573">
        <ele>800.487161</ele>
        <time>2026-08-14T16:33:33.784Z</time>
      </trkpt>
      <trkpt lat="47.600031" lon="11.327329">
        <ele>800.390915</ele>
        <time>2026-08-14T16:33:38.027Z</time>
      </trkpt>
      <trkpt lat="47.599500" lon="11.326792">
        <ele>800.233718</ele>
        <time>2026-08-14T16:33:48.670Z</time>
      </trkpt>
      <trkpt lat="47.599281" lon="11.326365">
        <ele>800.168125</ele>
        <time>2026-08-14T16:33:54.360Z</time>
      </trkpt>
      <trkpt lat="47.598981" lon="11.325809">
        <ele>800.081061</ele>
        <time>2026-08-14T16:34:01.906Z</time>
      </trkpt>
      <trkpt lat="47.598757" lon="11.325204">
        <ele>799.996673</ele>
        <time>2026-08-14T16:34:09.745Z</time>
      </trkpt>
      <trkpt lat="47.598637" lon="11.324945">
        <ele>800.101248</ele>
        <time>2026-08-14T16:34:13.964Z</time>
      </trkpt>
      <trkpt lat="47.598560" lon="11.324689">
        <ele>800.226458</ele>
        <time>2026-08-14T16:34:17.858Z</time>
      </trkpt>
      <trkpt lat="47.598475" lon="11.324156">
        <ele>800.471107</ele>
        <time>2026-08-14T16:34:25.202Z</time>
      </trkpt>
      <trkpt lat="47.598292" lon="11.323345">
        <ele>800.853111</ele>
        <time>2026-08-14T16:34:36.923Z</time>
      </trkpt>
      <trkpt lat="47.598171" lon="11.321901">
        <ele>801.430383</ele>
        <time>2026-08-14T16:34:58.055Z</time>
      </trkpt>
      <trkpt lat="47.597904" lon="11.320579">
        <ele>801.907924</ele>
        <time>2026-08-14T16:35:14.948Z</time>
      </trkpt>
      <trkpt lat="47.597817" lon="11.320404">
        <ele>801.983159</ele>
        <time>2026-08-14T16:35:17.636Z</time>
      </trkpt>
      <trkpt lat="47.597225" lon="11.319609">
        <ele>802.486331</ele>
        <time>2026-08-14T16:35:33.366Z</time>
      </trkpt>
      <trkpt lat="47.597098" lon="11.319389">
        <ele>802.618845</ele>
        <time>2026-08-14T16:35:36.992Z</time>
      </trkpt>
      <trkpt lat="47.597004" lon="11.319044">
        <ele>802.789107</ele>
        <time>2026-08-14T16:35:41.935Z</time>
      </trkpt>
      <trkpt lat="47.596929" lon="11.318274">
        <ele>803.145096</ele>
        <time>2026-08-14T16:35:53.237Z</time>
      </trkpt>
      <trkpt lat="47.596858" lon="11.318068">
        <ele>803.250954</ele>
        <time>2026-08-14T16:35:56.733Z</time>
      </trkpt>
      <trkpt lat="47.596758" lon="11.317934">
        <ele>803.320863</ele>
        <time>2026-08-14T16:35:59.740Z</time>
      </trkpt>
      <trkpt lat="47.596569" lon="11.317872">
        <ele>803.299353</ele>
        <time>2026-08-14T16:36:03.920Z</time>
      </trkpt>
      <trkpt lat="47.596435" lon="11.317902">
        <ele>803.284294</ele>
        <time>2026-08-14T16:36:06.663Z</time>
      </trkpt>
      <trkpt lat="47.596374" lon="11.317932">
        <ele>803.277153</ele>
        <time>2026-08-14T16:36:07.893Z</time>
      </trkpt>
      <trkpt lat="47.596296" lon="11.317981">
        <ele>803.267739</ele>
        <time>2026-08-14T16:36:09.490Z</time>
      </trkpt>
      <trkpt lat="47.596112" lon="11.318082">
        <ele>803.245937</ele>
        <time>2026-08-14T16:36:12.844Z</time>
      </trkpt>
      <trkpt lat="47.596000" lon="11.318143">
        <ele>803.232679</ele>
        <time>2026-08-14T16:36:14.772Z</time>
      </trkpt>
      <trkpt lat="47.595777" lon="11.318276">
        <ele>803.205970</ele>
        <time>2026-08-14T16:36:18.541Z</time>
      </trkpt>
      <trkpt lat="47.595548" lon="11.318411">
        <ele>803.178586</ele>
        <time>2026-08-14T16:36:22.488Z</time>
      </trkpt>
      <trkpt lat="47.595039" lon="11.318585">
        <ele>803.100400</ele>
        <time>2026-08-14T16:36:30.534Z</time>
      </trkpt>
      <trkpt lat="47.594828" lon="11.318626">
        <ele>802.940100</ele>
        <time>2026-08-14T16:36:33.755Z</time>
      </trkpt>
      <trkpt lat="47.594462" lon="11.318631">
        <ele>802.664389</ele>
        <time>2026-08-14T16:36:39.198Z</time>
      </trkpt>
      <trkpt lat="47.593881" lon="11.318526">
        <ele>802.223498</ele>
        <time>2026-08-14T16:36:47.997Z</time>
      </trkpt>
      <trkpt lat="47.593485" lon="11.318379">
        <ele>801.915996</ele>
        <time>2026-08-14T16:36:54.406Z</time>
      </trkpt>
      <trkpt lat="47.592913" lon="11.318243">
        <ele>801.670208</ele>
        <time>2026-08-14T16:37:03.604Z</time>
      </trkpt>
      <trkpt lat="47.592758" lon="11.318199">
        <ele>801.629583</ele>
        <time>2026-08-14T16:37:06.102Z</time>
      </trkpt>
      <trkpt lat="47.592446" lon="11.318041">
        <ele>801.544712</ele>
        <time>2026-08-14T16:37:11.324Z</time>
      </trkpt>
      <trkpt lat="47.592318" lon="11.317975">
        <ele>801.509826</ele>
        <time>2026-08-14T16:37:13.519Z</time>
      </trkpt>
      <trkpt lat="47.592158" lon="11.317869">
        <ele>801.464714</ele>
        <time>2026-08-14T16:37:16.405Z</time>
      </trkpt>
      <trkpt lat="47.591961" lon="11.317680">
        <ele>801.404313</ele>
        <time>2026-08-14T16:37:20.395Z</time>
      </trkpt>
      <trkpt lat="47.591587" lon="11.317322">
        <ele>801.298934</ele>
        <time>2026-08-14T16:37:28.427Z</time>
      </trkpt>
      <trkpt lat="47.591358" lon="11.317214">
        <ele>801.271792</ele>
        <time>2026-08-14T16:37:32.704Z</time>
      </trkpt>
      <trkpt lat="47.591135" lon="11.317217">
        <ele>801.246604</ele>
        <time>2026-08-14T16:37:36.565Z</time>
      </trkpt>
      <trkpt lat="47.591005" lon="11.317219">
        <ele>801.231920</ele>
        <time>2026-08-14T16:37:38.768Z</time>
      </trkpt>
      <trkpt lat="47.590523" lon="11.317363">
        <ele>801.176385</ele>
        <time>2026-08-14T16:37:46.949Z</time>
      </trkpt>
      <trkpt lat="47.590302" lon="11.317374">
        <ele>801.151409</ele>
        <time>2026-08-14T16:37:50.655Z</time>
      </trkpt>
      <trkpt lat="47.589643" lon="11.317288">
        <ele>801.116932</ele>
        <time>2026-08-14T16:38:01.472Z</time>
      </trkpt>
      <trkpt lat="47.589445" lon="11.317177">
        <ele>801.129611</ele>
        <time>2026-08-14T16:38:04.803Z</time>
      </trkpt>
      <trkpt lat="47.589208" lon="11.316905">
        <ele>801.147563</ele>
        <time>2026-08-14T16:38:09.607Z</time>
      </trkpt>
      <trkpt lat="47.588962" lon="11.316577">
        <ele>801.167380</ele>
        <time>2026-08-14T16:38:15.340Z</time>
      </trkpt>
      <trkpt lat="47.588847" lon="11.316427">
        <ele>801.176554</ele>
        <time>2026-08-14T16:38:18.165Z</time>
      </trkpt>
      <trkpt lat="47.588703" lon="11.316202">
        <ele>801.189085</ele>
        <time>2026-08-14T16:38:22.269Z</time>
      </trkpt>
      <trkpt lat="47.588579" lon="11.315886">
        <ele>801.203854</ele>
        <time>2026-08-14T16:38:27.164Z</time>
      </trkpt>
      <trkpt lat="47.588551" lon="11.315707">
        <ele>801.212411</ele>
        <time>2026-08-14T16:38:29.600Z</time>
      </trkpt>
      <trkpt lat="47.588527" lon="11.315193">
        <ele>801.275674</ele>
        <time>2026-08-14T16:38:36.550Z</time>
      </trkpt>
      <trkpt lat="47.588510" lon="11.314921">
        <ele>801.309215</ele>
        <time>2026-08-14T16:38:40.063Z</time>
      </trkpt>
      <trkpt lat="47.588504" lon="11.314861">
        <ele>801.316662</ele>
        <time>2026-08-14T16:38:40.838Z</time>
      </trkpt>
      <trkpt lat="47.588484" lon="11.314665">
        <ele>801.341002</ele>
        <time>2026-08-14T16:38:43.346Z</time>
      </trkpt>
      <trkpt lat="47.588438" lon="11.314305">
        <ele>801.385992</ele>
        <time>2026-08-14T16:38:48.115Z</time>
      </trkpt>
      <trkpt lat="47.588428" lon="11.314028">
        <ele>801.420052</ele>
        <time>2026-08-14T16:38:51.519Z</time>
      </trkpt>
      <trkpt lat="47.588428" lon="11.313838">
        <ele>801.443382</ele>
        <time>2026-08-14T16:38:53.843Z</time>
      </trkpt>
      <trkpt lat="47.588394" lon="11.313618">
        <ele>801.471095</ele>
        <time>2026-08-14T16:38:56.513Z</time>
      </trkpt>
      <trkpt lat="47.588353" lon="11.313459">
        <ele>801.491996</ele>
        <time>2026-08-14T16:38:58.389Z</time>
      </trkpt>
      <trkpt lat="47.588012" lon="11.312755">
        <ele>801.450795</ele>
        <time>2026-08-14T16:39:07.928Z</time>
      </trkpt>
      <trkpt lat="47.587823" lon="11.312249">
        <ele>801.347796</ele>
        <time>2026-08-14T16:39:14.209Z</time>
      </trkpt>
      <trkpt lat="47.587750" lon="11.311992">
        <ele>801.298138</ele>
        <time>2026-08-14T16:39:17.220Z</time>
      </trkpt>
      <trkpt lat="47.587665" lon="11.311347">
        <ele>801.181109</ele>
        <time>2026-08-14T16:39:24.548Z</time>
      </trkpt>
      <trkpt lat="47.587454" lon="11.310570">
        <ele>801.048447</ele>
        <time>2026-08-14T16:39:34.120Z</time>
      </trkpt>
      <trkpt lat="47.587284" lon="11.309589">
        <ele>800.963018</ele>
        <time>2026-08-14T16:39:45.217Z</time>
      </trkpt>
      <trkpt lat="47.587140" lon="11.309110">
        <ele>800.918786</ele>
        <time>2026-08-14T16:39:50.965Z</time>
      </trkpt>
      <trkpt lat="47.587001" lon="11.308866">
        <ele>800.891847</ele>
        <time>2026-08-14T16:39:54.519Z</time>
      </trkpt>
      <trkpt lat="47.586920" lon="11.308751">
        <ele>800.877823</ele>
        <time>2026-08-14T16:39:56.405Z</time>
      </trkpt>
      <trkpt lat="47.586904" lon="11.308725">
        <ele>800.874854</ele>
        <time>2026-08-14T16:39:56.796Z</time>
      </trkpt>
      <trkpt lat="47.586870" lon="11.308671">
        <ele>800.868623</ele>
        <time>2026-08-14T16:39:58.110Z</time>
      </trkpt>
      <trkpt lat="47.586805" lon="11.308571">
        <ele>800.856910</ele>
        <time>2026-08-14T16:40:00.590Z</time>
      </trkpt>
      <trkpt lat="47.586626" lon="11.308335">
        <ele>801.010720</ele>
        <time>2026-08-14T16:40:07.040Z</time>
      </trkpt>
      <trkpt lat="47.586141" lon="11.307917">
        <ele>802.070547</ele>
        <time>2026-08-14T16:40:17.762Z</time>
      </trkpt>
      <trkpt lat="47.585828" lon="11.307722">
        <ele>802.711954</ele>
        <time>2026-08-14T16:40:25.718Z</time>
      </trkpt>
      <trkpt lat="47.585446" lon="11.307490">
        <ele>803.491833</ele>
        <time>2026-08-14T16:40:36.719Z</time>
      </trkpt>
      <trkpt lat="47.585324" lon="11.307371">
        <ele>803.767724</ele>
        <time>2026-08-14T16:40:41.710Z</time>
      </trkpt>
      <trkpt lat="47.585181" lon="11.307192">
        <ele>804.121293</ele>
        <time>2026-08-14T16:40:49.068Z</time>
      </trkpt>
      <trkpt lat="47.585040" lon="11.306957">
        <ele>804.374587</ele>
        <time>2026-08-14T16:40:58.084Z</time>
      </trkpt>
      <trkpt lat="47.584947" lon="11.306806">
        <ele>804.500637</ele>
        <time>2026-08-14T16:41:03.811Z</time>
      </trkpt>
      <trkpt lat="47.584824" lon="11.306669">
        <ele>804.641240</ele>
        <time>2026-08-14T16:41:09.324Z</time>
      </trkpt>
      <trkpt lat="47.584712" lon="11.306627">
        <ele>804.746824</ele>
        <time>2026-08-14T16:41:12.544Z</time>
      </trkpt>
      <trkpt lat="47.584477" lon="11.306669">
        <ele>804.963154</ele>
        <time>2026-08-14T16:41:17.495Z</time>
      </trkpt>
      <trkpt lat="47.584370" lon="11.306727">
        <ele>805.067276</ele>
        <time>2026-08-14T16:41:19.365Z</time>
      </trkpt>
      <trkpt lat="47.584255" lon="11.306862">
        <ele>805.201336</ele>
        <time>2026-08-14T16:41:21.659Z</time>
      </trkpt>
      <trkpt lat="47.584135" lon="11.307107">
        <ele>805.387987</ele>
        <time>2026-08-14T16:41:24.762Z</time>
      </trkpt>
      <trkpt lat="47.584073" lon="11.307262">
        <ele>805.499075</ele>
        <time>2026-08-14T16:41:26.625Z</time>
      </trkpt>
      <trkpt lat="47.584103" lon="11.307514">
        <ele>805.656823</ele>
        <time>2026-08-14T16:41:29.196Z</time>
      </trkpt>
      <trkpt lat="47.584103" lon="11.307840">
        <ele>805.857787</ele>
        <time>2026-08-14T16:41:32.556Z</time>
      </trkpt>
      <trkpt lat="47.584063" lon="11.308005">
        <ele>805.869279</ele>
        <time>2026-08-14T16:41:34.277Z</time>
      </trkpt>
      <trkpt lat="47.583919" lon="11.308164">
        <ele>805.848334</ele>
        <time>2026-08-14T16:41:36.770Z</time>
      </trkpt>
      <trkpt lat="47.583681" lon="11.308201">
        <ele>805.820418</ele>
        <time>2026-08-14T16:41:39.924Z</time>
      </trkpt>
      <trkpt lat="47.583291" lon="11.308061">
        <ele>805.773608</ele>
        <time>2026-08-14T16:41:45.291Z</time>
      </trkpt>
      <trkpt lat="47.582562" lon="11.307676">
        <ele>805.683332</ele>
        <time>2026-08-14T16:42:04.621Z</time>
      </trkpt>
      <trkpt lat="47.581971" lon="11.307131">
        <ele>806.414399</ele>
        <time>2026-08-14T16:42:20.951Z</time>
      </trkpt>
      <trkpt lat="47.581866" lon="11.307149">
        <ele>806.548808</ele>
        <time>2026-08-14T16:42:23.167Z</time>
      </trkpt>
      <trkpt lat="47.581698" lon="11.307260">
        <ele>806.782696</ele>
        <time>2026-08-14T16:42:26.682Z</time>
      </trkpt>
      <trkpt lat="47.581477" lon="11.307613">
        <ele>807.195802</ele>
        <time>2026-08-14T16:42:32.637Z</time>
      </trkpt>
      <trkpt lat="47.581367" lon="11.307854">
        <ele>807.445399</ele>
        <time>2026-08-14T16:42:36.784Z</time>
      </trkpt>
      <trkpt lat="47.581330" lon="11.308104">
        <ele>807.664940</ele>
        <time>2026-08-14T16:42:40.677Z</time>
      </trkpt>
      <trkpt lat="47.581355" lon="11.308288">
        <ele>807.825938</ele>
        <time>2026-08-14T16:42:43.573Z</time>
      </trkpt>
      <trkpt lat="47.581416" lon="11.308447">
        <ele>808.057960</ele>
        <time>2026-08-14T16:42:46.366Z</time>
      </trkpt>
      <trkpt lat="47.581573" lon="11.308710">
        <ele>809.255100</ele>
        <time>2026-08-14T16:42:52.716Z</time>
      </trkpt>
      <trkpt lat="47.581985" lon="11.309191">
        <ele>811.905174</ele>
        <time>2026-08-14T16:43:11.485Z</time>
      </trkpt>
      <trkpt lat="47.582240" lon="11.309509">
        <ele>813.589060</ele>
        <time>2026-08-14T16:43:27.602Z</time>
      </trkpt>
      <trkpt lat="47.582366" lon="11.309726">
        <ele>814.565042</ele>
        <time>2026-08-14T16:43:36.852Z</time>
      </trkpt>
      <trkpt lat="47.582503" lon="11.310128">
        <ele>816.100278</ele>
        <time>2026-08-14T16:43:52.449Z</time>
      </trkpt>
      <trkpt lat="47.582476" lon="11.310355">
        <ele>816.885976</ele>
        <time>2026-08-14T16:43:59.761Z</time>
      </trkpt>
      <trkpt lat="47.582416" lon="11.310464">
        <ele>817.411602</ele>
        <time>2026-08-14T16:44:04.400Z</time>
      </trkpt>
      <trkpt lat="47.582258" lon="11.310548">
        <ele>818.382417</ele>
        <time>2026-08-14T16:44:11.619Z</time>
      </trkpt>
      <trkpt lat="47.582242" lon="11.310424">
        <ele>818.874951</ele>
        <time>2026-08-14T16:44:15.626Z</time>
      </trkpt>
      <trkpt lat="47.581928" lon="11.310142">
        <ele>820.998293</ele>
        <time>2026-08-14T16:44:35.584Z</time>
      </trkpt>
      <trkpt lat="47.581788" lon="11.310185">
        <ele>821.825212</ele>
        <time>2026-08-14T16:44:43.327Z</time>
      </trkpt>
      <trkpt lat="47.581706" lon="11.310074">
        <ele>822.467443</ele>
        <time>2026-08-14T16:44:48.437Z</time>
      </trkpt>
      <trkpt lat="47.581461" lon="11.309774">
        <ele>824.305320</ele>
        <time>2026-08-14T16:45:03.656Z</time>
      </trkpt>
      <trkpt lat="47.581260" lon="11.309661">
        <ele>825.548636</ele>
        <time>2026-08-14T16:45:12.864Z</time>
      </trkpt>
      <trkpt lat="47.581091" lon="11.309696">
        <ele>826.535580</ele>
        <time>2026-08-14T16:45:20.169Z</time>
      </trkpt>
      <trkpt lat="47.580955" lon="11.309780">
        <ele>827.387707</ele>
        <time>2026-08-14T16:45:26.250Z</time>
      </trkpt>
      <trkpt lat="47.580762" lon="11.310053">
        <ele>828.818129</ele>
        <time>2026-08-14T16:45:36.624Z</time>
      </trkpt>
      <trkpt lat="47.580694" lon="11.310113">
        <ele>829.241062</ele>
        <time>2026-08-14T16:45:39.857Z</time>
      </trkpt>
      <trkpt lat="47.580509" lon="11.310166">
        <ele>830.248100</ele>
        <time>2026-08-14T16:45:47.993Z</time>
      </trkpt>
      <trkpt lat="47.580295" lon="11.310047">
        <ele>831.469654</ele>
        <time>2026-08-14T16:45:59.222Z</time>
      </trkpt>
      <trkpt lat="47.579931" lon="11.309774">
        <ele>833.649876</ele>
        <time>2026-08-14T16:46:18.350Z</time>
      </trkpt>
      <trkpt lat="47.579132" lon="11.308899">
        <ele>838.852412</ele>
        <time>2026-08-14T16:47:00.922Z</time>
      </trkpt>
      <trkpt lat="47.578610" lon="11.308190">
        <ele>842.423511</ele>
        <time>2026-08-14T16:47:29.714Z</time>
      </trkpt>
      <trkpt lat="47.578052" lon="11.307131">
        <ele>847.191406</ele>
        <time>2026-08-14T16:48:08.448Z</time>
      </trkpt>
      <trkpt lat="47.577113" lon="11.305464">
        <ele>856.259856</ele>
        <time>2026-08-14T16:49:20.123Z</time>
      </trkpt>
      <trkpt lat="47.576538" lon="11.304702">
        <ele>859.121374</ele>
        <time>2026-08-14T16:49:58.082Z</time>
      </trkpt>
      <trkpt lat="47.576374" lon="11.304542">
        <ele>859.719348</ele>
        <time>2026-08-14T16:50:06.529Z</time>
      </trkpt>
      <trkpt lat="47.576286" lon="11.304409">
        <ele>860.102118</ele>
        <time>2026-08-14T16:50:12.990Z</time>
      </trkpt>
      <trkpt lat="47.576259" lon="11.304372">
        <ele>860.214109</ele>
        <time>2026-08-14T16:50:14.292Z</time>
      </trkpt>
      <trkpt lat="47.575979" lon="11.303989">
        <ele>861.374517</ele>
        <time>2026-08-14T16:50:25.136Z</time>
      </trkpt>
      <trkpt lat="47.575643" lon="11.303708">
        <ele>862.549516</ele>
        <time>2026-08-14T16:50:31.189Z</time>
      </trkpt>
      <trkpt lat="47.575466" lon="11.303505">
        <ele>862.101333</ele>
        <time>2026-08-14T16:50:34.082Z</time>
      </trkpt>
      <trkpt lat="47.575218" lon="11.303124">
        <ele>860.651481</ele>
        <time>2026-08-14T16:50:38.460Z</time>
      </trkpt>
      <trkpt lat="47.575030" lon="11.302841">
        <ele>859.563815</ele>
        <time>2026-08-14T16:50:41.645Z</time>
      </trkpt>
      <trkpt lat="47.574533" lon="11.302390">
        <ele>857.198310</ele>
        <time>2026-08-14T16:50:48.428Z</time>
      </trkpt>
      <trkpt lat="47.574155" lon="11.301797">
        <ele>854.830268</ele>
        <time>2026-08-14T16:50:54.874Z</time>
      </trkpt>
      <trkpt lat="47.573885" lon="11.301580">
        <ele>853.236942</ele>
        <time>2026-08-14T16:50:58.471Z</time>
      </trkpt>
      <trkpt lat="47.573480" lon="11.301462">
        <ele>851.095717</ele>
        <time>2026-08-14T16:51:03.196Z</time>
      </trkpt>
      <trkpt lat="47.573007" lon="11.301240">
        <ele>848.521859</ele>
        <time>2026-08-14T16:51:08.714Z</time>
      </trkpt>
      <trkpt lat="47.572235" lon="11.301081">
        <ele>846.215560</ele>
        <time>2026-08-14T16:51:18.027Z</time>
      </trkpt>
      <trkpt lat="47.572100" lon="11.301025">
        <ele>846.260371</ele>
        <time>2026-08-14T16:51:19.882Z</time>
      </trkpt>
      <trkpt lat="47.572070" lon="11.300709">
        <ele>846.329189</ele>
        <time>2026-08-14T16:51:23.483Z</time>
      </trkpt>
      <trkpt lat="47.571929" lon="11.300125">
        <ele>846.462954</ele>
        <time>2026-08-14T16:51:33.048Z</time>
      </trkpt>
      <trkpt lat="47.571894" lon="11.299841">
        <ele>846.525214</ele>
        <time>2026-08-14T16:51:39.773Z</time>
      </trkpt>
      <trkpt lat="47.571837" lon="11.299623">
        <ele>846.575634</ele>
        <time>2026-08-14T16:51:46.072Z</time>
      </trkpt>
      <trkpt lat="47.571724" lon="11.299417">
        <ele>846.632891</ele>
        <time>2026-08-14T16:51:54.169Z</time>
      </trkpt>
      <trkpt lat="47.571628" lon="11.299146">
        <ele>846.585245</ele>
        <time>2026-08-14T16:52:02.913Z</time>
      </trkpt>
      <trkpt lat="47.571503" lon="11.298747">
        <ele>845.511339</ele>
        <time>2026-08-14T16:52:13.502Z</time>
      </trkpt>
      <trkpt lat="47.571443" lon="11.298449">
        <ele>844.752172</ele>
        <time>2026-08-14T16:52:19.062Z</time>
      </trkpt>
      <trkpt lat="47.571452" lon="11.298160">
        <ele>844.045928</ele>
        <time>2026-08-14T16:52:22.564Z</time>
      </trkpt>
      <trkpt lat="47.571415" lon="11.297940">
        <ele>843.492439</ele>
        <time>2026-08-14T16:52:24.881Z</time>
      </trkpt>
      <trkpt lat="47.571310" lon="11.297655">
        <ele>842.699735</ele>
        <time>2026-08-14T16:52:27.949Z</time>
      </trkpt>
      <trkpt lat="47.571255" lon="11.297320">
        <ele>841.858081</ele>
        <time>2026-08-14T16:52:31.076Z</time>
      </trkpt>
      <trkpt lat="47.571126" lon="11.296940">
        <ele>840.819627</ele>
        <time>2026-08-14T16:52:34.725Z</time>
      </trkpt>
      <trkpt lat="47.570801" lon="11.296832">
        <ele>838.387591</ele>
        <time>2026-08-14T16:52:38.793Z</time>
      </trkpt>
      <trkpt lat="47.570729" lon="11.296670">
        <ele>836.889602</ele>
        <time>2026-08-14T16:52:40.352Z</time>
      </trkpt>
      <trkpt lat="47.570530" lon="11.296678">
        <ele>834.611140</ele>
        <time>2026-08-14T16:52:42.733Z</time>
      </trkpt>
      <trkpt lat="47.569670" lon="11.296157">
        <ele>823.977670</ele>
        <time>2026-08-14T16:52:53.781Z</time>
      </trkpt>
      <trkpt lat="47.569506" lon="11.296133">
        <ele>822.091505</ele>
        <time>2026-08-14T16:52:55.828Z</time>
      </trkpt>
      <trkpt lat="47.569358" lon="11.296150">
        <ele>820.392514</ele>
        <time>2026-08-14T16:52:57.699Z</time>
      </trkpt>
      <trkpt lat="47.569075" lon="11.296097">
        <ele>819.824048</ele>
        <time>2026-08-14T16:53:01.467Z</time>
      </trkpt>
      <trkpt lat="47.568915" lon="11.295445">
        <ele>820.320091</ele>
        <time>2026-08-14T16:53:14.005Z</time>
      </trkpt>
      <trkpt lat="47.569081" lon="11.294742">
        <ele>820.852614</ele>
        <time>2026-08-14T16:53:36.335Z</time>
      </trkpt>
      <trkpt lat="47.569064" lon="11.293896">
        <ele>821.457753</ele>
        <time>2026-08-14T16:54:12.603Z</time>
      </trkpt>
      <trkpt lat="47.569019" lon="11.293717">
        <ele>822.242285</ele>
        <time>2026-08-14T16:54:21.359Z</time>
      </trkpt>
      <trkpt lat="47.568870" lon="11.293419">
        <ele>824.359967</ele>
        <time>2026-08-14T16:54:38.067Z</time>
      </trkpt>
      <trkpt lat="47.568775" lon="11.293291">
        <ele>825.446404</ele>
        <time>2026-08-14T16:54:46.659Z</time>
      </trkpt>
      <trkpt lat="47.568584" lon="11.293168">
        <ele>827.208650</ele>
        <time>2026-08-14T16:55:00.793Z</time>
      </trkpt>
      <trkpt lat="47.568240" lon="11.293174">
        <ele>830.119833</ele>
        <time>2026-08-14T16:55:24.500Z</time>
      </trkpt>
      <trkpt lat="47.568081" lon="11.293074">
        <ele>831.581445</ele>
        <time>2026-08-14T16:55:36.414Z</time>
      </trkpt>
      <trkpt lat="47.568026" lon="11.293017">
        <ele>832.149361</ele>
        <time>2026-08-14T16:55:41.094Z</time>
      </trkpt>
      <trkpt lat="47.567978" lon="11.292908">
        <ele>832.892524</ele>
        <time>2026-08-14T16:55:47.255Z</time>
      </trkpt>
      <trkpt lat="47.567877" lon="11.292607">
        <ele>834.811892</ele>
        <time>2026-08-14T16:56:03.507Z</time>
      </trkpt>
      <trkpt lat="47.567496" lon="11.292151">
        <ele>839.844662</ele>
        <time>2026-08-14T16:56:41.178Z</time>
      </trkpt>
      <trkpt lat="47.567000" lon="11.291773">
        <ele>846.441795</ele>
        <time>2026-08-14T16:57:28.595Z</time>
      </trkpt>
      <trkpt lat="47.566400" lon="11.291411">
        <ele>854.104438</ele>
        <time>2026-08-14T16:58:27.409Z</time>
      </trkpt>
      <trkpt lat="47.566235" lon="11.291252">
        <ele>856.432422</ele>
        <time>2026-08-14T16:58:45.462Z</time>
      </trkpt>
      <trkpt lat="47.565628" lon="11.290919">
        <ele>861.231912</ele>
        <time>2026-08-14T16:59:44.441Z</time>
      </trkpt>
      <trkpt lat="47.564850" lon="11.290190">
        <ele>867.013688</ele>
        <time>2026-08-14T17:00:43.216Z</time>
      </trkpt>
      <trkpt lat="47.564592" lon="11.290164">
        <ele>868.638035</ele>
        <time>2026-08-14T17:00:51.880Z</time>
      </trkpt>
      <trkpt lat="47.563902" lon="11.290117">
        <ele>863.772381</ele>
        <time>2026-08-14T17:01:08.259Z</time>
      </trkpt>
      <trkpt lat="47.563690" lon="11.290138">
        <ele>861.770217</ele>
        <time>2026-08-14T17:01:12.724Z</time>
      </trkpt>
      <trkpt lat="47.563273" lon="11.290251">
        <ele>857.775616</ele>
        <time>2026-08-14T17:01:21.495Z</time>
      </trkpt>
      <trkpt lat="47.562703" lon="11.290285">
        <ele>852.400076</ele>
        <time>2026-08-14T17:01:33.215Z</time>
      </trkpt>
      <trkpt lat="47.562597" lon="11.290316">
        <ele>851.325625</ele>
        <time>2026-08-14T17:01:35.445Z</time>
      </trkpt>
      <trkpt lat="47.562333" lon="11.290254">
        <ele>848.659748</ele>
        <time>2026-08-14T17:01:40.918Z</time>
      </trkpt>
      <trkpt lat="47.561795" lon="11.290248">
        <ele>843.293820</ele>
        <time>2026-08-14T17:01:52.116Z</time>
      </trkpt>
      <trkpt lat="47.561306" lon="11.289950">
        <ele>838.020473</ele>
        <time>2026-08-14T17:02:03.620Z</time>
      </trkpt>
      <trkpt lat="47.560811" lon="11.289947">
        <ele>834.038100</ele>
        <time>2026-08-14T17:02:15.178Z</time>
      </trkpt>
      <trkpt lat="47.560076" lon="11.289364">
        <ele>831.718205</ele>
        <time>2026-08-14T17:02:36.640Z</time>
      </trkpt>
      <trkpt lat="47.559789" lon="11.289224">
        <ele>830.877395</ele>
        <time>2026-08-14T17:02:45.074Z</time>
      </trkpt>
      <trkpt lat="47.559692" lon="11.289218">
        <ele>830.607232</ele>
        <time>2026-08-14T17:02:47.820Z</time>
      </trkpt>
      <trkpt lat="47.559435" lon="11.289274">
        <ele>829.884372</ele>
        <time>2026-08-14T17:02:55.262Z</time>
      </trkpt>
      <trkpt lat="47.559355" lon="11.289259">
        <ele>829.659977</ele>
        <time>2026-08-14T17:02:57.623Z</time>
      </trkpt>
      <trkpt lat="47.559199" lon="11.289171">
        <ele>829.453482</ele>
        <time>2026-08-14T17:03:02.661Z</time>
      </trkpt>
      <trkpt lat="47.559055" lon="11.289154">
        <ele>829.552912</ele>
        <time>2026-08-14T17:03:07.272Z</time>
      </trkpt>
      <trkpt lat="47.558617" lon="11.289205">
        <ele>829.855318</ele>
        <time>2026-08-14T17:03:22.354Z</time>
      </trkpt>
      <trkpt lat="47.558489" lon="11.289156">
        <ele>829.946313</ele>
        <time>2026-08-14T17:03:27.332Z</time>
      </trkpt>
      <trkpt lat="47.558219" lon="11.288963">
        <ele>830.152647</ele>
        <time>2026-08-14T17:03:38.246Z</time>
      </trkpt>
      <trkpt lat="47.558040" lon="11.288759">
        <ele>830.308077</ele>
        <time>2026-08-14T17:03:46.204Z</time>
      </trkpt>
      <trkpt lat="47.557848" lon="11.288633">
        <ele>830.452611</ele>
        <time>2026-08-14T17:03:54.262Z</time>
      </trkpt>
      <trkpt lat="47.557738" lon="11.288622">
        <ele>830.528497</ele>
        <time>2026-08-14T17:03:58.743Z</time>
      </trkpt>
      <trkpt lat="47.557633" lon="11.288647">
        <ele>830.601695</ele>
        <time>2026-08-14T17:04:03.053Z</time>
      </trkpt>
      <trkpt lat="47.557530" lon="11.288722">
        <ele>830.600106</ele>
        <time>2026-08-14T17:04:07.725Z</time>
      </trkpt>
      <trkpt lat="47.557445" lon="11.288864">
        <ele>830.512228</ele>
        <time>2026-08-14T17:04:12.676Z</time>
      </trkpt>
      <trkpt lat="47.557443" lon="11.289019">
        <ele>830.440454</ele>
        <time>2026-08-14T17:04:16.519Z</time>
      </trkpt>
      <trkpt lat="47.557479" lon="11.289140">
        <ele>830.379231</ele>
        <time>2026-08-14T17:04:19.657Z</time>
      </trkpt>
      <trkpt lat="47.557289" lon="11.289267">
        <ele>830.236236</ele>
        <time>2026-08-14T17:04:24.188Z</time>
      </trkpt>
      <trkpt lat="47.557035" lon="11.289337">
        <ele>830.058993</ele>
        <time>2026-08-14T17:04:28.847Z</time>
      </trkpt>
      <trkpt lat="47.556938" lon="11.289444">
        <ele>829.976032</ele>
        <time>2026-08-14T17:04:30.913Z</time>
      </trkpt>
      <trkpt lat="47.556657" lon="11.289657">
        <ele>829.759495</ele>
        <time>2026-08-14T17:04:35.922Z</time>
      </trkpt>
      <trkpt lat="47.556549" lon="11.289887">
        <ele>829.629769</ele>
        <time>2026-08-14T17:04:38.988Z</time>
      </trkpt>
      <trkpt lat="47.556501" lon="11.290130">
        <ele>829.512543</ele>
        <time>2026-08-14T17:04:41.913Z</time>
      </trkpt>
      <trkpt lat="47.556440" lon="11.290216">
        <ele>829.454780</ele>
        <time>2026-08-14T17:04:43.329Z</time>
      </trkpt>
      <trkpt lat="47.556346" lon="11.290258">
        <ele>829.370823</ele>
        <time>2026-08-14T17:04:44.937Z</time>
      </trkpt>
      <trkpt lat="47.556136" lon="11.290069">
        <ele>829.054694</ele>
        <time>2026-08-14T17:04:48.848Z</time>
      </trkpt>
      <trkpt lat="47.555748" lon="11.290036">
        <ele>828.554656</ele>
        <time>2026-08-14T17:04:55.112Z</time>
      </trkpt>
      <trkpt lat="47.555574" lon="11.289928">
        <ele>828.311932</ele>
        <time>2026-08-14T17:04:58.240Z</time>
      </trkpt>
      <trkpt lat="47.555332" lon="11.289863">
        <ele>827.995491</ele>
        <time>2026-08-14T17:05:02.394Z</time>
      </trkpt>
      <trkpt lat="47.555212" lon="11.289754">
        <ele>827.814393</ele>
        <time>2026-08-14T17:05:04.868Z</time>
      </trkpt>
      <trkpt lat="47.554369" lon="11.289645">
        <ele>826.955965</ele>
        <time>2026-08-14T17:05:20.831Z</time>
      </trkpt>
      <trkpt lat="47.553714" lon="11.289401">
        <ele>826.633042</ele>
        <time>2026-08-14T17:05:32.983Z</time>
      </trkpt>
      <trkpt lat="47.553624" lon="11.289425">
        <ele>826.589319</ele>
        <time>2026-08-14T17:05:34.609Z</time>
      </trkpt>
      <trkpt lat="47.553305" lon="11.290209">
        <ele>826.293907</ele>
        <time>2026-08-14T17:05:46.090Z</time>
      </trkpt>
      <trkpt lat="47.553288" lon="11.290549">
        <ele>826.412580</ele>
        <time>2026-08-14T17:05:50.506Z</time>
      </trkpt>
      <trkpt lat="47.553249" lon="11.290745">
        <ele>826.658865</ele>
        <time>2026-08-14T17:05:53.151Z</time>
      </trkpt>
      <trkpt lat="47.553198" lon="11.290864">
        <ele>826.828766</ele>
        <time>2026-08-14T17:05:54.990Z</time>
      </trkpt>
      <trkpt lat="47.553141" lon="11.290907">
        <ele>826.942992</ele>
        <time>2026-08-14T17:05:56.283Z</time>
      </trkpt>
      <trkpt lat="47.553057" lon="11.290918">
        <ele>827.093586</ele>
        <time>2026-08-14T17:05:58.084Z</time>
      </trkpt>
      <trkpt lat="47.552896" lon="11.290877">
        <ele>827.385320</ele>
        <time>2026-08-14T17:06:01.939Z</time>
      </trkpt>
      <trkpt lat="47.552309" lon="11.290513">
        <ele>828.521705</ele>
        <time>2026-08-14T17:06:21.639Z</time>
      </trkpt>
      <trkpt lat="47.552091" lon="11.290333">
        <ele>828.967385</ele>
        <time>2026-08-14T17:06:30.537Z</time>
      </trkpt>
      <trkpt lat="47.551921" lon="11.289685">
        <ele>829.909275</ele>
        <time>2026-08-14T17:06:46.605Z</time>
      </trkpt>
      <trkpt lat="47.551723" lon="11.289182">
        <ele>830.813129</ele>
        <time>2026-08-14T17:06:59.599Z</time>
      </trkpt>
      <trkpt lat="47.551259" lon="11.288895">
        <ele>831.969509</ele>
        <time>2026-08-14T17:07:15.157Z</time>
      </trkpt>
      <trkpt lat="47.550387" lon="11.288443">
        <ele>833.971726</ele>
        <time>2026-08-14T17:07:40.199Z</time>
      </trkpt>
      <trkpt lat="47.550080" lon="11.288009">
        <ele>834.714851</ele>
        <time>2026-08-14T17:07:50.978Z</time>
      </trkpt>
      <trkpt lat="47.549887" lon="11.287790">
        <ele>835.140592</ele>
        <time>2026-08-14T17:07:57.384Z</time>
      </trkpt>
      <trkpt lat="47.549723" lon="11.287464">
        <ele>835.621197</ele>
        <time>2026-08-14T17:08:05.083Z</time>
      </trkpt>
      <trkpt lat="47.549612" lon="11.287381">
        <ele>835.838946</ele>
        <time>2026-08-14T17:08:08.623Z</time>
      </trkpt>
      <trkpt lat="47.549442" lon="11.287159">
        <ele>836.235806</ele>
        <time>2026-08-14T17:08:15.378Z</time>
      </trkpt>
      <trkpt lat="47.549079" lon="11.286604">
        <ele>837.366432</ele>
        <time>2026-08-14T17:08:30.763Z</time>
      </trkpt>
      <trkpt lat="47.549045" lon="11.286517">
        <ele>837.546907</ele>
        <time>2026-08-14T17:08:32.792Z</time>
      </trkpt>
      <trkpt lat="47.549015" lon="11.286294">
        <ele>837.955116</ele>
        <time>2026-08-14T17:08:37.258Z</time>
      </trkpt>
      <trkpt lat="47.548979" lon="11.286218">
        <ele>838.121799</ele>
        <time>2026-08-14T17:08:39.024Z</time>
      </trkpt>
      <trkpt lat="47.548686" lon="11.286056">
        <ele>838.953604</ele>
        <time>2026-08-14T17:08:48.862Z</time>
      </trkpt>
      <trkpt lat="47.548558" lon="11.286019">
        <ele>839.300471</ele>
        <time>2026-08-14T17:08:53.216Z</time>
      </trkpt>
      <trkpt lat="47.548268" lon="11.286005">
        <ele>840.072208</ele>
        <time>2026-08-14T17:09:03.055Z</time>
      </trkpt>
      <trkpt lat="47.547961" lon="11.286134">
        <ele>840.920957</ele>
        <time>2026-08-14T17:09:14.039Z</time>
      </trkpt>
      <trkpt lat="47.547745" lon="11.286189">
        <ele>841.503886</ele>
        <time>2026-08-14T17:09:21.247Z</time>
      </trkpt>
      <trkpt lat="47.547458" lon="11.286206">
        <ele>841.990013</ele>
        <time>2026-08-14T17:09:30.372Z</time>
      </trkpt>
      <trkpt lat="47.547337" lon="11.286186">
        <ele>842.194375</ele>
        <time>2026-08-14T17:09:34.236Z</time>
      </trkpt>
      <trkpt lat="47.547000" lon="11.286047">
        <ele>842.781551</ele>
        <time>2026-08-14T17:09:45.143Z</time>
      </trkpt>
      <trkpt lat="47.546911" lon="11.286053">
        <ele>842.931094</ele>
        <time>2026-08-14T17:09:47.844Z</time>
      </trkpt>
      <trkpt lat="47.546076" lon="11.286686">
        <ele>844.505496</ele>
        <time>2026-08-14T17:10:11.801Z</time>
      </trkpt>
      <trkpt lat="47.545746" lon="11.287216">
        <ele>844.136149</ele>
        <time>2026-08-14T17:10:20.927Z</time>
      </trkpt>
      <trkpt lat="47.545524" lon="11.287438">
        <ele>843.909454</ele>
        <time>2026-08-14T17:10:25.762Z</time>
      </trkpt>
      <trkpt lat="47.545375" lon="11.287514">
        <ele>843.776078</ele>
        <time>2026-08-14T17:10:28.498Z</time>
      </trkpt>
      <trkpt lat="47.545025" lon="11.287594">
        <ele>843.476340</ele>
        <time>2026-08-14T17:10:34.535Z</time>
      </trkpt>
      <trkpt lat="47.544780" lon="11.287533">
        <ele>843.266069</ele>
        <time>2026-08-14T17:10:38.712Z</time>
      </trkpt>
      <trkpt lat="47.544670" lon="11.287538">
        <ele>843.172923</ele>
        <time>2026-08-14T17:10:40.556Z</time>
      </trkpt>
      <trkpt lat="47.544422" lon="11.287619">
        <ele>842.947729</ele>
        <time>2026-08-14T17:10:44.758Z</time>
      </trkpt>
      <trkpt lat="47.544131" lon="11.287856">
        <ele>842.612807</ele>
        <time>2026-08-14T17:10:50.157Z</time>
      </trkpt>
      <trkpt lat="47.544041" lon="11.287982">
        <ele>842.487916</ele>
        <time>2026-08-14T17:10:52.173Z</time>
      </trkpt>
      <trkpt lat="47.543892" lon="11.288393">
        <ele>842.170303</ele>
        <time>2026-08-14T17:10:57.690Z</time>
      </trkpt>
      <trkpt lat="47.543860" lon="11.288595">
        <ele>842.029043</ele>
        <time>2026-08-14T17:11:00.160Z</time>
      </trkpt>
      <trkpt lat="47.543854" lon="11.288768">
        <ele>841.911108</ele>
        <time>2026-08-14T17:11:02.251Z</time>
      </trkpt>
      <trkpt lat="47.543901" lon="11.289227">
        <ele>841.595041</ele>
        <time>2026-08-14T17:11:07.831Z</time>
      </trkpt>
      <trkpt lat="47.543884" lon="11.289416">
        <ele>841.465231</ele>
        <time>2026-08-14T17:11:10.113Z</time>
      </trkpt>
      <trkpt lat="47.543847" lon="11.289504">
        <ele>841.394649</ele>
        <time>2026-08-14T17:11:11.347Z</time>
      </trkpt>
      <trkpt lat="47.543768" lon="11.289682">
        <ele>841.249617</ele>
        <time>2026-08-14T17:11:13.957Z</time>
      </trkpt>
      <trkpt lat="47.543712" lon="11.289834">
        <ele>841.305611</ele>
        <time>2026-08-14T17:11:16.163Z</time>
      </trkpt>
      <trkpt lat="47.543105" lon="11.289531">
        <ele>842.369458</ele>
        <time>2026-08-14T17:11:27.425Z</time>
      </trkpt>
      <trkpt lat="47.542506" lon="11.289375">
        <ele>843.379580</ele>
        <time>2026-08-14T17:11:42.704Z</time>
      </trkpt>
      <trkpt lat="47.542367" lon="11.289308">
        <ele>843.622355</ele>
        <time>2026-08-14T17:11:46.799Z</time>
      </trkpt>
      <trkpt lat="47.541658" lon="11.289098">
        <ele>846.545113</ele>
        <time>2026-08-14T17:12:12.406Z</time>
      </trkpt>
      <trkpt lat="47.541075" lon="11.288737">
        <ele>850.424900</ele>
        <time>2026-08-14T17:12:41.182Z</time>
      </trkpt>
      <trkpt lat="47.540444" lon="11.288439">
        <ele>854.491394</ele>
        <time>2026-08-14T17:13:14.409Z</time>
      </trkpt>
      <trkpt lat="47.540319" lon="11.288315">
        <ele>855.465742</ele>
        <time>2026-08-14T17:13:22.064Z</time>
      </trkpt>
      <trkpt lat="47.540029" lon="11.288115">
        <ele>857.962862</ele>
        <time>2026-08-14T17:13:38.587Z</time>
      </trkpt>
      <trkpt lat="47.539436" lon="11.287900">
        <ele>862.728583</ele>
        <time>2026-08-14T17:14:11.341Z</time>
      </trkpt>
      <trkpt lat="47.539266" lon="11.287825">
        <ele>864.113245</ele>
        <time>2026-08-14T17:14:21.067Z</time>
      </trkpt>
      <trkpt lat="47.538007" lon="11.287077">
        <ele>873.255574</ele>
        <time>2026-08-14T17:15:31.406Z</time>
      </trkpt>
      <trkpt lat="47.537154" lon="11.286437">
        <ele>878.732232</ele>
        <time>2026-08-14T17:16:09.185Z</time>
      </trkpt>
      <trkpt lat="47.536294" lon="11.285782">
        <ele>883.129608</ele>
        <time>2026-08-14T17:16:39.370Z</time>
      </trkpt>
      <trkpt lat="47.535677" lon="11.285404">
        <ele>886.025181</ele>
        <time>2026-08-14T17:17:04.157Z</time>
      </trkpt>
      <trkpt lat="47.535069" lon="11.285311">
        <ele>888.557042</ele>
        <time>2026-08-14T17:17:30.841Z</time>
      </trkpt>
      <trkpt lat="47.534400" lon="11.285276">
        <ele>891.195631</ele>
        <time>2026-08-14T17:18:00.145Z</time>
      </trkpt>
      <trkpt lat="47.533711" lon="11.285169">
        <ele>893.926294</ele>
        <time>2026-08-14T17:18:21.664Z</time>
      </trkpt>
      <trkpt lat="47.533056" lon="11.284884">
        <ele>894.068082</ele>
        <time>2026-08-14T17:18:32.690Z</time>
      </trkpt>
      <trkpt lat="47.532772" lon="11.284692">
        <ele>893.844054</ele>
        <time>2026-08-14T17:18:36.963Z</time>
      </trkpt>
      <trkpt lat="47.532497" lon="11.284433">
        <ele>893.610192</ele>
        <time>2026-08-14T17:18:41.315Z</time>
      </trkpt>
      <trkpt lat="47.532282" lon="11.284337">
        <ele>893.449047</ele>
        <time>2026-08-14T17:18:44.428Z</time>
      </trkpt>
      <trkpt lat="47.532056" lon="11.284303">
        <ele>893.286032</ele>
        <time>2026-08-14T17:18:47.687Z</time>
      </trkpt>
      <trkpt lat="47.531719" lon="11.284164">
        <ele>893.392967</ele>
        <time>2026-08-14T17:18:53.378Z</time>
      </trkpt>
      <trkpt lat="47.531182" lon="11.284013">
        <ele>894.041058</ele>
        <time>2026-08-14T17:19:05.308Z</time>
      </trkpt>
      <trkpt lat="47.530813" lon="11.283975">
        <ele>894.479635</ele>
        <time>2026-08-14T17:19:14.327Z</time>
      </trkpt>
      <trkpt lat="47.530302" lon="11.283999">
        <ele>895.085829</ele>
        <time>2026-08-14T17:19:28.003Z</time>
      </trkpt>
      <trkpt lat="47.529172" lon="11.284117">
        <ele>896.218829</ele>
        <time>2026-08-14T17:19:56.861Z</time>
      </trkpt>
      <trkpt lat="47.529119" lon="11.284166">
        <ele>896.279089</ele>
        <time>2026-08-14T17:19:58.264Z</time>
      </trkpt>
      <trkpt lat="47.528672" lon="11.284164">
        <ele>896.710208</ele>
        <time>2026-08-14T17:20:07.447Z</time>
      </trkpt>
      <trkpt lat="47.528579" lon="11.284154">
        <ele>896.800140</ele>
        <time>2026-08-14T17:20:09.086Z</time>
      </trkpt>
      <trkpt lat="47.527999" lon="11.284089">
        <ele>896.119480</ele>
        <time>2026-08-14T17:20:17.983Z</time>
      </trkpt>
      <trkpt lat="47.527849" lon="11.284064">
        <ele>895.706796</ele>
        <time>2026-08-14T17:20:20.048Z</time>
      </trkpt>
      <trkpt lat="47.527743" lon="11.284056">
        <ele>895.416619</ele>
        <time>2026-08-14T17:20:21.438Z</time>
      </trkpt>
      <trkpt lat="47.527478" lon="11.284034">
        <ele>894.690980</ele>
        <time>2026-08-14T17:20:24.823Z</time>
      </trkpt>
      <trkpt lat="47.527210" lon="11.284083">
        <ele>893.952714</ele>
        <time>2026-08-14T17:20:28.240Z</time>
      </trkpt>
      <trkpt lat="47.526954" lon="11.284240">
        <ele>893.195179</ele>
        <time>2026-08-14T17:20:31.742Z</time>
      </trkpt>
      <trkpt lat="47.526697" lon="11.284464">
        <ele>892.379893</ele>
        <time>2026-08-14T17:20:35.398Z</time>
      </trkpt>
      <trkpt lat="47.526370" lon="11.284704">
        <ele>890.407652</ele>
        <time>2026-08-14T17:20:39.710Z</time>
      </trkpt>
      <trkpt lat="47.526213" lon="11.284538">
        <ele>889.183654</ele>
        <time>2026-08-14T17:20:41.920Z</time>
      </trkpt>
      <trkpt lat="47.525896" lon="11.284601">
        <ele>887.154266</ele>
        <time>2026-08-14T17:20:45.479Z</time>
      </trkpt>
      <trkpt lat="47.525661" lon="11.284545">
        <ele>885.644016</ele>
        <time>2026-08-14T17:20:48.095Z</time>
      </trkpt>
      <trkpt lat="47.525456" lon="11.284507">
        <ele>884.333146</ele>
        <time>2026-08-14T17:20:50.379Z</time>
      </trkpt>
      <trkpt lat="47.525105" lon="11.284470">
        <ele>882.100424</ele>
        <time>2026-08-14T17:20:54.222Z</time>
      </trkpt>
      <trkpt lat="47.524761" lon="11.284250">
        <ele>880.052869</ele>
        <time>2026-08-14T17:20:58.283Z</time>
      </trkpt>
      <trkpt lat="47.524083" lon="11.283897">
        <ele>877.020919</ele>
        <time>2026-08-14T17:21:06.449Z</time>
      </trkpt>
      <trkpt lat="47.523773" lon="11.283679">
        <ele>875.573134</ele>
        <time>2026-08-14T17:21:10.752Z</time>
      </trkpt>
      <trkpt lat="47.523559" lon="11.283473">
        <ele>874.496339</ele>
        <time>2026-08-14T17:21:14.341Z</time>
      </trkpt>
      <trkpt lat="47.523385" lon="11.283387">
        <ele>873.722468</ele>
        <time>2026-08-14T17:21:17.035Z</time>
      </trkpt>
      <trkpt lat="47.523167" lon="11.283183">
        <ele>872.958464</ele>
        <time>2026-08-14T17:21:21.209Z</time>
      </trkpt>
      <trkpt lat="47.523003" lon="11.283026">
        <ele>872.684877</ele>
        <time>2026-08-14T17:21:23.992Z</time>
      </trkpt>
      <trkpt lat="47.522679" lon="11.282473">
        <ele>871.992239</ele>
        <time>2026-08-14T17:21:31.377Z</time>
      </trkpt>
      <trkpt lat="47.522553" lon="11.282394">
        <ele>871.800547</ele>
        <time>2026-08-14T17:21:33.408Z</time>
      </trkpt>
      <trkpt lat="47.522341" lon="11.282082">
        <ele>871.381811</ele>
        <time>2026-08-14T17:21:37.670Z</time>
      </trkpt>
      <trkpt lat="47.522225" lon="11.282003">
        <ele>871.202937</ele>
        <time>2026-08-14T17:21:40.590Z</time>
      </trkpt>
      <trkpt lat="47.522120" lon="11.281837">
        <ele>870.987755</ele>
        <time>2026-08-14T17:21:44.145Z</time>
      </trkpt>
      <trkpt lat="47.521847" lon="11.281391">
        <ele>870.599682</ele>
        <time>2026-08-14T17:21:50.734Z</time>
      </trkpt>
      <trkpt lat="47.521716" lon="11.281294">
        <ele>870.599682</ele>
        <time>2026-08-14T17:21:53.077Z</time>
      </trkpt>
      <trkpt lat="47.521583" lon="11.281300">
        <ele>870.599682</ele>
        <time>2026-08-14T17:21:55.306Z</time>
      </trkpt>
      <trkpt lat="47.521367" lon="11.281448">
        <ele>870.599682</ele>
        <time>2026-08-14T17:21:59.509Z</time>
      </trkpt>
      <trkpt lat="47.521481" lon="11.281760">
        <ele>870.599682</ele>
        <time>2026-08-14T17:22:03.368Z</time>
      </trkpt>
      <trkpt lat="47.521727" lon="11.281901">
        <ele>870.599682</ele>
        <time>2026-08-14T17:22:07.431Z</time>
      </trkpt>
    </trkseg>
  </trk>
</gpx>