<?xml version='1.0' encoding='UTF-8'?>
<gpx version="1.1" creator="https://www.komoot.de" xmlns="http://www.topografix.com/GPX/1/1" xmlns:xsi="http://www.w3.org/2001/XMLSchema-instance" xsi:schemaLocation="http://www.topografix.com/GPX/1/1 http://www.topografix.com/GPX/1/1/gpx.xsd">
  <metadata>
    <name>Alpentour Tag 6: von Santa Catarina über Gaviapass und Tonalepass nach Madonna di Campiglio</name>
    <author>
      <link href="https://www.komoot.de">
        <text>komoot</text>
        <type>text/html</type>
      </link>
    </author>
  </metadata>
  <wpt lat="46.359669" lon="10.500519">
    <name>Gletscher am Passo Gavia</name>
    <sym>Flag, Blue</sym>
  </wpt>
  <wpt lat="46.258016" lon="10.577803">
    <name>Il Rododendro</name>
    <sym>Restaurant</sym>
  </wpt>
  <wpt lat="46.300687" lon="10.701633">
    <name>Trinkwasserstelle</name>
    <sym>Drinking Water</sym>
  </wpt>
  <trk>
    <name>Alpentour Tag 6: von Santa Catarina über Gaviapass und Tonalepass nach Madonna di Campiglio</name>
    <type>mtb_easy</type>
    <trkseg>
      <trkpt lat="46.412000" lon="10.494955">
        <ele>1743.462277</ele>
        <time>2026-08-14T12:15:00.773Z</time>
      </trkpt>
      <trkpt lat="46.411842" lon="10.494571">
        <ele>1743.462277</ele>
        <time>2026-08-14T12:15:15.464Z</time>
      </trkpt>
      <trkpt lat="46.411672" lon="10.494641">
        <ele>1743.462277</ele>
        <time>2026-08-14T12:15:24.003Z</time>
      </trkpt>
      <trkpt lat="46.411539" lon="10.494751">
        <ele>1743.462277</ele>
        <time>2026-08-14T12:15:32.052Z</time>
      </trkpt>
      <trkpt lat="46.411159" lon="10.495093">
        <ele>1744.372685</ele>
        <time>2026-08-14T12:15:59.188Z</time>
      </trkpt>
      <trkpt lat="46.410798" lon="10.495406">
        <ele>1746.430939</ele>
        <time>2026-08-14T12:16:23.863Z</time>
      </trkpt>
      <trkpt lat="46.410502" lon="10.495632">
        <ele>1748.067951</ele>
        <time>2026-08-14T12:16:40.027Z</time>
      </trkpt>
      <trkpt lat="46.410327" lon="10.495826">
        <ele>1749.145877</ele>
        <time>2026-08-14T12:16:49.629Z</time>
      </trkpt>
      <trkpt lat="46.410286" lon="10.495868">
        <ele>1749.391522</ele>
        <time>2026-08-14T12:16:51.707Z</time>
      </trkpt>
      <trkpt lat="46.410205" lon="10.495971">
        <ele>1749.918698</ele>
        <time>2026-08-14T12:16:56.038Z</time>
      </trkpt>
      <trkpt lat="46.410107" lon="10.496125">
        <ele>1750.625817</ele>
        <time>2026-08-14T12:17:01.499Z</time>
      </trkpt>
      <trkpt lat="46.410007" lon="10.496386">
        <ele>1751.633322</ele>
        <time>2026-08-14T12:17:09.109Z</time>
      </trkpt>
      <trkpt lat="46.409852" lon="10.496996">
        <ele>1754.176787</ele>
        <time>2026-08-14T12:17:25.152Z</time>
      </trkpt>
      <trkpt lat="46.409781" lon="10.497100">
        <ele>1754.781196</ele>
        <time>2026-08-14T12:17:28.768Z</time>
      </trkpt>
      <trkpt lat="46.409444" lon="10.497284">
        <ele>1756.937967</ele>
        <time>2026-08-14T12:17:42.077Z</time>
      </trkpt>
      <trkpt lat="46.409463" lon="10.497094">
        <ele>1757.730837</ele>
        <time>2026-08-14T12:17:48.387Z</time>
      </trkpt>
      <trkpt lat="46.409712" lon="10.496647">
        <ele>1760.104026</ele>
        <time>2026-08-14T12:18:11.539Z</time>
      </trkpt>
      <trkpt lat="46.409732" lon="10.496538">
        <ele>1760.569837</ele>
        <time>2026-08-14T12:18:16.935Z</time>
      </trkpt>
      <trkpt lat="46.409710" lon="10.496417">
        <ele>1761.086621</ele>
        <time>2026-08-14T12:18:23.129Z</time>
      </trkpt>
      <trkpt lat="46.409755" lon="10.496257">
        <ele>1761.800241</ele>
        <time>2026-08-14T12:18:32.224Z</time>
      </trkpt>
      <trkpt lat="46.409751" lon="10.496056">
        <ele>1762.630670</ele>
        <time>2026-08-14T12:18:43.285Z</time>
      </trkpt>
      <trkpt lat="46.409704" lon="10.496051">
        <ele>1762.912935</ele>
        <time>2026-08-14T12:18:47.209Z</time>
      </trkpt>
      <trkpt lat="46.409582" lon="10.496147">
        <ele>1764.286458</ele>
        <time>2026-08-14T12:18:58.972Z</time>
      </trkpt>
      <trkpt lat="46.409320" lon="10.496545">
        <ele>1768.302066</ele>
        <time>2026-08-14T12:19:33.057Z</time>
      </trkpt>
      <trkpt lat="46.409196" lon="10.496690">
        <ele>1769.987912</ele>
        <time>2026-08-14T12:19:46.778Z</time>
      </trkpt>
      <trkpt lat="46.408726" lon="10.496974">
        <ele>1775.376805</ele>
        <time>2026-08-14T12:20:27.886Z</time>
      </trkpt>
      <trkpt lat="46.408810" lon="10.496678">
        <ele>1777.712714</ele>
        <time>2026-08-14T12:20:45.670Z</time>
      </trkpt>
      <trkpt lat="46.409187" lon="10.496045">
        <ele>1783.593249</ele>
        <time>2026-08-14T12:21:30.595Z</time>
      </trkpt>
      <trkpt lat="46.409273" lon="10.495836">
        <ele>1785.141565</ele>
        <time>2026-08-14T12:21:42.972Z</time>
      </trkpt>
      <trkpt lat="46.409291" lon="10.495614">
        <ele>1786.563548</ele>
        <time>2026-08-14T12:21:53.663Z</time>
      </trkpt>
      <trkpt lat="46.409285" lon="10.494767">
        <ele>1791.952018</ele>
        <time>2026-08-14T12:22:29.446Z</time>
      </trkpt>
      <trkpt lat="46.409407" lon="10.494414">
        <ele>1794.463932</ele>
        <time>2026-08-14T12:22:49.764Z</time>
      </trkpt>
      <trkpt lat="46.409690" lon="10.493954">
        <ele>1798.385729</ele>
        <time>2026-08-14T12:23:23.725Z</time>
      </trkpt>
      <trkpt lat="46.409859" lon="10.493813">
        <ele>1799.875272</ele>
        <time>2026-08-14T12:23:37.413Z</time>
      </trkpt>
      <trkpt lat="46.409886" lon="10.493763">
        <ele>1800.196852</ele>
        <time>2026-08-14T12:23:40.485Z</time>
      </trkpt>
      <trkpt lat="46.409860" lon="10.493677">
        <ele>1800.672337</ele>
        <time>2026-08-14T12:23:45.024Z</time>
      </trkpt>
      <trkpt lat="46.409848" lon="10.493679">
        <ele>1800.761042</ele>
        <time>2026-08-14T12:23:45.734Z</time>
      </trkpt>
      <trkpt lat="46.409789" lon="10.493686">
        <ele>1801.195774</ele>
        <time>2026-08-14T12:23:49.416Z</time>
      </trkpt>
      <trkpt lat="46.409611" lon="10.493785">
        <ele>1802.595794</ele>
        <time>2026-08-14T12:24:01.312Z</time>
      </trkpt>
      <trkpt lat="46.409222" lon="10.494125">
        <ele>1805.931197</ele>
        <time>2026-08-14T12:24:28.194Z</time>
      </trkpt>
      <trkpt lat="46.408881" lon="10.494681">
        <ele>1809.699147</ele>
        <time>2026-08-14T12:24:58.364Z</time>
      </trkpt>
      <trkpt lat="46.408736" lon="10.495386">
        <ele>1813.683444</ele>
        <time>2026-08-14T12:25:22.130Z</time>
      </trkpt>
      <trkpt lat="46.408658" lon="10.495596">
        <ele>1815.093525</ele>
        <time>2026-08-14T12:25:29.752Z</time>
      </trkpt>
      <trkpt lat="46.408606" lon="10.495680">
        <ele>1815.760862</ele>
        <time>2026-08-14T12:25:33.522Z</time>
      </trkpt>
      <trkpt lat="46.408349" lon="10.495864">
        <ele>1818.218115</ele>
        <time>2026-08-14T12:25:50.033Z</time>
      </trkpt>
      <trkpt lat="46.407981" lon="10.496329">
        <ele>1822.402698</ele>
        <time>2026-08-14T12:26:29.044Z</time>
      </trkpt>
      <trkpt lat="46.407527" lon="10.496513">
        <ele>1826.444205</ele>
        <time>2026-08-14T12:27:06.080Z</time>
      </trkpt>
      <trkpt lat="46.406868" lon="10.496585">
        <ele>1833.466814</ele>
        <time>2026-08-14T12:27:53.900Z</time>
      </trkpt>
      <trkpt lat="46.406822" lon="10.496672">
        <ele>1834.297666</ele>
        <time>2026-08-14T12:27:59.784Z</time>
      </trkpt>
      <trkpt lat="46.406867" lon="10.496863">
        <ele>1835.827317</ele>
        <time>2026-08-14T12:28:11.268Z</time>
      </trkpt>
      <trkpt lat="46.406914" lon="10.497043">
        <ele>1837.285970</ele>
        <time>2026-08-14T12:28:22.438Z</time>
      </trkpt>
      <trkpt lat="46.406921" lon="10.497091">
        <ele>1837.657783</ele>
        <time>2026-08-14T12:28:25.332Z</time>
      </trkpt>
      <trkpt lat="46.406848" lon="10.497251">
        <ele>1839.111746</ele>
        <time>2026-08-14T12:28:36.476Z</time>
      </trkpt>
      <trkpt lat="46.406134" lon="10.498190">
        <ele>1849.949792</ele>
        <time>2026-08-14T12:29:52.870Z</time>
      </trkpt>
      <trkpt lat="46.405916" lon="10.498316">
        <ele>1852.768108</ele>
        <time>2026-08-14T12:30:17.933Z</time>
      </trkpt>
      <trkpt lat="46.405752" lon="10.498599">
        <ele>1855.829360</ele>
        <time>2026-08-14T12:30:44.207Z</time>
      </trkpt>
      <trkpt lat="46.405609" lon="10.498719">
        <ele>1857.813492</ele>
        <time>2026-08-14T12:30:59.903Z</time>
      </trkpt>
      <trkpt lat="46.405166" lon="10.498968">
        <ele>1863.519284</ele>
        <time>2026-08-14T12:31:40.105Z</time>
      </trkpt>
      <trkpt lat="46.405008" lon="10.498984">
        <ele>1865.421393</ele>
        <time>2026-08-14T12:31:52.393Z</time>
      </trkpt>
      <trkpt lat="46.404847" lon="10.499129">
        <ele>1867.697428</ele>
        <time>2026-08-14T12:32:06.760Z</time>
      </trkpt>
      <trkpt lat="46.404784" lon="10.499232">
        <ele>1868.787729</ele>
        <time>2026-08-14T12:32:14.006Z</time>
      </trkpt>
      <trkpt lat="46.404695" lon="10.499723">
        <ele>1871.760532</ele>
        <time>2026-08-14T12:32:39.360Z</time>
      </trkpt>
      <trkpt lat="46.404595" lon="10.499845">
        <ele>1872.870250</ele>
        <time>2026-08-14T12:32:48.169Z</time>
      </trkpt>
      <trkpt lat="46.404497" lon="10.499913">
        <ele>1873.792810</ele>
        <time>2026-08-14T12:32:56.731Z</time>
      </trkpt>
      <trkpt lat="46.404148" lon="10.499968">
        <ele>1876.773923</ele>
        <time>2026-08-14T12:33:21.894Z</time>
      </trkpt>
      <trkpt lat="46.404033" lon="10.500015">
        <ele>1877.788530</ele>
        <time>2026-08-14T12:33:30.007Z</time>
      </trkpt>
      <trkpt lat="46.403755" lon="10.500211">
        <ele>1880.413483</ele>
        <time>2026-08-14T12:33:49.906Z</time>
      </trkpt>
      <trkpt lat="46.403599" lon="10.500380">
        <ele>1882.067047</ele>
        <time>2026-08-14T12:34:01.831Z</time>
      </trkpt>
      <trkpt lat="46.403550" lon="10.500356">
        <ele>1882.506242</ele>
        <time>2026-08-14T12:34:05.258Z</time>
      </trkpt>
      <trkpt lat="46.403567" lon="10.500219">
        <ele>1883.321370</ele>
        <time>2026-08-14T12:34:10.635Z</time>
      </trkpt>
      <trkpt lat="46.403698" lon="10.500101">
        <ele>1884.247728</ele>
        <time>2026-08-14T12:34:18.953Z</time>
      </trkpt>
      <trkpt lat="46.403936" lon="10.499955">
        <ele>1885.222961</ele>
        <time>2026-08-14T12:34:31.233Z</time>
      </trkpt>
      <trkpt lat="46.404105" lon="10.499752">
        <ele>1886.051116</ele>
        <time>2026-08-14T12:34:39.976Z</time>
      </trkpt>
      <trkpt lat="46.404274" lon="10.499676">
        <ele>1886.718860</ele>
        <time>2026-08-14T12:34:46.665Z</time>
      </trkpt>
      <trkpt lat="46.404334" lon="10.499574">
        <ele>1887.067755</ele>
        <time>2026-08-14T12:34:50.022Z</time>
      </trkpt>
      <trkpt lat="46.404418" lon="10.499360">
        <ele>1887.708556</ele>
        <time>2026-08-14T12:34:56.219Z</time>
      </trkpt>
      <trkpt lat="46.404506" lon="10.498877">
        <ele>1889.008607</ele>
        <time>2026-08-14T12:35:04.906Z</time>
      </trkpt>
      <trkpt lat="46.404912" lon="10.498247">
        <ele>1891.540524</ele>
        <time>2026-08-14T12:35:27.670Z</time>
      </trkpt>
      <trkpt lat="46.405014" lon="10.498021">
        <ele>1892.630004</ele>
        <time>2026-08-14T12:35:35.947Z</time>
      </trkpt>
      <trkpt lat="46.405053" lon="10.497828">
        <ele>1893.441216</ele>
        <time>2026-08-14T12:35:42.593Z</time>
      </trkpt>
      <trkpt lat="46.405111" lon="10.497701">
        <ele>1894.055637</ele>
        <time>2026-08-14T12:35:48.084Z</time>
      </trkpt>
      <trkpt lat="46.405405" lon="10.497504">
        <ele>1895.950082</ele>
        <time>2026-08-14T12:36:06.558Z</time>
      </trkpt>
      <trkpt lat="46.405472" lon="10.497418">
        <ele>1896.473460</ele>
        <time>2026-08-14T12:36:11.901Z</time>
      </trkpt>
      <trkpt lat="46.405671" lon="10.496904">
        <ele>1898.851115</ele>
        <time>2026-08-14T12:36:35.176Z</time>
      </trkpt>
      <trkpt lat="46.405747" lon="10.496770">
        <ele>1899.550944</ele>
        <time>2026-08-14T12:36:42.094Z</time>
      </trkpt>
      <trkpt lat="46.405766" lon="10.496652">
        <ele>1900.039700</ele>
        <time>2026-08-14T12:36:47.104Z</time>
      </trkpt>
      <trkpt lat="46.405732" lon="10.496616">
        <ele>1900.285949</ele>
        <time>2026-08-14T12:36:49.429Z</time>
      </trkpt>
      <trkpt lat="46.405676" lon="10.496653">
        <ele>1900.645915</ele>
        <time>2026-08-14T12:36:53.092Z</time>
      </trkpt>
      <trkpt lat="46.405470" lon="10.497096">
        <ele>1903.168855</ele>
        <time>2026-08-14T12:37:14.411Z</time>
      </trkpt>
      <trkpt lat="46.405365" lon="10.497190">
        <ele>1904.061804</ele>
        <time>2026-08-14T12:37:21.125Z</time>
      </trkpt>
      <trkpt lat="46.404830" lon="10.497434">
        <ele>1908.120273</ele>
        <time>2026-08-14T12:37:51.268Z</time>
      </trkpt>
      <trkpt lat="46.403552" lon="10.499076">
        <ele>1922.009953</ele>
        <time>2026-08-14T12:39:41.218Z</time>
      </trkpt>
      <trkpt lat="46.403490" lon="10.499097">
        <ele>1922.584492</ele>
        <time>2026-08-14T12:39:46.034Z</time>
      </trkpt>
      <trkpt lat="46.403451" lon="10.499066">
        <ele>1922.985824</ele>
        <time>2026-08-14T12:39:49.671Z</time>
      </trkpt>
      <trkpt lat="46.403455" lon="10.498938">
        <ele>1923.783142</ele>
        <time>2026-08-14T12:39:56.784Z</time>
      </trkpt>
      <trkpt lat="46.403649" lon="10.498730">
        <ele>1925.960288</ele>
        <time>2026-08-14T12:40:15.843Z</time>
      </trkpt>
      <trkpt lat="46.403769" lon="10.498510">
        <ele>1927.705770</ele>
        <time>2026-08-14T12:40:30.927Z</time>
      </trkpt>
      <trkpt lat="46.403906" lon="10.498139">
        <ele>1930.324541</ele>
        <time>2026-08-14T12:40:52.160Z</time>
      </trkpt>
      <trkpt lat="46.404077" lon="10.497798">
        <ele>1932.607684</ele>
        <time>2026-08-14T12:41:12.379Z</time>
      </trkpt>
      <trkpt lat="46.404125" lon="10.497452">
        <ele>1934.498775</ele>
        <time>2026-08-14T12:41:27.140Z</time>
      </trkpt>
      <trkpt lat="46.404187" lon="10.497318">
        <ele>1935.363427</ele>
        <time>2026-08-14T12:41:33.560Z</time>
      </trkpt>
      <trkpt lat="46.404607" lon="10.496798">
        <ele>1939.654597</ele>
        <time>2026-08-14T12:42:04.611Z</time>
      </trkpt>
      <trkpt lat="46.404871" lon="10.496053">
        <ele>1944.142679</ele>
        <time>2026-08-14T12:42:39.323Z</time>
      </trkpt>
      <trkpt lat="46.404939" lon="10.495457">
        <ele>1947.491609</ele>
        <time>2026-08-14T12:43:06.843Z</time>
      </trkpt>
      <trkpt lat="46.404970" lon="10.495381">
        <ele>1947.982980</ele>
        <time>2026-08-14T12:43:11.058Z</time>
      </trkpt>
      <trkpt lat="46.405038" lon="10.495318">
        <ele>1948.634164</ele>
        <time>2026-08-14T12:43:16.814Z</time>
      </trkpt>
      <trkpt lat="46.405213" lon="10.495239">
        <ele>1950.113252</ele>
        <time>2026-08-14T12:43:29.783Z</time>
      </trkpt>
      <trkpt lat="46.405258" lon="10.495184">
        <ele>1950.588172</ele>
        <time>2026-08-14T12:43:33.996Z</time>
      </trkpt>
      <trkpt lat="46.405400" lon="10.494856">
        <ele>1952.743301</ele>
        <time>2026-08-14T12:43:52.672Z</time>
      </trkpt>
      <trkpt lat="46.405571" lon="10.494680">
        <ele>1954.435488</ele>
        <time>2026-08-14T12:44:07.096Z</time>
      </trkpt>
      <trkpt lat="46.405867" lon="10.494177">
        <ele>1958.115221</ele>
        <time>2026-08-14T12:44:35.319Z</time>
      </trkpt>
      <trkpt lat="46.405862" lon="10.494058">
        <ele>1958.778639</ele>
        <time>2026-08-14T12:44:39.402Z</time>
      </trkpt>
      <trkpt lat="46.405821" lon="10.494021">
        <ele>1959.151160</ele>
        <time>2026-08-14T12:44:42.031Z</time>
      </trkpt>
      <trkpt lat="46.405791" lon="10.494031">
        <ele>1959.375906</ele>
        <time>2026-08-14T12:44:43.617Z</time>
      </trkpt>
      <trkpt lat="46.405588" lon="10.494450">
        <ele>1961.953987</ele>
        <time>2026-08-14T12:45:02.379Z</time>
      </trkpt>
      <trkpt lat="46.405301" lon="10.494636">
        <ele>1964.249135</ele>
        <time>2026-08-14T12:45:19.979Z</time>
      </trkpt>
      <trkpt lat="46.405152" lon="10.494839">
        <ele>1965.741773</ele>
        <time>2026-08-14T12:45:31.785Z</time>
      </trkpt>
      <trkpt lat="46.405025" lon="10.494911">
        <ele>1966.737354</ele>
        <time>2026-08-14T12:45:39.556Z</time>
      </trkpt>
      <trkpt lat="46.404716" lon="10.494988">
        <ele>1969.026473</ele>
        <time>2026-08-14T12:45:58.358Z</time>
      </trkpt>
      <trkpt lat="46.404392" lon="10.495300">
        <ele>1971.866072</ele>
        <time>2026-08-14T12:46:22.807Z</time>
      </trkpt>
      <trkpt lat="46.403796" lon="10.496125">
        <ele>1978.638592</ele>
        <time>2026-08-14T12:47:22.318Z</time>
      </trkpt>
      <trkpt lat="46.403418" lon="10.496170">
        <ele>1981.771498</ele>
        <time>2026-08-14T12:47:47.815Z</time>
      </trkpt>
      <trkpt lat="46.403144" lon="10.496317">
        <ele>1984.184749</ele>
        <time>2026-08-14T12:48:05.865Z</time>
      </trkpt>
      <trkpt lat="46.402903" lon="10.496727">
        <ele>1987.199380</ele>
        <time>2026-08-14T12:48:27.691Z</time>
      </trkpt>
      <trkpt lat="46.402730" lon="10.497129">
        <ele>1989.369151</ele>
        <time>2026-08-14T12:48:46.527Z</time>
      </trkpt>
      <trkpt lat="46.402405" lon="10.497385">
        <ele>1991.825010</ele>
        <time>2026-08-14T12:49:07.209Z</time>
      </trkpt>
      <trkpt lat="46.402148" lon="10.497699">
        <ele>1994.056481</ele>
        <time>2026-08-14T12:49:25.224Z</time>
      </trkpt>
      <trkpt lat="46.401474" lon="10.498119">
        <ele>1998.928189</ele>
        <time>2026-08-14T12:50:05.362Z</time>
      </trkpt>
      <trkpt lat="46.400835" lon="10.498273">
        <ele>2003.563988</ele>
        <time>2026-08-14T12:50:43.906Z</time>
      </trkpt>
      <trkpt lat="46.400575" lon="10.498457">
        <ele>2005.634472</ele>
        <time>2026-08-14T12:51:01.742Z</time>
      </trkpt>
      <trkpt lat="46.400292" lon="10.498600">
        <ele>2007.779233</ele>
        <time>2026-08-14T12:51:20.172Z</time>
      </trkpt>
      <trkpt lat="46.399866" lon="10.498646">
        <ele>2010.836389</ele>
        <time>2026-08-14T12:51:45.813Z</time>
      </trkpt>
      <trkpt lat="46.399639" lon="10.498636">
        <ele>2012.439252</ele>
        <time>2026-08-14T12:51:58.455Z</time>
      </trkpt>
      <trkpt lat="46.399415" lon="10.498787">
        <ele>2014.147772</ele>
        <time>2026-08-14T12:52:13.169Z</time>
      </trkpt>
      <trkpt lat="46.399090" lon="10.498878">
        <ele>2016.437151</ele>
        <time>2026-08-14T12:52:33.001Z</time>
      </trkpt>
      <trkpt lat="46.398945" lon="10.499033">
        <ele>2017.683098</ele>
        <time>2026-08-14T12:52:43.698Z</time>
      </trkpt>
      <trkpt lat="46.398746" lon="10.499126">
        <ele>2019.129195</ele>
        <time>2026-08-14T12:52:55.753Z</time>
      </trkpt>
      <trkpt lat="46.398686" lon="10.499106">
        <ele>2019.555007</ele>
        <time>2026-08-14T12:52:59.488Z</time>
      </trkpt>
      <trkpt lat="46.398657" lon="10.499020">
        <ele>2020.011627</ele>
        <time>2026-08-14T12:53:03.289Z</time>
      </trkpt>
      <trkpt lat="46.398668" lon="10.498952">
        <ele>2020.344780</ele>
        <time>2026-08-14T12:53:06.023Z</time>
      </trkpt>
      <trkpt lat="46.399010" lon="10.498514">
        <ele>2023.500727</ele>
        <time>2026-08-14T12:53:30.946Z</time>
      </trkpt>
      <trkpt lat="46.399186" lon="10.498392">
        <ele>2025.011262</ele>
        <time>2026-08-14T12:53:41.353Z</time>
      </trkpt>
      <trkpt lat="46.399480" lon="10.498090">
        <ele>2028.154980</ele>
        <time>2026-08-14T12:54:02.807Z</time>
      </trkpt>
      <trkpt lat="46.399978" lon="10.497849">
        <ele>2032.735844</ele>
        <time>2026-08-14T12:54:35.615Z</time>
      </trkpt>
      <trkpt lat="46.400353" lon="10.497468">
        <ele>2036.731099</ele>
        <time>2026-08-14T12:55:07.491Z</time>
      </trkpt>
      <trkpt lat="46.401176" lon="10.495624">
        <ele>2051.696193</ele>
        <time>2026-08-14T12:57:15.473Z</time>
      </trkpt>
      <trkpt lat="46.401220" lon="10.495264">
        <ele>2054.279960</ele>
        <time>2026-08-14T12:57:34.440Z</time>
      </trkpt>
      <trkpt lat="46.401207" lon="10.495049">
        <ele>2055.805192</ele>
        <time>2026-08-14T12:57:44.603Z</time>
      </trkpt>
      <trkpt lat="46.401157" lon="10.494734">
        <ele>2058.089505</ele>
        <time>2026-08-14T12:57:58.396Z</time>
      </trkpt>
      <trkpt lat="46.401248" lon="10.494210">
        <ele>2060.752293</ele>
        <time>2026-08-14T12:58:18.297Z</time>
      </trkpt>
      <trkpt lat="46.401520" lon="10.493430">
        <ele>2064.917192</ele>
        <time>2026-08-14T12:58:51.234Z</time>
      </trkpt>
      <trkpt lat="46.401660" lon="10.493192">
        <ele>2066.407805</ele>
        <time>2026-08-14T12:59:01.229Z</time>
      </trkpt>
      <trkpt lat="46.401810" lon="10.492295">
        <ele>2070.814620</ele>
        <time>2026-08-14T12:59:34.732Z</time>
      </trkpt>
      <trkpt lat="46.401822" lon="10.491736">
        <ele>2074.768900</ele>
        <time>2026-08-14T13:00:04.276Z</time>
      </trkpt>
      <trkpt lat="46.401797" lon="10.491684">
        <ele>2075.217093</ele>
        <time>2026-08-14T13:00:08.109Z</time>
      </trkpt>
      <trkpt lat="46.401742" lon="10.491673">
        <ele>2075.786345</ele>
        <time>2026-08-14T13:00:13.198Z</time>
      </trkpt>
      <trkpt lat="46.401634" lon="10.491979">
        <ele>2078.216803</ele>
        <time>2026-08-14T13:00:34.593Z</time>
      </trkpt>
      <trkpt lat="46.401455" lon="10.492305">
        <ele>2081.163182</ele>
        <time>2026-08-14T13:00:59.071Z</time>
      </trkpt>
      <trkpt lat="46.401284" lon="10.492474">
        <ele>2083.284910</ele>
        <time>2026-08-14T13:01:15.912Z</time>
      </trkpt>
      <trkpt lat="46.400909" lon="10.493007">
        <ele>2088.668703</ele>
        <time>2026-08-14T13:01:55.502Z</time>
      </trkpt>
      <trkpt lat="46.400672" lon="10.493681">
        <ele>2093.303346</ele>
        <time>2026-08-14T13:02:33.499Z</time>
      </trkpt>
      <trkpt lat="46.400478" lon="10.494365">
        <ele>2097.752263</ele>
        <time>2026-08-14T13:03:05.048Z</time>
      </trkpt>
      <trkpt lat="46.400290" lon="10.494709">
        <ele>2100.392571</ele>
        <time>2026-08-14T13:03:22.766Z</time>
      </trkpt>
      <trkpt lat="46.400073" lon="10.495411">
        <ele>2105.033986</ele>
        <time>2026-08-14T13:03:58.504Z</time>
      </trkpt>
      <trkpt lat="46.399949" lon="10.495592">
        <ele>2106.776477</ele>
        <time>2026-08-14T13:04:11.613Z</time>
      </trkpt>
      <trkpt lat="46.399729" lon="10.495718">
        <ele>2109.119072</ele>
        <time>2026-08-14T13:04:29.987Z</time>
      </trkpt>
      <trkpt lat="46.399554" lon="10.495754">
        <ele>2110.869567</ele>
        <time>2026-08-14T13:04:43.882Z</time>
      </trkpt>
      <trkpt lat="46.398982" lon="10.495627">
        <ele>2116.600486</ele>
        <time>2026-08-14T13:05:28.879Z</time>
      </trkpt>
      <trkpt lat="46.398847" lon="10.495629">
        <ele>2117.937550</ele>
        <time>2026-08-14T13:05:38.954Z</time>
      </trkpt>
      <trkpt lat="46.398604" lon="10.495738">
        <ele>2120.456658</ele>
        <time>2026-08-14T13:05:57.430Z</time>
      </trkpt>
      <trkpt lat="46.398559" lon="10.495656">
        <ele>2121.172394</ele>
        <time>2026-08-14T13:06:02.583Z</time>
      </trkpt>
      <trkpt lat="46.398590" lon="10.495571">
        <ele>2121.829121</ele>
        <time>2026-08-14T13:06:07.331Z</time>
      </trkpt>
      <trkpt lat="46.398850" lon="10.495306">
        <ele>2124.827939</ele>
        <time>2026-08-14T13:06:30.146Z</time>
      </trkpt>
      <trkpt lat="46.399065" lon="10.495264">
        <ele>2126.834241</ele>
        <time>2026-08-14T13:06:45.662Z</time>
      </trkpt>
      <trkpt lat="46.399347" lon="10.494973">
        <ele>2130.035169</ele>
        <time>2026-08-14T13:07:11.435Z</time>
      </trkpt>
      <trkpt lat="46.399547" lon="10.494864">
        <ele>2132.011113</ele>
        <time>2026-08-14T13:07:28.773Z</time>
      </trkpt>
      <trkpt lat="46.399635" lon="10.494770">
        <ele>2133.021920</ele>
        <time>2026-08-14T13:07:36.886Z</time>
      </trkpt>
      <trkpt lat="46.399698" lon="10.494629">
        <ele>2134.093423</ele>
        <time>2026-08-14T13:07:44.842Z</time>
      </trkpt>
      <trkpt lat="46.399797" lon="10.494060">
        <ele>2137.836047</ele>
        <time>2026-08-14T13:08:10.988Z</time>
      </trkpt>
      <trkpt lat="46.399913" lon="10.493685">
        <ele>2140.394482</ele>
        <time>2026-08-14T13:08:28.156Z</time>
      </trkpt>
      <trkpt lat="46.399910" lon="10.493572">
        <ele>2141.074216</ele>
        <time>2026-08-14T13:08:32.943Z</time>
      </trkpt>
      <trkpt lat="46.399888" lon="10.493545">
        <ele>2141.325433</ele>
        <time>2026-08-14T13:08:34.993Z</time>
      </trkpt>
      <trkpt lat="46.399846" lon="10.493558">
        <ele>2141.699761</ele>
        <time>2026-08-14T13:08:37.622Z</time>
      </trkpt>
      <trkpt lat="46.399752" lon="10.493778">
        <ele>2143.255406</ele>
        <time>2026-08-14T13:08:49.082Z</time>
      </trkpt>
      <trkpt lat="46.399309" lon="10.494432">
        <ele>2148.765710</ele>
        <time>2026-08-14T13:09:32.689Z</time>
      </trkpt>
      <trkpt lat="46.399221" lon="10.494529">
        <ele>2149.729191</ele>
        <time>2026-08-14T13:09:40.607Z</time>
      </trkpt>
      <trkpt lat="46.399135" lon="10.494549">
        <ele>2150.488365</ele>
        <time>2026-08-14T13:09:46.582Z</time>
      </trkpt>
      <trkpt lat="46.398727" lon="10.494503">
        <ele>2154.055317</ele>
        <time>2026-08-14T13:10:14.108Z</time>
      </trkpt>
      <trkpt lat="46.398181" lon="10.494357">
        <ele>2159.670842</ele>
        <time>2026-08-14T13:10:53.192Z</time>
      </trkpt>
      <trkpt lat="46.398065" lon="10.494381">
        <ele>2160.897997</ele>
        <time>2026-08-14T13:11:02.421Z</time>
      </trkpt>
      <trkpt lat="46.397881" lon="10.494512">
        <ele>2163.044752</ele>
        <time>2026-08-14T13:11:19.095Z</time>
      </trkpt>
      <trkpt lat="46.397636" lon="10.494909">
        <ele>2166.892526</ele>
        <time>2026-08-14T13:11:48.376Z</time>
      </trkpt>
      <trkpt lat="46.397472" lon="10.495119">
        <ele>2169.183922</ele>
        <time>2026-08-14T13:12:06.200Z</time>
      </trkpt>
      <trkpt lat="46.397152" lon="10.495403">
        <ele>2173.113151</ele>
        <time>2026-08-14T13:12:35.028Z</time>
      </trkpt>
      <trkpt lat="46.396791" lon="10.495617">
        <ele>2177.875287</ele>
        <time>2026-08-14T13:13:05.210Z</time>
      </trkpt>
      <trkpt lat="46.396394" lon="10.495805">
        <ele>2183.142570</ele>
        <time>2026-08-14T13:13:45.103Z</time>
      </trkpt>
      <trkpt lat="46.396155" lon="10.495870">
        <ele>2186.209436</ele>
        <time>2026-08-14T13:14:09.146Z</time>
      </trkpt>
      <trkpt lat="46.395787" lon="10.495900">
        <ele>2190.858032</ele>
        <time>2026-08-14T13:14:45.531Z</time>
      </trkpt>
      <trkpt lat="46.395688" lon="10.496013">
        <ele>2192.447090</ele>
        <time>2026-08-14T13:14:57.506Z</time>
      </trkpt>
      <trkpt lat="46.395560" lon="10.496244">
        <ele>2195.024575</ele>
        <time>2026-08-14T13:15:16.357Z</time>
      </trkpt>
      <trkpt lat="46.395171" lon="10.496487">
        <ele>2198.773902</ele>
        <time>2026-08-14T13:15:51.728Z</time>
      </trkpt>
      <trkpt lat="46.394972" lon="10.496684">
        <ele>2200.539766</ele>
        <time>2026-08-14T13:16:08.786Z</time>
      </trkpt>
      <trkpt lat="46.394523" lon="10.497284">
        <ele>2205.014601</ele>
        <time>2026-08-14T13:16:42.847Z</time>
      </trkpt>
      <trkpt lat="46.394296" lon="10.497635">
        <ele>2207.446652</ele>
        <time>2026-08-14T13:16:58.156Z</time>
      </trkpt>
      <trkpt lat="46.394180" lon="10.497899">
        <ele>2209.028806</ele>
        <time>2026-08-14T13:17:07.206Z</time>
      </trkpt>
      <trkpt lat="46.394030" lon="10.498130">
        <ele>2210.569297</ele>
        <time>2026-08-14T13:17:16.289Z</time>
      </trkpt>
      <trkpt lat="46.393838" lon="10.498320">
        <ele>2212.151500</ele>
        <time>2026-08-14T13:17:25.712Z</time>
      </trkpt>
      <trkpt lat="46.393151" lon="10.498803">
        <ele>2217.348265</ele>
        <time>2026-08-14T13:18:02.967Z</time>
      </trkpt>
      <trkpt lat="46.392376" lon="10.499573">
        <ele>2223.757486</ele>
        <time>2026-08-14T13:19:13.427Z</time>
      </trkpt>
      <trkpt lat="46.392084" lon="10.499778">
        <ele>2225.984007</ele>
        <time>2026-08-14T13:19:38.352Z</time>
      </trkpt>
      <trkpt lat="46.391810" lon="10.499899">
        <ele>2227.949716</ele>
        <time>2026-08-14T13:19:57.775Z</time>
      </trkpt>
      <trkpt lat="46.391428" lon="10.499947">
        <ele>2230.581148</ele>
        <time>2026-08-14T13:20:19.349Z</time>
      </trkpt>
      <trkpt lat="46.391274" lon="10.500008">
        <ele>2231.676758</ele>
        <time>2026-08-14T13:20:26.831Z</time>
      </trkpt>
      <trkpt lat="46.391137" lon="10.500140">
        <ele>2232.805650</ele>
        <time>2026-08-14T13:20:33.615Z</time>
      </trkpt>
      <trkpt lat="46.390699" lon="10.500787">
        <ele>2235.822674</ele>
        <time>2026-08-14T13:20:53.391Z</time>
      </trkpt>
      <trkpt lat="46.390564" lon="10.500882">
        <ele>2236.377859</ele>
        <time>2026-08-14T13:20:57.271Z</time>
      </trkpt>
      <trkpt lat="46.390239" lon="10.500979">
        <ele>2237.605477</ele>
        <time>2026-08-14T13:21:05.963Z</time>
      </trkpt>
      <trkpt lat="46.389965" lon="10.500985">
        <ele>2238.619311</ele>
        <time>2026-08-14T13:21:14.954Z</time>
      </trkpt>
      <trkpt lat="46.389151" lon="10.500340">
        <ele>2243.561351</ele>
        <time>2026-08-14T13:22:04.008Z</time>
      </trkpt>
      <trkpt lat="46.389088" lon="10.500319">
        <ele>2244.139741</ele>
        <time>2026-08-14T13:22:08.469Z</time>
      </trkpt>
      <trkpt lat="46.389001" lon="10.500348">
        <ele>2244.938470</ele>
        <time>2026-08-14T13:22:14.828Z</time>
      </trkpt>
      <trkpt lat="46.388948" lon="10.500397">
        <ele>2245.500896</ele>
        <time>2026-08-14T13:22:19.355Z</time>
      </trkpt>
      <trkpt lat="46.388844" lon="10.500573">
        <ele>2246.931168</ele>
        <time>2026-08-14T13:22:31.269Z</time>
      </trkpt>
      <trkpt lat="46.388771" lon="10.500608">
        <ele>2247.619115</ele>
        <time>2026-08-14T13:22:37.157Z</time>
      </trkpt>
      <trkpt lat="46.388708" lon="10.500556">
        <ele>2248.267751</ele>
        <time>2026-08-14T13:22:42.706Z</time>
      </trkpt>
      <trkpt lat="46.388260" lon="10.499983">
        <ele>2253.613108</ele>
        <time>2026-08-14T13:23:28.110Z</time>
      </trkpt>
      <trkpt lat="46.387795" lon="10.499657">
        <ele>2258.163252</ele>
        <time>2026-08-14T13:24:06.202Z</time>
      </trkpt>
      <trkpt lat="46.387391" lon="10.499420">
        <ele>2261.821902</ele>
        <time>2026-08-14T13:24:36.006Z</time>
      </trkpt>
      <trkpt lat="46.387202" lon="10.499349">
        <ele>2263.460926</ele>
        <time>2026-08-14T13:24:48.360Z</time>
      </trkpt>
      <trkpt lat="46.387007" lon="10.499425">
        <ele>2265.156042</ele>
        <time>2026-08-14T13:25:00.867Z</time>
      </trkpt>
      <trkpt lat="46.386670" lon="10.499402">
        <ele>2267.988232</ele>
        <time>2026-08-14T13:25:21.517Z</time>
      </trkpt>
      <trkpt lat="46.386560" lon="10.499380">
        <ele>2268.920409</ele>
        <time>2026-08-14T13:25:28.266Z</time>
      </trkpt>
      <trkpt lat="46.386466" lon="10.499322">
        <ele>2269.778023</ele>
        <time>2026-08-14T13:25:34.803Z</time>
      </trkpt>
      <trkpt lat="46.386187" lon="10.499025">
        <ele>2272.760520</ele>
        <time>2026-08-14T13:25:57.750Z</time>
      </trkpt>
      <trkpt lat="46.385934" lon="10.498532">
        <ele>2276.859648</ele>
        <time>2026-08-14T13:26:25.326Z</time>
      </trkpt>
      <trkpt lat="46.385609" lon="10.497766">
        <ele>2282.858907</ele>
        <time>2026-08-14T13:27:09.258Z</time>
      </trkpt>
      <trkpt lat="46.385392" lon="10.497292">
        <ele>2286.654025</ele>
        <time>2026-08-14T13:27:38.248Z</time>
      </trkpt>
      <trkpt lat="46.385205" lon="10.496978">
        <ele>2289.421413</ele>
        <time>2026-08-14T13:28:01.510Z</time>
      </trkpt>
      <trkpt lat="46.384981" lon="10.496737">
        <ele>2293.314931</ele>
        <time>2026-08-14T13:28:26.032Z</time>
      </trkpt>
      <trkpt lat="46.384918" lon="10.496683">
        <ele>2294.355254</ele>
        <time>2026-08-14T13:28:32.499Z</time>
      </trkpt>
      <trkpt lat="46.384836" lon="10.496613">
        <ele>2295.707902</ele>
        <time>2026-08-14T13:28:41.115Z</time>
      </trkpt>
      <trkpt lat="46.384669" lon="10.496517">
        <ele>2298.261512</ele>
        <time>2026-08-14T13:28:57.840Z</time>
      </trkpt>
      <trkpt lat="46.384477" lon="10.496435">
        <ele>2301.106633</ele>
        <time>2026-08-14T13:29:18.093Z</time>
      </trkpt>
      <trkpt lat="46.384366" lon="10.496425">
        <ele>2302.687465</ele>
        <time>2026-08-14T13:29:29.643Z</time>
      </trkpt>
      <trkpt lat="46.384249" lon="10.496515">
        <ele>2304.570171</ele>
        <time>2026-08-14T13:29:43.700Z</time>
      </trkpt>
      <trkpt lat="46.384194" lon="10.496634">
        <ele>2305.974694</ele>
        <time>2026-08-14T13:29:54.421Z</time>
      </trkpt>
      <trkpt lat="46.384164" lon="10.496753">
        <ele>2307.217006</ele>
        <time>2026-08-14T13:30:03.674Z</time>
      </trkpt>
      <trkpt lat="46.384151" lon="10.497120">
        <ele>2310.820297</ele>
        <time>2026-08-14T13:30:30.625Z</time>
      </trkpt>
      <trkpt lat="46.384095" lon="10.497682">
        <ele>2316.206506</ele>
        <time>2026-08-14T13:31:13.244Z</time>
      </trkpt>
      <trkpt lat="46.384113" lon="10.498086">
        <ele>2319.598501</ele>
        <time>2026-08-14T13:31:42.512Z</time>
      </trkpt>
      <trkpt lat="46.384160" lon="10.498476">
        <ele>2322.915631</ele>
        <time>2026-08-14T13:32:08.527Z</time>
      </trkpt>
      <trkpt lat="46.384355" lon="10.499225">
        <ele>2329.623234</ele>
        <time>2026-08-14T13:32:54.814Z</time>
      </trkpt>
      <trkpt lat="46.384513" lon="10.499640">
        <ele>2333.594752</ele>
        <time>2026-08-14T13:33:19.461Z</time>
      </trkpt>
      <trkpt lat="46.384546" lon="10.499795">
        <ele>2334.953867</ele>
        <time>2026-08-14T13:33:27.471Z</time>
      </trkpt>
      <trkpt lat="46.384532" lon="10.500035">
        <ele>2336.971884</ele>
        <time>2026-08-14T13:33:39.216Z</time>
      </trkpt>
      <trkpt lat="46.384562" lon="10.500216">
        <ele>2338.035139</ele>
        <time>2026-08-14T13:33:48.143Z</time>
      </trkpt>
      <trkpt lat="46.384774" lon="10.500542">
        <ele>2340.582808</ele>
        <time>2026-08-14T13:34:09.417Z</time>
      </trkpt>
      <trkpt lat="46.384816" lon="10.500696">
        <ele>2341.524474</ele>
        <time>2026-08-14T13:34:17.182Z</time>
      </trkpt>
      <trkpt lat="46.384850" lon="10.501178">
        <ele>2344.279617</ele>
        <time>2026-08-14T13:34:39.105Z</time>
      </trkpt>
      <trkpt lat="46.384763" lon="10.501567">
        <ele>2346.604989</ele>
        <time>2026-08-14T13:34:56.749Z</time>
      </trkpt>
      <trkpt lat="46.384614" lon="10.501983">
        <ele>2349.270414</ele>
        <time>2026-08-14T13:35:16.403Z</time>
      </trkpt>
      <trkpt lat="46.384407" lon="10.502126">
        <ele>2351.160651</ele>
        <time>2026-08-14T13:35:29.958Z</time>
      </trkpt>
      <trkpt lat="46.384276" lon="10.502495">
        <ele>2353.935069</ele>
        <time>2026-08-14T13:35:47.075Z</time>
      </trkpt>
      <trkpt lat="46.384025" lon="10.502931">
        <ele>2357.948548</ele>
        <time>2026-08-14T13:36:11.953Z</time>
      </trkpt>
      <trkpt lat="46.383626" lon="10.503244">
        <ele>2362.596585</ele>
        <time>2026-08-14T13:36:44.459Z</time>
      </trkpt>
      <trkpt lat="46.383468" lon="10.503337">
        <ele>2364.343697</ele>
        <time>2026-08-14T13:36:58.387Z</time>
      </trkpt>
      <trkpt lat="46.383313" lon="10.503385">
        <ele>2365.967553</ele>
        <time>2026-08-14T13:37:11.994Z</time>
      </trkpt>
      <trkpt lat="46.382915" lon="10.503419">
        <ele>2370.052265</ele>
        <time>2026-08-14T13:37:49.169Z</time>
      </trkpt>
      <trkpt lat="46.382514" lon="10.503563">
        <ele>2375.115775</ele>
        <time>2026-08-14T13:38:29.984Z</time>
      </trkpt>
      <trkpt lat="46.382073" lon="10.503493">
        <ele>2380.595000</ele>
        <time>2026-08-14T13:39:11.666Z</time>
      </trkpt>
      <trkpt lat="46.381602" lon="10.503600">
        <ele>2386.483195</ele>
        <time>2026-08-14T13:39:52.471Z</time>
      </trkpt>
      <trkpt lat="46.381369" lon="10.503676">
        <ele>2389.432867</ele>
        <time>2026-08-14T13:40:11.791Z</time>
      </trkpt>
      <trkpt lat="46.381056" lon="10.504034">
        <ele>2394.159416</ele>
        <time>2026-08-14T13:40:43.507Z</time>
      </trkpt>
      <trkpt lat="46.380971" lon="10.504054">
        <ele>2395.112381</ele>
        <time>2026-08-14T13:40:50.056Z</time>
      </trkpt>
      <trkpt lat="46.380683" lon="10.504008">
        <ele>2398.318825</ele>
        <time>2026-08-14T13:41:12.007Z</time>
      </trkpt>
      <trkpt lat="46.380476" lon="10.503935">
        <ele>2400.676411</ele>
        <time>2026-08-14T13:41:28.140Z</time>
      </trkpt>
      <trkpt lat="46.380058" lon="10.503691">
        <ele>2405.663201</ele>
        <time>2026-08-14T13:42:03.857Z</time>
      </trkpt>
      <trkpt lat="46.379416" lon="10.503656">
        <ele>2412.704384</ele>
        <time>2026-08-14T13:42:59.736Z</time>
      </trkpt>
      <trkpt lat="46.379201" lon="10.503676">
        <ele>2414.692370</ele>
        <time>2026-08-14T13:43:18.081Z</time>
      </trkpt>
      <trkpt lat="46.378959" lon="10.503773">
        <ele>2417.009219</ele>
        <time>2026-08-14T13:43:38.367Z</time>
      </trkpt>
      <trkpt lat="46.378881" lon="10.503742">
        <ele>2417.755525</ele>
        <time>2026-08-14T13:43:44.592Z</time>
      </trkpt>
      <trkpt lat="46.378640" lon="10.503518">
        <ele>2420.397257</ele>
        <time>2026-08-14T13:44:05.926Z</time>
      </trkpt>
      <trkpt lat="46.378554" lon="10.503469">
        <ele>2421.249924</ele>
        <time>2026-08-14T13:44:12.673Z</time>
      </trkpt>
      <trkpt lat="46.378448" lon="10.503461">
        <ele>2422.229360</ele>
        <time>2026-08-14T13:44:19.984Z</time>
      </trkpt>
      <trkpt lat="46.377794" lon="10.503571">
        <ele>2428.304614</ele>
        <time>2026-08-14T13:45:00.027Z</time>
      </trkpt>
      <trkpt lat="46.377494" lon="10.503720">
        <ele>2430.642595</ele>
        <time>2026-08-14T13:45:17.653Z</time>
      </trkpt>
      <trkpt lat="46.377011" lon="10.503689">
        <ele>2433.949483</ele>
        <time>2026-08-14T13:45:42.870Z</time>
      </trkpt>
      <trkpt lat="46.376541" lon="10.503830">
        <ele>2437.232349</ele>
        <time>2026-08-14T13:46:09.526Z</time>
      </trkpt>
      <trkpt lat="46.376460" lon="10.503824">
        <ele>2437.787101</ele>
        <time>2026-08-14T13:46:14.350Z</time>
      </trkpt>
      <trkpt lat="46.375989" lon="10.503539">
        <ele>2441.278794</ele>
        <time>2026-08-14T13:46:45.739Z</time>
      </trkpt>
      <trkpt lat="46.375867" lon="10.503516">
        <ele>2442.150869</ele>
        <time>2026-08-14T13:46:53.853Z</time>
      </trkpt>
      <trkpt lat="46.375635" lon="10.503380">
        <ele>2443.924796</ele>
        <time>2026-08-14T13:47:09.859Z</time>
      </trkpt>
      <trkpt lat="46.375577" lon="10.503376">
        <ele>2444.336391</ele>
        <time>2026-08-14T13:47:13.514Z</time>
      </trkpt>
      <trkpt lat="46.375406" lon="10.503453">
        <ele>2445.605663</ele>
        <time>2026-08-14T13:47:24.382Z</time>
      </trkpt>
      <trkpt lat="46.375332" lon="10.503446">
        <ele>2446.131324</ele>
        <time>2026-08-14T13:47:28.832Z</time>
      </trkpt>
      <trkpt lat="46.375047" lon="10.503270">
        <ele>2448.327254</ele>
        <time>2026-08-14T13:47:46.990Z</time>
      </trkpt>
      <trkpt lat="46.374979" lon="10.503267">
        <ele>2448.809492</ele>
        <time>2026-08-14T13:47:50.896Z</time>
      </trkpt>
      <trkpt lat="46.374786" lon="10.503417">
        <ele>2450.361834</ele>
        <time>2026-08-14T13:48:03.288Z</time>
      </trkpt>
      <trkpt lat="46.374704" lon="10.503425">
        <ele>2450.944402</ele>
        <time>2026-08-14T13:48:07.968Z</time>
      </trkpt>
      <trkpt lat="46.374344" lon="10.503315">
        <ele>2453.552333</ele>
        <time>2026-08-14T13:48:28.580Z</time>
      </trkpt>
      <trkpt lat="46.373964" lon="10.502812">
        <ele>2457.362734</ele>
        <time>2026-08-14T13:48:57.258Z</time>
      </trkpt>
      <trkpt lat="46.373806" lon="10.502463">
        <ele>2459.508193</ele>
        <time>2026-08-14T13:49:14.005Z</time>
      </trkpt>
      <trkpt lat="46.373594" lon="10.502299">
        <ele>2461.298352</ele>
        <time>2026-08-14T13:49:28.681Z</time>
      </trkpt>
      <trkpt lat="46.373490" lon="10.502265">
        <ele>2462.092561</ele>
        <time>2026-08-14T13:49:35.407Z</time>
      </trkpt>
      <trkpt lat="46.372997" lon="10.502307">
        <ele>2465.771488</ele>
        <time>2026-08-14T13:50:07.986Z</time>
      </trkpt>
      <trkpt lat="46.372761" lon="10.502288">
        <ele>2467.541066</ele>
        <time>2026-08-14T13:50:23.712Z</time>
      </trkpt>
      <trkpt lat="46.372547" lon="10.502231">
        <ele>2469.276995</ele>
        <time>2026-08-14T13:50:37.463Z</time>
      </trkpt>
      <trkpt lat="46.372318" lon="10.502337">
        <ele>2471.194920</ele>
        <time>2026-08-14T13:50:51.943Z</time>
      </trkpt>
      <trkpt lat="46.371889" lon="10.502392">
        <ele>2474.630936</ele>
        <time>2026-08-14T13:51:18.441Z</time>
      </trkpt>
      <trkpt lat="46.371419" lon="10.502267">
        <ele>2478.443305</ele>
        <time>2026-08-14T13:51:48.375Z</time>
      </trkpt>
      <trkpt lat="46.371048" lon="10.502299">
        <ele>2481.408458</ele>
        <time>2026-08-14T13:52:12.567Z</time>
      </trkpt>
      <trkpt lat="46.370702" lon="10.502138">
        <ele>2484.608517</ele>
        <time>2026-08-14T13:52:36.703Z</time>
      </trkpt>
      <trkpt lat="46.370322" lon="10.502162">
        <ele>2488.001178</ele>
        <time>2026-08-14T13:53:03.232Z</time>
      </trkpt>
      <trkpt lat="46.369847" lon="10.502074">
        <ele>2492.272459</ele>
        <time>2026-08-14T13:53:38.576Z</time>
      </trkpt>
      <trkpt lat="46.369415" lon="10.502100">
        <ele>2496.129043</ele>
        <time>2026-08-14T13:54:10.461Z</time>
      </trkpt>
      <trkpt lat="46.368783" lon="10.502010">
        <ele>2500.543585</ele>
        <time>2026-08-14T13:54:51.226Z</time>
      </trkpt>
      <trkpt lat="46.368217" lon="10.501982">
        <ele>2504.013501</ele>
        <time>2026-08-14T13:55:18.311Z</time>
      </trkpt>
      <trkpt lat="46.368096" lon="10.501997">
        <ele>2504.757578</ele>
        <time>2026-08-14T13:55:24.563Z</time>
      </trkpt>
      <trkpt lat="46.367969" lon="10.502075">
        <ele>2505.602704</ele>
        <time>2026-08-14T13:55:31.905Z</time>
      </trkpt>
      <trkpt lat="46.367686" lon="10.502373">
        <ele>2507.746040</ele>
        <time>2026-08-14T13:55:49.309Z</time>
      </trkpt>
      <trkpt lat="46.367583" lon="10.502413">
        <ele>2508.399390</ele>
        <time>2026-08-14T13:55:53.908Z</time>
      </trkpt>
      <trkpt lat="46.367445" lon="10.502342">
        <ele>2509.304567</ele>
        <time>2026-08-14T13:56:00.454Z</time>
      </trkpt>
      <trkpt lat="46.367223" lon="10.502104">
        <ele>2511.024811</ele>
        <time>2026-08-14T13:56:13.130Z</time>
      </trkpt>
      <trkpt lat="46.367146" lon="10.502060">
        <ele>2511.540429</ele>
        <time>2026-08-14T13:56:17.074Z</time>
      </trkpt>
      <trkpt lat="46.367017" lon="10.502089">
        <ele>2512.353653</ele>
        <time>2026-08-14T13:56:23.388Z</time>
      </trkpt>
      <trkpt lat="46.366687" lon="10.502299">
        <ele>2514.598871</ele>
        <time>2026-08-14T13:56:42.903Z</time>
      </trkpt>
      <trkpt lat="46.366516" lon="10.502356">
        <ele>2515.691940</ele>
        <time>2026-08-14T13:56:53.718Z</time>
      </trkpt>
      <trkpt lat="46.366244" lon="10.502396">
        <ele>2517.395080</ele>
        <time>2026-08-14T13:57:11.711Z</time>
      </trkpt>
      <trkpt lat="46.366112" lon="10.502364">
        <ele>2518.228807</ele>
        <time>2026-08-14T13:57:19.609Z</time>
      </trkpt>
      <trkpt lat="46.365285" lon="10.502005">
        <ele>2523.144235</ele>
        <time>2026-08-14T13:58:06.559Z</time>
      </trkpt>
      <trkpt lat="46.364864" lon="10.501904">
        <ele>2525.459103</ele>
        <time>2026-08-14T13:58:29.497Z</time>
      </trkpt>
      <trkpt lat="46.364208" lon="10.501551">
        <ele>2529.255105</ele>
        <time>2026-08-14T13:59:02.019Z</time>
      </trkpt>
      <trkpt lat="46.363945" lon="10.501461">
        <ele>2530.203642</ele>
        <time>2026-08-14T13:59:12.999Z</time>
      </trkpt>
      <trkpt lat="46.363647" lon="10.501486">
        <ele>2530.929195</ele>
        <time>2026-08-14T13:59:24.286Z</time>
      </trkpt>
      <trkpt lat="46.363525" lon="10.501435">
        <ele>2531.237830</ele>
        <time>2026-08-14T13:59:28.933Z</time>
      </trkpt>
      <trkpt lat="46.362735" lon="10.500924">
        <ele>2533.340680</ele>
        <time>2026-08-14T13:59:55.973Z</time>
      </trkpt>
      <trkpt lat="46.362509" lon="10.500859">
        <ele>2533.900728</ele>
        <time>2026-08-14T14:00:02.420Z</time>
      </trkpt>
      <trkpt lat="46.362259" lon="10.500853">
        <ele>2534.206165</ele>
        <time>2026-08-14T14:00:09.291Z</time>
      </trkpt>
      <trkpt lat="46.362166" lon="10.500850">
        <ele>2534.238612</ele>
        <time>2026-08-14T14:00:11.848Z</time>
      </trkpt>
      <trkpt lat="46.362108" lon="10.500849">
        <ele>2534.258844</ele>
        <time>2026-08-14T14:00:13.414Z</time>
      </trkpt>
      <trkpt lat="46.362038" lon="10.500837">
        <ele>2534.283431</ele>
        <time>2026-08-14T14:00:15.365Z</time>
      </trkpt>
      <trkpt lat="46.361818" lon="10.500800">
        <ele>2534.360683</ele>
        <time>2026-08-14T14:00:21.300Z</time>
      </trkpt>
      <trkpt lat="46.361318" lon="10.500566">
        <ele>2534.543956</ele>
        <time>2026-08-14T14:00:33.917Z</time>
      </trkpt>
      <trkpt lat="46.360935" lon="10.500338">
        <ele>2534.688382</ele>
        <time>2026-08-14T14:00:42.027Z</time>
      </trkpt>
      <trkpt lat="46.360816" lon="10.500333">
        <ele>2534.729907</ele>
        <time>2026-08-14T14:00:44.168Z</time>
      </trkpt>
      <trkpt lat="46.360155" lon="10.500466">
        <ele>2534.199118</ele>
        <time>2026-08-14T14:00:56.000Z</time>
      </trkpt>
      <trkpt lat="46.359756" lon="10.500434">
        <ele>2533.746536</ele>
        <time>2026-08-14T14:01:02.485Z</time>
      </trkpt>
      <trkpt lat="46.359710" lon="10.500468">
        <ele>2533.688052</ele>
        <time>2026-08-14T14:01:06.901Z</time>
      </trkpt>
      <trkpt lat="46.359720" lon="10.500509">
        <ele>2533.654064</ele>
        <time>2026-08-14T14:01:09.386Z</time>
      </trkpt>
      <trkpt lat="46.359682" lon="10.500546">
        <ele>2533.602213</ele>
        <time>2026-08-14T14:01:13.072Z</time>
      </trkpt>
      <trkpt lat="46.359720" lon="10.500509">
        <ele>2533.550362</ele>
        <time>2026-08-14T14:01:16.972Z</time>
      </trkpt>
      <trkpt lat="46.359710" lon="10.500468">
        <ele>2533.516373</ele>
        <time>2026-08-14T14:01:19.529Z</time>
      </trkpt>
      <trkpt lat="46.359756" lon="10.500434">
        <ele>2533.457889</ele>
        <time>2026-08-14T14:01:23.850Z</time>
      </trkpt>
      <trkpt lat="46.359499" lon="10.500273">
        <ele>2533.140784</ele>
        <time>2026-08-14T14:01:28.627Z</time>
      </trkpt>
      <trkpt lat="46.359422" lon="10.500283">
        <ele>2533.053228</ele>
        <time>2026-08-14T14:01:29.884Z</time>
      </trkpt>
      <trkpt lat="46.359262" lon="10.500246">
        <ele>2532.869725</ele>
        <time>2026-08-14T14:01:32.715Z</time>
      </trkpt>
      <trkpt lat="46.359161" lon="10.500139">
        <ele>2532.778649</ele>
        <time>2026-08-14T14:01:34.997Z</time>
      </trkpt>
      <trkpt lat="46.359008" lon="10.499878">
        <ele>2533.272243</ele>
        <time>2026-08-14T14:01:40.237Z</time>
      </trkpt>
      <trkpt lat="46.358805" lon="10.499630">
        <ele>2533.826799</ele>
        <time>2026-08-14T14:01:47.259Z</time>
      </trkpt>
      <trkpt lat="46.358493" lon="10.499453">
        <ele>2534.526585</ele>
        <time>2026-08-14T14:01:57.230Z</time>
      </trkpt>
      <trkpt lat="46.358323" lon="10.499313">
        <ele>2534.934975</ele>
        <time>2026-08-14T14:02:04.260Z</time>
      </trkpt>
      <trkpt lat="46.358111" lon="10.499084">
        <ele>2535.487241</ele>
        <time>2026-08-14T14:02:14.338Z</time>
      </trkpt>
      <trkpt lat="46.357229" lon="10.498823">
        <ele>2538.119602</ele>
        <time>2026-08-14T14:02:51.025Z</time>
      </trkpt>
      <trkpt lat="46.356949" lon="10.498647">
        <ele>2539.311407</ele>
        <time>2026-08-14T14:03:04.331Z</time>
      </trkpt>
      <trkpt lat="46.356657" lon="10.498418">
        <ele>2540.607925</ele>
        <time>2026-08-14T14:03:18.877Z</time>
      </trkpt>
      <trkpt lat="46.356388" lon="10.498297">
        <ele>2541.707779</ele>
        <time>2026-08-14T14:03:31.082Z</time>
      </trkpt>
      <trkpt lat="46.356043" lon="10.498216">
        <ele>2543.072519</ele>
        <time>2026-08-14T14:03:45.454Z</time>
      </trkpt>
      <trkpt lat="46.355507" lon="10.497860">
        <ele>2545.297514</ele>
        <time>2026-08-14T14:04:08.191Z</time>
      </trkpt>
      <trkpt lat="46.354718" lon="10.497600">
        <ele>2548.324821</ele>
        <time>2026-08-14T14:04:40.719Z</time>
      </trkpt>
      <trkpt lat="46.354644" lon="10.497540">
        <ele>2548.642084</ele>
        <time>2026-08-14T14:04:44.276Z</time>
      </trkpt>
      <trkpt lat="46.354334" lon="10.497142">
        <ele>2550.191736</ele>
        <time>2026-08-14T14:05:01.553Z</time>
      </trkpt>
      <trkpt lat="46.353902" lon="10.496653">
        <ele>2552.373547</ele>
        <time>2026-08-14T14:05:25.028Z</time>
      </trkpt>
      <trkpt lat="46.353660" lon="10.496497">
        <ele>2553.429719</ele>
        <time>2026-08-14T14:05:36.707Z</time>
      </trkpt>
      <trkpt lat="46.353279" lon="10.496414">
        <ele>2554.966026</ele>
        <time>2026-08-14T14:05:53.399Z</time>
      </trkpt>
      <trkpt lat="46.353096" lon="10.496193">
        <ele>2555.915987</ele>
        <time>2026-08-14T14:06:03.456Z</time>
      </trkpt>
      <trkpt lat="46.352997" lon="10.496114">
        <ele>2556.366664</ele>
        <time>2026-08-14T14:06:08.059Z</time>
      </trkpt>
      <trkpt lat="46.352369" lon="10.495799">
        <ele>2559.066237</ele>
        <time>2026-08-14T14:06:34.380Z</time>
      </trkpt>
      <trkpt lat="46.352209" lon="10.495687">
        <ele>2559.796913</ele>
        <time>2026-08-14T14:06:41.396Z</time>
      </trkpt>
      <trkpt lat="46.352094" lon="10.495560">
        <ele>2560.391496</ele>
        <time>2026-08-14T14:06:47.121Z</time>
      </trkpt>
      <trkpt lat="46.351701" lon="10.494997">
        <ele>2562.664088</ele>
        <time>2026-08-14T14:07:10.059Z</time>
      </trkpt>
      <trkpt lat="46.351128" lon="10.494776">
        <ele>2565.278411</ele>
        <time>2026-08-14T14:07:37.219Z</time>
      </trkpt>
      <trkpt lat="46.350919" lon="10.494656">
        <ele>2566.785917</ele>
        <time>2026-08-14T14:07:48.170Z</time>
      </trkpt>
      <trkpt lat="46.350441" lon="10.494193">
        <ele>2570.641563</ele>
        <time>2026-08-14T14:08:18.605Z</time>
      </trkpt>
      <trkpt lat="46.350017" lon="10.494020">
        <ele>2573.595323</ele>
        <time>2026-08-14T14:08:44.874Z</time>
      </trkpt>
      <trkpt lat="46.349774" lon="10.494068">
        <ele>2575.239849</ele>
        <time>2026-08-14T14:09:00.529Z</time>
      </trkpt>
      <trkpt lat="46.349591" lon="10.494050">
        <ele>2576.469790</ele>
        <time>2026-08-14T14:09:12.499Z</time>
      </trkpt>
      <trkpt lat="46.349332" lon="10.493829">
        <ele>2578.852217</ele>
        <time>2026-08-14T14:09:32.557Z</time>
      </trkpt>
      <trkpt lat="46.349027" lon="10.493643">
        <ele>2581.579530</ele>
        <time>2026-08-14T14:09:55.085Z</time>
      </trkpt>
      <trkpt lat="46.348421" lon="10.493477">
        <ele>2586.662427</ele>
        <time>2026-08-14T14:10:37.222Z</time>
      </trkpt>
      <trkpt lat="46.347909" lon="10.493551">
        <ele>2590.903067</ele>
        <time>2026-08-14T14:11:10.458Z</time>
      </trkpt>
      <trkpt lat="46.347560" lon="10.493517">
        <ele>2593.056315</ele>
        <time>2026-08-14T14:11:31.415Z</time>
      </trkpt>
      <trkpt lat="46.347208" lon="10.493669">
        <ele>2595.020811</ele>
        <time>2026-08-14T14:11:51.684Z</time>
      </trkpt>
      <trkpt lat="46.347063" lon="10.493781">
        <ele>2595.899679</ele>
        <time>2026-08-14T14:12:00.198Z</time>
      </trkpt>
      <trkpt lat="46.346941" lon="10.493953">
        <ele>2596.810178</ele>
        <time>2026-08-14T14:12:08.678Z</time>
      </trkpt>
      <trkpt lat="46.346703" lon="10.494105">
        <ele>2598.201309</ele>
        <time>2026-08-14T14:12:20.812Z</time>
      </trkpt>
      <trkpt lat="46.346524" lon="10.494172">
        <ele>2599.190114</ele>
        <time>2026-08-14T14:12:28.917Z</time>
      </trkpt>
      <trkpt lat="46.346404" lon="10.494181">
        <ele>2599.832783</ele>
        <time>2026-08-14T14:12:33.954Z</time>
      </trkpt>
      <trkpt lat="46.346306" lon="10.494133">
        <ele>2600.386075</ele>
        <time>2026-08-14T14:12:38.165Z</time>
      </trkpt>
      <trkpt lat="46.346252" lon="10.494073">
        <ele>2600.750059</ele>
        <time>2026-08-14T14:12:40.869Z</time>
      </trkpt>
      <trkpt lat="46.346192" lon="10.493927">
        <ele>2601.345581</ele>
        <time>2026-08-14T14:12:45.474Z</time>
      </trkpt>
      <trkpt lat="46.346137" lon="10.493717">
        <ele>2601.646122</ele>
        <time>2026-08-14T14:12:51.405Z</time>
      </trkpt>
      <trkpt lat="46.346042" lon="10.493098">
        <ele>2602.494616</ele>
        <time>2026-08-14T14:13:07.065Z</time>
      </trkpt>
      <trkpt lat="46.346000" lon="10.492959">
        <ele>2602.697647</ele>
        <time>2026-08-14T14:13:10.473Z</time>
      </trkpt>
      <trkpt lat="46.345736" lon="10.492440">
        <ele>2603.560292</ele>
        <time>2026-08-14T14:13:23.955Z</time>
      </trkpt>
      <trkpt lat="46.345606" lon="10.492113">
        <ele>2604.065221</ele>
        <time>2026-08-14T14:13:30.915Z</time>
      </trkpt>
      <trkpt lat="46.345517" lon="10.492023">
        <ele>2604.275614</ele>
        <time>2026-08-14T14:13:33.616Z</time>
      </trkpt>
      <trkpt lat="46.344716" lon="10.491535">
        <ele>2605.642263</ele>
        <time>2026-08-14T14:13:53.402Z</time>
      </trkpt>
      <trkpt lat="46.344586" lon="10.491411">
        <ele>2605.860326</ele>
        <time>2026-08-14T14:13:56.978Z</time>
      </trkpt>
      <trkpt lat="46.344492" lon="10.491257">
        <ele>2606.059134</ele>
        <time>2026-08-14T14:14:00.376Z</time>
      </trkpt>
      <trkpt lat="46.344304" lon="10.490687">
        <ele>2606.670081</ele>
        <time>2026-08-14T14:14:12.154Z</time>
      </trkpt>
      <trkpt lat="46.344224" lon="10.490358">
        <ele>2607.007427</ele>
        <time>2026-08-14T14:14:19.969Z</time>
      </trkpt>
      <trkpt lat="46.344161" lon="10.490023">
        <ele>2607.344744</ele>
        <time>2026-08-14T14:14:28.640Z</time>
      </trkpt>
      <trkpt lat="46.344102" lon="10.489381">
        <ele>2608.072827</ele>
        <time>2026-08-14T14:14:47.092Z</time>
      </trkpt>
      <trkpt lat="46.343737" lon="10.488538">
        <ele>2609.191483</ele>
        <time>2026-08-14T14:15:15.516Z</time>
      </trkpt>
      <trkpt lat="46.343704" lon="10.488437">
        <ele>2609.317100</ele>
        <time>2026-08-14T14:15:18.811Z</time>
      </trkpt>
      <trkpt lat="46.343697" lon="10.488415">
        <ele>2609.344332</ele>
        <time>2026-08-14T14:15:19.522Z</time>
      </trkpt>
      <trkpt lat="46.343555" lon="10.487874">
        <ele>2609.994991</ele>
        <time>2026-08-14T14:15:32.768Z</time>
      </trkpt>
      <trkpt lat="46.343533" lon="10.487773">
        <ele>2610.114051</ele>
        <time>2026-08-14T14:15:34.745Z</time>
      </trkpt>
      <trkpt lat="46.343517" lon="10.487695">
        <ele>2610.205526</ele>
        <time>2026-08-14T14:15:35.651Z</time>
      </trkpt>
      <trkpt lat="46.343478" lon="10.487395">
        <ele>2609.321571</ele>
        <time>2026-08-14T14:15:38.794Z</time>
      </trkpt>
      <trkpt lat="46.343480" lon="10.487334">
        <ele>2609.095502</ele>
        <time>2026-08-14T14:15:39.396Z</time>
      </trkpt>
      <trkpt lat="46.343499" lon="10.487228">
        <ele>2608.690092</ele>
        <time>2026-08-14T14:15:40.464Z</time>
      </trkpt>
      <trkpt lat="46.343749" lon="10.485810">
        <ele>2603.272368</ele>
        <time>2026-08-14T14:15:54.137Z</time>
      </trkpt>
      <trkpt lat="46.343780" lon="10.485366">
        <ele>2601.620361</ele>
        <time>2026-08-14T14:15:58.226Z</time>
      </trkpt>
      <trkpt lat="46.343885" lon="10.484769">
        <ele>2599.075349</ele>
        <time>2026-08-14T14:16:03.906Z</time>
      </trkpt>
      <trkpt lat="46.343894" lon="10.484629">
        <ele>2598.447159</ele>
        <time>2026-08-14T14:16:05.218Z</time>
      </trkpt>
      <trkpt lat="46.343872" lon="10.484484">
        <ele>2597.783875</ele>
        <time>2026-08-14T14:16:06.597Z</time>
      </trkpt>
      <trkpt lat="46.343826" lon="10.484348">
        <ele>2597.107248</ele>
        <time>2026-08-14T14:16:08.033Z</time>
      </trkpt>
      <trkpt lat="46.343755" lon="10.484263">
        <ele>2596.511126</ele>
        <time>2026-08-14T14:16:09.290Z</time>
      </trkpt>
      <trkpt lat="46.343678" lon="10.484220">
        <ele>2595.977041</ele>
        <time>2026-08-14T14:16:10.424Z</time>
      </trkpt>
      <trkpt lat="46.343246" lon="10.484114">
        <ele>2593.141352</ele>
        <time>2026-08-14T14:16:16.503Z</time>
      </trkpt>
      <trkpt lat="46.342800" lon="10.483893">
        <ele>2590.090675</ele>
        <time>2026-08-14T14:16:22.712Z</time>
      </trkpt>
      <trkpt lat="46.342693" lon="10.483887">
        <ele>2589.397662</ele>
        <time>2026-08-14T14:16:24.107Z</time>
      </trkpt>
      <trkpt lat="46.342131" lon="10.484210">
        <ele>2584.289136</ele>
        <time>2026-08-14T14:16:32.058Z</time>
      </trkpt>
      <trkpt lat="46.341705" lon="10.484508">
        <ele>2580.179424</ele>
        <time>2026-08-14T14:16:38.259Z</time>
      </trkpt>
      <trkpt lat="46.341545" lon="10.484763">
        <ele>2578.112835</ele>
        <time>2026-08-14T14:16:41.341Z</time>
      </trkpt>
      <trkpt lat="46.341450" lon="10.485181">
        <ele>2575.473602</ele>
        <time>2026-08-14T14:16:45.186Z</time>
      </trkpt>
      <trkpt lat="46.341354" lon="10.485322">
        <ele>2574.285917</ele>
        <time>2026-08-14T14:16:46.903Z</time>
      </trkpt>
      <trkpt lat="46.341189" lon="10.485493">
        <ele>2571.887377</ele>
        <time>2026-08-14T14:16:49.420Z</time>
      </trkpt>
      <trkpt lat="46.341032" lon="10.485600">
        <ele>2569.222728</ele>
        <time>2026-08-14T14:16:51.554Z</time>
      </trkpt>
      <trkpt lat="46.340505" lon="10.485842">
        <ele>2560.732447</ele>
        <time>2026-08-14T14:16:58.246Z</time>
      </trkpt>
      <trkpt lat="46.340366" lon="10.485878">
        <ele>2558.563921</ele>
        <time>2026-08-14T14:16:59.937Z</time>
      </trkpt>
      <trkpt lat="46.340243" lon="10.485839">
        <ele>2556.630240</ele>
        <time>2026-08-14T14:17:01.431Z</time>
      </trkpt>
      <trkpt lat="46.340165" lon="10.485774">
        <ele>2555.248274</ele>
        <time>2026-08-14T14:17:02.496Z</time>
      </trkpt>
      <trkpt lat="46.339947" lon="10.485398">
        <ele>2550.042458</ele>
        <time>2026-08-14T14:17:06.499Z</time>
      </trkpt>
      <trkpt lat="46.339861" lon="10.485319">
        <ele>2548.478525</ele>
        <time>2026-08-14T14:17:07.701Z</time>
      </trkpt>
      <trkpt lat="46.339630" lon="10.485224">
        <ele>2544.790306</ele>
        <time>2026-08-14T14:17:10.531Z</time>
      </trkpt>
      <trkpt lat="46.339346" lon="10.485193">
        <ele>2540.414333</ele>
        <time>2026-08-14T14:17:13.896Z</time>
      </trkpt>
      <trkpt lat="46.339207" lon="10.485090">
        <ele>2538.015377</ele>
        <time>2026-08-14T14:17:15.742Z</time>
      </trkpt>
      <trkpt lat="46.339167" lon="10.484985">
        <ele>2536.743259</ele>
        <time>2026-08-14T14:17:16.715Z</time>
      </trkpt>
      <trkpt lat="46.339119" lon="10.484509">
        <ele>2531.640430</ele>
        <time>2026-08-14T14:17:20.658Z</time>
      </trkpt>
      <trkpt lat="46.339145" lon="10.483831">
        <ele>2524.437340</ele>
        <time>2026-08-14T14:17:26.291Z</time>
      </trkpt>
      <trkpt lat="46.339132" lon="10.483793">
        <ele>2523.987473</ele>
        <time>2026-08-14T14:17:26.648Z</time>
      </trkpt>
      <trkpt lat="46.339084" lon="10.483784">
        <ele>2523.243810</ele>
        <time>2026-08-14T14:17:27.244Z</time>
      </trkpt>
      <trkpt lat="46.338962" lon="10.484784">
        <ele>2515.218271</ele>
        <time>2026-08-14T14:17:35.959Z</time>
      </trkpt>
      <trkpt lat="46.338864" lon="10.485271">
        <ele>2512.466126</ele>
        <time>2026-08-14T14:17:40.472Z</time>
      </trkpt>
      <trkpt lat="46.338750" lon="10.486015">
        <ele>2508.331361</ele>
        <time>2026-08-14T14:17:47.416Z</time>
      </trkpt>
      <trkpt lat="46.338805" lon="10.486563">
        <ele>2505.326953</ele>
        <time>2026-08-14T14:17:52.697Z</time>
      </trkpt>
      <trkpt lat="46.338923" lon="10.487222">
        <ele>2501.816654</ele>
        <time>2026-08-14T14:17:59.335Z</time>
      </trkpt>
      <trkpt lat="46.338902" lon="10.487840">
        <ele>2498.724351</ele>
        <time>2026-08-14T14:18:05.318Z</time>
      </trkpt>
      <trkpt lat="46.338916" lon="10.487919">
        <ele>2498.316735</ele>
        <time>2026-08-14T14:18:06.098Z</time>
      </trkpt>
      <trkpt lat="46.339027" lon="10.488168">
        <ele>2496.835443</ele>
        <time>2026-08-14T14:18:08.853Z</time>
      </trkpt>
      <trkpt lat="46.339272" lon="10.488350">
        <ele>2494.842270</ele>
        <time>2026-08-14T14:18:12.447Z</time>
      </trkpt>
      <trkpt lat="46.339296" lon="10.488421">
        <ele>2494.447188</ele>
        <time>2026-08-14T14:18:13.145Z</time>
      </trkpt>
      <trkpt lat="46.339281" lon="10.488449">
        <ele>2494.270067</ele>
        <time>2026-08-14T14:18:13.456Z</time>
      </trkpt>
      <trkpt lat="46.339224" lon="10.488446">
        <ele>2493.857177</ele>
        <time>2026-08-14T14:18:14.198Z</time>
      </trkpt>
      <trkpt lat="46.338790" lon="10.488159">
        <ele>2490.186494</ele>
        <time>2026-08-14T14:18:20.209Z</time>
      </trkpt>
      <trkpt lat="46.338657" lon="10.487967">
        <ele>2488.275930</ele>
        <time>2026-08-14T14:18:22.534Z</time>
      </trkpt>
      <trkpt lat="46.338549" lon="10.487655">
        <ele>2485.824222</ele>
        <time>2026-08-14T14:18:25.497Z</time>
      </trkpt>
      <trkpt lat="46.338466" lon="10.487200">
        <ele>2482.518362</ele>
        <time>2026-08-14T14:18:29.512Z</time>
      </trkpt>
      <trkpt lat="46.338264" lon="10.486652">
        <ele>2478.154579</ele>
        <time>2026-08-14T14:18:34.859Z</time>
      </trkpt>
      <trkpt lat="46.338234" lon="10.486501">
        <ele>2477.050820</ele>
        <time>2026-08-14T14:18:36.224Z</time>
      </trkpt>
      <trkpt lat="46.338239" lon="10.486007">
        <ele>2473.580297</ele>
        <time>2026-08-14T14:18:40.604Z</time>
      </trkpt>
      <trkpt lat="46.338197" lon="10.485343">
        <ele>2469.236141</ele>
        <time>2026-08-14T14:18:46.614Z</time>
      </trkpt>
      <trkpt lat="46.338312" lon="10.484652">
        <ele>2464.696425</ele>
        <time>2026-08-14T14:18:52.935Z</time>
      </trkpt>
      <trkpt lat="46.338301" lon="10.484591">
        <ele>2464.293758</ele>
        <time>2026-08-14T14:18:53.485Z</time>
      </trkpt>
      <trkpt lat="46.338275" lon="10.484569">
        <ele>2464.015200</ele>
        <time>2026-08-14T14:18:53.865Z</time>
      </trkpt>
      <trkpt lat="46.338240" lon="10.484588">
        <ele>2463.669424</ele>
        <time>2026-08-14T14:18:54.350Z</time>
      </trkpt>
      <trkpt lat="46.338209" lon="10.484676">
        <ele>2463.038446</ele>
        <time>2026-08-14T14:18:55.220Z</time>
      </trkpt>
      <trkpt lat="46.338175" lon="10.484901">
        <ele>2461.567389</ele>
        <time>2026-08-14T14:18:57.218Z</time>
      </trkpt>
      <trkpt lat="46.338066" lon="10.485287">
        <ele>2458.903821</ele>
        <time>2026-08-14T14:19:00.812Z</time>
      </trkpt>
      <trkpt lat="46.337949" lon="10.486037">
        <ele>2454.309460</ele>
        <time>2026-08-14T14:19:07.457Z</time>
      </trkpt>
      <trkpt lat="46.337827" lon="10.486614">
        <ele>2451.063427</ele>
        <time>2026-08-14T14:19:12.804Z</time>
      </trkpt>
      <trkpt lat="46.337819" lon="10.486994">
        <ele>2449.018414</ele>
        <time>2026-08-14T14:19:16.229Z</time>
      </trkpt>
      <trkpt lat="46.337916" lon="10.487832">
        <ele>2444.447807</ele>
        <time>2026-08-14T14:19:24.049Z</time>
      </trkpt>
      <trkpt lat="46.337990" lon="10.488136">
        <ele>2442.713898</ele>
        <time>2026-08-14T14:19:27.067Z</time>
      </trkpt>
      <trkpt lat="46.337994" lon="10.488215">
        <ele>2442.287808</ele>
        <time>2026-08-14T14:19:27.810Z</time>
      </trkpt>
      <trkpt lat="46.337966" lon="10.488283">
        <ele>2441.852301</ele>
        <time>2026-08-14T14:19:28.560Z</time>
      </trkpt>
      <trkpt lat="46.337331" lon="10.488455">
        <ele>2436.427245</ele>
        <time>2026-08-14T14:19:37.312Z</time>
      </trkpt>
      <trkpt lat="46.336740" lon="10.488483">
        <ele>2431.461484</ele>
        <time>2026-08-14T14:19:45.010Z</time>
      </trkpt>
      <trkpt lat="46.336451" lon="10.488620">
        <ele>2428.907833</ele>
        <time>2026-08-14T14:19:48.896Z</time>
      </trkpt>
      <trkpt lat="46.336360" lon="10.488625">
        <ele>2428.143083</ele>
        <time>2026-08-14T14:19:50.045Z</time>
      </trkpt>
      <trkpt lat="46.335776" lon="10.488297">
        <ele>2421.466037</ele>
        <time>2026-08-14T14:19:57.660Z</time>
      </trkpt>
      <trkpt lat="46.335437" lon="10.488235">
        <ele>2417.579572</ele>
        <time>2026-08-14T14:20:01.812Z</time>
      </trkpt>
      <trkpt lat="46.335159" lon="10.487977">
        <ele>2413.824108</ele>
        <time>2026-08-14T14:20:05.871Z</time>
      </trkpt>
      <trkpt lat="46.334966" lon="10.487769">
        <ele>2411.087838</ele>
        <time>2026-08-14T14:20:08.880Z</time>
      </trkpt>
      <trkpt lat="46.334883" lon="10.487746">
        <ele>2410.126658</ele>
        <time>2026-08-14T14:20:09.939Z</time>
      </trkpt>
      <trkpt lat="46.334829" lon="10.487766">
        <ele>2409.492688</ele>
        <time>2026-08-14T14:20:10.652Z</time>
      </trkpt>
      <trkpt lat="46.334755" lon="10.487845">
        <ele>2408.447058</ele>
        <time>2026-08-14T14:20:11.813Z</time>
      </trkpt>
      <trkpt lat="46.334681" lon="10.487996">
        <ele>2406.992873</ele>
        <time>2026-08-14T14:20:13.424Z</time>
      </trkpt>
      <trkpt lat="46.334447" lon="10.488634">
        <ele>2402.434579</ele>
        <time>2026-08-14T14:20:19.753Z</time>
      </trkpt>
      <trkpt lat="46.334370" lon="10.488789">
        <ele>2401.262676</ele>
        <time>2026-08-14T14:20:21.501Z</time>
      </trkpt>
      <trkpt lat="46.334171" lon="10.489001">
        <ele>2399.066840</ele>
        <time>2026-08-14T14:20:24.921Z</time>
      </trkpt>
      <trkpt lat="46.333047" lon="10.488992">
        <ele>2388.820847</ele>
        <time>2026-08-14T14:20:39.295Z</time>
      </trkpt>
      <trkpt lat="46.332660" lon="10.488909">
        <ele>2384.691247</ele>
        <time>2026-08-14T14:20:44.093Z</time>
      </trkpt>
      <trkpt lat="46.332208" lon="10.488872">
        <ele>2379.912461</ele>
        <time>2026-08-14T14:20:49.691Z</time>
      </trkpt>
      <trkpt lat="46.332111" lon="10.488873">
        <ele>2378.888533</ele>
        <time>2026-08-14T14:20:50.899Z</time>
      </trkpt>
      <trkpt lat="46.331792" lon="10.488917">
        <ele>2375.506032</ele>
        <time>2026-08-14T14:20:54.879Z</time>
      </trkpt>
      <trkpt lat="46.331313" lon="10.489144">
        <ele>2370.292307</ele>
        <time>2026-08-14T14:21:01.263Z</time>
      </trkpt>
      <trkpt lat="46.330783" lon="10.489456">
        <ele>2364.761364</ele>
        <time>2026-08-14T14:21:08.597Z</time>
      </trkpt>
      <trkpt lat="46.330607" lon="10.489490">
        <ele>2363.044796</ele>
        <time>2026-08-14T14:21:10.861Z</time>
      </trkpt>
      <trkpt lat="46.327403" lon="10.489470">
        <ele>2328.457998</ele>
        <time>2026-08-14T14:21:51.173Z</time>
      </trkpt>
      <trkpt lat="46.327224" lon="10.489479">
        <ele>2325.765160</ele>
        <time>2026-08-14T14:21:53.306Z</time>
      </trkpt>
      <trkpt lat="46.326920" lon="10.489491">
        <ele>2321.192906</ele>
        <time>2026-08-14T14:21:56.903Z</time>
      </trkpt>
      <trkpt lat="46.326492" lon="10.489434">
        <ele>2314.730889</ele>
        <time>2026-08-14T14:22:01.986Z</time>
      </trkpt>
      <trkpt lat="46.326167" lon="10.489497">
        <ele>2309.801019</ele>
        <time>2026-08-14T14:22:05.867Z</time>
      </trkpt>
      <trkpt lat="46.325737" lon="10.489798">
        <ele>2303.470237</ele>
        <time>2026-08-14T14:22:11.580Z</time>
      </trkpt>
      <trkpt lat="46.325413" lon="10.490066">
        <ele>2298.661175</ele>
        <time>2026-08-14T14:22:16.125Z</time>
      </trkpt>
      <trkpt lat="46.324593" lon="10.490433">
        <ele>2287.599429</ele>
        <time>2026-08-14T14:22:26.712Z</time>
      </trkpt>
      <trkpt lat="46.324016" lon="10.490411">
        <ele>2281.583477</ele>
        <time>2026-08-14T14:22:33.998Z</time>
      </trkpt>
      <trkpt lat="46.323921" lon="10.490443">
        <ele>2280.668377</ele>
        <time>2026-08-14T14:22:35.235Z</time>
      </trkpt>
      <trkpt lat="46.323094" lon="10.491304">
        <ele>2271.112065</ele>
        <time>2026-08-14T14:22:48.210Z</time>
      </trkpt>
      <trkpt lat="46.322892" lon="10.491476">
        <ele>2268.913494</ele>
        <time>2026-08-14T14:22:51.254Z</time>
      </trkpt>
      <trkpt lat="46.322812" lon="10.491495">
        <ele>2268.135326</ele>
        <time>2026-08-14T14:22:52.303Z</time>
      </trkpt>
      <trkpt lat="46.322452" lon="10.491381">
        <ele>2264.510966</ele>
        <time>2026-08-14T14:22:57.039Z</time>
      </trkpt>
      <trkpt lat="46.322221" lon="10.491459">
        <ele>2262.178074</ele>
        <time>2026-08-14T14:23:00.043Z</time>
      </trkpt>
      <trkpt lat="46.321418" lon="10.492399">
        <ele>2252.022365</ele>
        <time>2026-08-14T14:23:12.977Z</time>
      </trkpt>
      <trkpt lat="46.321212" lon="10.492605">
        <ele>2249.421069</ele>
        <time>2026-08-14T14:23:16.130Z</time>
      </trkpt>
      <trkpt lat="46.320816" lon="10.492863">
        <ele>2244.681378</ele>
        <time>2026-08-14T14:23:21.566Z</time>
      </trkpt>
      <trkpt lat="46.320428" lon="10.493244">
        <ele>2239.564386</ele>
        <time>2026-08-14T14:23:27.376Z</time>
      </trkpt>
      <trkpt lat="46.320168" lon="10.493454">
        <ele>2236.314851</ele>
        <time>2026-08-14T14:23:31.066Z</time>
      </trkpt>
      <trkpt lat="46.319816" lon="10.493660">
        <ele>2232.170847</ele>
        <time>2026-08-14T14:23:35.779Z</time>
      </trkpt>
      <trkpt lat="46.319636" lon="10.494136">
        <ele>2228.387375</ele>
        <time>2026-08-14T14:23:40.440Z</time>
      </trkpt>
      <trkpt lat="46.319452" lon="10.494529">
        <ele>2225.161497</ele>
        <time>2026-08-14T14:23:44.514Z</time>
      </trkpt>
      <trkpt lat="46.319173" lon="10.494972">
        <ele>2221.088068</ele>
        <time>2026-08-14T14:23:49.659Z</time>
      </trkpt>
      <trkpt lat="46.319025" lon="10.495317">
        <ele>2218.328645</ele>
        <time>2026-08-14T14:23:53.166Z</time>
      </trkpt>
      <trkpt lat="46.318925" lon="10.495486">
        <ele>2216.816605</ele>
        <time>2026-08-14T14:23:55.110Z</time>
      </trkpt>
      <trkpt lat="46.318803" lon="10.495625">
        <ele>2215.289385</ele>
        <time>2026-08-14T14:23:57.085Z</time>
      </trkpt>
      <trkpt lat="46.318549" lon="10.495790">
        <ele>2213.094902</ele>
        <time>2026-08-14T14:24:00.760Z</time>
      </trkpt>
      <trkpt lat="46.318383" lon="10.496037">
        <ele>2212.095663</ele>
        <time>2026-08-14T14:24:04.113Z</time>
      </trkpt>
      <trkpt lat="46.318316" lon="10.496183">
        <ele>2211.587433</ele>
        <time>2026-08-14T14:24:05.858Z</time>
      </trkpt>
      <trkpt lat="46.318200" lon="10.496585">
        <ele>2210.324253</ele>
        <time>2026-08-14T14:24:10.423Z</time>
      </trkpt>
      <trkpt lat="46.318240" lon="10.496738">
        <ele>2209.849933</ele>
        <time>2026-08-14T14:24:12.257Z</time>
      </trkpt>
      <trkpt lat="46.318336" lon="10.496867">
        <ele>2209.300112</ele>
        <time>2026-08-14T14:24:14.441Z</time>
      </trkpt>
      <trkpt lat="46.318360" lon="10.497035">
        <ele>2208.802710</ele>
        <time>2026-08-14T14:24:16.424Z</time>
      </trkpt>
      <trkpt lat="46.318349" lon="10.497215">
        <ele>2208.278788</ele>
        <time>2026-08-14T14:24:18.496Z</time>
      </trkpt>
      <trkpt lat="46.318259" lon="10.497485">
        <ele>2207.409556</ele>
        <time>2026-08-14T14:24:21.877Z</time>
      </trkpt>
      <trkpt lat="46.318190" lon="10.497583">
        <ele>2207.003800</ele>
        <time>2026-08-14T14:24:23.417Z</time>
      </trkpt>
      <trkpt lat="46.317803" lon="10.497933">
        <ele>2203.954218</ele>
        <time>2026-08-14T14:24:30.234Z</time>
      </trkpt>
      <trkpt lat="46.316916" lon="10.498390">
        <ele>2194.796233</ele>
        <time>2026-08-14T14:24:42.194Z</time>
      </trkpt>
      <trkpt lat="46.316755" lon="10.498544">
        <ele>2192.919264</ele>
        <time>2026-08-14T14:24:44.550Z</time>
      </trkpt>
      <trkpt lat="46.316468" lon="10.498904">
        <ele>2189.225601</ele>
        <time>2026-08-14T14:24:49.150Z</time>
      </trkpt>
      <trkpt lat="46.316287" lon="10.499037">
        <ele>2187.021547</ele>
        <time>2026-08-14T14:24:51.605Z</time>
      </trkpt>
      <trkpt lat="46.315894" lon="10.499170">
        <ele>2182.345848</ele>
        <time>2026-08-14T14:24:56.482Z</time>
      </trkpt>
      <trkpt lat="46.315508" lon="10.499622">
        <ele>2176.594435</ele>
        <time>2026-08-14T14:25:02.551Z</time>
      </trkpt>
      <trkpt lat="46.315154" lon="10.499935">
        <ele>2171.788995</ele>
        <time>2026-08-14T14:25:07.722Z</time>
      </trkpt>
      <trkpt lat="46.315036" lon="10.499980">
        <ele>2170.375316</ele>
        <time>2026-08-14T14:25:09.256Z</time>
      </trkpt>
      <trkpt lat="46.314776" lon="10.499998">
        <ele>2167.465687</ele>
        <time>2026-08-14T14:25:12.581Z</time>
      </trkpt>
      <trkpt lat="46.314743" lon="10.500092">
        <ele>2166.970801</ele>
        <time>2026-08-14T14:25:13.523Z</time>
      </trkpt>
      <trkpt lat="46.314726" lon="10.500532">
        <ele>2164.902521</ele>
        <time>2026-08-14T14:25:17.548Z</time>
      </trkpt>
      <trkpt lat="46.314654" lon="10.500870">
        <ele>2163.242455</ele>
        <time>2026-08-14T14:25:20.862Z</time>
      </trkpt>
      <trkpt lat="46.314547" lon="10.501094">
        <ele>2161.964229</ele>
        <time>2026-08-14T14:25:23.480Z</time>
      </trkpt>
      <trkpt lat="46.314295" lon="10.501397">
        <ele>2159.738374</ele>
        <time>2026-08-14T14:25:28.047Z</time>
      </trkpt>
      <trkpt lat="46.314174" lon="10.501589">
        <ele>2158.518526</ele>
        <time>2026-08-14T14:25:30.492Z</time>
      </trkpt>
      <trkpt lat="46.314122" lon="10.501765">
        <ele>2157.620097</ele>
        <time>2026-08-14T14:25:32.258Z</time>
      </trkpt>
      <trkpt lat="46.314103" lon="10.501887">
        <ele>2157.033133</ele>
        <time>2026-08-14T14:25:33.402Z</time>
      </trkpt>
      <trkpt lat="46.314117" lon="10.502312">
        <ele>2155.060072</ele>
        <time>2026-08-14T14:25:37.268Z</time>
      </trkpt>
      <trkpt lat="46.314036" lon="10.502557">
        <ele>2153.870302</ele>
        <time>2026-08-14T14:25:39.713Z</time>
      </trkpt>
      <trkpt lat="46.313948" lon="10.502717">
        <ele>2152.974407</ele>
        <time>2026-08-14T14:25:41.548Z</time>
      </trkpt>
      <trkpt lat="46.313689" lon="10.503044">
        <ele>2150.795077</ele>
        <time>2026-08-14T14:25:46.097Z</time>
      </trkpt>
      <trkpt lat="46.313352" lon="10.503687">
        <ele>2147.259488</ele>
        <time>2026-08-14T14:25:53.746Z</time>
      </trkpt>
      <trkpt lat="46.313196" lon="10.503869">
        <ele>2145.988938</ele>
        <time>2026-08-14T14:25:56.559Z</time>
      </trkpt>
      <trkpt lat="46.312888" lon="10.504325">
        <ele>2142.757739</ele>
        <time>2026-08-14T14:26:02.664Z</time>
      </trkpt>
      <trkpt lat="46.312569" lon="10.504524">
        <ele>2139.338879</ele>
        <time>2026-08-14T14:26:07.307Z</time>
      </trkpt>
      <trkpt lat="46.312319" lon="10.504514">
        <ele>2136.877291</ele>
        <time>2026-08-14T14:26:10.558Z</time>
      </trkpt>
      <trkpt lat="46.312186" lon="10.504470">
        <ele>2135.534482</ele>
        <time>2026-08-14T14:26:12.306Z</time>
      </trkpt>
      <trkpt lat="46.311961" lon="10.504302">
        <ele>2133.042713</ele>
        <time>2026-08-14T14:26:15.463Z</time>
      </trkpt>
      <trkpt lat="46.311241" lon="10.504024">
        <ele>2125.581283</ele>
        <time>2026-08-14T14:26:24.529Z</time>
      </trkpt>
      <trkpt lat="46.311107" lon="10.504032">
        <ele>2123.970076</ele>
        <time>2026-08-14T14:26:26.165Z</time>
      </trkpt>
      <trkpt lat="46.311029" lon="10.504079">
        <ele>2122.955079</ele>
        <time>2026-08-14T14:26:27.182Z</time>
      </trkpt>
      <trkpt lat="46.310971" lon="10.504173">
        <ele>2121.909134</ele>
        <time>2026-08-14T14:26:28.242Z</time>
      </trkpt>
      <trkpt lat="46.310846" lon="10.504566">
        <ele>2118.318720</ele>
        <time>2026-08-14T14:26:31.880Z</time>
      </trkpt>
      <trkpt lat="46.310758" lon="10.504680">
        <ele>2116.900044</ele>
        <time>2026-08-14T14:26:33.324Z</time>
      </trkpt>
      <trkpt lat="46.310491" lon="10.504863">
        <ele>2113.351059</ele>
        <time>2026-08-14T14:26:36.981Z</time>
      </trkpt>
      <trkpt lat="46.310287" lon="10.505072">
        <ele>2110.348643</ele>
        <time>2026-08-14T14:26:40.104Z</time>
      </trkpt>
      <trkpt lat="46.309867" lon="10.505660">
        <ele>2103.282372</ele>
        <time>2026-08-14T14:26:47.400Z</time>
      </trkpt>
      <trkpt lat="46.309591" lon="10.505943">
        <ele>2099.077194</ele>
        <time>2026-08-14T14:26:51.568Z</time>
      </trkpt>
      <trkpt lat="46.309294" lon="10.506381">
        <ele>2093.805846</ele>
        <time>2026-08-14T14:26:56.730Z</time>
      </trkpt>
      <trkpt lat="46.308917" lon="10.506851">
        <ele>2087.619892</ele>
        <time>2026-08-14T14:27:02.756Z</time>
      </trkpt>
      <trkpt lat="46.308383" lon="10.507752">
        <ele>2078.388851</ele>
        <time>2026-08-14T14:27:12.823Z</time>
      </trkpt>
      <trkpt lat="46.308324" lon="10.507803">
        <ele>2077.703140</ele>
        <time>2026-08-14T14:27:13.676Z</time>
      </trkpt>
      <trkpt lat="46.308289" lon="10.507781">
        <ele>2077.322384</ele>
        <time>2026-08-14T14:27:14.155Z</time>
      </trkpt>
      <trkpt lat="46.308274" lon="10.507717">
        <ele>2076.856528</ele>
        <time>2026-08-14T14:27:14.733Z</time>
      </trkpt>
      <trkpt lat="46.308625" lon="10.506705">
        <ele>2069.050858</ele>
        <time>2026-08-14T14:27:24.673Z</time>
      </trkpt>
      <trkpt lat="46.308690" lon="10.506448">
        <ele>2067.164351</ele>
        <time>2026-08-14T14:27:27.134Z</time>
      </trkpt>
      <trkpt lat="46.308748" lon="10.506112">
        <ele>2064.777089</ele>
        <time>2026-08-14T14:27:30.235Z</time>
      </trkpt>
      <trkpt lat="46.308788" lon="10.505580">
        <ele>2061.523177</ele>
        <time>2026-08-14T14:27:34.992Z</time>
      </trkpt>
      <trkpt lat="46.308824" lon="10.505442">
        <ele>2060.641320</ele>
        <time>2026-08-14T14:27:36.294Z</time>
      </trkpt>
      <trkpt lat="46.309192" lon="10.504752">
        <ele>2055.429993</ele>
        <time>2026-08-14T14:27:43.951Z</time>
      </trkpt>
      <trkpt lat="46.309182" lon="10.504650">
        <ele>2054.814113</ele>
        <time>2026-08-14T14:27:44.863Z</time>
      </trkpt>
      <trkpt lat="46.309091" lon="10.504663">
        <ele>2054.022742</ele>
        <time>2026-08-14T14:27:46.035Z</time>
      </trkpt>
      <trkpt lat="46.308779" lon="10.505210">
        <ele>2049.781979</ele>
        <time>2026-08-14T14:27:52.358Z</time>
      </trkpt>
      <trkpt lat="46.308200" lon="10.505921">
        <ele>2043.848207</ele>
        <time>2026-08-14T14:28:02.248Z</time>
      </trkpt>
      <trkpt lat="46.308109" lon="10.506084">
        <ele>2042.738144</ele>
        <time>2026-08-14T14:28:04.136Z</time>
      </trkpt>
      <trkpt lat="46.307987" lon="10.506426">
        <ele>2040.699410</ele>
        <time>2026-08-14T14:28:07.641Z</time>
      </trkpt>
      <trkpt lat="46.307706" lon="10.506748">
        <ele>2037.951475</ele>
        <time>2026-08-14T14:28:12.353Z</time>
      </trkpt>
      <trkpt lat="46.307525" lon="10.507322">
        <ele>2034.675712</ele>
        <time>2026-08-14T14:28:18.046Z</time>
      </trkpt>
      <trkpt lat="46.307481" lon="10.507556">
        <ele>2033.605322</ele>
        <time>2026-08-14T14:28:20.241Z</time>
      </trkpt>
      <trkpt lat="46.307457" lon="10.508505">
        <ele>2029.413892</ele>
        <time>2026-08-14T14:28:28.903Z</time>
      </trkpt>
      <trkpt lat="46.307446" lon="10.508541">
        <ele>2029.240147</ele>
        <time>2026-08-14T14:28:29.259Z</time>
      </trkpt>
      <trkpt lat="46.307392" lon="10.508566">
        <ele>2028.877905</ele>
        <time>2026-08-14T14:28:30.035Z</time>
      </trkpt>
      <trkpt lat="46.307358" lon="10.508472">
        <ele>2028.409580</ele>
        <time>2026-08-14T14:28:31.019Z</time>
      </trkpt>
      <trkpt lat="46.307332" lon="10.507909">
        <ele>2025.919101</ele>
        <time>2026-08-14T14:28:36.359Z</time>
      </trkpt>
      <trkpt lat="46.307267" lon="10.507326">
        <ele>2023.345357</ele>
        <time>2026-08-14T14:28:42.014Z</time>
      </trkpt>
      <trkpt lat="46.307316" lon="10.506768">
        <ele>2021.264580</ele>
        <time>2026-08-14T14:28:47.550Z</time>
      </trkpt>
      <trkpt lat="46.307473" lon="10.506379">
        <ele>2019.597981</ele>
        <time>2026-08-14T14:28:51.946Z</time>
      </trkpt>
      <trkpt lat="46.307611" lon="10.506123">
        <ele>2018.396765</ele>
        <time>2026-08-14T14:28:55.091Z</time>
      </trkpt>
      <trkpt lat="46.307752" lon="10.505652">
        <ele>2016.497871</ele>
        <time>2026-08-14T14:29:00.016Z</time>
      </trkpt>
      <trkpt lat="46.308018" lon="10.505360">
        <ele>2014.710194</ele>
        <time>2026-08-14T14:29:04.549Z</time>
      </trkpt>
      <trkpt lat="46.308115" lon="10.505176">
        <ele>2013.833738</ele>
        <time>2026-08-14T14:29:06.722Z</time>
      </trkpt>
      <trkpt lat="46.308253" lon="10.504814">
        <ele>2011.242714</ele>
        <time>2026-08-14T14:29:10.630Z</time>
      </trkpt>
      <trkpt lat="46.308409" lon="10.504547">
        <ele>2009.051296</ele>
        <time>2026-08-14T14:29:13.865Z</time>
      </trkpt>
      <trkpt lat="46.308409" lon="10.504457">
        <ele>2008.487304</ele>
        <time>2026-08-14T14:29:14.681Z</time>
      </trkpt>
      <trkpt lat="46.308356" lon="10.504432">
        <ele>2007.981620</ele>
        <time>2026-08-14T14:29:15.416Z</time>
      </trkpt>
      <trkpt lat="46.308187" lon="10.504701">
        <ele>2005.702997</ele>
        <time>2026-08-14T14:29:18.663Z</time>
      </trkpt>
      <trkpt lat="46.307966" lon="10.505228">
        <ele>2001.839576</ele>
        <time>2026-08-14T14:29:24.030Z</time>
      </trkpt>
      <trkpt lat="46.307910" lon="10.505281">
        <ele>2001.232620</ele>
        <time>2026-08-14T14:29:24.857Z</time>
      </trkpt>
      <trkpt lat="46.307531" lon="10.505534">
        <ele>1997.422019</ele>
        <time>2026-08-14T14:29:29.988Z</time>
      </trkpt>
      <trkpt lat="46.306896" lon="10.505738">
        <ele>1990.316933</ele>
        <time>2026-08-14T14:29:37.924Z</time>
      </trkpt>
      <trkpt lat="46.306811" lon="10.505868">
        <ele>1988.966244</ele>
        <time>2026-08-14T14:29:39.421Z</time>
      </trkpt>
      <trkpt lat="46.306413" lon="10.506840">
        <ele>1980.440021</ele>
        <time>2026-08-14T14:29:49.073Z</time>
      </trkpt>
      <trkpt lat="46.306198" lon="10.507903">
        <ele>1973.852580</ele>
        <time>2026-08-14T14:29:59.479Z</time>
      </trkpt>
      <trkpt lat="46.306193" lon="10.507998">
        <ele>1973.351722</ele>
        <time>2026-08-14T14:30:00.403Z</time>
      </trkpt>
      <trkpt lat="46.306223" lon="10.508138">
        <ele>1972.581152</ele>
        <time>2026-08-14T14:30:01.800Z</time>
      </trkpt>
      <trkpt lat="46.306413" lon="10.508581">
        <ele>1969.839981</ele>
        <time>2026-08-14T14:30:06.709Z</time>
      </trkpt>
      <trkpt lat="46.306434" lon="10.508674">
        <ele>1969.325630</ele>
        <time>2026-08-14T14:30:07.600Z</time>
      </trkpt>
      <trkpt lat="46.306428" lon="10.508805">
        <ele>1968.635459</ele>
        <time>2026-08-14T14:30:08.802Z</time>
      </trkpt>
      <trkpt lat="46.306367" lon="10.508925">
        <ele>1967.852238</ele>
        <time>2026-08-14T14:30:10.160Z</time>
      </trkpt>
      <trkpt lat="46.306207" lon="10.509073">
        <ele>1966.407300</ele>
        <time>2026-08-14T14:30:12.608Z</time>
      </trkpt>
      <trkpt lat="46.306032" lon="10.509308">
        <ele>1964.590793</ele>
        <time>2026-08-14T14:30:15.647Z</time>
      </trkpt>
      <trkpt lat="46.304994" lon="10.509375">
        <ele>1953.768201</ele>
        <time>2026-08-14T14:30:28.546Z</time>
      </trkpt>
      <trkpt lat="46.304879" lon="10.509451">
        <ele>1952.434540</ele>
        <time>2026-08-14T14:30:30.116Z</time>
      </trkpt>
      <trkpt lat="46.304798" lon="10.509579">
        <ele>1951.169464</ele>
        <time>2026-08-14T14:30:31.600Z</time>
      </trkpt>
      <trkpt lat="46.304745" lon="10.509799">
        <ele>1949.471428</ele>
        <time>2026-08-14T14:30:33.618Z</time>
      </trkpt>
      <trkpt lat="46.304704" lon="10.509883">
        <ele>1948.721857</ele>
        <time>2026-08-14T14:30:34.509Z</time>
      </trkpt>
      <trkpt lat="46.304606" lon="10.509939">
        <ele>1947.610355</ele>
        <time>2026-08-14T14:30:35.832Z</time>
      </trkpt>
      <trkpt lat="46.304418" lon="10.510008">
        <ele>1945.564269</ele>
        <time>2026-08-14T14:30:38.263Z</time>
      </trkpt>
      <trkpt lat="46.304079" lon="10.510059">
        <ele>1941.888268</ele>
        <time>2026-08-14T14:30:42.580Z</time>
      </trkpt>
      <trkpt lat="46.303834" lon="10.510044">
        <ele>1939.238025</ele>
        <time>2026-08-14T14:30:45.651Z</time>
      </trkpt>
      <trkpt lat="46.303608" lon="10.510109">
        <ele>1936.747748</ele>
        <time>2026-08-14T14:30:48.494Z</time>
      </trkpt>
      <trkpt lat="46.303244" lon="10.510154">
        <ele>1932.799441</ele>
        <time>2026-08-14T14:30:52.989Z</time>
      </trkpt>
      <trkpt lat="46.302538" lon="10.510438">
        <ele>1925.078657</ele>
        <time>2026-08-14T14:31:02.106Z</time>
      </trkpt>
      <trkpt lat="46.302427" lon="10.510523">
        <ele>1924.009015</ele>
        <time>2026-08-14T14:31:03.704Z</time>
      </trkpt>
      <trkpt lat="46.302333" lon="10.510642">
        <ele>1922.945312</ele>
        <time>2026-08-14T14:31:05.278Z</time>
      </trkpt>
      <trkpt lat="46.302118" lon="10.511144">
        <ele>1919.469622</ele>
        <time>2026-08-14T14:31:10.456Z</time>
      </trkpt>
      <trkpt lat="46.301971" lon="10.511588">
        <ele>1916.572305</ele>
        <time>2026-08-14T14:31:14.781Z</time>
      </trkpt>
      <trkpt lat="46.301937" lon="10.511589">
        <ele>1916.282637</ele>
        <time>2026-08-14T14:31:15.233Z</time>
      </trkpt>
      <trkpt lat="46.301909" lon="10.511535">
        <ele>1915.885319</ele>
        <time>2026-08-14T14:31:15.840Z</time>
      </trkpt>
      <trkpt lat="46.302096" lon="10.510887">
        <ele>1911.752762</ele>
        <time>2026-08-14T14:31:22.243Z</time>
      </trkpt>
      <trkpt lat="46.302302" lon="10.510251">
        <ele>1908.509846</ele>
        <time>2026-08-14T14:31:28.907Z</time>
      </trkpt>
      <trkpt lat="46.302438" lon="10.510102">
        <ele>1907.506671</ele>
        <time>2026-08-14T14:31:31.283Z</time>
      </trkpt>
      <trkpt lat="46.302671" lon="10.510008">
        <ele>1906.084046</ele>
        <time>2026-08-14T14:31:34.659Z</time>
      </trkpt>
      <trkpt lat="46.303315" lon="10.509564">
        <ele>1901.888654</ele>
        <time>2026-08-14T14:31:44.684Z</time>
      </trkpt>
      <trkpt lat="46.303499" lon="10.509479">
        <ele>1900.752680</ele>
        <time>2026-08-14T14:31:47.295Z</time>
      </trkpt>
      <trkpt lat="46.303978" lon="10.509350">
        <ele>1897.672614</ele>
        <time>2026-08-14T14:31:53.603Z</time>
      </trkpt>
      <trkpt lat="46.304133" lon="10.509234">
        <ele>1896.537967</ele>
        <time>2026-08-14T14:31:55.873Z</time>
      </trkpt>
      <trkpt lat="46.304252" lon="10.508996">
        <ele>1895.218171</ele>
        <time>2026-08-14T14:31:58.524Z</time>
      </trkpt>
      <trkpt lat="46.304271" lon="10.508873">
        <ele>1894.651984</ele>
        <time>2026-08-14T14:31:59.674Z</time>
      </trkpt>
      <trkpt lat="46.304261" lon="10.508306">
        <ele>1892.104072</ele>
        <time>2026-08-14T14:32:04.878Z</time>
      </trkpt>
      <trkpt lat="46.304223" lon="10.508230">
        <ele>1891.682625</ele>
        <time>2026-08-14T14:32:05.759Z</time>
      </trkpt>
      <trkpt lat="46.304176" lon="10.508244">
        <ele>1891.370597</ele>
        <time>2026-08-14T14:32:06.391Z</time>
      </trkpt>
      <trkpt lat="46.304155" lon="10.508311">
        <ele>1891.040089</ele>
        <time>2026-08-14T14:32:07.072Z</time>
      </trkpt>
      <trkpt lat="46.304210" lon="10.508747">
        <ele>1889.049097</ele>
        <time>2026-08-14T14:32:11.268Z</time>
      </trkpt>
      <trkpt lat="46.304200" lon="10.508851">
        <ele>1888.577404</ele>
        <time>2026-08-14T14:32:12.331Z</time>
      </trkpt>
      <trkpt lat="46.304142" lon="10.509007">
        <ele>1887.627864</ele>
        <time>2026-08-14T14:32:14.125Z</time>
      </trkpt>
      <trkpt lat="46.303979" lon="10.509131">
        <ele>1886.012645</ele>
        <time>2026-08-14T14:32:16.985Z</time>
      </trkpt>
      <trkpt lat="46.303067" lon="10.509350">
        <ele>1877.903485</ele>
        <time>2026-08-14T14:32:30.066Z</time>
      </trkpt>
      <trkpt lat="46.302583" lon="10.509405">
        <ele>1873.644899</ele>
        <time>2026-08-14T14:32:35.964Z</time>
      </trkpt>
      <trkpt lat="46.302270" lon="10.509396">
        <ele>1869.008642</ele>
        <time>2026-08-14T14:32:39.670Z</time>
      </trkpt>
      <trkpt lat="46.302000" lon="10.509425">
        <ele>1863.730250</ele>
        <time>2026-08-14T14:32:42.844Z</time>
      </trkpt>
      <trkpt lat="46.301246" lon="10.509617">
        <ele>1848.804527</ele>
        <time>2026-08-14T14:32:51.786Z</time>
      </trkpt>
      <trkpt lat="46.300950" lon="10.509730">
        <ele>1842.836375</ele>
        <time>2026-08-14T14:32:55.353Z</time>
      </trkpt>
      <trkpt lat="46.300648" lon="10.509944">
        <ele>1836.984898</ele>
        <time>2026-08-14T14:32:59.318Z</time>
      </trkpt>
      <trkpt lat="46.300537" lon="10.510100">
        <ele>1835.903278</ele>
        <time>2026-08-14T14:33:01.179Z</time>
      </trkpt>
      <trkpt lat="46.300388" lon="10.510474">
        <ele>1833.818057</ele>
        <time>2026-08-14T14:33:04.856Z</time>
      </trkpt>
      <trkpt lat="46.300344" lon="10.510497">
        <ele>1833.491006</ele>
        <time>2026-08-14T14:33:05.438Z</time>
      </trkpt>
      <trkpt lat="46.300320" lon="10.510406">
        <ele>1833.020543</ele>
        <time>2026-08-14T14:33:06.302Z</time>
      </trkpt>
      <trkpt lat="46.300371" lon="10.510234">
        <ele>1832.116512</ele>
        <time>2026-08-14T14:33:07.990Z</time>
      </trkpt>
      <trkpt lat="46.300579" lon="10.509753">
        <ele>1829.375747</ele>
        <time>2026-08-14T14:33:13.468Z</time>
      </trkpt>
      <trkpt lat="46.300712" lon="10.509551">
        <ele>1828.027997</ele>
        <time>2026-08-14T14:33:16.523Z</time>
      </trkpt>
      <trkpt lat="46.301122" lon="10.509186">
        <ele>1824.706660</ele>
        <time>2026-08-14T14:33:27.732Z</time>
      </trkpt>
      <trkpt lat="46.301498" lon="10.509032">
        <ele>1822.821162</ele>
        <time>2026-08-14T14:33:39.569Z</time>
      </trkpt>
      <trkpt lat="46.301998" lon="10.508690">
        <ele>1820.152768</ele>
        <time>2026-08-14T14:33:49.825Z</time>
      </trkpt>
      <trkpt lat="46.302671" lon="10.508193">
        <ele>1816.507219</ele>
        <time>2026-08-14T14:33:59.691Z</time>
      </trkpt>
      <trkpt lat="46.302892" lon="10.508010">
        <ele>1812.971720</ele>
        <time>2026-08-14T14:34:02.768Z</time>
      </trkpt>
      <trkpt lat="46.302950" lon="10.507927">
        <ele>1811.505831</ele>
        <time>2026-08-14T14:34:03.745Z</time>
      </trkpt>
      <trkpt lat="46.302977" lon="10.507866">
        <ele>1810.606282</ele>
        <time>2026-08-14T14:34:04.335Z</time>
      </trkpt>
      <trkpt lat="46.303013" lon="10.507608">
        <ele>1807.338062</ele>
        <time>2026-08-14T14:34:06.482Z</time>
      </trkpt>
      <trkpt lat="46.302993" lon="10.507067">
        <ele>1800.610973</ele>
        <time>2026-08-14T14:34:10.878Z</time>
      </trkpt>
      <trkpt lat="46.303021" lon="10.506832">
        <ele>1797.649951</ele>
        <time>2026-08-14T14:34:12.793Z</time>
      </trkpt>
      <trkpt lat="46.303345" lon="10.506156">
        <ele>1787.433984</ele>
        <time>2026-08-14T14:34:19.423Z</time>
      </trkpt>
      <trkpt lat="46.303496" lon="10.505904">
        <ele>1783.455110</ele>
        <time>2026-08-14T14:34:22.143Z</time>
      </trkpt>
      <trkpt lat="46.303496" lon="10.505824">
        <ele>1782.782208</ele>
        <time>2026-08-14T14:34:22.795Z</time>
      </trkpt>
      <trkpt lat="46.303467" lon="10.505747">
        <ele>1782.044546</ele>
        <time>2026-08-14T14:34:23.518Z</time>
      </trkpt>
      <trkpt lat="46.303386" lon="10.505739">
        <ele>1781.056041</ele>
        <time>2026-08-14T14:34:24.486Z</time>
      </trkpt>
      <trkpt lat="46.303008" lon="10.506145">
        <ele>1775.325110</ele>
        <time>2026-08-14T14:34:30.184Z</time>
      </trkpt>
      <trkpt lat="46.302504" lon="10.506772">
        <ele>1767.233744</ele>
        <time>2026-08-14T14:34:38.607Z</time>
      </trkpt>
      <trkpt lat="46.302326" lon="10.507108">
        <ele>1763.672207</ele>
        <time>2026-08-14T14:34:42.393Z</time>
      </trkpt>
      <trkpt lat="46.302211" lon="10.507224">
        <ele>1761.965589</ele>
        <time>2026-08-14T14:34:44.209Z</time>
      </trkpt>
      <trkpt lat="46.301560" lon="10.507637">
        <ele>1753.647221</ele>
        <time>2026-08-14T14:34:53.208Z</time>
      </trkpt>
      <trkpt lat="46.301366" lon="10.507808">
        <ele>1750.989814</ele>
        <time>2026-08-14T14:34:56.026Z</time>
      </trkpt>
      <trkpt lat="46.300304" lon="10.508209">
        <ele>1738.206181</ele>
        <time>2026-08-14T14:35:09.301Z</time>
      </trkpt>
      <trkpt lat="46.299918" lon="10.508306">
        <ele>1733.719124</ele>
        <time>2026-08-14T14:35:14.086Z</time>
      </trkpt>
      <trkpt lat="46.299671" lon="10.508465">
        <ele>1730.623034</ele>
        <time>2026-08-14T14:35:17.407Z</time>
      </trkpt>
      <trkpt lat="46.299030" lon="10.509014">
        <ele>1722.092547</ele>
        <time>2026-08-14T14:35:26.691Z</time>
      </trkpt>
      <trkpt lat="46.298127" lon="10.510069">
        <ele>1710.546603</ele>
        <time>2026-08-14T14:35:41.787Z</time>
      </trkpt>
      <trkpt lat="46.297618" lon="10.510323">
        <ele>1705.319745</ele>
        <time>2026-08-14T14:35:48.471Z</time>
      </trkpt>
      <trkpt lat="46.297238" lon="10.510678">
        <ele>1700.756190</ele>
        <time>2026-08-14T14:35:54.055Z</time>
      </trkpt>
      <trkpt lat="46.297186" lon="10.510677">
        <ele>1700.204555</ele>
        <time>2026-08-14T14:35:54.701Z</time>
      </trkpt>
      <trkpt lat="46.297158" lon="10.510641">
        <ele>1699.807283</ele>
        <time>2026-08-14T14:35:55.164Z</time>
      </trkpt>
      <trkpt lat="46.297150" lon="10.510580">
        <ele>1699.352239</ele>
        <time>2026-08-14T14:35:55.697Z</time>
      </trkpt>
      <trkpt lat="46.297243" lon="10.510410">
        <ele>1697.763072</ele>
        <time>2026-08-14T14:35:57.557Z</time>
      </trkpt>
      <trkpt lat="46.297301" lon="10.510177">
        <ele>1695.948000</ele>
        <time>2026-08-14T14:35:59.695Z</time>
      </trkpt>
      <trkpt lat="46.297529" lon="10.509887">
        <ele>1692.728327</ele>
        <time>2026-08-14T14:36:03.469Z</time>
      </trkpt>
      <trkpt lat="46.297599" lon="10.509748">
        <ele>1691.467733</ele>
        <time>2026-08-14T14:36:04.953Z</time>
      </trkpt>
      <trkpt lat="46.298132" lon="10.509187">
        <ele>1684.477095</ele>
        <time>2026-08-14T14:36:13.194Z</time>
      </trkpt>
      <trkpt lat="46.298567" lon="10.508501">
        <ele>1677.734967</ele>
        <time>2026-08-14T14:36:21.478Z</time>
      </trkpt>
      <trkpt lat="46.299219" lon="10.507668">
        <ele>1668.634598</ele>
        <time>2026-08-14T14:36:32.455Z</time>
      </trkpt>
      <trkpt lat="46.299414" lon="10.507487">
        <ele>1666.210546</ele>
        <time>2026-08-14T14:36:35.305Z</time>
      </trkpt>
      <trkpt lat="46.299644" lon="10.507163">
        <ele>1662.452593</ele>
        <time>2026-08-14T14:36:39.188Z</time>
      </trkpt>
      <trkpt lat="46.299808" lon="10.506998">
        <ele>1659.953603</ele>
        <time>2026-08-14T14:36:41.591Z</time>
      </trkpt>
      <trkpt lat="46.300011" lon="10.506905">
        <ele>1657.289481</ele>
        <time>2026-08-14T14:36:44.179Z</time>
      </trkpt>
      <trkpt lat="46.300117" lon="10.506776">
        <ele>1655.556716</ele>
        <time>2026-08-14T14:36:45.862Z</time>
      </trkpt>
      <trkpt lat="46.300444" lon="10.506125">
        <ele>1648.599163</ele>
        <time>2026-08-14T14:36:52.649Z</time>
      </trkpt>
      <trkpt lat="46.300657" lon="10.505904">
        <ele>1645.320134</ele>
        <time>2026-08-14T14:36:55.860Z</time>
      </trkpt>
      <trkpt lat="46.300776" lon="10.505709">
        <ele>1643.071087</ele>
        <time>2026-08-14T14:36:58.062Z</time>
      </trkpt>
      <trkpt lat="46.300923" lon="10.505154">
        <ele>1639.083832</ele>
        <time>2026-08-14T14:37:03.173Z</time>
      </trkpt>
      <trkpt lat="46.301237" lon="10.504422">
        <ele>1633.559351</ele>
        <time>2026-08-14T14:37:10.930Z</time>
      </trkpt>
      <trkpt lat="46.301408" lon="10.504192">
        <ele>1631.392961</ele>
        <time>2026-08-14T14:37:13.950Z</time>
      </trkpt>
      <trkpt lat="46.301683" lon="10.503899">
        <ele>1628.223921</ele>
        <time>2026-08-14T14:37:18.329Z</time>
      </trkpt>
      <trkpt lat="46.301841" lon="10.503193">
        <ele>1623.319870</ele>
        <time>2026-08-14T14:37:24.870Z</time>
      </trkpt>
      <trkpt lat="46.301964" lon="10.502949">
        <ele>1621.256606</ele>
        <time>2026-08-14T14:37:27.511Z</time>
      </trkpt>
      <trkpt lat="46.301963" lon="10.502850">
        <ele>1620.580277</ele>
        <time>2026-08-14T14:37:28.385Z</time>
      </trkpt>
      <trkpt lat="46.301920" lon="10.502817">
        <ele>1620.099052</ele>
        <time>2026-08-14T14:37:29.008Z</time>
      </trkpt>
      <trkpt lat="46.301886" lon="10.502831">
        <ele>1619.749539</ele>
        <time>2026-08-14T14:37:29.448Z</time>
      </trkpt>
      <trkpt lat="46.301769" lon="10.502997">
        <ele>1618.129640</ele>
        <time>2026-08-14T14:37:31.514Z</time>
      </trkpt>
      <trkpt lat="46.301398" lon="10.503612">
        <ele>1612.552479</ele>
        <time>2026-08-14T14:37:38.549Z</time>
      </trkpt>
      <trkpt lat="46.300840" lon="10.503982">
        <ele>1606.933722</ele>
        <time>2026-08-14T14:37:46.232Z</time>
      </trkpt>
      <trkpt lat="46.300623" lon="10.504285">
        <ele>1604.891459</ele>
        <time>2026-08-14T14:37:50.082Z</time>
      </trkpt>
      <trkpt lat="46.300387" lon="10.504380">
        <ele>1603.232273</ele>
        <time>2026-08-14T14:37:53.261Z</time>
      </trkpt>
      <trkpt lat="46.300132" lon="10.504765">
        <ele>1600.736439</ele>
        <time>2026-08-14T14:37:58.173Z</time>
      </trkpt>
      <trkpt lat="46.299702" lon="10.505062">
        <ele>1597.509264</ele>
        <time>2026-08-14T14:38:04.800Z</time>
      </trkpt>
      <trkpt lat="46.299520" lon="10.505261">
        <ele>1595.964299</ele>
        <time>2026-08-14T14:38:08.122Z</time>
      </trkpt>
      <trkpt lat="46.298691" lon="10.505902">
        <ele>1592.764476</ele>
        <time>2026-08-14T14:38:22.396Z</time>
      </trkpt>
      <trkpt lat="46.298506" lon="10.506019">
        <ele>1592.103215</ele>
        <time>2026-08-14T14:38:25.340Z</time>
      </trkpt>
      <trkpt lat="46.298250" lon="10.506104">
        <ele>1591.242942</ele>
        <time>2026-08-14T14:38:29.203Z</time>
      </trkpt>
      <trkpt lat="46.297982" lon="10.506259">
        <ele>1590.297659</ele>
        <time>2026-08-14T14:38:33.571Z</time>
      </trkpt>
      <trkpt lat="46.297782" lon="10.506294">
        <ele>1589.828123</ele>
        <time>2026-08-14T14:38:36.717Z</time>
      </trkpt>
      <trkpt lat="46.297545" lon="10.506300">
        <ele>1589.789650</ele>
        <time>2026-08-14T14:38:40.499Z</time>
      </trkpt>
      <trkpt lat="46.297470" lon="10.506481">
        <ele>1589.765981</ele>
        <time>2026-08-14T14:38:43.291Z</time>
      </trkpt>
      <trkpt lat="46.297300" lon="10.506632">
        <ele>1589.733607</ele>
        <time>2026-08-14T14:38:47.326Z</time>
      </trkpt>
      <trkpt lat="46.297015" lon="10.506720">
        <ele>1589.686307</ele>
        <time>2026-08-14T14:38:58.739Z</time>
      </trkpt>
      <trkpt lat="46.296631" lon="10.507025">
        <ele>1589.615212</ele>
        <time>2026-08-14T14:39:17.028Z</time>
      </trkpt>
      <trkpt lat="46.296257" lon="10.507400">
        <ele>1589.591785</ele>
        <time>2026-08-14T14:39:40.411Z</time>
      </trkpt>
      <trkpt lat="46.296067" lon="10.507570">
        <ele>1589.940928</ele>
        <time>2026-08-14T14:39:52.564Z</time>
      </trkpt>
      <trkpt lat="46.295516" lon="10.507972">
        <ele>1590.905399</ele>
        <time>2026-08-14T14:40:27.737Z</time>
      </trkpt>
      <trkpt lat="46.295323" lon="10.508227">
        <ele>1591.313862</ele>
        <time>2026-08-14T14:40:42.102Z</time>
      </trkpt>
      <trkpt lat="46.295056" lon="10.508950">
        <ele>1592.199211</ele>
        <time>2026-08-14T14:41:08.325Z</time>
      </trkpt>
      <trkpt lat="46.294782" lon="10.509325">
        <ele>1591.059121</ele>
        <time>2026-08-14T14:41:22.570Z</time>
      </trkpt>
      <trkpt lat="46.294625" lon="10.509481">
        <ele>1590.162849</ele>
        <time>2026-08-14T14:41:29.107Z</time>
      </trkpt>
      <trkpt lat="46.294353" lon="10.509864">
        <ele>1588.376826</ele>
        <time>2026-08-14T14:41:40.964Z</time>
      </trkpt>
      <trkpt lat="46.294145" lon="10.510015">
        <ele>1587.281659</ele>
        <time>2026-08-14T14:41:47.827Z</time>
      </trkpt>
      <trkpt lat="46.293984" lon="10.510183">
        <ele>1586.347530</ele>
        <time>2026-08-14T14:41:53.579Z</time>
      </trkpt>
      <trkpt lat="46.293891" lon="10.510500">
        <ele>1585.227612</ele>
        <time>2026-08-14T14:42:00.430Z</time>
      </trkpt>
      <trkpt lat="46.293569" lon="10.510977">
        <ele>1582.805452</ele>
        <time>2026-08-14T14:42:13.946Z</time>
      </trkpt>
      <trkpt lat="46.293431" lon="10.511539">
        <ele>1580.275691</ele>
        <time>2026-08-14T14:42:26.228Z</time>
      </trkpt>
      <trkpt lat="46.293262" lon="10.512202">
        <ele>1577.278329</ele>
        <time>2026-08-14T14:42:40.987Z</time>
      </trkpt>
      <trkpt lat="46.293112" lon="10.512552">
        <ele>1575.531432</ele>
        <time>2026-08-14T14:42:49.812Z</time>
      </trkpt>
      <trkpt lat="46.292654" lon="10.513418">
        <ele>1569.964403</ele>
        <time>2026-08-14T14:43:12.582Z</time>
      </trkpt>
      <trkpt lat="46.292483" lon="10.513624">
        <ele>1567.937818</ele>
        <time>2026-08-14T14:43:18.912Z</time>
      </trkpt>
      <trkpt lat="46.292282" lon="10.514129">
        <ele>1564.269816</ele>
        <time>2026-08-14T14:43:30.158Z</time>
      </trkpt>
      <trkpt lat="46.291925" lon="10.514513">
        <ele>1560.218233</ele>
        <time>2026-08-14T14:43:42.368Z</time>
      </trkpt>
      <trkpt lat="46.291727" lon="10.514668">
        <ele>1558.167777</ele>
        <time>2026-08-14T14:43:48.462Z</time>
      </trkpt>
      <trkpt lat="46.291364" lon="10.515171">
        <ele>1554.032377</ele>
        <time>2026-08-14T14:44:02.029Z</time>
      </trkpt>
      <trkpt lat="46.290887" lon="10.515579">
        <ele>1549.760972</ele>
        <time>2026-08-14T14:44:17.269Z</time>
      </trkpt>
      <trkpt lat="46.290673" lon="10.515932">
        <ele>1547.259499</ele>
        <time>2026-08-14T14:44:26.747Z</time>
      </trkpt>
      <trkpt lat="46.290530" lon="10.516035">
        <ele>1546.028130</ele>
        <time>2026-08-14T14:44:31.676Z</time>
      </trkpt>
      <trkpt lat="46.290258" lon="10.516545">
        <ele>1542.597481</ele>
        <time>2026-08-14T14:44:46.311Z</time>
      </trkpt>
      <trkpt lat="46.290160" lon="10.517081">
        <ele>1540.178021</ele>
        <time>2026-08-14T14:44:59.488Z</time>
      </trkpt>
      <trkpt lat="46.289915" lon="10.517570">
        <ele>1537.542259</ele>
        <time>2026-08-14T14:45:12.053Z</time>
      </trkpt>
      <trkpt lat="46.289808" lon="10.517776">
        <ele>1536.417681</ele>
        <time>2026-08-14T14:45:14.363Z</time>
      </trkpt>
      <trkpt lat="46.289746" lon="10.517790">
        <ele>1536.021409</ele>
        <time>2026-08-14T14:45:15.163Z</time>
      </trkpt>
      <trkpt lat="46.289633" lon="10.518049">
        <ele>1534.684760</ele>
        <time>2026-08-14T14:45:17.950Z</time>
      </trkpt>
      <trkpt lat="46.289460" lon="10.518262">
        <ele>1533.250354</ele>
        <time>2026-08-14T14:45:20.936Z</time>
      </trkpt>
      <trkpt lat="46.289271" lon="10.518340">
        <ele>1532.009220</ele>
        <time>2026-08-14T14:45:23.492Z</time>
      </trkpt>
      <trkpt lat="46.289186" lon="10.518387">
        <ele>1531.434591</ele>
        <time>2026-08-14T14:45:24.694Z</time>
      </trkpt>
      <trkpt lat="46.289112" lon="10.518336">
        <ele>1530.914684</ele>
        <time>2026-08-14T14:45:25.735Z</time>
      </trkpt>
      <trkpt lat="46.289035" lon="10.518415">
        <ele>1530.314420</ele>
        <time>2026-08-14T14:45:26.960Z</time>
      </trkpt>
      <trkpt lat="46.288938" lon="10.518601">
        <ele>1529.290381</ele>
        <time>2026-08-14T14:45:29.021Z</time>
      </trkpt>
      <trkpt lat="46.288790" lon="10.519198">
        <ele>1526.503099</ele>
        <time>2026-08-14T14:45:34.720Z</time>
      </trkpt>
      <trkpt lat="46.288699" lon="10.519873">
        <ele>1523.480831</ele>
        <time>2026-08-14T14:45:41.260Z</time>
      </trkpt>
      <trkpt lat="46.288595" lon="10.520162">
        <ele>1522.048899</ele>
        <time>2026-08-14T14:45:44.811Z</time>
      </trkpt>
      <trkpt lat="46.288428" lon="10.520314">
        <ele>1520.794257</ele>
        <time>2026-08-14T14:45:47.764Z</time>
      </trkpt>
      <trkpt lat="46.288133" lon="10.520355">
        <ele>1518.569185</ele>
        <time>2026-08-14T14:45:51.884Z</time>
      </trkpt>
      <trkpt lat="46.287632" lon="10.520984">
        <ele>1512.748770</ele>
        <time>2026-08-14T14:46:00.481Z</time>
      </trkpt>
      <trkpt lat="46.287511" lon="10.521041">
        <ele>1511.632116</ele>
        <time>2026-08-14T14:46:02.087Z</time>
      </trkpt>
      <trkpt lat="46.287232" lon="10.521043">
        <ele>1509.183780</ele>
        <time>2026-08-14T14:46:05.579Z</time>
      </trkpt>
      <trkpt lat="46.287146" lon="10.521070">
        <ele>1508.411548</ele>
        <time>2026-08-14T14:46:06.675Z</time>
      </trkpt>
      <trkpt lat="46.286747" lon="10.521575">
        <ele>1503.841203</ele>
        <time>2026-08-14T14:46:13.261Z</time>
      </trkpt>
      <trkpt lat="46.286323" lon="10.522290">
        <ele>1499.899662</ele>
        <time>2026-08-14T14:46:21.496Z</time>
      </trkpt>
      <trkpt lat="46.286157" lon="10.522678">
        <ele>1497.990560</ele>
        <time>2026-08-14T14:46:25.622Z</time>
      </trkpt>
      <trkpt lat="46.286125" lon="10.522791">
        <ele>1497.479670</ele>
        <time>2026-08-14T14:46:26.760Z</time>
      </trkpt>
      <trkpt lat="46.286121" lon="10.522952">
        <ele>1496.805688</ele>
        <time>2026-08-14T14:46:28.269Z</time>
      </trkpt>
      <trkpt lat="46.286177" lon="10.523461">
        <ele>1494.649461</ele>
        <time>2026-08-14T14:46:33.450Z</time>
      </trkpt>
      <trkpt lat="46.286133" lon="10.523538">
        <ele>1494.231466</ele>
        <time>2026-08-14T14:46:35.681Z</time>
      </trkpt>
      <trkpt lat="46.286115" lon="10.523904">
        <ele>1493.150682</ele>
        <time>2026-08-14T14:46:46.651Z</time>
      </trkpt>
      <trkpt lat="46.286171" lon="10.524344">
        <ele>1493.224745</ele>
        <time>2026-08-14T14:47:03.918Z</time>
      </trkpt>
      <trkpt lat="46.286141" lon="10.524858">
        <ele>1493.310135</ele>
        <time>2026-08-14T14:47:22.266Z</time>
      </trkpt>
      <trkpt lat="46.286185" lon="10.525403">
        <ele>1493.400968</ele>
        <time>2026-08-14T14:47:37.030Z</time>
      </trkpt>
      <trkpt lat="46.286099" lon="10.525508">
        <ele>1493.427922</ele>
        <time>2026-08-14T14:47:41.308Z</time>
      </trkpt>
      <trkpt lat="46.285811" lon="10.525317">
        <ele>1493.503811</ele>
        <time>2026-08-14T14:47:52.515Z</time>
      </trkpt>
      <trkpt lat="46.285306" lon="10.524802">
        <ele>1494.264257</ele>
        <time>2026-08-14T14:48:14.774Z</time>
      </trkpt>
      <trkpt lat="46.284832" lon="10.524586">
        <ele>1495.215994</ele>
        <time>2026-08-14T14:48:31.544Z</time>
      </trkpt>
      <trkpt lat="46.284574" lon="10.524402">
        <ele>1495.766858</ele>
        <time>2026-08-14T14:48:44.502Z</time>
      </trkpt>
      <trkpt lat="46.283390" lon="10.524479">
        <ele>1498.153893</ele>
        <time>2026-08-14T14:50:09.529Z</time>
      </trkpt>
      <trkpt lat="46.282922" lon="10.524451">
        <ele>1499.153247</ele>
        <time>2026-08-14T14:50:37.977Z</time>
      </trkpt>
      <trkpt lat="46.282542" lon="10.524485">
        <ele>1499.965543</ele>
        <time>2026-08-14T14:50:54.147Z</time>
      </trkpt>
      <trkpt lat="46.282014" lon="10.524339">
        <ele>1500.417731</ele>
        <time>2026-08-14T14:51:11.170Z</time>
      </trkpt>
      <trkpt lat="46.281815" lon="10.524250">
        <ele>1499.701552</ele>
        <time>2026-08-14T14:51:17.194Z</time>
      </trkpt>
      <trkpt lat="46.280582" lon="10.523920">
        <ele>1495.390100</ele>
        <time>2026-08-14T14:51:53.470Z</time>
      </trkpt>
      <trkpt lat="46.280175" lon="10.524110">
        <ele>1494.533505</ele>
        <time>2026-08-14T14:52:09.718Z</time>
      </trkpt>
      <trkpt lat="46.280017" lon="10.524132">
        <ele>1494.439042</ele>
        <time>2026-08-14T14:52:17.194Z</time>
      </trkpt>
      <trkpt lat="46.279894" lon="10.524109">
        <ele>1494.365233</ele>
        <time>2026-08-14T14:52:21.500Z</time>
      </trkpt>
      <trkpt lat="46.279755" lon="10.524113">
        <ele>1494.282495</ele>
        <time>2026-08-14T14:52:25.815Z</time>
      </trkpt>
      <trkpt lat="46.279696" lon="10.524160">
        <ele>1494.242413</ele>
        <time>2026-08-14T14:52:27.716Z</time>
      </trkpt>
      <trkpt lat="46.279455" lon="10.524630">
        <ele>1494.001702</ele>
        <time>2026-08-14T14:52:37.115Z</time>
      </trkpt>
      <trkpt lat="46.279383" lon="10.524645">
        <ele>1493.958412</ele>
        <time>2026-08-14T14:52:38.665Z</time>
      </trkpt>
      <trkpt lat="46.279275" lon="10.524557">
        <ele>1493.884648</ele>
        <time>2026-08-14T14:52:41.208Z</time>
      </trkpt>
      <trkpt lat="46.279111" lon="10.524304">
        <ele>1493.741978</ele>
        <time>2026-08-14T14:52:45.872Z</time>
      </trkpt>
      <trkpt lat="46.278811" lon="10.523987">
        <ele>1493.418630</ele>
        <time>2026-08-14T14:52:53.683Z</time>
      </trkpt>
      <trkpt lat="46.278739" lon="10.523846">
        <ele>1493.242195</ele>
        <time>2026-08-14T14:52:55.930Z</time>
      </trkpt>
      <trkpt lat="46.278295" lon="10.523841">
        <ele>1492.595642</ele>
        <time>2026-08-14T14:53:03.430Z</time>
      </trkpt>
      <trkpt lat="46.277609" lon="10.523893">
        <ele>1491.595349</ele>
        <time>2026-08-14T14:53:15.977Z</time>
      </trkpt>
      <trkpt lat="46.276557" lon="10.524270">
        <ele>1490.878697</ele>
        <time>2026-08-14T14:53:44.662Z</time>
      </trkpt>
      <trkpt lat="46.276412" lon="10.524280">
        <ele>1490.857946</ele>
        <time>2026-08-14T14:53:49.441Z</time>
      </trkpt>
      <trkpt lat="46.276258" lon="10.524239">
        <ele>1490.835562</ele>
        <time>2026-08-14T14:53:54.508Z</time>
      </trkpt>
      <trkpt lat="46.276050" lon="10.524124">
        <ele>1490.803732</ele>
        <time>2026-08-14T14:54:01.130Z</time>
      </trkpt>
      <trkpt lat="46.275912" lon="10.524039">
        <ele>1490.782292</ele>
        <time>2026-08-14T14:54:05.168Z</time>
      </trkpt>
      <trkpt lat="46.275755" lon="10.524010">
        <ele>1490.759666</ele>
        <time>2026-08-14T14:54:08.609Z</time>
      </trkpt>
      <trkpt lat="46.275655" lon="10.524043">
        <ele>1490.745004</ele>
        <time>2026-08-14T14:54:10.719Z</time>
      </trkpt>
      <trkpt lat="46.275599" lon="10.524120">
        <ele>1490.733961</ele>
        <time>2026-08-14T14:54:12.126Z</time>
      </trkpt>
      <trkpt lat="46.275552" lon="10.524140">
        <ele>1490.726957</ele>
        <time>2026-08-14T14:54:13.070Z</time>
      </trkpt>
      <trkpt lat="46.275064" lon="10.524200">
        <ele>1490.636224</ele>
        <time>2026-08-14T14:54:21.058Z</time>
      </trkpt>
      <trkpt lat="46.274969" lon="10.524173">
        <ele>1490.617474</ele>
        <time>2026-08-14T14:54:22.664Z</time>
      </trkpt>
      <trkpt lat="46.274255" lon="10.523634">
        <ele>1490.461510</ele>
        <time>2026-08-14T14:54:37.439Z</time>
      </trkpt>
      <trkpt lat="46.274102" lon="10.523636">
        <ele>1490.431878</ele>
        <time>2026-08-14T14:54:40.759Z</time>
      </trkpt>
      <trkpt lat="46.273762" lon="10.524409">
        <ele>1491.727071</ele>
        <time>2026-08-14T14:55:19.935Z</time>
      </trkpt>
      <trkpt lat="46.273289" lon="10.525028">
        <ele>1494.633092</ele>
        <time>2026-08-14T14:55:56.571Z</time>
      </trkpt>
      <trkpt lat="46.273173" lon="10.525475">
        <ele>1496.136816</ele>
        <time>2026-08-14T14:56:10.058Z</time>
      </trkpt>
      <trkpt lat="46.273131" lon="10.525511">
        <ele>1496.359245</ele>
        <time>2026-08-14T14:56:12.286Z</time>
      </trkpt>
      <trkpt lat="46.273082" lon="10.525506">
        <ele>1496.583058</ele>
        <time>2026-08-14T14:56:13.917Z</time>
      </trkpt>
      <trkpt lat="46.272977" lon="10.525323">
        <ele>1497.332087</ele>
        <time>2026-08-14T14:56:21.062Z</time>
      </trkpt>
      <trkpt lat="46.272875" lon="10.524935">
        <ele>1498.538332</ele>
        <time>2026-08-14T14:56:34.338Z</time>
      </trkpt>
      <trkpt lat="46.272815" lon="10.524826">
        <ele>1498.403006</ele>
        <time>2026-08-14T14:56:39.129Z</time>
      </trkpt>
      <trkpt lat="46.272481" lon="10.524687">
        <ele>1497.914695</ele>
        <time>2026-08-14T14:56:53.214Z</time>
      </trkpt>
      <trkpt lat="46.272320" lon="10.524677">
        <ele>1497.688276</ele>
        <time>2026-08-14T14:56:55.966Z</time>
      </trkpt>
      <trkpt lat="46.272107" lon="10.524682">
        <ele>1497.388966</ele>
        <time>2026-08-14T14:56:59.141Z</time>
      </trkpt>
      <trkpt lat="46.271952" lon="10.524798">
        <ele>1497.143771</ele>
        <time>2026-08-14T14:57:01.930Z</time>
      </trkpt>
      <trkpt lat="46.271799" lon="10.524818">
        <ele>1496.927926</ele>
        <time>2026-08-14T14:57:04.655Z</time>
      </trkpt>
      <trkpt lat="46.271572" lon="10.524609">
        <ele>1496.549870</ele>
        <time>2026-08-14T14:57:09.712Z</time>
      </trkpt>
      <trkpt lat="46.271514" lon="10.524506">
        <ele>1496.420843</ele>
        <time>2026-08-14T14:57:11.507Z</time>
      </trkpt>
      <trkpt lat="46.271495" lon="10.524377">
        <ele>1496.292744</ele>
        <time>2026-08-14T14:57:13.673Z</time>
      </trkpt>
      <trkpt lat="46.271499" lon="10.523792">
        <ele>1495.485937</ele>
        <time>2026-08-14T14:57:22.068Z</time>
      </trkpt>
      <trkpt lat="46.271509" lon="10.523510">
        <ele>1495.000913</ele>
        <time>2026-08-14T14:57:25.355Z</time>
      </trkpt>
      <trkpt lat="46.271490" lon="10.523376">
        <ele>1494.765951</ele>
        <time>2026-08-14T14:57:26.830Z</time>
      </trkpt>
      <trkpt lat="46.271451" lon="10.523308">
        <ele>1494.614179</ele>
        <time>2026-08-14T14:57:27.778Z</time>
      </trkpt>
      <trkpt lat="46.271375" lon="10.523261">
        <ele>1494.408793</ele>
        <time>2026-08-14T14:57:29.017Z</time>
      </trkpt>
      <trkpt lat="46.271279" lon="10.523248">
        <ele>1494.169197</ele>
        <time>2026-08-14T14:57:30.448Z</time>
      </trkpt>
      <trkpt lat="46.271105" lon="10.523365">
        <ele>1493.692397</ele>
        <time>2026-08-14T14:57:33.251Z</time>
      </trkpt>
      <trkpt lat="46.270852" lon="10.523552">
        <ele>1492.986407</ele>
        <time>2026-08-14T14:57:37.554Z</time>
      </trkpt>
      <trkpt lat="46.270407" lon="10.523756">
        <ele>1491.826423</ele>
        <time>2026-08-14T14:57:47.613Z</time>
      </trkpt>
      <trkpt lat="46.270209" lon="10.524030">
        <ele>1492.282195</ele>
        <time>2026-08-14T14:58:02.792Z</time>
      </trkpt>
      <trkpt lat="46.269690" lon="10.524311">
        <ele>1494.632028</ele>
        <time>2026-08-14T14:58:37.040Z</time>
      </trkpt>
      <trkpt lat="46.269627" lon="10.524375">
        <ele>1494.958461</ele>
        <time>2026-08-14T14:58:41.838Z</time>
      </trkpt>
      <trkpt lat="46.269590" lon="10.524413">
        <ele>1495.150873</ele>
        <time>2026-08-14T14:58:44.771Z</time>
      </trkpt>
      <trkpt lat="46.269459" lon="10.524776">
        <ele>1496.351178</ele>
        <time>2026-08-14T14:59:03.162Z</time>
      </trkpt>
      <trkpt lat="46.269184" lon="10.525148">
        <ele>1497.947674</ele>
        <time>2026-08-14T14:59:23.019Z</time>
      </trkpt>
      <trkpt lat="46.269112" lon="10.525162">
        <ele>1498.255726</ele>
        <time>2026-08-14T14:59:26.110Z</time>
      </trkpt>
      <trkpt lat="46.269055" lon="10.525125">
        <ele>1498.520645</ele>
        <time>2026-08-14T14:59:28.187Z</time>
      </trkpt>
      <trkpt lat="46.268874" lon="10.524373">
        <ele>1496.801196</ele>
        <time>2026-08-14T14:59:39.436Z</time>
      </trkpt>
      <trkpt lat="46.268619" lon="10.524030">
        <ele>1494.677261</ele>
        <time>2026-08-14T14:59:44.835Z</time>
      </trkpt>
      <trkpt lat="46.268527" lon="10.523635">
        <ele>1492.919707</ele>
        <time>2026-08-14T14:59:49.078Z</time>
      </trkpt>
      <trkpt lat="46.268502" lon="10.523217">
        <ele>1491.150582</ele>
        <time>2026-08-14T14:59:53.292Z</time>
      </trkpt>
      <trkpt lat="46.268467" lon="10.523165">
        <ele>1490.844552</ele>
        <time>2026-08-14T14:59:54.016Z</time>
      </trkpt>
      <trkpt lat="46.267659" lon="10.523401">
        <ele>1485.563804</ele>
        <time>2026-08-14T15:00:05.781Z</time>
      </trkpt>
      <trkpt lat="46.267227" lon="10.523278">
        <ele>1482.595923</ele>
        <time>2026-08-14T15:00:12.641Z</time>
      </trkpt>
      <trkpt lat="46.266954" lon="10.523063">
        <ele>1480.500645</ele>
        <time>2026-08-14T15:00:17.598Z</time>
      </trkpt>
      <trkpt lat="46.266722" lon="10.523088">
        <ele>1478.932454</ele>
        <time>2026-08-14T15:00:21.232Z</time>
      </trkpt>
      <trkpt lat="46.266399" lon="10.523291">
        <ele>1476.558567</ele>
        <time>2026-08-14T15:00:26.722Z</time>
      </trkpt>
      <trkpt lat="46.266213" lon="10.523288">
        <ele>1475.593788</ele>
        <time>2026-08-14T15:00:29.591Z</time>
      </trkpt>
      <trkpt lat="46.266039" lon="10.523468">
        <ele>1474.677955</ele>
        <time>2026-08-14T15:00:32.923Z</time>
      </trkpt>
      <trkpt lat="46.265981" lon="10.523450">
        <ele>1474.423991</ele>
        <time>2026-08-14T15:00:33.915Z</time>
      </trkpt>
      <trkpt lat="46.265917" lon="10.523373">
        <ele>1474.067601</ele>
        <time>2026-08-14T15:00:35.278Z</time>
      </trkpt>
      <trkpt lat="46.265711" lon="10.522955">
        <ele>1472.548270</ele>
        <time>2026-08-14T15:00:41.401Z</time>
      </trkpt>
      <trkpt lat="46.265483" lon="10.522749">
        <ele>1471.397374</ele>
        <time>2026-08-14T15:00:45.617Z</time>
      </trkpt>
      <trkpt lat="46.264113" lon="10.521892">
        <ele>1468.942872</ele>
        <time>2026-08-14T15:01:11.216Z</time>
      </trkpt>
      <trkpt lat="46.264098" lon="10.521921">
        <ele>1468.960152</ele>
        <time>2026-08-14T15:01:12.110Z</time>
      </trkpt>
      <trkpt lat="46.264045" lon="10.521926">
        <ele>1468.996805</ele>
        <time>2026-08-14T15:01:13.852Z</time>
      </trkpt>
      <trkpt lat="46.263847" lon="10.521712">
        <ele>1469.167376</ele>
        <time>2026-08-14T15:01:23.675Z</time>
      </trkpt>
      <trkpt lat="46.263611" lon="10.521589">
        <ele>1469.340489</ele>
        <time>2026-08-14T15:01:35.050Z</time>
      </trkpt>
      <trkpt lat="46.262681" lon="10.521312">
        <ele>1468.929820</ele>
        <time>2026-08-14T15:02:17.392Z</time>
      </trkpt>
      <trkpt lat="46.262212" lon="10.521122">
        <ele>1468.265117</ele>
        <time>2026-08-14T15:02:25.264Z</time>
      </trkpt>
      <trkpt lat="46.261633" lon="10.520997">
        <ele>1467.466169</ele>
        <time>2026-08-14T15:02:33.410Z</time>
      </trkpt>
      <trkpt lat="46.261200" lon="10.520797">
        <ele>1467.425816</ele>
        <time>2026-08-14T15:02:39.586Z</time>
      </trkpt>
      <trkpt lat="46.261024" lon="10.520817">
        <ele>1467.599260</ele>
        <time>2026-08-14T15:02:42.092Z</time>
      </trkpt>
      <trkpt lat="46.260274" lon="10.521125">
        <ele>1468.365220</ele>
        <time>2026-08-14T15:02:56.786Z</time>
      </trkpt>
      <trkpt lat="46.260018" lon="10.521349">
        <ele>1468.659169</ele>
        <time>2026-08-14T15:03:09.944Z</time>
      </trkpt>
      <trkpt lat="46.258686" lon="10.523519">
        <ele>1485.873029</ele>
        <time>2026-08-14T15:05:37.052Z</time>
      </trkpt>
      <trkpt lat="46.258608" lon="10.523808">
        <ele>1488.621616</ele>
        <time>2026-08-14T15:05:55.688Z</time>
      </trkpt>
      <trkpt lat="46.258598" lon="10.524274">
        <ele>1493.413042</ele>
        <time>2026-08-14T15:06:24.343Z</time>
      </trkpt>
      <trkpt lat="46.258302" lon="10.525795">
        <ele>1509.651923</ele>
        <time>2026-08-14T15:08:26.585Z</time>
      </trkpt>
      <trkpt lat="46.258385" lon="10.526227">
        <ele>1513.909157</ele>
        <time>2026-08-14T15:09:02.895Z</time>
      </trkpt>
      <trkpt lat="46.258396" lon="10.526689">
        <ele>1516.512355</ele>
        <time>2026-08-14T15:09:33.676Z</time>
      </trkpt>
      <trkpt lat="46.258475" lon="10.527052">
        <ele>1518.655384</ele>
        <time>2026-08-14T15:09:55.164Z</time>
      </trkpt>
      <trkpt lat="46.258467" lon="10.527145">
        <ele>1519.183131</ele>
        <time>2026-08-14T15:09:59.978Z</time>
      </trkpt>
      <trkpt lat="46.258436" lon="10.527214">
        <ele>1519.646517</ele>
        <time>2026-08-14T15:10:04.142Z</time>
      </trkpt>
      <trkpt lat="46.258314" lon="10.527339">
        <ele>1520.864233</ele>
        <time>2026-08-14T15:10:14.273Z</time>
      </trkpt>
      <trkpt lat="46.258202" lon="10.527347">
        <ele>1521.777549</ele>
        <time>2026-08-14T15:10:21.147Z</time>
      </trkpt>
      <trkpt lat="46.257905" lon="10.527266">
        <ele>1524.239149</ele>
        <time>2026-08-14T15:10:37.011Z</time>
      </trkpt>
      <trkpt lat="46.257379" lon="10.527200">
        <ele>1528.279545</ele>
        <time>2026-08-14T15:10:53.464Z</time>
      </trkpt>
      <trkpt lat="46.256995" lon="10.527254">
        <ele>1529.410717</ele>
        <time>2026-08-14T15:11:00.516Z</time>
      </trkpt>
      <trkpt lat="46.256605" lon="10.527369">
        <ele>1530.577694</ele>
        <time>2026-08-14T15:11:10.879Z</time>
      </trkpt>
      <trkpt lat="46.256538" lon="10.527441">
        <ele>1530.822424</ele>
        <time>2026-08-14T15:11:13.513Z</time>
      </trkpt>
      <trkpt lat="46.256476" lon="10.527797">
        <ele>1531.566659</ele>
        <time>2026-08-14T15:11:21.900Z</time>
      </trkpt>
      <trkpt lat="46.256424" lon="10.527871">
        <ele>1531.780549</ele>
        <time>2026-08-14T15:11:24.612Z</time>
      </trkpt>
      <trkpt lat="46.255920" lon="10.528219">
        <ele>1533.410484</ele>
        <time>2026-08-14T15:11:49.436Z</time>
      </trkpt>
      <trkpt lat="46.255828" lon="10.528235">
        <ele>1533.497727</ele>
        <time>2026-08-14T15:11:54.917Z</time>
      </trkpt>
      <trkpt lat="46.255471" lon="10.528190">
        <ele>1533.835122</ele>
        <time>2026-08-14T15:12:21.482Z</time>
      </trkpt>
      <trkpt lat="46.255417" lon="10.528250">
        <ele>1533.899236</ele>
        <time>2026-08-14T15:12:26.990Z</time>
      </trkpt>
      <trkpt lat="46.255348" lon="10.528360">
        <ele>1533.995923</ele>
        <time>2026-08-14T15:12:33.323Z</time>
      </trkpt>
      <trkpt lat="46.255217" lon="10.528687">
        <ele>1534.241952</ele>
        <time>2026-08-14T15:12:45.583Z</time>
      </trkpt>
      <trkpt lat="46.255114" lon="10.529147">
        <ele>1534.556726</ele>
        <time>2026-08-14T15:12:52.837Z</time>
      </trkpt>
      <trkpt lat="46.255051" lon="10.529330">
        <ele>1534.689810</ele>
        <time>2026-08-14T15:12:55.083Z</time>
      </trkpt>
      <trkpt lat="46.254957" lon="10.529432">
        <ele>1534.800454</ele>
        <time>2026-08-14T15:12:56.845Z</time>
      </trkpt>
      <trkpt lat="46.254802" lon="10.529461">
        <ele>1534.947605</ele>
        <time>2026-08-14T15:12:59.064Z</time>
      </trkpt>
      <trkpt lat="46.254499" lon="10.529515">
        <ele>1533.665885</ele>
        <time>2026-08-14T15:13:03.172Z</time>
      </trkpt>
      <trkpt lat="46.254339" lon="10.529535">
        <ele>1532.055280</ele>
        <time>2026-08-14T15:13:07.446Z</time>
      </trkpt>
      <trkpt lat="46.254243" lon="10.529642">
        <ele>1530.839759</ele>
        <time>2026-08-14T15:13:10.591Z</time>
      </trkpt>
      <trkpt lat="46.253927" lon="10.529848">
        <ele>1527.363546</ele>
        <time>2026-08-14T15:13:19.427Z</time>
      </trkpt>
      <trkpt lat="46.253852" lon="10.529960">
        <ele>1526.282351</ele>
        <time>2026-08-14T15:13:22.092Z</time>
      </trkpt>
      <trkpt lat="46.253747" lon="10.530200">
        <ele>1524.312883</ele>
        <time>2026-08-14T15:13:27.077Z</time>
      </trkpt>
      <trkpt lat="46.253527" lon="10.530276">
        <ele>1522.044455</ele>
        <time>2026-08-14T15:13:32.982Z</time>
      </trkpt>
      <trkpt lat="46.253344" lon="10.530965">
        <ele>1517.240104</ele>
        <time>2026-08-14T15:13:48.490Z</time>
      </trkpt>
      <trkpt lat="46.253357" lon="10.531006">
        <ele>1517.650143</ele>
        <time>2026-08-14T15:13:49.893Z</time>
      </trkpt>
      <trkpt lat="46.253286" lon="10.531676">
        <ele>1523.812077</ele>
        <time>2026-08-14T15:14:06.235Z</time>
      </trkpt>
      <trkpt lat="46.253200" lon="10.532126">
        <ele>1528.056304</ele>
        <time>2026-08-14T15:14:36.431Z</time>
      </trkpt>
      <trkpt lat="46.253219" lon="10.532367">
        <ele>1530.261381</ele>
        <time>2026-08-14T15:14:56.300Z</time>
      </trkpt>
      <trkpt lat="46.253200" lon="10.532999">
        <ele>1536.012193</ele>
        <time>2026-08-14T15:15:55.638Z</time>
      </trkpt>
      <trkpt lat="46.253215" lon="10.533677">
        <ele>1542.420594</ele>
        <time>2026-08-14T15:17:03.085Z</time>
      </trkpt>
      <trkpt lat="46.253242" lon="10.533815">
        <ele>1543.938713</ele>
        <time>2026-08-14T15:17:17.265Z</time>
      </trkpt>
      <trkpt lat="46.253406" lon="10.534236">
        <ele>1549.053634</ele>
        <time>2026-08-14T15:18:05.462Z</time>
      </trkpt>
      <trkpt lat="46.253437" lon="10.534437">
        <ele>1551.233551</ele>
        <time>2026-08-14T15:18:25.630Z</time>
      </trkpt>
      <trkpt lat="46.253433" lon="10.534551">
        <ele>1552.441821</ele>
        <time>2026-08-14T15:18:35.387Z</time>
      </trkpt>
      <trkpt lat="46.253373" lon="10.534715">
        <ele>1554.405815</ele>
        <time>2026-08-14T15:18:50.293Z</time>
      </trkpt>
      <trkpt lat="46.252863" lon="10.535379">
        <ele>1564.910812</ele>
        <time>2026-08-14T15:19:50.605Z</time>
      </trkpt>
      <trkpt lat="46.252704" lon="10.535574">
        <ele>1568.102234</ele>
        <time>2026-08-14T15:20:02.373Z</time>
      </trkpt>
      <trkpt lat="46.252636" lon="10.535685">
        <ele>1568.143869</ele>
        <time>2026-08-14T15:20:07.448Z</time>
      </trkpt>
      <trkpt lat="46.252498" lon="10.535959">
        <ele>1567.894980</ele>
        <time>2026-08-14T15:20:14.115Z</time>
      </trkpt>
      <trkpt lat="46.252430" lon="10.536451">
        <ele>1567.526588</ele>
        <time>2026-08-14T15:20:19.375Z</time>
      </trkpt>
      <trkpt lat="46.252368" lon="10.536522">
        <ele>1567.442613</ele>
        <time>2026-08-14T15:20:20.451Z</time>
      </trkpt>
      <trkpt lat="46.252218" lon="10.536575">
        <ele>1567.278653</ele>
        <time>2026-08-14T15:20:22.499Z</time>
      </trkpt>
      <trkpt lat="46.252006" lon="10.536776">
        <ele>1567.009479</ele>
        <time>2026-08-14T15:20:25.916Z</time>
      </trkpt>
      <trkpt lat="46.251930" lon="10.536905">
        <ele>1566.885044</ele>
        <time>2026-08-14T15:20:27.763Z</time>
      </trkpt>
      <trkpt lat="46.251879" lon="10.537312">
        <ele>1566.581339</ele>
        <time>2026-08-14T15:20:32.449Z</time>
      </trkpt>
      <trkpt lat="46.251807" lon="10.537516">
        <ele>1566.413169</ele>
        <time>2026-08-14T15:20:35.069Z</time>
      </trkpt>
      <trkpt lat="46.251618" lon="10.537590">
        <ele>1566.902005</ele>
        <time>2026-08-14T15:20:38.539Z</time>
      </trkpt>
      <trkpt lat="46.251480" lon="10.537764">
        <ele>1567.766901</ele>
        <time>2026-08-14T15:20:42.161Z</time>
      </trkpt>
      <trkpt lat="46.251447" lon="10.537893">
        <ele>1568.216203</ele>
        <time>2026-08-14T15:20:44.188Z</time>
      </trkpt>
      <trkpt lat="46.251456" lon="10.538059">
        <ele>1568.760122</ele>
        <time>2026-08-14T15:20:46.632Z</time>
      </trkpt>
      <trkpt lat="46.251682" lon="10.538665">
        <ele>1571.009219</ele>
        <time>2026-08-14T15:21:01.847Z</time>
      </trkpt>
      <trkpt lat="46.251680" lon="10.538768">
        <ele>1571.345809</ele>
        <time>2026-08-14T15:21:05.350Z</time>
      </trkpt>
      <trkpt lat="46.251625" lon="10.538869">
        <ele>1571.765757</ele>
        <time>2026-08-14T15:21:10.251Z</time>
      </trkpt>
      <trkpt lat="46.251377" lon="10.538949">
        <ele>1572.966092</ele>
        <time>2026-08-14T15:21:26.788Z</time>
      </trkpt>
      <trkpt lat="46.251321" lon="10.539016">
        <ele>1573.309433</ele>
        <time>2026-08-14T15:21:32.145Z</time>
      </trkpt>
      <trkpt lat="46.251284" lon="10.539126">
        <ele>1573.709016</ele>
        <time>2026-08-14T15:21:38.347Z</time>
      </trkpt>
      <trkpt lat="46.251447" lon="10.539745">
        <ele>1578.116018</ele>
        <time>2026-08-14T15:22:17.466Z</time>
      </trkpt>
      <trkpt lat="46.251428" lon="10.539902">
        <ele>1579.756676</ele>
        <time>2026-08-14T15:22:28.229Z</time>
      </trkpt>
      <trkpt lat="46.251345" lon="10.540127">
        <ele>1582.381690</ele>
        <time>2026-08-14T15:22:45.881Z</time>
      </trkpt>
      <trkpt lat="46.251358" lon="10.540290">
        <ele>1584.070672</ele>
        <time>2026-08-14T15:22:57.486Z</time>
      </trkpt>
      <trkpt lat="46.251406" lon="10.540379">
        <ele>1585.232501</ele>
        <time>2026-08-14T15:23:05.168Z</time>
      </trkpt>
      <trkpt lat="46.251527" lon="10.540506">
        <ele>1587.458112</ele>
        <time>2026-08-14T15:23:20.001Z</time>
      </trkpt>
      <trkpt lat="46.251923" lon="10.540849">
        <ele>1594.329436</ele>
        <time>2026-08-14T15:24:09.367Z</time>
      </trkpt>
      <trkpt lat="46.251971" lon="10.540930">
        <ele>1595.427493</ele>
        <time>2026-08-14T15:24:18.421Z</time>
      </trkpt>
      <trkpt lat="46.252093" lon="10.541304">
        <ele>1599.684120</ele>
        <time>2026-08-14T15:24:53.145Z</time>
      </trkpt>
      <trkpt lat="46.252201" lon="10.541545">
        <ele>1602.657075</ele>
        <time>2026-08-14T15:25:15.975Z</time>
      </trkpt>
      <trkpt lat="46.252242" lon="10.541917">
        <ele>1606.597590</ele>
        <time>2026-08-14T15:25:44.568Z</time>
      </trkpt>
      <trkpt lat="46.252374" lon="10.542220">
        <ele>1610.343776</ele>
        <time>2026-08-14T15:26:10.561Z</time>
      </trkpt>
      <trkpt lat="46.252492" lon="10.542406">
        <ele>1612.984283</ele>
        <time>2026-08-14T15:26:28.236Z</time>
      </trkpt>
      <trkpt lat="46.252559" lon="10.542827">
        <ele>1617.503362</ele>
        <time>2026-08-14T15:26:57.822Z</time>
      </trkpt>
      <trkpt lat="46.252601" lon="10.543436">
        <ele>1623.905516</ele>
        <time>2026-08-14T15:27:41.011Z</time>
      </trkpt>
      <trkpt lat="46.252641" lon="10.543718">
        <ele>1626.916847</ele>
        <time>2026-08-14T15:28:01.466Z</time>
      </trkpt>
      <trkpt lat="46.252645" lon="10.543945">
        <ele>1629.227593</ele>
        <time>2026-08-14T15:28:16.780Z</time>
      </trkpt>
      <trkpt lat="46.252856" lon="10.544490">
        <ele>1634.878407</ele>
        <time>2026-08-14T15:28:56.006Z</time>
      </trkpt>
      <trkpt lat="46.253050" lon="10.545617">
        <ele>1645.385468</ele>
        <time>2026-08-14T15:30:11.621Z</time>
      </trkpt>
      <trkpt lat="46.253197" lon="10.546915">
        <ele>1656.267567</ele>
        <time>2026-08-14T15:31:30.560Z</time>
      </trkpt>
      <trkpt lat="46.253248" lon="10.547277">
        <ele>1658.921325</ele>
        <time>2026-08-14T15:31:50.321Z</time>
      </trkpt>
      <trkpt lat="46.253278" lon="10.548546">
        <ele>1668.042182</ele>
        <time>2026-08-14T15:32:54.518Z</time>
      </trkpt>
      <trkpt lat="46.253285" lon="10.548718">
        <ele>1669.279837</ele>
        <time>2026-08-14T15:33:02.766Z</time>
      </trkpt>
      <trkpt lat="46.253362" lon="10.550113">
        <ele>1678.782251</ele>
        <time>2026-08-14T15:34:13.119Z</time>
      </trkpt>
      <trkpt lat="46.253377" lon="10.551482">
        <ele>1687.965571</ele>
        <time>2026-08-14T15:35:24.687Z</time>
      </trkpt>
      <trkpt lat="46.253472" lon="10.552374">
        <ele>1693.599838</ele>
        <time>2026-08-14T15:36:07.464Z</time>
      </trkpt>
      <trkpt lat="46.253530" lon="10.552706">
        <ele>1695.722863</ele>
        <time>2026-08-14T15:36:22.334Z</time>
      </trkpt>
      <trkpt lat="46.253717" lon="10.553101">
        <ele>1698.690778</ele>
        <time>2026-08-14T15:36:43.717Z</time>
      </trkpt>
      <trkpt lat="46.253728" lon="10.553383">
        <ele>1700.441906</ele>
        <time>2026-08-14T15:36:56.755Z</time>
      </trkpt>
      <trkpt lat="46.253998" lon="10.553890">
        <ele>1704.409393</ele>
        <time>2026-08-14T15:37:27.532Z</time>
      </trkpt>
      <trkpt lat="46.254092" lon="10.553974">
        <ele>1705.690174</ele>
        <time>2026-08-14T15:37:35.541Z</time>
      </trkpt>
      <trkpt lat="46.254655" lon="10.554738">
        <ele>1715.138477</ele>
        <time>2026-08-14T15:38:36.886Z</time>
      </trkpt>
      <trkpt lat="46.254889" lon="10.554939">
        <ele>1718.469229</ele>
        <time>2026-08-14T15:39:03.158Z</time>
      </trkpt>
      <trkpt lat="46.254995" lon="10.555001">
        <ele>1719.868548</ele>
        <time>2026-08-14T15:39:15.264Z</time>
      </trkpt>
      <trkpt lat="46.255587" lon="10.555151">
        <ele>1727.122217</ele>
        <time>2026-08-14T15:40:17.009Z</time>
      </trkpt>
      <trkpt lat="46.255760" lon="10.555256">
        <ele>1729.033458</ele>
        <time>2026-08-14T15:40:33.674Z</time>
      </trkpt>
      <trkpt lat="46.255839" lon="10.555396">
        <ele>1730.306279</ele>
        <time>2026-08-14T15:40:44.292Z</time>
      </trkpt>
      <trkpt lat="46.255959" lon="10.555793">
        <ele>1733.358132</ele>
        <time>2026-08-14T15:41:08.042Z</time>
      </trkpt>
      <trkpt lat="46.256309" lon="10.557082">
        <ele>1743.112349</ele>
        <time>2026-08-14T15:42:15.015Z</time>
      </trkpt>
      <trkpt lat="46.256374" lon="10.557576">
        <ele>1746.548906</ele>
        <time>2026-08-14T15:42:34.007Z</time>
      </trkpt>
      <trkpt lat="46.256402" lon="10.557665">
        <ele>1747.195272</ele>
        <time>2026-08-14T15:42:37.949Z</time>
      </trkpt>
      <trkpt lat="46.256494" lon="10.558507">
        <ele>1752.830318</ele>
        <time>2026-08-14T15:43:18.747Z</time>
      </trkpt>
      <trkpt lat="46.256532" lon="10.558666">
        <ele>1753.942390</ele>
        <time>2026-08-14T15:43:27.785Z</time>
      </trkpt>
      <trkpt lat="46.256529" lon="10.559021">
        <ele>1756.289263</ele>
        <time>2026-08-14T15:43:46.520Z</time>
      </trkpt>
      <trkpt lat="46.256558" lon="10.559410">
        <ele>1758.875617</ele>
        <time>2026-08-14T15:44:07.403Z</time>
      </trkpt>
      <trkpt lat="46.256642" lon="10.559595">
        <ele>1760.338656</ele>
        <time>2026-08-14T15:44:19.472Z</time>
      </trkpt>
      <trkpt lat="46.256617" lon="10.559745">
        <ele>1761.358617</ele>
        <time>2026-08-14T15:44:28.148Z</time>
      </trkpt>
      <trkpt lat="46.256674" lon="10.559907">
        <ele>1762.545973</ele>
        <time>2026-08-14T15:44:38.320Z</time>
      </trkpt>
      <trkpt lat="46.256673" lon="10.559959">
        <ele>1762.878327</ele>
        <time>2026-08-14T15:44:41.183Z</time>
      </trkpt>
      <trkpt lat="46.256669" lon="10.560076">
        <ele>1763.626749</ele>
        <time>2026-08-14T15:44:48.052Z</time>
      </trkpt>
      <trkpt lat="46.256587" lon="10.560455">
        <ele>1766.163949</ele>
        <time>2026-08-14T15:45:10.854Z</time>
      </trkpt>
      <trkpt lat="46.256499" lon="10.560830">
        <ele>1768.694043</ele>
        <time>2026-08-14T15:45:32.070Z</time>
      </trkpt>
      <trkpt lat="46.256523" lon="10.561210">
        <ele>1771.131964</ele>
        <time>2026-08-14T15:45:51.473Z</time>
      </trkpt>
      <trkpt lat="46.256651" lon="10.561175">
        <ele>1772.335667</ele>
        <time>2026-08-14T15:46:00.741Z</time>
      </trkpt>
      <trkpt lat="46.256806" lon="10.561153">
        <ele>1773.774784</ele>
        <time>2026-08-14T15:46:11.673Z</time>
      </trkpt>
      <trkpt lat="46.256770" lon="10.561353">
        <ele>1775.095163</ele>
        <time>2026-08-14T15:46:23.718Z</time>
      </trkpt>
      <trkpt lat="46.256817" lon="10.561690">
        <ele>1777.291603</ele>
        <time>2026-08-14T15:46:43.314Z</time>
      </trkpt>
      <trkpt lat="46.257156" lon="10.562706">
        <ele>1782.889594</ele>
        <time>2026-08-14T15:47:41.216Z</time>
      </trkpt>
      <trkpt lat="46.257257" lon="10.562869">
        <ele>1783.896101</ele>
        <time>2026-08-14T15:47:51.541Z</time>
      </trkpt>
      <trkpt lat="46.257382" lon="10.562990">
        <ele>1784.896472</ele>
        <time>2026-08-14T15:48:01.965Z</time>
      </trkpt>
      <trkpt lat="46.257354" lon="10.563112">
        <ele>1785.487587</ele>
        <time>2026-08-14T15:48:06.626Z</time>
      </trkpt>
      <trkpt lat="46.257445" lon="10.563224">
        <ele>1786.282288</ele>
        <time>2026-08-14T15:48:12.908Z</time>
      </trkpt>
      <trkpt lat="46.257473" lon="10.563232">
        <ele>1786.472110</ele>
        <time>2026-08-14T15:48:14.460Z</time>
      </trkpt>
      <trkpt lat="46.257601" lon="10.563555">
        <ele>1788.184083</ele>
        <time>2026-08-14T15:48:28.731Z</time>
      </trkpt>
      <trkpt lat="46.257767" lon="10.564100">
        <ele>1790.971498</ele>
        <time>2026-08-14T15:48:52.295Z</time>
      </trkpt>
      <trkpt lat="46.257930" lon="10.564810">
        <ele>1795.233804</ele>
        <time>2026-08-14T15:49:23.661Z</time>
      </trkpt>
      <trkpt lat="46.257945" lon="10.564956">
        <ele>1796.074754</ele>
        <time>2026-08-14T15:49:30.312Z</time>
      </trkpt>
      <trkpt lat="46.257934" lon="10.565171">
        <ele>1797.303039</ele>
        <time>2026-08-14T15:49:40.176Z</time>
      </trkpt>
      <trkpt lat="46.257958" lon="10.565853">
        <ele>1801.193680</ele>
        <time>2026-08-14T15:50:12.251Z</time>
      </trkpt>
      <trkpt lat="46.258051" lon="10.566602">
        <ele>1805.529275</ele>
        <time>2026-08-14T15:50:48.269Z</time>
      </trkpt>
      <trkpt lat="46.258017" lon="10.567275">
        <ele>1810.638438</ele>
        <time>2026-08-14T15:51:20.309Z</time>
      </trkpt>
      <trkpt lat="46.257952" lon="10.567666">
        <ele>1813.685234</ele>
        <time>2026-08-14T15:51:41.366Z</time>
      </trkpt>
      <trkpt lat="46.258055" lon="10.568421">
        <ele>1819.515699</ele>
        <time>2026-08-14T15:52:26.288Z</time>
      </trkpt>
      <trkpt lat="46.257988" lon="10.568573">
        <ele>1820.881432</ele>
        <time>2026-08-14T15:52:37.758Z</time>
      </trkpt>
      <trkpt lat="46.257784" lon="10.568881">
        <ele>1824.112904</ele>
        <time>2026-08-14T15:53:04.316Z</time>
      </trkpt>
      <trkpt lat="46.257705" lon="10.569064">
        <ele>1825.733597</ele>
        <time>2026-08-14T15:53:17.402Z</time>
      </trkpt>
      <trkpt lat="46.257595" lon="10.569503">
        <ele>1829.173090</ele>
        <time>2026-08-14T15:53:45.457Z</time>
      </trkpt>
      <trkpt lat="46.257506" lon="10.569672">
        <ele>1830.737925</ele>
        <time>2026-08-14T15:53:58.136Z</time>
      </trkpt>
      <trkpt lat="46.257339" lon="10.569862">
        <ele>1833.001574</ele>
        <time>2026-08-14T15:54:16.575Z</time>
      </trkpt>
      <trkpt lat="46.257274" lon="10.569939">
        <ele>1833.896691</ele>
        <time>2026-08-14T15:54:23.562Z</time>
      </trkpt>
      <trkpt lat="46.257062" lon="10.570205">
        <ele>1836.886718</ele>
        <time>2026-08-14T15:54:46.701Z</time>
      </trkpt>
      <trkpt lat="46.257025" lon="10.570312">
        <ele>1837.767967</ele>
        <time>2026-08-14T15:54:53.406Z</time>
      </trkpt>
      <trkpt lat="46.256996" lon="10.570396">
        <ele>1838.459567</ele>
        <time>2026-08-14T15:54:58.429Z</time>
      </trkpt>
      <trkpt lat="46.257118" lon="10.570948">
        <ele>1842.728348</ele>
        <time>2026-08-14T15:55:26.937Z</time>
      </trkpt>
      <trkpt lat="46.257154" lon="10.571425">
        <ele>1845.554662</ele>
        <time>2026-08-14T15:55:46.691Z</time>
      </trkpt>
      <trkpt lat="46.257109" lon="10.572060">
        <ele>1848.458848</ele>
        <time>2026-08-14T15:56:12.211Z</time>
      </trkpt>
      <trkpt lat="46.257113" lon="10.572565">
        <ele>1850.756591</ele>
        <time>2026-08-14T15:56:31.682Z</time>
      </trkpt>
      <trkpt lat="46.257285" lon="10.574568">
        <ele>1859.248102</ele>
        <time>2026-08-14T15:57:44.289Z</time>
      </trkpt>
      <trkpt lat="46.257338" lon="10.575121">
        <ele>1861.312584</ele>
        <time>2026-08-14T15:58:04.778Z</time>
      </trkpt>
      <trkpt lat="46.257468" lon="10.576410">
        <ele>1866.011738</ele>
        <time>2026-08-14T15:58:49.660Z</time>
      </trkpt>
      <trkpt lat="46.257609" lon="10.577884">
        <ele>1869.057808</ele>
        <time>2026-08-14T15:59:25.229Z</time>
      </trkpt>
      <trkpt lat="46.257468" lon="10.576410">
        <ele>1873.103846</ele>
        <time>2026-08-14T15:59:58.591Z</time>
      </trkpt>
      <trkpt lat="46.257660" lon="10.576475">
        <ele>1874.326963</ele>
        <time>2026-08-14T16:00:10.019Z</time>
      </trkpt>
      <trkpt lat="46.257940" lon="10.576631">
        <ele>1876.188136</ele>
        <time>2026-08-14T16:00:29.236Z</time>
      </trkpt>
      <trkpt lat="46.258474" lon="10.575966">
        <ele>1880.559025</ele>
        <time>2026-08-14T16:01:26.347Z</time>
      </trkpt>
      <trkpt lat="46.258646" lon="10.575788">
        <ele>1881.870876</ele>
        <time>2026-08-14T16:01:45.768Z</time>
      </trkpt>
      <trkpt lat="46.258845" lon="10.575662">
        <ele>1883.471094</ele>
        <time>2026-08-14T16:02:05.480Z</time>
      </trkpt>
      <trkpt lat="46.259124" lon="10.575216">
        <ele>1886.799006</ele>
        <time>2026-08-14T16:02:42.825Z</time>
      </trkpt>
      <trkpt lat="46.259383" lon="10.574712">
        <ele>1890.273584</ele>
        <time>2026-08-14T16:03:20.679Z</time>
      </trkpt>
      <trkpt lat="46.259732" lon="10.575665">
        <ele>1896.240551</ele>
        <time>2026-08-14T16:04:09.055Z</time>
      </trkpt>
      <trkpt lat="46.260552" lon="10.577774">
        <ele>1903.915233</ele>
        <time>2026-08-14T16:05:27.654Z</time>
      </trkpt>
      <trkpt lat="46.260944" lon="10.578797">
        <ele>1906.916871</ele>
        <time>2026-08-14T16:06:14.415Z</time>
      </trkpt>
      <trkpt lat="46.261200" lon="10.579545">
        <ele>1908.928636</ele>
        <time>2026-08-14T16:06:48.201Z</time>
      </trkpt>
      <trkpt lat="46.261415" lon="10.579869">
        <ele>1910.011103</ele>
        <time>2026-08-14T16:07:05.965Z</time>
      </trkpt>
      <trkpt lat="46.261900" lon="10.580741">
        <ele>1912.973253</ele>
        <time>2026-08-14T16:07:51.164Z</time>
      </trkpt>
      <trkpt lat="46.262132" lon="10.581229">
        <ele>1914.625095</ele>
        <time>2026-08-14T16:08:15.257Z</time>
      </trkpt>
      <trkpt lat="46.262199" lon="10.581427">
        <ele>1915.239941</ele>
        <time>2026-08-14T16:08:24.220Z</time>
      </trkpt>
      <trkpt lat="46.262404" lon="10.582364">
        <ele>1917.981080</ele>
        <time>2026-08-14T16:09:05.032Z</time>
      </trkpt>
      <trkpt lat="46.262425" lon="10.582694">
        <ele>1919.298795</ele>
        <time>2026-08-14T16:09:19.929Z</time>
      </trkpt>
      <trkpt lat="46.262466" lon="10.582871">
        <ele>1920.147548</ele>
        <time>2026-08-14T16:09:28.279Z</time>
      </trkpt>
      <trkpt lat="46.262706" lon="10.583545">
        <ele>1923.594675</ele>
        <time>2026-08-14T16:10:03.569Z</time>
      </trkpt>
      <trkpt lat="46.262906" lon="10.583809">
        <ele>1925.375382</ele>
        <time>2026-08-14T16:10:23.684Z</time>
      </trkpt>
      <trkpt lat="46.263057" lon="10.584147">
        <ele>1927.205123</ele>
        <time>2026-08-14T16:10:45.525Z</time>
      </trkpt>
      <trkpt lat="46.263136" lon="10.584437">
        <ele>1928.622347</ele>
        <time>2026-08-14T16:11:03.181Z</time>
      </trkpt>
      <trkpt lat="46.263399" lon="10.584879">
        <ele>1931.808663</ele>
        <time>2026-08-14T16:11:38.060Z</time>
      </trkpt>
      <trkpt lat="46.263753" lon="10.585179">
        <ele>1935.747018</ele>
        <time>2026-08-14T16:12:13.832Z</time>
      </trkpt>
      <trkpt lat="46.263888" lon="10.585344">
        <ele>1937.443572</ele>
        <time>2026-08-14T16:12:29.848Z</time>
      </trkpt>
      <trkpt lat="46.264128" lon="10.585731">
        <ele>1940.893674</ele>
        <time>2026-08-14T16:13:03.222Z</time>
      </trkpt>
      <trkpt lat="46.264411" lon="10.586047">
        <ele>1944.325471</ele>
        <time>2026-08-14T16:13:36.508Z</time>
      </trkpt>
      <trkpt lat="46.264735" lon="10.586276">
        <ele>1947.685790</ele>
        <time>2026-08-14T16:14:10.865Z</time>
      </trkpt>
      <trkpt lat="46.265158" lon="10.586662">
        <ele>1951.305709</ele>
        <time>2026-08-14T16:14:57.248Z</time>
      </trkpt>
      <trkpt lat="46.265500" lon="10.586924">
        <ele>1954.106764</ele>
        <time>2026-08-14T16:15:29.747Z</time>
      </trkpt>
      <trkpt lat="46.265560" lon="10.586979">
        <ele>1954.620890</ele>
        <time>2026-08-14T16:15:35.490Z</time>
      </trkpt>
      <trkpt lat="46.265842" lon="10.587443">
        <ele>1957.712194</ele>
        <time>2026-08-14T16:16:06.623Z</time>
      </trkpt>
      <trkpt lat="46.266136" lon="10.587868">
        <ele>1960.402444</ele>
        <time>2026-08-14T16:16:32.798Z</time>
      </trkpt>
      <trkpt lat="46.266443" lon="10.588218">
        <ele>1960.477263</ele>
        <time>2026-08-14T16:16:52.322Z</time>
      </trkpt>
      <trkpt lat="46.266655" lon="10.588593">
        <ele>1960.541363</ele>
        <time>2026-08-14T16:17:04.256Z</time>
      </trkpt>
      <trkpt lat="46.266853" lon="10.588912">
        <ele>1960.598091</ele>
        <time>2026-08-14T16:17:13.776Z</time>
      </trkpt>
      <trkpt lat="46.266918" lon="10.588949">
        <ele>1960.611462</ele>
        <time>2026-08-14T16:17:15.957Z</time>
      </trkpt>
      <trkpt lat="46.266985" lon="10.588946">
        <ele>1960.624292</ele>
        <time>2026-08-14T16:17:18.213Z</time>
      </trkpt>
      <trkpt lat="46.267220" lon="10.589206">
        <ele>1960.680922</ele>
        <time>2026-08-14T16:17:28.441Z</time>
      </trkpt>
      <trkpt lat="46.267250" lon="10.589381">
        <ele>1960.704779</ele>
        <time>2026-08-14T16:17:32.898Z</time>
      </trkpt>
      <trkpt lat="46.267234" lon="10.590202">
        <ele>1960.775550</ele>
        <time>2026-08-14T16:17:55.061Z</time>
      </trkpt>
      <trkpt lat="46.267290" lon="10.590553">
        <ele>1960.799245</ele>
        <time>2026-08-14T16:18:04.449Z</time>
      </trkpt>
      <trkpt lat="46.267336" lon="10.590792">
        <ele>1960.815563</ele>
        <time>2026-08-14T16:18:08.280Z</time>
      </trkpt>
      <trkpt lat="46.267508" lon="10.591402">
        <ele>1960.858897</ele>
        <time>2026-08-14T16:18:18.395Z</time>
      </trkpt>
      <trkpt lat="46.267544" lon="10.591689">
        <ele>1960.878083</ele>
        <time>2026-08-14T16:18:23.447Z</time>
      </trkpt>
      <trkpt lat="46.267520" lon="10.591983">
        <ele>1960.897556</ele>
        <time>2026-08-14T16:18:29.352Z</time>
      </trkpt>
      <trkpt lat="46.267533" lon="10.592284">
        <ele>1961.097566</ele>
        <time>2026-08-14T16:18:34.208Z</time>
      </trkpt>
      <trkpt lat="46.267643" lon="10.592718">
        <ele>1961.798360</ele>
        <time>2026-08-14T16:18:41.075Z</time>
      </trkpt>
      <trkpt lat="46.267708" lon="10.593146">
        <ele>1962.462701</ele>
        <time>2026-08-14T16:18:47.736Z</time>
      </trkpt>
      <trkpt lat="46.267773" lon="10.593364">
        <ele>1962.822630</ele>
        <time>2026-08-14T16:18:51.853Z</time>
      </trkpt>
      <trkpt lat="46.267872" lon="10.593574">
        <ele>1963.207983</ele>
        <time>2026-08-14T16:18:57.292Z</time>
      </trkpt>
      <trkpt lat="46.268186" lon="10.594091">
        <ele>1964.251309</ele>
        <time>2026-08-14T16:19:17.140Z</time>
      </trkpt>
      <trkpt lat="46.268330" lon="10.594447">
        <ele>1964.909836</ele>
        <time>2026-08-14T16:19:32.248Z</time>
      </trkpt>
      <trkpt lat="46.268780" lon="10.595206">
        <ele>1968.628903</ele>
        <time>2026-08-14T16:20:13.320Z</time>
      </trkpt>
      <trkpt lat="46.268896" lon="10.595492">
        <ele>1969.862217</ele>
        <time>2026-08-14T16:20:26.830Z</time>
      </trkpt>
      <trkpt lat="46.269060" lon="10.596064">
        <ele>1972.165410</ele>
        <time>2026-08-14T16:20:50.339Z</time>
      </trkpt>
      <trkpt lat="46.269085" lon="10.596262">
        <ele>1972.914021</ele>
        <time>2026-08-14T16:20:59.364Z</time>
      </trkpt>
      <trkpt lat="46.269398" lon="10.597074">
        <ele>1974.942873</ele>
        <time>2026-08-14T16:21:36.465Z</time>
      </trkpt>
      <trkpt lat="46.269569" lon="10.597914">
        <ele>1975.671263</ele>
        <time>2026-08-14T16:22:05.188Z</time>
      </trkpt>
      <trkpt lat="46.269777" lon="10.598385">
        <ele>1976.136169</ele>
        <time>2026-08-14T16:22:21.041Z</time>
      </trkpt>
      <trkpt lat="46.269957" lon="10.598700">
        <ele>1976.476121</ele>
        <time>2026-08-14T16:22:31.407Z</time>
      </trkpt>
      <trkpt lat="46.270059" lon="10.599001">
        <ele>1976.530009</ele>
        <time>2026-08-14T16:22:39.478Z</time>
      </trkpt>
      <trkpt lat="46.270108" lon="10.599279">
        <ele>1975.865284</ele>
        <time>2026-08-14T16:22:46.088Z</time>
      </trkpt>
      <trkpt lat="46.270125" lon="10.599635">
        <ele>1975.038480</ele>
        <time>2026-08-14T16:22:54.056Z</time>
      </trkpt>
      <trkpt lat="46.270177" lon="10.599998">
        <ele>1974.179554</ele>
        <time>2026-08-14T16:23:02.109Z</time>
      </trkpt>
      <trkpt lat="46.270372" lon="10.600970">
        <ele>1971.834546</ele>
        <time>2026-08-14T16:23:23.306Z</time>
      </trkpt>
      <trkpt lat="46.270393" lon="10.601214">
        <ele>1971.264845</ele>
        <time>2026-08-14T16:23:28.275Z</time>
      </trkpt>
      <trkpt lat="46.270493" lon="10.601768">
        <ele>1969.015389</ele>
        <time>2026-08-14T16:23:39.637Z</time>
      </trkpt>
      <trkpt lat="46.270513" lon="10.602101">
        <ele>1967.260083</ele>
        <time>2026-08-14T16:23:43.229Z</time>
      </trkpt>
      <trkpt lat="46.270489" lon="10.603290">
        <ele>1961.013501</ele>
        <time>2026-08-14T16:23:55.510Z</time>
      </trkpt>
      <trkpt lat="46.270504" lon="10.603634">
        <ele>1959.203427</ele>
        <time>2026-08-14T16:23:58.955Z</time>
      </trkpt>
      <trkpt lat="46.270579" lon="10.604443">
        <ele>1954.570298</ele>
        <time>2026-08-14T16:24:07.044Z</time>
      </trkpt>
      <trkpt lat="46.270687" lon="10.605157">
        <ele>1950.094051</ele>
        <time>2026-08-14T16:24:14.292Z</time>
      </trkpt>
      <trkpt lat="46.270684" lon="10.606164">
        <ele>1943.926786</ele>
        <time>2026-08-14T16:24:24.480Z</time>
      </trkpt>
      <trkpt lat="46.270744" lon="10.606675">
        <ele>1940.828738</ele>
        <time>2026-08-14T16:24:29.849Z</time>
      </trkpt>
      <trkpt lat="46.270927" lon="10.607524">
        <ele>1936.702986</ele>
        <time>2026-08-14T16:24:39.210Z</time>
      </trkpt>
      <trkpt lat="46.271275" lon="10.609480">
        <ele>1926.872701</ele>
        <time>2026-08-14T16:25:00.694Z</time>
      </trkpt>
      <trkpt lat="46.271328" lon="10.609672">
        <ele>1925.648107</ele>
        <time>2026-08-14T16:25:02.842Z</time>
      </trkpt>
      <trkpt lat="46.271439" lon="10.609848">
        <ele>1924.236907</ele>
        <time>2026-08-14T16:25:05.310Z</time>
      </trkpt>
      <trkpt lat="46.271473" lon="10.610162">
        <ele>1922.354329</ele>
        <time>2026-08-14T16:25:08.575Z</time>
      </trkpt>
      <trkpt lat="46.271591" lon="10.610573">
        <ele>1919.718246</ele>
        <time>2026-08-14T16:25:13.085Z</time>
      </trkpt>
      <trkpt lat="46.271698" lon="10.611607">
        <ele>1913.513634</ele>
        <time>2026-08-14T16:25:23.493Z</time>
      </trkpt>
      <trkpt lat="46.271781" lon="10.612057">
        <ele>1910.194672</ele>
        <time>2026-08-14T16:25:28.045Z</time>
      </trkpt>
      <trkpt lat="46.271870" lon="10.612749">
        <ele>1905.178757</ele>
        <time>2026-08-14T16:25:34.919Z</time>
      </trkpt>
      <trkpt lat="46.271892" lon="10.613160">
        <ele>1902.241151</ele>
        <time>2026-08-14T16:25:38.957Z</time>
      </trkpt>
      <trkpt lat="46.271953" lon="10.613523">
        <ele>1899.579026</ele>
        <time>2026-08-14T16:25:42.645Z</time>
      </trkpt>
      <trkpt lat="46.271980" lon="10.613963">
        <ele>1896.431204</ele>
        <time>2026-08-14T16:25:47.051Z</time>
      </trkpt>
      <trkpt lat="46.272162" lon="10.614506">
        <ele>1892.548732</ele>
        <time>2026-08-14T16:25:53.102Z</time>
      </trkpt>
      <trkpt lat="46.272264" lon="10.615005">
        <ele>1889.373157</ele>
        <time>2026-08-14T16:25:58.367Z</time>
      </trkpt>
      <trkpt lat="46.272369" lon="10.615384">
        <ele>1886.881407</ele>
        <time>2026-08-14T16:26:02.503Z</time>
      </trkpt>
      <trkpt lat="46.272431" lon="10.615711">
        <ele>1884.812142</ele>
        <time>2026-08-14T16:26:05.933Z</time>
      </trkpt>
      <trkpt lat="46.272466" lon="10.616230">
        <ele>1881.629850</ele>
        <time>2026-08-14T16:26:11.212Z</time>
      </trkpt>
      <trkpt lat="46.272850" lon="10.617308">
        <ele>1875.272018</ele>
        <time>2026-08-14T16:26:23.485Z</time>
      </trkpt>
      <trkpt lat="46.273062" lon="10.618049">
        <ele>1871.412884</ele>
        <time>2026-08-14T16:26:31.807Z</time>
      </trkpt>
      <trkpt lat="46.273554" lon="10.619261">
        <ele>1865.406749</ele>
        <time>2026-08-14T16:26:47.146Z</time>
      </trkpt>
      <trkpt lat="46.273785" lon="10.620069">
        <ele>1862.800624</ele>
        <time>2026-08-14T16:26:57.236Z</time>
      </trkpt>
      <trkpt lat="46.273983" lon="10.620392">
        <ele>1861.513870</ele>
        <time>2026-08-14T16:27:02.222Z</time>
      </trkpt>
      <trkpt lat="46.274113" lon="10.620821">
        <ele>1860.117755</ele>
        <time>2026-08-14T16:27:07.638Z</time>
      </trkpt>
      <trkpt lat="46.274320" lon="10.621358">
        <ele>1858.203918</ele>
        <time>2026-08-14T16:27:14.705Z</time>
      </trkpt>
      <trkpt lat="46.274474" lon="10.621804">
        <ele>1856.516278</ele>
        <time>2026-08-14T16:27:20.339Z</time>
      </trkpt>
      <trkpt lat="46.274609" lon="10.622382">
        <ele>1854.451027</ele>
        <time>2026-08-14T16:27:27.082Z</time>
      </trkpt>
      <trkpt lat="46.274912" lon="10.623002">
        <ele>1851.880692</ele>
        <time>2026-08-14T16:27:35.282Z</time>
      </trkpt>
      <trkpt lat="46.274955" lon="10.623412">
        <ele>1850.476940</ele>
        <time>2026-08-14T16:27:39.826Z</time>
      </trkpt>
      <trkpt lat="46.275215" lon="10.624035">
        <ele>1848.574184</ele>
        <time>2026-08-14T16:27:47.901Z</time>
      </trkpt>
      <trkpt lat="46.275649" lon="10.625228">
        <ele>1845.251836</ele>
        <time>2026-08-14T16:28:04.098Z</time>
      </trkpt>
      <trkpt lat="46.275950" lon="10.625803">
        <ele>1843.472516</ele>
        <time>2026-08-14T16:28:13.030Z</time>
      </trkpt>
      <trkpt lat="46.276094" lon="10.626142">
        <ele>1842.482635</ele>
        <time>2026-08-14T16:28:17.765Z</time>
      </trkpt>
      <trkpt lat="46.276305" lon="10.626465">
        <ele>1841.376997</ele>
        <time>2026-08-14T16:28:22.950Z</time>
      </trkpt>
      <trkpt lat="46.276359" lon="10.626952">
        <ele>1840.149976</ele>
        <time>2026-08-14T16:28:28.707Z</time>
      </trkpt>
      <trkpt lat="46.276467" lon="10.627344">
        <ele>1839.100165</ele>
        <time>2026-08-14T16:28:33.504Z</time>
      </trkpt>
      <trkpt lat="46.276635" lon="10.627701">
        <ele>1838.025740</ele>
        <time>2026-08-14T16:28:38.411Z</time>
      </trkpt>
      <trkpt lat="46.276732" lon="10.628110">
        <ele>1837.017838</ele>
        <time>2026-08-14T16:28:43.410Z</time>
      </trkpt>
      <trkpt lat="46.277057" lon="10.628693">
        <ele>1835.684501</ele>
        <time>2026-08-14T16:28:52.362Z</time>
      </trkpt>
      <trkpt lat="46.277141" lon="10.628989">
        <ele>1835.114887</ele>
        <time>2026-08-14T16:28:56.332Z</time>
      </trkpt>
      <trkpt lat="46.277442" lon="10.629642">
        <ele>1833.717644</ele>
        <time>2026-08-14T16:29:06.192Z</time>
      </trkpt>
      <trkpt lat="46.277682" lon="10.630347">
        <ele>1832.354313</ele>
        <time>2026-08-14T16:29:16.306Z</time>
      </trkpt>
      <trkpt lat="46.278013" lon="10.631140">
        <ele>1830.952999</ele>
        <time>2026-08-14T16:29:29.206Z</time>
      </trkpt>
      <trkpt lat="46.278573" lon="10.632211">
        <ele>1828.921580</ele>
        <time>2026-08-14T16:29:45.966Z</time>
      </trkpt>
      <trkpt lat="46.278784" lon="10.632681">
        <ele>1828.052697</ele>
        <time>2026-08-14T16:29:52.578Z</time>
      </trkpt>
      <trkpt lat="46.278867" lon="10.633266">
        <ele>1827.114370</ele>
        <time>2026-08-14T16:29:59.474Z</time>
      </trkpt>
      <trkpt lat="46.278959" lon="10.633451">
        <ele>1826.756272</ele>
        <time>2026-08-14T16:30:02.181Z</time>
      </trkpt>
      <trkpt lat="46.279250" lon="10.633723">
        <ele>1825.968694</ele>
        <time>2026-08-14T16:30:08.220Z</time>
      </trkpt>
      <trkpt lat="46.279476" lon="10.634013">
        <ele>1825.281979</ele>
        <time>2026-08-14T16:30:13.681Z</time>
      </trkpt>
      <trkpt lat="46.279704" lon="10.634222">
        <ele>1824.668392</ele>
        <time>2026-08-14T16:30:19.627Z</time>
      </trkpt>
      <trkpt lat="46.280632" lon="10.633985">
        <ele>1823.982794</ele>
        <time>2026-08-14T16:30:46.590Z</time>
      </trkpt>
      <trkpt lat="46.281121" lon="10.633458">
        <ele>1823.604020</ele>
        <time>2026-08-14T16:30:59.746Z</time>
      </trkpt>
      <trkpt lat="46.281573" lon="10.632340">
        <ele>1820.080263</ele>
        <time>2026-08-14T16:31:15.333Z</time>
      </trkpt>
      <trkpt lat="46.282505" lon="10.629558">
        <ele>1803.532968</ele>
        <time>2026-08-14T16:31:47.491Z</time>
      </trkpt>
      <trkpt lat="46.282558" lon="10.629869">
        <ele>1801.217722</ele>
        <time>2026-08-14T16:31:52.978Z</time>
      </trkpt>
      <trkpt lat="46.282516" lon="10.630241">
        <ele>1798.493257</ele>
        <time>2026-08-14T16:31:59.419Z</time>
      </trkpt>
      <trkpt lat="46.282358" lon="10.631114">
        <ele>1791.208198</ele>
        <time>2026-08-14T16:32:14.548Z</time>
      </trkpt>
      <trkpt lat="46.282209" lon="10.633356">
        <ele>1769.833069</ele>
        <time>2026-08-14T16:32:52.846Z</time>
      </trkpt>
      <trkpt lat="46.282215" lon="10.633521">
        <ele>1768.107180</ele>
        <time>2026-08-14T16:32:55.683Z</time>
      </trkpt>
      <trkpt lat="46.282268" lon="10.633735">
        <ele>1765.713681</ele>
        <time>2026-08-14T16:32:59.558Z</time>
      </trkpt>
      <trkpt lat="46.282349" lon="10.633888">
        <ele>1763.684422</ele>
        <time>2026-08-14T16:33:02.843Z</time>
      </trkpt>
      <trkpt lat="46.282378" lon="10.633442">
        <ele>1758.967794</ele>
        <time>2026-08-14T16:33:10.955Z</time>
      </trkpt>
      <trkpt lat="46.282428" lon="10.633376">
        <ele>1757.936703</ele>
        <time>2026-08-14T16:33:12.736Z</time>
      </trkpt>
      <trkpt lat="46.282537" lon="10.633431">
        <ele>1756.178027</ele>
        <time>2026-08-14T16:33:15.737Z</time>
      </trkpt>
      <trkpt lat="46.282600" lon="10.633533">
        <ele>1754.737691</ele>
        <time>2026-08-14T16:33:18.180Z</time>
      </trkpt>
      <trkpt lat="46.282700" lon="10.633827">
        <ele>1751.287616</ele>
        <time>2026-08-14T16:33:24.037Z</time>
      </trkpt>
      <trkpt lat="46.282736" lon="10.634282">
        <ele>1746.465705</ele>
        <time>2026-08-14T16:33:32.203Z</time>
      </trkpt>
      <trkpt lat="46.282608" lon="10.634765">
        <ele>1740.766961</ele>
        <time>2026-08-14T16:33:41.296Z</time>
      </trkpt>
      <trkpt lat="46.282595" lon="10.635470">
        <ele>1731.884745</ele>
        <time>2026-08-14T16:33:53.576Z</time>
      </trkpt>
      <trkpt lat="46.282645" lon="10.635919">
        <ele>1726.156920</ele>
        <time>2026-08-14T16:34:01.519Z</time>
      </trkpt>
      <trkpt lat="46.282755" lon="10.636501">
        <ele>1718.557820</ele>
        <time>2026-08-14T16:34:12.051Z</time>
      </trkpt>
      <trkpt lat="46.282919" lon="10.637022">
        <ele>1711.347582</ele>
        <time>2026-08-14T16:34:22.057Z</time>
      </trkpt>
      <trkpt lat="46.282841" lon="10.637426">
        <ele>1706.333677</ele>
        <time>2026-08-14T16:34:29.411Z</time>
      </trkpt>
      <trkpt lat="46.282900" lon="10.638201">
        <ele>1697.276994</ele>
        <time>2026-08-14T16:34:43.075Z</time>
      </trkpt>
      <trkpt lat="46.282500" lon="10.639338">
        <ele>1682.457092</ele>
        <time>2026-08-14T16:35:05.651Z</time>
      </trkpt>
      <trkpt lat="46.282440" lon="10.640025">
        <ele>1674.348845</ele>
        <time>2026-08-14T16:35:18.113Z</time>
      </trkpt>
      <trkpt lat="46.282165" lon="10.640501">
        <ele>1667.046735</ele>
        <time>2026-08-14T16:35:29.300Z</time>
      </trkpt>
      <trkpt lat="46.281954" lon="10.641372">
        <ele>1656.183665</ele>
        <time>2026-08-14T16:35:45.668Z</time>
      </trkpt>
      <trkpt lat="46.281964" lon="10.641711">
        <ele>1652.190053</ele>
        <time>2026-08-14T16:35:51.559Z</time>
      </trkpt>
      <trkpt lat="46.281857" lon="10.642143">
        <ele>1646.432333</ele>
        <time>2026-08-14T16:35:59.475Z</time>
      </trkpt>
      <trkpt lat="46.281692" lon="10.642434">
        <ele>1641.160165</ele>
        <time>2026-08-14T16:36:05.929Z</time>
      </trkpt>
      <trkpt lat="46.281464" lon="10.642746">
        <ele>1634.800148</ele>
        <time>2026-08-14T16:36:13.705Z</time>
      </trkpt>
      <trkpt lat="46.281325" lon="10.643092">
        <ele>1629.194531</ele>
        <time>2026-08-14T16:36:20.556Z</time>
      </trkpt>
      <trkpt lat="46.281145" lon="10.643717">
        <ele>1619.710604</ele>
        <time>2026-08-14T16:36:32.209Z</time>
      </trkpt>
      <trkpt lat="46.281092" lon="10.644197">
        <ele>1612.902067</ele>
        <time>2026-08-14T16:36:40.695Z</time>
      </trkpt>
      <trkpt lat="46.281082" lon="10.644534">
        <ele>1609.062319</ele>
        <time>2026-08-14T16:36:46.650Z</time>
      </trkpt>
      <trkpt lat="46.281047" lon="10.645612">
        <ele>1597.261895</ele>
        <time>2026-08-14T16:37:06.077Z</time>
      </trkpt>
      <trkpt lat="46.281081" lon="10.646224">
        <ele>1590.548376</ele>
        <time>2026-08-14T16:37:17.072Z</time>
      </trkpt>
      <trkpt lat="46.281187" lon="10.646896">
        <ele>1583.134416</ele>
        <time>2026-08-14T16:37:29.328Z</time>
      </trkpt>
      <trkpt lat="46.281228" lon="10.647639">
        <ele>1576.332964</ele>
        <time>2026-08-14T16:37:42.566Z</time>
      </trkpt>
      <trkpt lat="46.281217" lon="10.648748">
        <ele>1566.212299</ele>
        <time>2026-08-14T16:38:02.571Z</time>
      </trkpt>
      <trkpt lat="46.281376" lon="10.650098">
        <ele>1557.648495</ele>
        <time>2026-08-14T16:38:29.248Z</time>
      </trkpt>
      <trkpt lat="46.281539" lon="10.650777">
        <ele>1555.189698</ele>
        <time>2026-08-14T16:38:45.167Z</time>
      </trkpt>
      <trkpt lat="46.281777" lon="10.651498">
        <ele>1552.456484</ele>
        <time>2026-08-14T16:39:03.017Z</time>
      </trkpt>
      <trkpt lat="46.281925" lon="10.652032">
        <ele>1550.553490</ele>
        <time>2026-08-14T16:39:17.041Z</time>
      </trkpt>
      <trkpt lat="46.282098" lon="10.652510">
        <ele>1548.902770</ele>
        <time>2026-08-14T16:39:31.203Z</time>
      </trkpt>
      <trkpt lat="46.282252" lon="10.653049">
        <ele>1547.118469</ele>
        <time>2026-08-14T16:39:46.557Z</time>
      </trkpt>
      <trkpt lat="46.282380" lon="10.653245">
        <ele>1546.293496</ele>
        <time>2026-08-14T16:39:52.973Z</time>
      </trkpt>
      <trkpt lat="46.282576" lon="10.653103">
        <ele>1545.323201</ele>
        <time>2026-08-14T16:39:59.855Z</time>
      </trkpt>
      <trkpt lat="46.282769" lon="10.652884">
        <ele>1544.237496</ele>
        <time>2026-08-14T16:40:07.028Z</time>
      </trkpt>
      <trkpt lat="46.282950" lon="10.652933">
        <ele>1543.422376</ele>
        <time>2026-08-14T16:40:12.242Z</time>
      </trkpt>
      <trkpt lat="46.282972" lon="10.653130">
        <ele>1542.120626</ele>
        <time>2026-08-14T16:40:16.021Z</time>
      </trkpt>
      <trkpt lat="46.282905" lon="10.653491">
        <ele>1538.585173</ele>
        <time>2026-08-14T16:40:22.905Z</time>
      </trkpt>
      <trkpt lat="46.282908" lon="10.653676">
        <ele>1536.834892</ele>
        <time>2026-08-14T16:40:26.260Z</time>
      </trkpt>
      <trkpt lat="46.282972" lon="10.653988">
        <ele>1533.756635</ele>
        <time>2026-08-14T16:40:32.049Z</time>
      </trkpt>
      <trkpt lat="46.282972" lon="10.654255">
        <ele>1531.231252</ele>
        <time>2026-08-14T16:40:36.779Z</time>
      </trkpt>
      <trkpt lat="46.282886" lon="10.654878">
        <ele>1525.222290</ele>
        <time>2026-08-14T16:40:47.954Z</time>
      </trkpt>
      <trkpt lat="46.283135" lon="10.655425">
        <ele>1519.027084</ele>
        <time>2026-08-14T16:40:59.715Z</time>
      </trkpt>
      <trkpt lat="46.283184" lon="10.655698">
        <ele>1516.920488</ele>
        <time>2026-08-14T16:41:05.030Z</time>
      </trkpt>
      <trkpt lat="46.283520" lon="10.656189">
        <ele>1512.077611</ele>
        <time>2026-08-14T16:41:18.547Z</time>
      </trkpt>
      <trkpt lat="46.283796" lon="10.656807">
        <ele>1506.920572</ele>
        <time>2026-08-14T16:41:33.343Z</time>
      </trkpt>
      <trkpt lat="46.284215" lon="10.656982">
        <ele>1502.497844</ele>
        <time>2026-08-14T16:41:45.569Z</time>
      </trkpt>
      <trkpt lat="46.284222" lon="10.657244">
        <ele>1500.660230</ele>
        <time>2026-08-14T16:41:50.501Z</time>
      </trkpt>
      <trkpt lat="46.284302" lon="10.657572">
        <ele>1497.134830</ele>
        <time>2026-08-14T16:41:56.889Z</time>
      </trkpt>
      <trkpt lat="46.284672" lon="10.658637">
        <ele>1484.375928</ele>
        <time>2026-08-14T16:42:18.163Z</time>
      </trkpt>
      <trkpt lat="46.284845" lon="10.659615">
        <ele>1473.570229</ele>
        <time>2026-08-14T16:42:35.964Z</time>
      </trkpt>
      <trkpt lat="46.284917" lon="10.659855">
        <ele>1470.728277</ele>
        <time>2026-08-14T16:42:40.555Z</time>
      </trkpt>
      <trkpt lat="46.285079" lon="10.660243">
        <ele>1465.754749</ele>
        <time>2026-08-14T16:42:48.492Z</time>
      </trkpt>
      <trkpt lat="46.285404" lon="10.660724">
        <ele>1458.374269</ele>
        <time>2026-08-14T16:43:00.278Z</time>
      </trkpt>
      <trkpt lat="46.285461" lon="10.661352">
        <ele>1451.425100</ele>
        <time>2026-08-14T16:43:11.514Z</time>
      </trkpt>
      <trkpt lat="46.285793" lon="10.662008">
        <ele>1443.307901</ele>
        <time>2026-08-14T16:43:26.169Z</time>
      </trkpt>
      <trkpt lat="46.286023" lon="10.662298">
        <ele>1441.310589</ele>
        <time>2026-08-14T16:43:34.523Z</time>
      </trkpt>
      <trkpt lat="46.286371" lon="10.662855">
        <ele>1437.913178</ele>
        <time>2026-08-14T16:43:50.663Z</time>
      </trkpt>
      <trkpt lat="46.286643" lon="10.663126">
        <ele>1435.751047</ele>
        <time>2026-08-14T16:44:02.129Z</time>
      </trkpt>
      <trkpt lat="46.286979" lon="10.663335">
        <ele>1433.356554</ele>
        <time>2026-08-14T16:44:08.590Z</time>
      </trkpt>
      <trkpt lat="46.287133" lon="10.663335">
        <ele>1432.348282</ele>
        <time>2026-08-14T16:44:11.088Z</time>
      </trkpt>
      <trkpt lat="46.287282" lon="10.663284">
        <ele>1430.834926</ele>
        <time>2026-08-14T16:44:13.465Z</time>
      </trkpt>
      <trkpt lat="46.287424" lon="10.663396">
        <ele>1429.054764</ele>
        <time>2026-08-14T16:44:15.933Z</time>
      </trkpt>
      <trkpt lat="46.287555" lon="10.663714">
        <ele>1426.238665</ele>
        <time>2026-08-14T16:44:19.732Z</time>
      </trkpt>
      <trkpt lat="46.287677" lon="10.664146">
        <ele>1422.688798</ele>
        <time>2026-08-14T16:44:24.343Z</time>
      </trkpt>
      <trkpt lat="46.287715" lon="10.664684">
        <ele>1418.575130</ele>
        <time>2026-08-14T16:44:29.446Z</time>
      </trkpt>
      <trkpt lat="46.287935" lon="10.665578">
        <ele>1411.651200</ele>
        <time>2026-08-14T16:44:38.354Z</time>
      </trkpt>
      <trkpt lat="46.288255" lon="10.665964">
        <ele>1408.501979</ele>
        <time>2026-08-14T16:44:44.179Z</time>
      </trkpt>
      <trkpt lat="46.288950" lon="10.667468">
        <ele>1399.050594</ele>
        <time>2026-08-14T16:45:04.033Z</time>
      </trkpt>
      <trkpt lat="46.289058" lon="10.667536">
        <ele>1398.287097</ele>
        <time>2026-08-14T16:45:06.180Z</time>
      </trkpt>
      <trkpt lat="46.289289" lon="10.667586">
        <ele>1396.936065</ele>
        <time>2026-08-14T16:45:10.294Z</time>
      </trkpt>
      <trkpt lat="46.289404" lon="10.667725">
        <ele>1396.069371</ele>
        <time>2026-08-14T16:45:12.863Z</time>
      </trkpt>
      <trkpt lat="46.289447" lon="10.667871">
        <ele>1395.435010</ele>
        <time>2026-08-14T16:45:14.710Z</time>
      </trkpt>
      <trkpt lat="46.289532" lon="10.668391">
        <ele>1393.299196</ele>
        <time>2026-08-14T16:45:20.798Z</time>
      </trkpt>
      <trkpt lat="46.289800" lon="10.668961">
        <ele>1390.543526</ele>
        <time>2026-08-14T16:45:28.207Z</time>
      </trkpt>
      <trkpt lat="46.290095" lon="10.669478">
        <ele>1387.575972</ele>
        <time>2026-08-14T16:45:34.987Z</time>
      </trkpt>
      <trkpt lat="46.290269" lon="10.669782">
        <ele>1384.949917</ele>
        <time>2026-08-14T16:45:38.875Z</time>
      </trkpt>
      <trkpt lat="46.290379" lon="10.670047">
        <ele>1382.893367</ele>
        <time>2026-08-14T16:45:41.912Z</time>
      </trkpt>
      <trkpt lat="46.290772" lon="10.671309">
        <ele>1373.684726</ele>
        <time>2026-08-14T16:45:55.721Z</time>
      </trkpt>
      <trkpt lat="46.290852" lon="10.671680">
        <ele>1371.099274</ele>
        <time>2026-08-14T16:45:59.733Z</time>
      </trkpt>
      <trkpt lat="46.290902" lon="10.671819">
        <ele>1369.859787</ele>
        <time>2026-08-14T16:46:01.271Z</time>
      </trkpt>
      <trkpt lat="46.290879" lon="10.671912">
        <ele>1369.062519</ele>
        <time>2026-08-14T16:46:02.244Z</time>
      </trkpt>
      <trkpt lat="46.290937" lon="10.672010">
        <ele>1368.021048</ele>
        <time>2026-08-14T16:46:04.484Z</time>
      </trkpt>
      <trkpt lat="46.291117" lon="10.672206">
        <ele>1365.389819</ele>
        <time>2026-08-14T16:46:10.071Z</time>
      </trkpt>
      <trkpt lat="46.291364" lon="10.672292">
        <ele>1362.422339</ele>
        <time>2026-08-14T16:46:16.430Z</time>
      </trkpt>
      <trkpt lat="46.291392" lon="10.672345">
        <ele>1361.883855</ele>
        <time>2026-08-14T16:46:17.573Z</time>
      </trkpt>
      <trkpt lat="46.291399" lon="10.672447">
        <ele>1361.056530</ele>
        <time>2026-08-14T16:46:19.358Z</time>
      </trkpt>
      <trkpt lat="46.291377" lon="10.672562">
        <ele>1360.093413</ele>
        <time>2026-08-14T16:46:21.444Z</time>
      </trkpt>
      <trkpt lat="46.291314" lon="10.672764">
        <ele>1358.304625</ele>
        <time>2026-08-14T16:46:25.319Z</time>
      </trkpt>
      <trkpt lat="46.291254" lon="10.672829">
        <ele>1357.429165</ele>
        <time>2026-08-14T16:46:27.231Z</time>
      </trkpt>
      <trkpt lat="46.291224" lon="10.673392">
        <ele>1352.871509</ele>
        <time>2026-08-14T16:46:37.213Z</time>
      </trkpt>
      <trkpt lat="46.291279" lon="10.673748">
        <ele>1349.927977</ele>
        <time>2026-08-14T16:46:43.435Z</time>
      </trkpt>
      <trkpt lat="46.291397" lon="10.674100">
        <ele>1346.828654</ele>
        <time>2026-08-14T16:46:49.905Z</time>
      </trkpt>
      <trkpt lat="46.291540" lon="10.674346">
        <ele>1344.282005</ele>
        <time>2026-08-14T16:46:55.292Z</time>
      </trkpt>
      <trkpt lat="46.291637" lon="10.674698">
        <ele>1341.279955</ele>
        <time>2026-08-14T16:47:01.849Z</time>
      </trkpt>
      <trkpt lat="46.291652" lon="10.674939">
        <ele>1339.363067</ele>
        <time>2026-08-14T16:47:06.169Z</time>
      </trkpt>
      <trkpt lat="46.291625" lon="10.675287">
        <ele>1336.588950</ele>
        <time>2026-08-14T16:47:12.400Z</time>
      </trkpt>
      <trkpt lat="46.291674" lon="10.675810">
        <ele>1332.407928</ele>
        <time>2026-08-14T16:47:21.809Z</time>
      </trkpt>
      <trkpt lat="46.291741" lon="10.676043">
        <ele>1330.408698</ele>
        <time>2026-08-14T16:47:26.280Z</time>
      </trkpt>
      <trkpt lat="46.292024" lon="10.676660">
        <ele>1325.975525</ele>
        <time>2026-08-14T16:47:39.424Z</time>
      </trkpt>
      <trkpt lat="46.292089" lon="10.677012">
        <ele>1323.949656</ele>
        <time>2026-08-14T16:47:46.084Z</time>
      </trkpt>
      <trkpt lat="46.292169" lon="10.677232">
        <ele>1322.567368</ele>
        <time>2026-08-14T16:47:50.702Z</time>
      </trkpt>
      <trkpt lat="46.292445" lon="10.677652">
        <ele>1319.344649</ele>
        <time>2026-08-14T16:48:01.656Z</time>
      </trkpt>
      <trkpt lat="46.292495" lon="10.677782">
        <ele>1318.517399</ele>
        <time>2026-08-14T16:48:04.488Z</time>
      </trkpt>
      <trkpt lat="46.292543" lon="10.678169">
        <ele>1316.331234</ele>
        <time>2026-08-14T16:48:11.961Z</time>
      </trkpt>
      <trkpt lat="46.292593" lon="10.678293">
        <ele>1315.532969</ele>
        <time>2026-08-14T16:48:14.674Z</time>
      </trkpt>
      <trkpt lat="46.292663" lon="10.678391">
        <ele>1314.762450</ele>
        <time>2026-08-14T16:48:17.322Z</time>
      </trkpt>
      <trkpt lat="46.292866" lon="10.678557">
        <ele>1313.079768</ele>
        <time>2026-08-14T16:48:23.674Z</time>
      </trkpt>
      <trkpt lat="46.293039" lon="10.678963">
        <ele>1310.701217</ele>
        <time>2026-08-14T16:48:32.662Z</time>
      </trkpt>
      <trkpt lat="46.293294" lon="10.679673">
        <ele>1306.711067</ele>
        <time>2026-08-14T16:48:47.830Z</time>
      </trkpt>
      <trkpt lat="46.293702" lon="10.680177">
        <ele>1302.839915</ele>
        <time>2026-08-14T16:49:02.312Z</time>
      </trkpt>
      <trkpt lat="46.293922" lon="10.680706">
        <ele>1299.896754</ele>
        <time>2026-08-14T16:49:13.722Z</time>
      </trkpt>
      <trkpt lat="46.294246" lon="10.681195">
        <ele>1296.733003</ele>
        <time>2026-08-14T16:49:26.335Z</time>
      </trkpt>
      <trkpt lat="46.294329" lon="10.681498">
        <ele>1295.210933</ele>
        <time>2026-08-14T16:49:32.469Z</time>
      </trkpt>
      <trkpt lat="46.294409" lon="10.681927">
        <ele>1293.135937</ele>
        <time>2026-08-14T16:49:40.885Z</time>
      </trkpt>
      <trkpt lat="46.294970" lon="10.683319">
        <ele>1286.357032</ele>
        <time>2026-08-14T16:50:12.706Z</time>
      </trkpt>
      <trkpt lat="46.295069" lon="10.683634">
        <ele>1285.033058</ele>
        <time>2026-08-14T16:50:19.970Z</time>
      </trkpt>
      <trkpt lat="46.295170" lon="10.683880">
        <ele>1283.938268</ele>
        <time>2026-08-14T16:50:25.639Z</time>
      </trkpt>
      <trkpt lat="46.295276" lon="10.684059">
        <ele>1283.036327</ele>
        <time>2026-08-14T16:50:30.256Z</time>
      </trkpt>
      <trkpt lat="46.295591" lon="10.684659">
        <ele>1280.153325</ele>
        <time>2026-08-14T16:50:44.832Z</time>
      </trkpt>
      <trkpt lat="46.295665" lon="10.684950">
        <ele>1278.793925</ele>
        <time>2026-08-14T16:50:48.239Z</time>
      </trkpt>
      <trkpt lat="46.295695" lon="10.685071">
        <ele>1278.197572</ele>
        <time>2026-08-14T16:50:49.656Z</time>
      </trkpt>
      <trkpt lat="46.295688" lon="10.685292">
        <ele>1277.171293</ele>
        <time>2026-08-14T16:50:51.699Z</time>
      </trkpt>
      <trkpt lat="46.295643" lon="10.685643">
        <ele>1275.515238</ele>
        <time>2026-08-14T16:50:54.960Z</time>
      </trkpt>
      <trkpt lat="46.295655" lon="10.685758">
        <ele>1274.975712</ele>
        <time>2026-08-14T16:50:56.030Z</time>
      </trkpt>
      <trkpt lat="46.295734" lon="10.685984">
        <ele>1273.800782</ele>
        <time>2026-08-14T16:50:58.310Z</time>
      </trkpt>
      <trkpt lat="46.295979" lon="10.686404">
        <ele>1271.250920</ele>
        <time>2026-08-14T16:51:03.247Z</time>
      </trkpt>
      <trkpt lat="46.296117" lon="10.687014">
        <ele>1268.273373</ele>
        <time>2026-08-14T16:51:09.335Z</time>
      </trkpt>
      <trkpt lat="46.296254" lon="10.687253">
        <ele>1266.906553</ele>
        <time>2026-08-14T16:51:12.350Z</time>
      </trkpt>
      <trkpt lat="46.296326" lon="10.687334">
        <ele>1266.346043</ele>
        <time>2026-08-14T16:51:13.603Z</time>
      </trkpt>
      <trkpt lat="46.296847" lon="10.687690">
        <ele>1262.804811</ele>
        <time>2026-08-14T16:51:21.334Z</time>
      </trkpt>
      <trkpt lat="46.296927" lon="10.687794">
        <ele>1262.143869</ele>
        <time>2026-08-14T16:51:22.759Z</time>
      </trkpt>
      <trkpt lat="46.297029" lon="10.688043">
        <ele>1260.914559</ele>
        <time>2026-08-14T16:51:25.406Z</time>
      </trkpt>
      <trkpt lat="46.297233" lon="10.688793">
        <ele>1257.491619</ele>
        <time>2026-08-14T16:51:32.836Z</time>
      </trkpt>
      <trkpt lat="46.297330" lon="10.689002">
        <ele>1256.601063</ele>
        <time>2026-08-14T16:51:35.224Z</time>
      </trkpt>
      <trkpt lat="46.297441" lon="10.689289">
        <ele>1256.300327</ele>
        <time>2026-08-14T16:51:38.372Z</time>
      </trkpt>
      <trkpt lat="46.297515" lon="10.689762">
        <ele>1255.856892</ele>
        <time>2026-08-14T16:51:43.377Z</time>
      </trkpt>
      <trkpt lat="46.297631" lon="10.690045">
        <ele>1255.556021</ele>
        <time>2026-08-14T16:51:47.256Z</time>
      </trkpt>
      <trkpt lat="46.297839" lon="10.690312">
        <ele>1255.188095</ele>
        <time>2026-08-14T16:51:52.830Z</time>
      </trkpt>
      <trkpt lat="46.297857" lon="10.690439">
        <ele>1255.069555</ele>
        <time>2026-08-14T16:51:54.666Z</time>
      </trkpt>
      <trkpt lat="46.298028" lon="10.690601">
        <ele>1254.799089</ele>
        <time>2026-08-14T16:52:00.177Z</time>
      </trkpt>
      <trkpt lat="46.298208" lon="10.690898">
        <ele>1254.437858</ele>
        <time>2026-08-14T16:52:07.747Z</time>
      </trkpt>
      <trkpt lat="46.298282" lon="10.691077">
        <ele>1254.261469</ele>
        <time>2026-08-14T16:52:12.096Z</time>
      </trkpt>
      <trkpt lat="46.298391" lon="10.691547">
        <ele>1254.095137</ele>
        <time>2026-08-14T16:52:23.654Z</time>
      </trkpt>
      <trkpt lat="46.298402" lon="10.691603">
        <ele>1254.075604</ele>
        <time>2026-08-14T16:52:25.085Z</time>
      </trkpt>
      <trkpt lat="46.298482" lon="10.692089">
        <ele>1253.907986</ele>
        <time>2026-08-14T16:52:36.184Z</time>
      </trkpt>
      <trkpt lat="46.298506" lon="10.692236">
        <ele>1253.857309</ele>
        <time>2026-08-14T16:52:39.073Z</time>
      </trkpt>
      <trkpt lat="46.298509" lon="10.692371">
        <ele>1253.811993</ele>
        <time>2026-08-14T16:52:41.727Z</time>
      </trkpt>
      <trkpt lat="46.298870" lon="10.693229">
        <ele>1253.474957</ele>
        <time>2026-08-14T16:52:57.567Z</time>
      </trkpt>
      <trkpt lat="46.298940" lon="10.693381">
        <ele>1253.413671</ele>
        <time>2026-08-14T16:53:00.144Z</time>
      </trkpt>
      <trkpt lat="46.299016" lon="10.693545">
        <ele>1252.461001</ele>
        <time>2026-08-14T16:53:02.844Z</time>
      </trkpt>
      <trkpt lat="46.299053" lon="10.693616">
        <ele>1251.890777</ele>
        <time>2026-08-14T16:53:04.049Z</time>
      </trkpt>
      <trkpt lat="46.299276" lon="10.693985">
        <ele>1248.747384</ele>
        <time>2026-08-14T16:53:08.737Z</time>
      </trkpt>
      <trkpt lat="46.299759" lon="10.695026">
        <ele>1240.707208</ele>
        <time>2026-08-14T16:53:19.406Z</time>
      </trkpt>
      <trkpt lat="46.299819" lon="10.695249">
        <ele>1239.172780</ele>
        <time>2026-08-14T16:53:21.439Z</time>
      </trkpt>
      <trkpt lat="46.299830" lon="10.695861">
        <ele>1235.066781</ele>
        <time>2026-08-14T16:53:26.669Z</time>
      </trkpt>
      <trkpt lat="46.299919" lon="10.696160">
        <ele>1232.720381</ele>
        <time>2026-08-14T16:53:29.495Z</time>
      </trkpt>
      <trkpt lat="46.300053" lon="10.696438">
        <ele>1230.277391</ele>
        <time>2026-08-14T16:53:32.442Z</time>
      </trkpt>
      <trkpt lat="46.300230" lon="10.696700">
        <ele>1227.636435</ele>
        <time>2026-08-14T16:53:35.591Z</time>
      </trkpt>
      <trkpt lat="46.300288" lon="10.696851">
        <ele>1226.391296</ele>
        <time>2026-08-14T16:53:37.066Z</time>
      </trkpt>
      <trkpt lat="46.300362" lon="10.697196">
        <ele>1223.787808</ele>
        <time>2026-08-14T16:53:40.177Z</time>
      </trkpt>
      <trkpt lat="46.300494" lon="10.697421">
        <ele>1221.660472</ele>
        <time>2026-08-14T16:53:42.775Z</time>
      </trkpt>
      <trkpt lat="46.300557" lon="10.697580">
        <ele>1220.339484</ele>
        <time>2026-08-14T16:53:44.383Z</time>
      </trkpt>
      <trkpt lat="46.300514" lon="10.698592">
        <ele>1214.925817</ele>
        <time>2026-08-14T16:53:53.223Z</time>
      </trkpt>
      <trkpt lat="46.300597" lon="10.699482">
        <ele>1210.950092</ele>
        <time>2026-08-14T16:54:01.478Z</time>
      </trkpt>
      <trkpt lat="46.300804" lon="10.700120">
        <ele>1207.829750</ele>
        <time>2026-08-14T16:54:08.711Z</time>
      </trkpt>
      <trkpt lat="46.300880" lon="10.700288">
        <ele>1206.940770</ele>
        <time>2026-08-14T16:54:10.868Z</time>
      </trkpt>
      <trkpt lat="46.300904" lon="10.700347">
        <ele>1206.637670</ele>
        <time>2026-08-14T16:54:11.584Z</time>
      </trkpt>
      <trkpt lat="46.300936" lon="10.700427">
        <ele>1206.150603</ele>
        <time>2026-08-14T16:54:12.599Z</time>
      </trkpt>
      <trkpt lat="46.301079" lon="10.700615">
        <ele>1204.398842</ele>
        <time>2026-08-14T16:54:15.539Z</time>
      </trkpt>
      <trkpt lat="46.301167" lon="10.700826">
        <ele>1202.854782</ele>
        <time>2026-08-14T16:54:18.003Z</time>
      </trkpt>
      <trkpt lat="46.301145" lon="10.701006">
        <ele>1201.709610</ele>
        <time>2026-08-14T16:54:19.808Z</time>
      </trkpt>
      <trkpt lat="46.300955" lon="10.701156">
        <ele>1199.747079</ele>
        <time>2026-08-14T16:54:22.727Z</time>
      </trkpt>
      <trkpt lat="46.300960" lon="10.701370">
        <ele>1198.405643</ele>
        <time>2026-08-14T16:54:24.669Z</time>
      </trkpt>
      <trkpt lat="46.301043" lon="10.701859">
        <ele>1195.251052</ele>
        <time>2026-08-14T16:54:29.083Z</time>
      </trkpt>
      <trkpt lat="46.300968" lon="10.701899">
        <ele>1194.526254</ele>
        <time>2026-08-14T16:54:30.066Z</time>
      </trkpt>
      <trkpt lat="46.300905" lon="10.701854">
        <ele>1193.889197</ele>
        <time>2026-08-14T16:54:30.930Z</time>
      </trkpt>
      <trkpt lat="46.300718" lon="10.701587">
        <ele>1191.507305</ele>
        <time>2026-08-14T16:54:34.079Z</time>
      </trkpt>
      <trkpt lat="46.300698" lon="10.701558">
        <ele>1191.250597</ele>
        <time>2026-08-14T16:54:34.420Z</time>
      </trkpt>
      <trkpt lat="46.300647" lon="10.701582">
        <ele>1190.764301</ele>
        <time>2026-08-14T16:54:35.060Z</time>
      </trkpt>
      <trkpt lat="46.300622" lon="10.701641">
        <ele>1190.330693</ele>
        <time>2026-08-14T16:54:35.631Z</time>
      </trkpt>
      <trkpt lat="46.300648" lon="10.701838">
        <ele>1188.415958</ele>
        <time>2026-08-14T16:54:37.290Z</time>
      </trkpt>
      <trkpt lat="46.300643" lon="10.702095">
        <ele>1185.777528</ele>
        <time>2026-08-14T16:54:39.409Z</time>
      </trkpt>
      <trkpt lat="46.300697" lon="10.702338">
        <ele>1183.157988</ele>
        <time>2026-08-14T16:54:41.501Z</time>
      </trkpt>
      <trkpt lat="46.300825" lon="10.702673">
        <ele>1179.229424</ele>
        <time>2026-08-14T16:54:44.650Z</time>
      </trkpt>
      <trkpt lat="46.300787" lon="10.702711">
        <ele>1178.543367</ele>
        <time>2026-08-14T16:54:45.204Z</time>
      </trkpt>
      <trkpt lat="46.300694" lon="10.702667">
        <ele>1177.090029</ele>
        <time>2026-08-14T16:54:46.381Z</time>
      </trkpt>
      <trkpt lat="46.300226" lon="10.702379">
        <ele>1169.536196</ele>
        <time>2026-08-14T16:54:52.558Z</time>
      </trkpt>
      <trkpt lat="46.300019" lon="10.702252">
        <ele>1166.196617</ele>
        <time>2026-08-14T16:54:55.279Z</time>
      </trkpt>
      <trkpt lat="46.299894" lon="10.702129">
        <ele>1163.951444</ele>
        <time>2026-08-14T16:54:57.102Z</time>
      </trkpt>
      <trkpt lat="46.299845" lon="10.701994">
        <ele>1162.514050</ele>
        <time>2026-08-14T16:54:58.359Z</time>
      </trkpt>
      <trkpt lat="46.299827" lon="10.701829">
        <ele>1161.017951</ele>
        <time>2026-08-14T16:54:59.742Z</time>
      </trkpt>
      <trkpt lat="46.299845" lon="10.701692">
        <ele>1159.768948</ele>
        <time>2026-08-14T16:55:00.891Z</time>
      </trkpt>
      <trkpt lat="46.299891" lon="10.701615">
        <ele>1158.857248</ele>
        <time>2026-08-14T16:55:01.738Z</time>
      </trkpt>
      <trkpt lat="46.299909" lon="10.701509">
        <ele>1157.879625</ele>
        <time>2026-08-14T16:55:02.640Z</time>
      </trkpt>
      <trkpt lat="46.299869" lon="10.701390">
        <ele>1156.694378</ele>
        <time>2026-08-14T16:55:03.742Z</time>
      </trkpt>
      <trkpt lat="46.299813" lon="10.701392">
        <ele>1155.968199</ele>
        <time>2026-08-14T16:55:04.420Z</time>
      </trkpt>
      <trkpt lat="46.299670" lon="10.701536">
        <ele>1153.709911</ele>
        <time>2026-08-14T16:55:06.536Z</time>
      </trkpt>
      <trkpt lat="46.299685" lon="10.701595">
        <ele>1153.146845</ele>
        <time>2026-08-14T16:55:07.070Z</time>
      </trkpt>
      <trkpt lat="46.299676" lon="10.701744">
        <ele>1151.807262</ele>
        <time>2026-08-14T16:55:08.328Z</time>
      </trkpt>
      <trkpt lat="46.299500" lon="10.702286">
        <ele>1146.443477</ele>
        <time>2026-08-14T16:55:13.410Z</time>
      </trkpt>
      <trkpt lat="46.299472" lon="10.702501">
        <ele>1144.483948</ele>
        <time>2026-08-14T16:55:15.261Z</time>
      </trkpt>
      <trkpt lat="46.299505" lon="10.702671">
        <ele>1142.902411</ele>
        <time>2026-08-14T16:55:16.752Z</time>
      </trkpt>
      <trkpt lat="46.300093" lon="10.704068">
        <ele>1132.347864</ele>
        <time>2026-08-14T16:55:30.909Z</time>
      </trkpt>
      <trkpt lat="46.300164" lon="10.704246">
        <ele>1131.144969</ele>
        <time>2026-08-14T16:55:32.816Z</time>
      </trkpt>
      <trkpt lat="46.300057" lon="10.704182">
        <ele>1130.164227</ele>
        <time>2026-08-14T16:55:34.360Z</time>
      </trkpt>
      <trkpt lat="46.299883" lon="10.703813">
        <ele>1127.549597</ele>
        <time>2026-08-14T16:55:38.534Z</time>
      </trkpt>
      <trkpt lat="46.299653" lon="10.703424">
        <ele>1124.704380</ele>
        <time>2026-08-14T16:55:43.365Z</time>
      </trkpt>
      <trkpt lat="46.299256" lon="10.702921">
        <ele>1122.626744</ele>
        <time>2026-08-14T16:55:50.500Z</time>
      </trkpt>
      <trkpt lat="46.299111" lon="10.702784">
        <ele>1121.944880</ele>
        <time>2026-08-14T16:55:52.942Z</time>
      </trkpt>
      <trkpt lat="46.298893" lon="10.702765">
        <ele>1121.084886</ele>
        <time>2026-08-14T16:55:56.015Z</time>
      </trkpt>
      <trkpt lat="46.298665" lon="10.702674">
        <ele>1120.153561</ele>
        <time>2026-08-14T16:55:59.385Z</time>
      </trkpt>
      <trkpt lat="46.298558" lon="10.702555">
        <ele>1119.622198</ele>
        <time>2026-08-14T16:56:01.335Z</time>
      </trkpt>
      <trkpt lat="46.298482" lon="10.702419">
        <ele>1119.146312</ele>
        <time>2026-08-14T16:56:03.169Z</time>
      </trkpt>
      <trkpt lat="46.298475" lon="10.702391">
        <ele>1119.065301</ele>
        <time>2026-08-14T16:56:03.487Z</time>
      </trkpt>
      <trkpt lat="46.298457" lon="10.702310">
        <ele>1118.833811</ele>
        <time>2026-08-14T16:56:04.437Z</time>
      </trkpt>
      <trkpt lat="46.298365" lon="10.701913">
        <ele>1117.795878</ele>
        <time>2026-08-14T16:56:09.679Z</time>
      </trkpt>
      <trkpt lat="46.298300" lon="10.701762">
        <ele>1118.149507</ele>
        <time>2026-08-14T16:56:12.183Z</time>
      </trkpt>
      <trkpt lat="46.298198" lon="10.701737">
        <ele>1118.447131</ele>
        <time>2026-08-14T16:56:14.504Z</time>
      </trkpt>
      <trkpt lat="46.297916" lon="10.701927">
        <ele>1119.342021</ele>
        <time>2026-08-14T16:56:23.047Z</time>
      </trkpt>
      <trkpt lat="46.297830" lon="10.701985">
        <ele>1119.614978</ele>
        <time>2026-08-14T16:56:26.449Z</time>
      </trkpt>
      <trkpt lat="46.297677" lon="10.702116">
        <ele>1120.126400</ele>
        <time>2026-08-14T16:56:36.375Z</time>
      </trkpt>
      <trkpt lat="46.297564" lon="10.702263">
        <ele>1120.563506</ele>
        <time>2026-08-14T16:56:42.588Z</time>
      </trkpt>
      <trkpt lat="46.297545" lon="10.702417">
        <ele>1120.874456</ele>
        <time>2026-08-14T16:56:47.210Z</time>
      </trkpt>
      <trkpt lat="46.297597" lon="10.703203">
        <ele>1122.443941</ele>
        <time>2026-08-14T16:57:12.385Z</time>
      </trkpt>
      <trkpt lat="46.297801" lon="10.703815">
        <ele>1124.146631</ele>
        <time>2026-08-14T16:57:36.889Z</time>
      </trkpt>
      <trkpt lat="46.297819" lon="10.704337">
        <ele>1125.607377</ele>
        <time>2026-08-14T16:57:52.831Z</time>
      </trkpt>
      <trkpt lat="46.297863" lon="10.704563">
        <ele>1126.263619</ele>
        <time>2026-08-14T16:57:59.862Z</time>
      </trkpt>
      <trkpt lat="46.297879" lon="10.705112">
        <ele>1127.799374</ele>
        <time>2026-08-14T16:58:16.347Z</time>
      </trkpt>
      <trkpt lat="46.297893" lon="10.705347">
        <ele>1128.458608</ele>
        <time>2026-08-14T16:58:23.268Z</time>
      </trkpt>
      <trkpt lat="46.298033" lon="10.705873">
        <ele>1130.034025</ele>
        <time>2026-08-14T16:58:38.692Z</time>
      </trkpt>
      <trkpt lat="46.298342" lon="10.706554">
        <ele>1129.998464</ele>
        <time>2026-08-14T16:58:55.907Z</time>
      </trkpt>
      <trkpt lat="46.298367" lon="10.706753">
        <ele>1129.943441</ele>
        <time>2026-08-14T16:58:59.011Z</time>
      </trkpt>
      <trkpt lat="46.298557" lon="10.707095">
        <ele>1129.824057</ele>
        <time>2026-08-14T16:59:04.865Z</time>
      </trkpt>
      <trkpt lat="46.298718" lon="10.707496">
        <ele>1129.697888</ele>
        <time>2026-08-14T16:59:10.661Z</time>
      </trkpt>
      <trkpt lat="46.298758" lon="10.707802">
        <ele>1129.613168</ele>
        <time>2026-08-14T16:59:14.217Z</time>
      </trkpt>
      <trkpt lat="46.298930" lon="10.708005">
        <ele>1129.525783</ele>
        <time>2026-08-14T16:59:17.686Z</time>
      </trkpt>
      <trkpt lat="46.299123" lon="10.708353">
        <ele>1128.239855</ele>
        <time>2026-08-14T16:59:22.180Z</time>
      </trkpt>
      <trkpt lat="46.299201" lon="10.708770">
        <ele>1126.618500</ele>
        <time>2026-08-14T16:59:26.367Z</time>
      </trkpt>
      <trkpt lat="46.299495" lon="10.709205">
        <ele>1124.334683</ele>
        <time>2026-08-14T16:59:32.186Z</time>
      </trkpt>
      <trkpt lat="46.299624" lon="10.709921">
        <ele>1121.557669</ele>
        <time>2026-08-14T16:59:38.969Z</time>
      </trkpt>
      <trkpt lat="46.299577" lon="10.710269">
        <ele>1120.226906</ele>
        <time>2026-08-14T16:59:42.230Z</time>
      </trkpt>
      <trkpt lat="46.299597" lon="10.710382">
        <ele>1119.789122</ele>
        <time>2026-08-14T16:59:43.297Z</time>
      </trkpt>
      <trkpt lat="46.299690" lon="10.710712">
        <ele>1118.446989</ele>
        <time>2026-08-14T16:59:46.619Z</time>
      </trkpt>
      <trkpt lat="46.299754" lon="10.710807">
        <ele>1117.947224</ele>
        <time>2026-08-14T16:59:47.861Z</time>
      </trkpt>
      <trkpt lat="46.299863" lon="10.710938">
        <ele>1117.174852</ele>
        <time>2026-08-14T16:59:49.817Z</time>
      </trkpt>
      <trkpt lat="46.300098" lon="10.711767">
        <ele>1113.799858</ele>
        <time>2026-08-14T16:59:58.725Z</time>
      </trkpt>
      <trkpt lat="46.300261" lon="10.712070">
        <ele>1112.353467</ele>
        <time>2026-08-14T17:00:02.513Z</time>
      </trkpt>
      <trkpt lat="46.300338" lon="10.712499">
        <ele>1110.684033</ele>
        <time>2026-08-14T17:00:06.823Z</time>
      </trkpt>
      <trkpt lat="46.300548" lon="10.713143">
        <ele>1106.972340</ele>
        <time>2026-08-14T17:00:13.366Z</time>
      </trkpt>
      <trkpt lat="46.300972" lon="10.714024">
        <ele>1100.757181</ele>
        <time>2026-08-14T17:00:23.064Z</time>
      </trkpt>
      <trkpt lat="46.301192" lon="10.714231">
        <ele>1098.558648</ele>
        <time>2026-08-14T17:00:26.471Z</time>
      </trkpt>
      <trkpt lat="46.301354" lon="10.714523">
        <ele>1096.390849</ele>
        <time>2026-08-14T17:00:29.717Z</time>
      </trkpt>
      <trkpt lat="46.301557" lon="10.714875">
        <ele>1093.330463</ele>
        <time>2026-08-14T17:00:33.624Z</time>
      </trkpt>
      <trkpt lat="46.301662" lon="10.715295">
        <ele>1089.800894</ele>
        <time>2026-08-14T17:00:37.408Z</time>
      </trkpt>
      <trkpt lat="46.302161" lon="10.715656">
        <ele>1083.420014</ele>
        <time>2026-08-14T17:00:51.334Z</time>
      </trkpt>
      <trkpt lat="46.302416" lon="10.715630">
        <ele>1080.496031</ele>
        <time>2026-08-14T17:00:57.693Z</time>
      </trkpt>
      <trkpt lat="46.302667" lon="10.715450">
        <ele>1077.291997</ele>
        <time>2026-08-14T17:01:04.637Z</time>
      </trkpt>
      <trkpt lat="46.303006" lon="10.715462">
        <ele>1073.824414</ele>
        <time>2026-08-14T17:01:13.158Z</time>
      </trkpt>
      <trkpt lat="46.303042" lon="10.715458">
        <ele>1073.608296</ele>
        <time>2026-08-14T17:01:13.614Z</time>
      </trkpt>
      <trkpt lat="46.303276" lon="10.715904">
        <ele>1071.292439</ele>
        <time>2026-08-14T17:01:18.706Z</time>
      </trkpt>
      <trkpt lat="46.303529" lon="10.716927">
        <ele>1066.799294</ele>
        <time>2026-08-14T17:01:29.466Z</time>
      </trkpt>
      <trkpt lat="46.303646" lon="10.717783">
        <ele>1063.245077</ele>
        <time>2026-08-14T17:01:38.386Z</time>
      </trkpt>
      <trkpt lat="46.304165" lon="10.719278">
        <ele>1057.500373</ele>
        <time>2026-08-14T17:01:54.222Z</time>
      </trkpt>
      <trkpt lat="46.304403" lon="10.720029">
        <ele>1054.663486</ele>
        <time>2026-08-14T17:02:02.329Z</time>
      </trkpt>
      <trkpt lat="46.305394" lon="10.722187">
        <ele>1046.918118</ele>
        <time>2026-08-14T17:02:28.335Z</time>
      </trkpt>
      <trkpt lat="46.306141" lon="10.723313">
        <ele>1041.423227</ele>
        <time>2026-08-14T17:02:43.140Z</time>
      </trkpt>
      <trkpt lat="46.306542" lon="10.725118">
        <ele>1034.978215</ele>
        <time>2026-08-14T17:03:01.586Z</time>
      </trkpt>
      <trkpt lat="46.306727" lon="10.726183">
        <ele>1031.441648</ele>
        <time>2026-08-14T17:03:12.175Z</time>
      </trkpt>
      <trkpt lat="46.306963" lon="10.726934">
        <ele>1029.112428</ele>
        <time>2026-08-14T17:03:20.204Z</time>
      </trkpt>
      <trkpt lat="46.307471" lon="10.727717">
        <ele>1028.290217</ele>
        <time>2026-08-14T17:03:32.378Z</time>
      </trkpt>
      <trkpt lat="46.307503" lon="10.727826">
        <ele>1028.199565</ele>
        <time>2026-08-14T17:03:33.956Z</time>
      </trkpt>
      <trkpt lat="46.307512" lon="10.728443">
        <ele>1027.727196</ele>
        <time>2026-08-14T17:03:44.536Z</time>
      </trkpt>
      <trkpt lat="46.307462" lon="10.729080">
        <ele>1027.236486</ele>
        <time>2026-08-14T17:03:55.642Z</time>
      </trkpt>
      <trkpt lat="46.307518" lon="10.729644">
        <ele>1026.138490</ele>
        <time>2026-08-14T17:04:04.772Z</time>
      </trkpt>
      <trkpt lat="46.307555" lon="10.730905">
        <ele>1023.654809</ele>
        <time>2026-08-14T17:04:18.660Z</time>
      </trkpt>
      <trkpt lat="46.307735" lon="10.732461">
        <ele>1016.729017</ele>
        <time>2026-08-14T17:04:33.451Z</time>
      </trkpt>
      <trkpt lat="46.307746" lon="10.733466">
        <ele>1009.867630</ele>
        <time>2026-08-14T17:04:42.119Z</time>
      </trkpt>
      <trkpt lat="46.307841" lon="10.734008">
        <ele>1006.050483</ele>
        <time>2026-08-14T17:04:46.845Z</time>
      </trkpt>
      <trkpt lat="46.307923" lon="10.734223">
        <ele>1004.373971</ele>
        <time>2026-08-14T17:04:48.909Z</time>
      </trkpt>
      <trkpt lat="46.307961" lon="10.734862">
        <ele>999.372283</ele>
        <time>2026-08-14T17:04:54.286Z</time>
      </trkpt>
      <trkpt lat="46.307987" lon="10.734977">
        <ele>998.427271</ele>
        <time>2026-08-14T17:04:55.302Z</time>
      </trkpt>
      <trkpt lat="46.308128" lon="10.734324">
        <ele>993.084110</ele>
        <time>2026-08-14T17:05:01.098Z</time>
      </trkpt>
      <trkpt lat="46.308307" lon="10.733670">
        <ele>987.590181</ele>
        <time>2026-08-14T17:05:07.232Z</time>
      </trkpt>
      <trkpt lat="46.308372" lon="10.734275">
        <ele>983.079054</ele>
        <time>2026-08-14T17:05:12.676Z</time>
      </trkpt>
      <trkpt lat="46.308424" lon="10.734567">
        <ele>981.264102</ele>
        <time>2026-08-14T17:05:15.335Z</time>
      </trkpt>
      <trkpt lat="46.308497" lon="10.734806">
        <ele>979.691263</ele>
        <time>2026-08-14T17:05:17.618Z</time>
      </trkpt>
      <trkpt lat="46.308676" lon="10.735107">
        <ele>977.300746</ele>
        <time>2026-08-14T17:05:21.111Z</time>
      </trkpt>
      <trkpt lat="46.308848" lon="10.735479">
        <ele>974.606497</ele>
        <time>2026-08-14T17:05:25.063Z</time>
      </trkpt>
      <trkpt lat="46.308923" lon="10.735707">
        <ele>973.086571</ele>
        <time>2026-08-14T17:05:27.286Z</time>
      </trkpt>
      <trkpt lat="46.309048" lon="10.736068">
        <ele>970.656115</ele>
        <time>2026-08-14T17:05:30.849Z</time>
      </trkpt>
      <trkpt lat="46.309074" lon="10.736150">
        <ele>970.113070</ele>
        <time>2026-08-14T17:05:32.171Z</time>
      </trkpt>
      <trkpt lat="46.309670" lon="10.737996">
        <ele>960.917363</ele>
        <time>2026-08-14T17:05:50.817Z</time>
      </trkpt>
      <trkpt lat="46.310124" lon="10.739398">
        <ele>956.173793</ele>
        <time>2026-08-14T17:06:06.243Z</time>
      </trkpt>
      <trkpt lat="46.310198" lon="10.739663">
        <ele>955.728556</ele>
        <time>2026-08-14T17:06:09.330Z</time>
      </trkpt>
      <trkpt lat="46.310163" lon="10.739832">
        <ele>955.453732</ele>
        <time>2026-08-14T17:06:11.289Z</time>
      </trkpt>
      <trkpt lat="46.309948" lon="10.740039">
        <ele>954.871470</ele>
        <time>2026-08-14T17:06:15.673Z</time>
      </trkpt>
      <trkpt lat="46.309751" lon="10.740156">
        <ele>954.391298</ele>
        <time>2026-08-14T17:06:19.608Z</time>
      </trkpt>
      <trkpt lat="46.309742" lon="10.740339">
        <ele>954.105520</ele>
        <time>2026-08-14T17:06:21.982Z</time>
      </trkpt>
      <trkpt lat="46.309697" lon="10.741596">
        <ele>951.886094</ele>
        <time>2026-08-14T17:06:37.664Z</time>
      </trkpt>
      <trkpt lat="46.309613" lon="10.741789">
        <ele>951.442174</ele>
        <time>2026-08-14T17:06:40.110Z</time>
      </trkpt>
      <trkpt lat="46.309470" lon="10.742771">
        <ele>949.489165</ele>
        <time>2026-08-14T17:06:50.654Z</time>
      </trkpt>
      <trkpt lat="46.309416" lon="10.743294">
        <ele>948.460080</ele>
        <time>2026-08-14T17:06:59.424Z</time>
      </trkpt>
      <trkpt lat="46.308969" lon="10.744219">
        <ele>945.884389</ele>
        <time>2026-08-14T17:07:17.904Z</time>
      </trkpt>
      <trkpt lat="46.308896" lon="10.744259">
        <ele>945.619524</ele>
        <time>2026-08-14T17:07:19.829Z</time>
      </trkpt>
      <trkpt lat="46.308923" lon="10.744426">
        <ele>945.217492</ele>
        <time>2026-08-14T17:07:21.581Z</time>
      </trkpt>
      <trkpt lat="46.308824" lon="10.744499">
        <ele>944.840481</ele>
        <time>2026-08-14T17:07:23.264Z</time>
      </trkpt>
      <trkpt lat="46.308690" lon="10.745042">
        <ele>943.488887</ele>
        <time>2026-08-14T17:07:29.467Z</time>
      </trkpt>
      <trkpt lat="46.308621" lon="10.745282">
        <ele>942.879539</ele>
        <time>2026-08-14T17:07:32.247Z</time>
      </trkpt>
      <trkpt lat="46.308581" lon="10.745532">
        <ele>942.278014</ele>
        <time>2026-08-14T17:07:34.990Z</time>
      </trkpt>
      <trkpt lat="46.308559" lon="10.745874">
        <ele>941.684873</ele>
        <time>2026-08-14T17:07:38.690Z</time>
      </trkpt>
      <trkpt lat="46.308500" lon="10.746235">
        <ele>941.157059</ele>
        <time>2026-08-14T17:07:42.815Z</time>
      </trkpt>
      <trkpt lat="46.308456" lon="10.746860">
        <ele>940.263198</ele>
        <time>2026-08-14T17:07:50.009Z</time>
      </trkpt>
      <trkpt lat="46.308440" lon="10.747142">
        <ele>939.860615</ele>
        <time>2026-08-14T17:07:53.297Z</time>
      </trkpt>
      <trkpt lat="46.308462" lon="10.747499">
        <ele>939.350655</ele>
        <time>2026-08-14T17:07:57.970Z</time>
      </trkpt>
      <trkpt lat="46.308438" lon="10.747653">
        <ele>939.126035</ele>
        <time>2026-08-14T17:08:00.032Z</time>
      </trkpt>
      <trkpt lat="46.308327" lon="10.747939">
        <ele>938.659282</ele>
        <time>2026-08-14T17:08:04.260Z</time>
      </trkpt>
      <trkpt lat="46.308260" lon="10.748263">
        <ele>938.157802</ele>
        <time>2026-08-14T17:08:08.568Z</time>
      </trkpt>
      <trkpt lat="46.308231" lon="10.748501">
        <ele>937.760103</ele>
        <time>2026-08-14T17:08:11.631Z</time>
      </trkpt>
      <trkpt lat="46.308237" lon="10.748738">
        <ele>937.369834</ele>
        <time>2026-08-14T17:08:14.607Z</time>
      </trkpt>
      <trkpt lat="46.308209" lon="10.748848">
        <ele>937.176919</ele>
        <time>2026-08-14T17:08:17.705Z</time>
      </trkpt>
      <trkpt lat="46.308192" lon="10.748952">
        <ele>937.001050</ele>
        <time>2026-08-14T17:08:19.041Z</time>
      </trkpt>
      <trkpt lat="46.308222" lon="10.749159">
        <ele>936.652995</ele>
        <time>2026-08-14T17:08:21.678Z</time>
      </trkpt>
      <trkpt lat="46.308490" lon="10.749884">
        <ele>935.299853</ele>
        <time>2026-08-14T17:08:31.852Z</time>
      </trkpt>
      <trkpt lat="46.308861" lon="10.750417">
        <ele>934.054694</ele>
        <time>2026-08-14T17:08:41.222Z</time>
      </trkpt>
      <trkpt lat="46.308921" lon="10.750595">
        <ele>933.783416</ele>
        <time>2026-08-14T17:08:43.676Z</time>
      </trkpt>
      <trkpt lat="46.308936" lon="10.750765">
        <ele>933.553817</ele>
        <time>2026-08-14T17:08:45.827Z</time>
      </trkpt>
      <trkpt lat="46.308921" lon="10.751266">
        <ele>932.881998</ele>
        <time>2026-08-14T17:08:52.166Z</time>
      </trkpt>
      <trkpt lat="46.309003" lon="10.751881">
        <ele>932.042875</ele>
        <time>2026-08-14T17:09:00.197Z</time>
      </trkpt>
      <trkpt lat="46.309028" lon="10.752641">
        <ele>931.023552</ele>
        <time>2026-08-14T17:09:10.107Z</time>
      </trkpt>
      <trkpt lat="46.309100" lon="10.753408">
        <ele>930.573722</ele>
        <time>2026-08-14T17:09:20.431Z</time>
      </trkpt>
      <trkpt lat="46.309126" lon="10.753615">
        <ele>930.593937</ele>
        <time>2026-08-14T17:09:23.338Z</time>
      </trkpt>
      <trkpt lat="46.309245" lon="10.754088">
        <ele>930.642305</ele>
        <time>2026-08-14T17:09:30.610Z</time>
      </trkpt>
      <trkpt lat="46.309249" lon="10.754236">
        <ele>930.656536</ele>
        <time>2026-08-14T17:09:32.878Z</time>
      </trkpt>
      <trkpt lat="46.309304" lon="10.754561">
        <ele>930.688686</ele>
        <time>2026-08-14T17:09:38.380Z</time>
      </trkpt>
      <trkpt lat="46.309189" lon="10.755183">
        <ele>930.750554</ele>
        <time>2026-08-14T17:09:51.092Z</time>
      </trkpt>
      <trkpt lat="46.309152" lon="10.755267">
        <ele>930.760126</ele>
        <time>2026-08-14T17:09:53.328Z</time>
      </trkpt>
      <trkpt lat="46.308858" lon="10.755468">
        <ele>930.891526</ele>
        <time>2026-08-14T17:10:03.768Z</time>
      </trkpt>
      <trkpt lat="46.308821" lon="10.755669">
        <ele>930.994567</ele>
        <time>2026-08-14T17:10:08.575Z</time>
      </trkpt>
      <trkpt lat="46.308720" lon="10.755870">
        <ele>931.117688</ele>
        <time>2026-08-14T17:10:14.481Z</time>
      </trkpt>
      <trkpt lat="46.308671" lon="10.756187">
        <ele>931.278598</ele>
        <time>2026-08-14T17:10:22.301Z</time>
      </trkpt>
      <trkpt lat="46.308660" lon="10.756325">
        <ele>931.347411</ele>
        <time>2026-08-14T17:10:25.343Z</time>
      </trkpt>
      <trkpt lat="46.308650" lon="10.756448">
        <ele>931.408760</ele>
        <time>2026-08-14T17:10:27.930Z</time>
      </trkpt>
      <trkpt lat="46.308614" lon="10.756835">
        <ele>931.602192</ele>
        <time>2026-08-14T17:10:34.376Z</time>
      </trkpt>
      <trkpt lat="46.308619" lon="10.757186">
        <ele>931.776097</ele>
        <time>2026-08-14T17:10:39.424Z</time>
      </trkpt>
      <trkpt lat="46.308662" lon="10.757768">
        <ele>932.066037</ele>
        <time>2026-08-14T17:10:46.859Z</time>
      </trkpt>
      <trkpt lat="46.309048" lon="10.757699">
        <ele>931.261002</ele>
        <time>2026-08-14T17:10:53.156Z</time>
      </trkpt>
      <trkpt lat="46.309057" lon="10.758027">
        <ele>930.772082</ele>
        <time>2026-08-14T17:10:56.700Z</time>
      </trkpt>
      <trkpt lat="46.309077" lon="10.758700">
        <ele>929.768766</ele>
        <time>2026-08-14T17:11:03.779Z</time>
      </trkpt>
      <trkpt lat="46.309078" lon="10.758729">
        <ele>929.725519</ele>
        <time>2026-08-14T17:11:04.075Z</time>
      </trkpt>
      <trkpt lat="46.309096" lon="10.759374">
        <ele>928.764051</ele>
        <time>2026-08-14T17:11:11.049Z</time>
      </trkpt>
      <trkpt lat="46.309054" lon="10.759507">
        <ele>928.546237</ele>
        <time>2026-08-14T17:11:12.773Z</time>
      </trkpt>
      <trkpt lat="46.308839" lon="10.759801">
        <ele>927.872982</ele>
        <time>2026-08-14T17:11:17.827Z</time>
      </trkpt>
      <trkpt lat="46.309274" lon="10.760127">
        <ele>926.686255</ele>
        <time>2026-08-14T17:11:27.724Z</time>
      </trkpt>
      <trkpt lat="46.309698" lon="10.760397">
        <ele>925.564034</ele>
        <time>2026-08-14T17:11:36.654Z</time>
      </trkpt>
      <trkpt lat="46.309688" lon="10.760629">
        <ele>925.175022</ele>
        <time>2026-08-14T17:11:40.047Z</time>
      </trkpt>
      <trkpt lat="46.309685" lon="10.760704">
        <ele>925.049298</ele>
        <time>2026-08-14T17:11:41.128Z</time>
      </trkpt>
      <trkpt lat="46.309679" lon="10.760979">
        <ele>924.588850</ele>
        <time>2026-08-14T17:11:45.025Z</time>
      </trkpt>
      <trkpt lat="46.309729" lon="10.761290">
        <ele>924.054475</ele>
        <time>2026-08-14T17:11:49.525Z</time>
      </trkpt>
      <trkpt lat="46.309737" lon="10.761356">
        <ele>923.942335</ele>
        <time>2026-08-14T17:11:50.466Z</time>
      </trkpt>
      <trkpt lat="46.309759" lon="10.761483">
        <ele>923.688229</ele>
        <time>2026-08-14T17:11:52.299Z</time>
      </trkpt>
      <trkpt lat="46.309810" lon="10.761664">
        <ele>923.261866</ele>
        <time>2026-08-14T17:11:55.027Z</time>
      </trkpt>
      <trkpt lat="46.309863" lon="10.761849">
        <ele>922.825033</ele>
        <time>2026-08-14T17:11:57.796Z</time>
      </trkpt>
      <trkpt lat="46.310050" lon="10.762410">
        <ele>921.466414</ele>
        <time>2026-08-14T17:12:06.339Z</time>
      </trkpt>
      <trkpt lat="46.310148" lon="10.762814">
        <ele>920.532494</ele>
        <time>2026-08-14T17:12:10.683Z</time>
      </trkpt>
      <trkpt lat="46.310153" lon="10.763343">
        <ele>919.378585</ele>
        <time>2026-08-14T17:12:16.174Z</time>
      </trkpt>
      <trkpt lat="46.310159" lon="10.763685">
        <ele>918.632409</ele>
        <time>2026-08-14T17:12:19.852Z</time>
      </trkpt>
      <trkpt lat="46.310086" lon="10.764422">
        <ele>917.732728</ele>
        <time>2026-08-14T17:12:28.390Z</time>
      </trkpt>
      <trkpt lat="46.310127" lon="10.765122">
        <ele>917.164812</ele>
        <time>2026-08-14T17:12:36.844Z</time>
      </trkpt>
      <trkpt lat="46.310172" lon="10.766297">
        <ele>916.213475</ele>
        <time>2026-08-14T17:12:51.601Z</time>
      </trkpt>
      <trkpt lat="46.310228" lon="10.766696">
        <ele>916.153677</ele>
        <time>2026-08-14T17:12:56.951Z</time>
      </trkpt>
      <trkpt lat="46.310236" lon="10.766991">
        <ele>916.293336</ele>
        <time>2026-08-14T17:13:00.968Z</time>
      </trkpt>
      <trkpt lat="46.310139" lon="10.767834">
        <ele>916.697616</ele>
        <time>2026-08-14T17:13:13.842Z</time>
      </trkpt>
      <trkpt lat="46.310160" lon="10.768303">
        <ele>916.919944</ele>
        <time>2026-08-14T17:13:22.391Z</time>
      </trkpt>
      <trkpt lat="46.310143" lon="10.768628">
        <ele>917.074128</ele>
        <time>2026-08-14T17:13:29.137Z</time>
      </trkpt>
      <trkpt lat="46.310097" lon="10.768900">
        <ele>917.206599</ele>
        <time>2026-08-14T17:13:35.002Z</time>
      </trkpt>
      <trkpt lat="46.309856" lon="10.769604">
        <ele>918.393176</ele>
        <time>2026-08-14T17:13:51.552Z</time>
      </trkpt>
      <trkpt lat="46.309853" lon="10.769947">
        <ele>919.007904</ele>
        <time>2026-08-14T17:13:59.009Z</time>
      </trkpt>
      <trkpt lat="46.309868" lon="10.770067">
        <ele>919.226444</ele>
        <time>2026-08-14T17:14:01.849Z</time>
      </trkpt>
      <trkpt lat="46.309889" lon="10.770267">
        <ele>919.588975</ele>
        <time>2026-08-14T17:14:06.518Z</time>
      </trkpt>
      <trkpt lat="46.310013" lon="10.770699">
        <ele>920.427325</ele>
        <time>2026-08-14T17:14:17.852Z</time>
      </trkpt>
      <trkpt lat="46.310053" lon="10.770770">
        <ele>920.591514</ele>
        <time>2026-08-14T17:14:20.076Z</time>
      </trkpt>
      <trkpt lat="46.310269" lon="10.771147">
        <ele>921.469276</ele>
        <time>2026-08-14T17:14:32.615Z</time>
      </trkpt>
      <trkpt lat="46.310446" lon="10.771907">
        <ele>923.312384</ele>
        <time>2026-08-14T17:14:54.758Z</time>
      </trkpt>
      <trkpt lat="46.310487" lon="10.772195">
        <ele>924.063448</ele>
        <time>2026-08-14T17:15:03.966Z</time>
      </trkpt>
      <trkpt lat="46.310500" lon="10.772548">
        <ele>924.966353</ele>
        <time>2026-08-14T17:15:15.399Z</time>
      </trkpt>
      <trkpt lat="46.310398" lon="10.773736">
        <ele>928.024067</ele>
        <time>2026-08-14T17:15:50.209Z</time>
      </trkpt>
      <trkpt lat="46.310427" lon="10.774116">
        <ele>928.685772</ele>
        <time>2026-08-14T17:15:59.771Z</time>
      </trkpt>
      <trkpt lat="46.310465" lon="10.774479">
        <ele>928.880733</ele>
        <time>2026-08-14T17:16:07.996Z</time>
      </trkpt>
      <trkpt lat="46.310431" lon="10.774939">
        <ele>929.126395</ele>
        <time>2026-08-14T17:16:16.911Z</time>
      </trkpt>
      <trkpt lat="46.310205" lon="10.775918">
        <ele>929.674526</ele>
        <time>2026-08-14T17:16:31.308Z</time>
      </trkpt>
      <trkpt lat="46.310262" lon="10.776532">
        <ele>929.961719</ele>
        <time>2026-08-14T17:16:39.554Z</time>
      </trkpt>
      <trkpt lat="46.310259" lon="10.777021">
        <ele>929.606251</ele>
        <time>2026-08-14T17:16:45.838Z</time>
      </trkpt>
      <trkpt lat="46.310361" lon="10.777784">
        <ele>929.041336</ele>
        <time>2026-08-14T17:16:55.778Z</time>
      </trkpt>
      <trkpt lat="46.310381" lon="10.778928">
        <ele>928.209498</ele>
        <time>2026-08-14T17:17:09.271Z</time>
      </trkpt>
      <trkpt lat="46.310416" lon="10.779120">
        <ele>928.011829</ele>
        <time>2026-08-14T17:17:11.619Z</time>
      </trkpt>
      <trkpt lat="46.310474" lon="10.779186">
        <ele>927.786043</ele>
        <time>2026-08-14T17:17:12.884Z</time>
      </trkpt>
      <trkpt lat="46.310547" lon="10.779209">
        <ele>927.557391</ele>
        <time>2026-08-14T17:17:14.162Z</time>
      </trkpt>
      <trkpt lat="46.310672" lon="10.779529">
        <ele>926.780203</ele>
        <time>2026-08-14T17:17:18.408Z</time>
      </trkpt>
      <trkpt lat="46.310788" lon="10.779942">
        <ele>925.837667</ele>
        <time>2026-08-14T17:17:23.335Z</time>
      </trkpt>
      <trkpt lat="46.310788" lon="10.780473">
        <ele>924.715093</ele>
        <time>2026-08-14T17:17:29.004Z</time>
      </trkpt>
      <trkpt lat="46.310879" lon="10.780813">
        <ele>923.944235</ele>
        <time>2026-08-14T17:17:32.702Z</time>
      </trkpt>
      <trkpt lat="46.310896" lon="10.781068">
        <ele>923.402641</ele>
        <time>2026-08-14T17:17:35.284Z</time>
      </trkpt>
      <trkpt lat="46.310979" lon="10.781304">
        <ele>922.842774</ele>
        <time>2026-08-14T17:17:37.859Z</time>
      </trkpt>
      <trkpt lat="46.311121" lon="10.781588">
        <ele>921.940881</ele>
        <time>2026-08-14T17:17:41.218Z</time>
      </trkpt>
      <trkpt lat="46.311290" lon="10.781775">
        <ele>921.074872</ele>
        <time>2026-08-14T17:17:44.174Z</time>
      </trkpt>
      <trkpt lat="46.311617" lon="10.781960">
        <ele>919.645507</ele>
        <time>2026-08-14T17:17:49.077Z</time>
      </trkpt>
      <trkpt lat="46.311792" lon="10.782001">
        <ele>918.923758</ele>
        <time>2026-08-14T17:17:51.564Z</time>
      </trkpt>
      <trkpt lat="46.312025" lon="10.782050">
        <ele>917.965186</ele>
        <time>2026-08-14T17:17:54.968Z</time>
      </trkpt>
      <trkpt lat="46.312213" lon="10.782193">
        <ele>917.100567</ele>
        <time>2026-08-14T17:17:58.079Z</time>
      </trkpt>
      <trkpt lat="46.312464" lon="10.782465">
        <ele>915.824101</ele>
        <time>2026-08-14T17:18:02.695Z</time>
      </trkpt>
      <trkpt lat="46.312663" lon="10.782828">
        <ele>915.123186</ele>
        <time>2026-08-14T17:18:07.596Z</time>
      </trkpt>
      <trkpt lat="46.312872" lon="10.783303">
        <ele>914.820706</ele>
        <time>2026-08-14T17:18:14.662Z</time>
      </trkpt>
      <trkpt lat="46.312972" lon="10.783538">
        <ele>914.672462</ele>
        <time>2026-08-14T17:18:18.380Z</time>
      </trkpt>
      <trkpt lat="46.313121" lon="10.783849">
        <ele>914.469181</ele>
        <time>2026-08-14T17:18:23.560Z</time>
      </trkpt>
      <trkpt lat="46.313281" lon="10.784102">
        <ele>914.284947</ele>
        <time>2026-08-14T17:18:28.299Z</time>
      </trkpt>
      <trkpt lat="46.313323" lon="10.784239">
        <ele>914.204445</ele>
        <time>2026-08-14T17:18:30.395Z</time>
      </trkpt>
      <trkpt lat="46.313336" lon="10.784481">
        <ele>914.074079</ele>
        <time>2026-08-14T17:18:33.828Z</time>
      </trkpt>
      <trkpt lat="46.313261" lon="10.785077">
        <ele>913.883439</ele>
        <time>2026-08-14T17:18:42.626Z</time>
      </trkpt>
      <trkpt lat="46.313252" lon="10.785349">
        <ele>913.904035</ele>
        <time>2026-08-14T17:18:47.371Z</time>
      </trkpt>
      <trkpt lat="46.313165" lon="10.785792">
        <ele>913.938867</ele>
        <time>2026-08-14T17:18:55.771Z</time>
      </trkpt>
      <trkpt lat="46.313151" lon="10.786149">
        <ele>913.965911</ele>
        <time>2026-08-14T17:19:02.390Z</time>
      </trkpt>
      <trkpt lat="46.313232" lon="10.786980">
        <ele>914.029383</ele>
        <time>2026-08-14T17:19:17.295Z</time>
      </trkpt>
      <trkpt lat="46.313232" lon="10.787180">
        <ele>914.044510</ele>
        <time>2026-08-14T17:19:20.586Z</time>
      </trkpt>
      <trkpt lat="46.313173" lon="10.787624">
        <ele>913.916752</ele>
        <time>2026-08-14T17:19:27.620Z</time>
      </trkpt>
      <trkpt lat="46.313357" lon="10.788192">
        <ele>913.450221</ele>
        <time>2026-08-14T17:19:36.879Z</time>
      </trkpt>
      <trkpt lat="46.313431" lon="10.788748">
        <ele>913.029156</ele>
        <time>2026-08-14T17:19:45.026Z</time>
      </trkpt>
      <trkpt lat="46.313651" lon="10.789675">
        <ele>912.300254</ele>
        <time>2026-08-14T17:19:59.421Z</time>
      </trkpt>
      <trkpt lat="46.313638" lon="10.789851">
        <ele>912.168630</ele>
        <time>2026-08-14T17:20:01.812Z</time>
      </trkpt>
      <trkpt lat="46.313583" lon="10.790090">
        <ele>911.522726</ele>
        <time>2026-08-14T17:20:05.131Z</time>
      </trkpt>
      <trkpt lat="46.313422" lon="10.790634">
        <ele>909.700397</ele>
        <time>2026-08-14T17:20:12.594Z</time>
      </trkpt>
      <trkpt lat="46.313374" lon="10.790905">
        <ele>908.838956</ele>
        <time>2026-08-14T17:20:15.979Z</time>
      </trkpt>
      <trkpt lat="46.313340" lon="10.791312">
        <ele>907.576619</ele>
        <time>2026-08-14T17:20:20.820Z</time>
      </trkpt>
      <trkpt lat="46.313440" lon="10.792098">
        <ele>905.115714</ele>
        <time>2026-08-14T17:20:29.796Z</time>
      </trkpt>
      <trkpt lat="46.313485" lon="10.792415">
        <ele>904.119232</ele>
        <time>2026-08-14T17:20:33.313Z</time>
      </trkpt>
      <trkpt lat="46.313516" lon="10.792554">
        <ele>903.594958</ele>
        <time>2026-08-14T17:20:34.884Z</time>
      </trkpt>
      <trkpt lat="46.313817" lon="10.793265">
        <ele>900.592027</ele>
        <time>2026-08-14T17:20:44.004Z</time>
      </trkpt>
      <trkpt lat="46.313948" lon="10.793833">
        <ele>898.435674</ele>
        <time>2026-08-14T17:20:50.809Z</time>
      </trkpt>
      <trkpt lat="46.314021" lon="10.794071">
        <ele>897.497946</ele>
        <time>2026-08-14T17:20:53.365Z</time>
      </trkpt>
      <trkpt lat="46.314160" lon="10.794289">
        <ele>896.429595</ele>
        <time>2026-08-14T17:20:56.288Z</time>
      </trkpt>
      <trkpt lat="46.314181" lon="10.794359">
        <ele>896.154780</ele>
        <time>2026-08-14T17:20:57.055Z</time>
      </trkpt>
      <trkpt lat="46.314199" lon="10.795333">
        <ele>894.146500</ele>
        <time>2026-08-14T17:21:07.173Z</time>
      </trkpt>
      <trkpt lat="46.314261" lon="10.795626">
        <ele>893.836722</ele>
        <time>2026-08-14T17:21:10.672Z</time>
      </trkpt>
      <trkpt lat="46.314305" lon="10.796064">
        <ele>893.389295</ele>
        <time>2026-08-14T17:21:15.851Z</time>
      </trkpt>
      <trkpt lat="46.314359" lon="10.796377">
        <ele>893.063167</ele>
        <time>2026-08-14T17:21:19.649Z</time>
      </trkpt>
      <trkpt lat="46.314192" lon="10.796413">
        <ele>892.816058</ele>
        <time>2026-08-14T17:21:22.553Z</time>
      </trkpt>
      <trkpt lat="46.314086" lon="10.796480">
        <ele>892.646780</ele>
        <time>2026-08-14T17:21:24.595Z</time>
      </trkpt>
      <trkpt lat="46.313970" lon="10.796702">
        <ele>892.365380</ele>
        <time>2026-08-14T17:21:28.152Z</time>
      </trkpt>
      <trkpt lat="46.313769" lon="10.797887">
        <ele>892.813061</ele>
        <time>2026-08-14T17:21:51.965Z</time>
      </trkpt>
      <trkpt lat="46.313597" lon="10.799050">
        <ele>893.699418</ele>
        <time>2026-08-14T17:22:15.374Z</time>
      </trkpt>
      <trkpt lat="46.313519" lon="10.799756">
        <ele>893.932625</ele>
        <time>2026-08-14T17:22:28.487Z</time>
      </trkpt>
      <trkpt lat="46.313489" lon="10.799871">
        <ele>893.881257</ele>
        <time>2026-08-14T17:22:30.718Z</time>
      </trkpt>
      <trkpt lat="46.313303" lon="10.800150">
        <ele>893.719227</ele>
        <time>2026-08-14T17:22:37.145Z</time>
      </trkpt>
      <trkpt lat="46.313311" lon="10.800561">
        <ele>893.547416</ele>
        <time>2026-08-14T17:22:43.341Z</time>
      </trkpt>
      <trkpt lat="46.313336" lon="10.800639">
        <ele>893.511484</ele>
        <time>2026-08-14T17:22:44.595Z</time>
      </trkpt>
      <trkpt lat="46.313420" lon="10.800629">
        <ele>893.460495</ele>
        <time>2026-08-14T17:22:46.338Z</time>
      </trkpt>
      <trkpt lat="46.313490" lon="10.800623">
        <ele>893.418072</ele>
        <time>2026-08-14T17:22:47.797Z</time>
      </trkpt>
      <trkpt lat="46.313566" lon="10.800709">
        <ele>893.359717</ele>
        <time>2026-08-14T17:22:49.499Z</time>
      </trkpt>
      <trkpt lat="46.313603" lon="10.801034">
        <ele>893.222079</ele>
        <time>2026-08-14T17:22:53.554Z</time>
      </trkpt>
      <trkpt lat="46.313633" lon="10.801253">
        <ele>893.128784</ele>
        <time>2026-08-14T17:22:56.373Z</time>
      </trkpt>
      <trkpt lat="46.313879" lon="10.803758">
        <ele>889.328621</ele>
        <time>2026-08-14T17:23:25.123Z</time>
      </trkpt>
      <trkpt lat="46.314068" lon="10.805040">
        <ele>886.422621</ele>
        <time>2026-08-14T17:23:37.946Z</time>
      </trkpt>
      <trkpt lat="46.314084" lon="10.805250">
        <ele>885.890163</ele>
        <time>2026-08-14T17:23:40.024Z</time>
      </trkpt>
      <trkpt lat="46.314106" lon="10.805393">
        <ele>885.520939</ele>
        <time>2026-08-14T17:23:41.485Z</time>
      </trkpt>
      <trkpt lat="46.314138" lon="10.805515">
        <ele>885.192048</ele>
        <time>2026-08-14T17:23:42.794Z</time>
      </trkpt>
      <trkpt lat="46.314256" lon="10.805830">
        <ele>884.288939</ele>
        <time>2026-08-14T17:23:46.505Z</time>
      </trkpt>
      <trkpt lat="46.314312" lon="10.806033">
        <ele>883.738040</ele>
        <time>2026-08-14T17:23:48.799Z</time>
      </trkpt>
      <trkpt lat="46.314397" lon="10.806622">
        <ele>882.221581</ele>
        <time>2026-08-14T17:23:55.194Z</time>
      </trkpt>
      <trkpt lat="46.314398" lon="10.806873">
        <ele>881.688148</ele>
        <time>2026-08-14T17:23:57.842Z</time>
      </trkpt>
      <trkpt lat="46.314326" lon="10.807204">
        <ele>881.082109</ele>
        <time>2026-08-14T17:24:01.485Z</time>
      </trkpt>
      <trkpt lat="46.314391" lon="10.807693">
        <ele>880.212461</ele>
        <time>2026-08-14T17:24:06.908Z</time>
      </trkpt>
      <trkpt lat="46.314569" lon="10.808694">
        <ele>878.407337</ele>
        <time>2026-08-14T17:24:18.066Z</time>
      </trkpt>
      <trkpt lat="46.314906" lon="10.810359">
        <ele>875.042879</ele>
        <time>2026-08-14T17:24:37.496Z</time>
      </trkpt>
      <trkpt lat="46.315430" lon="10.811621">
        <ele>872.025916</ele>
        <time>2026-08-14T17:24:52.882Z</time>
      </trkpt>
      <trkpt lat="46.315821" lon="10.812328">
        <ele>868.300833</ele>
        <time>2026-08-14T17:25:01.620Z</time>
      </trkpt>
      <trkpt lat="46.315902" lon="10.812506">
        <ele>867.424137</ele>
        <time>2026-08-14T17:25:03.604Z</time>
      </trkpt>
      <trkpt lat="46.315945" lon="10.812916">
        <ele>865.718546</ele>
        <time>2026-08-14T17:25:07.409Z</time>
      </trkpt>
      <trkpt lat="46.316433" lon="10.813754">
        <ele>861.212112</ele>
        <time>2026-08-14T17:25:17.437Z</time>
      </trkpt>
      <trkpt lat="46.316503" lon="10.813787">
        <ele>860.779358</ele>
        <time>2026-08-14T17:25:18.427Z</time>
      </trkpt>
      <trkpt lat="46.316595" lon="10.813705">
        <ele>860.144282</ele>
        <time>2026-08-14T17:25:19.881Z</time>
      </trkpt>
      <trkpt lat="46.316675" lon="10.813706">
        <ele>859.673990</ele>
        <time>2026-08-14T17:25:20.942Z</time>
      </trkpt>
      <trkpt lat="46.316774" lon="10.813835">
        <ele>858.891049</ele>
        <time>2026-08-14T17:25:22.710Z</time>
      </trkpt>
      <trkpt lat="46.317160" lon="10.814593">
        <ele>855.067463</ele>
        <time>2026-08-14T17:25:31.442Z</time>
      </trkpt>
      <trkpt lat="46.317349" lon="10.814777">
        <ele>853.728639</ele>
        <time>2026-08-14T17:25:34.559Z</time>
      </trkpt>
      <trkpt lat="46.318281" lon="10.815335">
        <ele>849.239602</ele>
        <time>2026-08-14T17:25:48.929Z</time>
      </trkpt>
      <trkpt lat="46.318603" lon="10.815606">
        <ele>848.112429</ele>
        <time>2026-08-14T17:25:54.578Z</time>
      </trkpt>
      <trkpt lat="46.318827" lon="10.815899">
        <ele>847.198846</ele>
        <time>2026-08-14T17:25:59.322Z</time>
      </trkpt>
      <trkpt lat="46.319038" lon="10.816230">
        <ele>846.257343</ele>
        <time>2026-08-14T17:26:04.393Z</time>
      </trkpt>
      <trkpt lat="46.319229" lon="10.816627">
        <ele>845.259200</ele>
        <time>2026-08-14T17:26:10.092Z</time>
      </trkpt>
      <trkpt lat="46.319276" lon="10.816858">
        <ele>844.840980</ele>
        <time>2026-08-14T17:26:12.981Z</time>
      </trkpt>
      <trkpt lat="46.319292" lon="10.817411">
        <ele>843.879755</ele>
        <time>2026-08-14T17:26:19.122Z</time>
      </trkpt>
      <trkpt lat="46.319281" lon="10.817822">
        <ele>843.165444</ele>
        <time>2026-08-14T17:26:23.674Z</time>
      </trkpt>
      <trkpt lat="46.319186" lon="10.818236">
        <ele>842.407812</ele>
        <time>2026-08-14T17:26:28.391Z</time>
      </trkpt>
      <trkpt lat="46.319207" lon="10.818378">
        <ele>842.155613</ele>
        <time>2026-08-14T17:26:29.957Z</time>
      </trkpt>
      <trkpt lat="46.319261" lon="10.818423">
        <ele>841.998941</ele>
        <time>2026-08-14T17:26:30.899Z</time>
      </trkpt>
      <trkpt lat="46.319485" lon="10.818418">
        <ele>841.435605</ele>
        <time>2026-08-14T17:26:39.212Z</time>
      </trkpt>
      <trkpt lat="46.319597" lon="10.818434">
        <ele>841.152603</ele>
        <time>2026-08-14T17:26:41.211Z</time>
      </trkpt>
      <trkpt lat="46.319643" lon="10.818481">
        <ele>841.011032</ele>
        <time>2026-08-14T17:26:42.267Z</time>
      </trkpt>
      <trkpt lat="46.319660" lon="10.818652">
        <ele>840.700054</ele>
        <time>2026-08-14T17:26:44.049Z</time>
      </trkpt>
      <trkpt lat="46.319611" lon="10.819036">
        <ele>839.939312</ele>
        <time>2026-08-14T17:26:48.059Z</time>
      </trkpt>
      <trkpt lat="46.319623" lon="10.819563">
        <ele>838.912093</ele>
        <time>2026-08-14T17:26:53.452Z</time>
      </trkpt>
      <trkpt lat="46.319742" lon="10.820542">
        <ele>836.975567</ele>
        <time>2026-08-14T17:27:04.163Z</time>
      </trkpt>
      <trkpt lat="46.319841" lon="10.821014">
        <ele>836.014585</ele>
        <time>2026-08-14T17:27:09.572Z</time>
      </trkpt>
      <trkpt lat="46.319987" lon="10.821464">
        <ele>835.276980</ele>
        <time>2026-08-14T17:27:15.070Z</time>
      </trkpt>
      <trkpt lat="46.320036" lon="10.821979">
        <ele>834.607542</ele>
        <time>2026-08-14T17:27:20.879Z</time>
      </trkpt>
      <trkpt lat="46.320135" lon="10.822552">
        <ele>833.846941</ele>
        <time>2026-08-14T17:27:27.627Z</time>
      </trkpt>
      <trkpt lat="46.320287" lon="10.823016">
        <ele>833.185634</ele>
        <time>2026-08-14T17:27:33.603Z</time>
      </trkpt>
      <trkpt lat="46.320318" lon="10.823475">
        <ele>832.591755</ele>
        <time>2026-08-14T17:27:39.005Z</time>
      </trkpt>
      <trkpt lat="46.320297" lon="10.823677">
        <ele>832.344674</ele>
        <time>2026-08-14T17:27:41.384Z</time>
      </trkpt>
      <trkpt lat="46.320058" lon="10.824323">
        <ele>831.736078</ele>
        <time>2026-08-14T17:27:49.754Z</time>
      </trkpt>
      <trkpt lat="46.319729" lon="10.824853">
        <ele>831.144278</ele>
        <time>2026-08-14T17:27:57.891Z</time>
      </trkpt>
      <trkpt lat="46.319191" lon="10.825615">
        <ele>830.239319</ele>
        <time>2026-08-14T17:28:12.199Z</time>
      </trkpt>
      <trkpt lat="46.319174" lon="10.825588">
        <ele>830.210117</ele>
        <time>2026-08-14T17:28:12.726Z</time>
      </trkpt>
      <trkpt lat="46.318814" lon="10.825082">
        <ele>829.966368</ele>
        <time>2026-08-14T17:28:22.344Z</time>
      </trkpt>
      <trkpt lat="46.318756" lon="10.824988">
        <ele>829.924075</ele>
        <time>2026-08-14T17:28:24.030Z</time>
      </trkpt>
      <trkpt lat="46.318510" lon="10.825417">
        <ele>829.736984</ele>
        <time>2026-08-14T17:28:32.072Z</time>
      </trkpt>
      <trkpt lat="46.318269" lon="10.825701">
        <ele>829.586023</ele>
        <time>2026-08-14T17:28:39.568Z</time>
      </trkpt>
      <trkpt lat="46.318199" lon="10.825859">
        <ele>829.523038</ele>
        <time>2026-08-14T17:28:42.288Z</time>
      </trkpt>
      <trkpt lat="46.318076" lon="10.826331">
        <ele>829.353767</ele>
        <time>2026-08-14T17:28:48.635Z</time>
      </trkpt>
      <trkpt lat="46.317998" lon="10.826526">
        <ele>829.030298</ele>
        <time>2026-08-14T17:28:51.186Z</time>
      </trkpt>
      <trkpt lat="46.317946" lon="10.826975">
        <ele>828.234824</ele>
        <time>2026-08-14T17:28:56.963Z</time>
      </trkpt>
      <trkpt lat="46.317850" lon="10.827910">
        <ele>826.583178</ele>
        <time>2026-08-14T17:29:07.025Z</time>
      </trkpt>
      <trkpt lat="46.317857" lon="10.828022">
        <ele>826.386685</ele>
        <time>2026-08-14T17:29:08.244Z</time>
      </trkpt>
      <trkpt lat="46.317894" lon="10.828158">
        <ele>826.131285</ele>
        <time>2026-08-14T17:29:09.791Z</time>
      </trkpt>
      <trkpt lat="46.318043" lon="10.828404">
        <ele>825.559585</ele>
        <time>2026-08-14T17:29:13.265Z</time>
      </trkpt>
      <trkpt lat="46.318084" lon="10.828564">
        <ele>825.261401</ele>
        <time>2026-08-14T17:29:15.056Z</time>
      </trkpt>
      <trkpt lat="46.318161" lon="10.829116">
        <ele>824.185129</ele>
        <time>2026-08-14T17:29:21.009Z</time>
      </trkpt>
      <trkpt lat="46.318483" lon="10.830645">
        <ele>820.885927</ele>
        <time>2026-08-14T17:29:38.062Z</time>
      </trkpt>
      <trkpt lat="46.318890" lon="10.832051">
        <ele>817.823545</ele>
        <time>2026-08-14T17:29:53.825Z</time>
      </trkpt>
      <trkpt lat="46.319415" lon="10.834618">
        <ele>813.155489</ele>
        <time>2026-08-14T17:30:22.715Z</time>
      </trkpt>
      <trkpt lat="46.319428" lon="10.834701">
        <ele>813.044525</ele>
        <time>2026-08-14T17:30:25.076Z</time>
      </trkpt>
      <trkpt lat="46.319691" lon="10.835980">
        <ele>811.304612</ele>
        <time>2026-08-14T17:30:40.700Z</time>
      </trkpt>
      <trkpt lat="46.319903" lon="10.836853">
        <ele>810.278457</ele>
        <time>2026-08-14T17:30:51.561Z</time>
      </trkpt>
      <trkpt lat="46.319961" lon="10.837204">
        <ele>809.912271</ele>
        <time>2026-08-14T17:31:01.839Z</time>
      </trkpt>
      <trkpt lat="46.320060" lon="10.837596">
        <ele>809.488778</ele>
        <time>2026-08-14T17:31:07.068Z</time>
      </trkpt>
      <trkpt lat="46.320165" lon="10.838141">
        <ele>808.914694</ele>
        <time>2026-08-14T17:31:13.516Z</time>
      </trkpt>
      <trkpt lat="46.320315" lon="10.838743">
        <ele>808.264507</ele>
        <time>2026-08-14T17:31:20.852Z</time>
      </trkpt>
      <trkpt lat="46.320374" lon="10.838918">
        <ele>808.019885</ele>
        <time>2026-08-14T17:31:23.180Z</time>
      </trkpt>
      <trkpt lat="46.320723" lon="10.838857">
        <ele>807.380495</ele>
        <time>2026-08-14T17:31:29.080Z</time>
      </trkpt>
      <trkpt lat="46.320724" lon="10.839915">
        <ele>806.051494</ele>
        <time>2026-08-14T17:31:41.026Z</time>
      </trkpt>
      <trkpt lat="46.320698" lon="10.840179">
        <ele>805.716517</ele>
        <time>2026-08-14T17:31:43.885Z</time>
      </trkpt>
      <trkpt lat="46.320698" lon="10.840510">
        <ele>805.300733</ele>
        <time>2026-08-14T17:31:47.698Z</time>
      </trkpt>
      <trkpt lat="46.320732" lon="10.840841">
        <ele>804.897422</ele>
        <time>2026-08-14T17:31:51.682Z</time>
      </trkpt>
      <trkpt lat="46.320653" lon="10.841037">
        <ele>804.653869</ele>
        <time>2026-08-14T17:31:54.355Z</time>
      </trkpt>
      <trkpt lat="46.320612" lon="10.841406">
        <ele>804.252760</ele>
        <time>2026-08-14T17:31:58.721Z</time>
      </trkpt>
      <trkpt lat="46.320685" lon="10.843562">
        <ele>801.906706</ele>
        <time>2026-08-14T17:32:24.122Z</time>
      </trkpt>
      <trkpt lat="46.320729" lon="10.843875">
        <ele>801.526014</ele>
        <time>2026-08-14T17:32:27.789Z</time>
      </trkpt>
      <trkpt lat="46.321122" lon="10.845442">
        <ele>799.539092</ele>
        <time>2026-08-14T17:32:46.703Z</time>
      </trkpt>
      <trkpt lat="46.321253" lon="10.845785">
        <ele>799.074637</ele>
        <time>2026-08-14T17:32:51.172Z</time>
      </trkpt>
      <trkpt lat="46.322438" lon="10.848207">
        <ele>795.935276</ele>
        <time>2026-08-14T17:33:26.103Z</time>
      </trkpt>
      <trkpt lat="46.322587" lon="10.848675">
        <ele>795.435184</ele>
        <time>2026-08-14T17:33:32.193Z</time>
      </trkpt>
      <trkpt lat="46.322714" lon="10.849352">
        <ele>794.754410</ele>
        <time>2026-08-14T17:33:40.327Z</time>
      </trkpt>
      <trkpt lat="46.322749" lon="10.849997">
        <ele>794.126566</ele>
        <time>2026-08-14T17:33:47.932Z</time>
      </trkpt>
      <trkpt lat="46.322704" lon="10.850546">
        <ele>793.712969</ele>
        <time>2026-08-14T17:33:54.604Z</time>
      </trkpt>
      <trkpt lat="46.322559" lon="10.851082">
        <ele>793.511282</ele>
        <time>2026-08-14T17:34:01.841Z</time>
      </trkpt>
      <trkpt lat="46.322141" lon="10.851838">
        <ele>793.171975</ele>
        <time>2026-08-14T17:34:14.500Z</time>
      </trkpt>
      <trkpt lat="46.322042" lon="10.852094">
        <ele>793.069176</ele>
        <time>2026-08-14T17:34:18.367Z</time>
      </trkpt>
      <trkpt lat="46.321927" lon="10.852682">
        <ele>792.916703</ele>
        <time>2026-08-14T17:34:27.447Z</time>
      </trkpt>
      <trkpt lat="46.321903" lon="10.853318">
        <ele>793.620130</ele>
        <time>2026-08-14T17:34:36.979Z</time>
      </trkpt>
      <trkpt lat="46.321898" lon="10.853641">
        <ele>793.976932</ele>
        <time>2026-08-14T17:34:42.173Z</time>
      </trkpt>
      <trkpt lat="46.321859" lon="10.853673">
        <ele>794.048615</ele>
        <time>2026-08-14T17:34:43.228Z</time>
      </trkpt>
      <trkpt lat="46.321577" lon="10.853646">
        <ele>794.500555</ele>
        <time>2026-08-14T17:34:57.741Z</time>
      </trkpt>
      <trkpt lat="46.321487" lon="10.853674">
        <ele>794.647761</ele>
        <time>2026-08-14T17:35:00.542Z</time>
      </trkpt>
      <trkpt lat="46.321277" lon="10.854157">
        <ele>795.278083</ele>
        <time>2026-08-14T17:35:13.132Z</time>
      </trkpt>
      <trkpt lat="46.321148" lon="10.854278">
        <ele>795.523871</ele>
        <time>2026-08-14T17:35:18.891Z</time>
      </trkpt>
      <trkpt lat="46.321135" lon="10.854334">
        <ele>795.589118</ele>
        <time>2026-08-14T17:35:20.568Z</time>
      </trkpt>
      <trkpt lat="46.321121" lon="10.854429">
        <ele>795.696396</ele>
        <time>2026-08-14T17:35:23.331Z</time>
      </trkpt>
      <trkpt lat="46.321060" lon="10.854602">
        <ele>796.168675</ele>
        <time>2026-08-14T17:35:29.231Z</time>
      </trkpt>
      <trkpt lat="46.320980" lon="10.854724">
        <ele>796.645170</ele>
        <time>2026-08-14T17:35:34.372Z</time>
      </trkpt>
      <trkpt lat="46.320974" lon="10.856385">
        <ele>801.349759</ele>
        <time>2026-08-14T17:36:27.452Z</time>
      </trkpt>
      <trkpt lat="46.321021" lon="10.857166">
        <ele>803.094091</ele>
        <time>2026-08-14T17:36:50.672Z</time>
      </trkpt>
      <trkpt lat="46.321103" lon="10.857647">
        <ele>803.004292</ele>
        <time>2026-08-14T17:37:03.834Z</time>
      </trkpt>
      <trkpt lat="46.321582" lon="10.858755">
        <ele>802.767364</ele>
        <time>2026-08-14T17:37:25.391Z</time>
      </trkpt>
      <trkpt lat="46.321659" lon="10.859315">
        <ele>802.663872</ele>
        <time>2026-08-14T17:37:31.072Z</time>
      </trkpt>
      <trkpt lat="46.321787" lon="10.859877">
        <ele>800.298407</ele>
        <time>2026-08-14T17:37:36.486Z</time>
      </trkpt>
      <trkpt lat="46.322169" lon="10.860565">
        <ele>796.297061</ele>
        <time>2026-08-14T17:37:44.381Z</time>
      </trkpt>
      <trkpt lat="46.322278" lon="10.860686">
        <ele>795.395622</ele>
        <time>2026-08-14T17:37:46.156Z</time>
      </trkpt>
      <trkpt lat="46.322536" lon="10.860881">
        <ele>793.485496</ele>
        <time>2026-08-14T17:37:49.964Z</time>
      </trkpt>
      <trkpt lat="46.323094" lon="10.861156">
        <ele>790.663992</ele>
        <time>2026-08-14T17:37:57.947Z</time>
      </trkpt>
      <trkpt lat="46.323615" lon="10.861409">
        <ele>790.130835</ele>
        <time>2026-08-14T17:38:06.383Z</time>
      </trkpt>
      <trkpt lat="46.324413" lon="10.861636">
        <ele>789.341795</ele>
        <time>2026-08-14T17:38:26.298Z</time>
      </trkpt>
      <trkpt lat="46.324577" lon="10.861680">
        <ele>789.179969</ele>
        <time>2026-08-14T17:38:31.695Z</time>
      </trkpt>
      <trkpt lat="46.324642" lon="10.861726">
        <ele>789.109776</ele>
        <time>2026-08-14T17:38:34.200Z</time>
      </trkpt>
      <trkpt lat="46.324981" lon="10.862287">
        <ele>790.300129</ele>
        <time>2026-08-14T17:38:53.765Z</time>
      </trkpt>
      <trkpt lat="46.325104" lon="10.862413">
        <ele>790.657833</ele>
        <time>2026-08-14T17:38:59.797Z</time>
      </trkpt>
      <trkpt lat="46.325110" lon="10.862490">
        <ele>790.784877</ele>
        <time>2026-08-14T17:39:01.990Z</time>
      </trkpt>
      <trkpt lat="46.325234" lon="10.862856">
        <ele>791.453266</ele>
        <time>2026-08-14T17:39:13.448Z</time>
      </trkpt>
      <trkpt lat="46.325321" lon="10.863038">
        <ele>791.816172</ele>
        <time>2026-08-14T17:39:19.487Z</time>
      </trkpt>
      <trkpt lat="46.325379" lon="10.863146">
        <ele>792.040481</ele>
        <time>2026-08-14T17:39:23.002Z</time>
      </trkpt>
      <trkpt lat="46.325406" lon="10.863202">
        <ele>792.152457</ele>
        <time>2026-08-14T17:39:24.706Z</time>
      </trkpt>
      <trkpt lat="46.325780" lon="10.864026">
        <ele>793.044671</ele>
        <time>2026-08-14T17:39:43.706Z</time>
      </trkpt>
      <trkpt lat="46.325933" lon="10.864404">
        <ele>792.456430</ele>
        <time>2026-08-14T17:39:49.478Z</time>
      </trkpt>
      <trkpt lat="46.326014" lon="10.864607">
        <ele>792.141664</ele>
        <time>2026-08-14T17:39:52.200Z</time>
      </trkpt>
      <trkpt lat="46.326093" lon="10.864930">
        <ele>791.681622</ele>
        <time>2026-08-14T17:39:55.966Z</time>
      </trkpt>
      <trkpt lat="46.326136" lon="10.865360">
        <ele>791.098300</ele>
        <time>2026-08-14T17:40:00.571Z</time>
      </trkpt>
      <trkpt lat="46.326187" lon="10.865909">
        <ele>790.354597</ele>
        <time>2026-08-14T17:40:06.231Z</time>
      </trkpt>
      <trkpt lat="46.326243" lon="10.866241">
        <ele>789.895765</ele>
        <time>2026-08-14T17:40:09.734Z</time>
      </trkpt>
      <trkpt lat="46.326414" lon="10.867261">
        <ele>787.320892</ele>
        <time>2026-08-14T17:40:20.384Z</time>
      </trkpt>
      <trkpt lat="46.326428" lon="10.867462">
        <ele>786.821781</ele>
        <time>2026-08-14T17:40:22.418Z</time>
      </trkpt>
      <trkpt lat="46.326409" lon="10.867791">
        <ele>786.006115</ele>
        <time>2026-08-14T17:40:25.739Z</time>
      </trkpt>
      <trkpt lat="46.326362" lon="10.868427">
        <ele>784.425840</ele>
        <time>2026-08-14T17:40:32.196Z</time>
      </trkpt>
      <trkpt lat="46.326286" lon="10.868895">
        <ele>783.341447</ele>
        <time>2026-08-14T17:40:37.172Z</time>
      </trkpt>
      <trkpt lat="46.326276" lon="10.868955">
        <ele>783.267472</ele>
        <time>2026-08-14T17:40:37.830Z</time>
      </trkpt>
      <trkpt lat="46.326224" lon="10.869329">
        <ele>782.810231</ele>
        <time>2026-08-14T17:40:42.014Z</time>
      </trkpt>
      <trkpt lat="46.326118" lon="10.870026">
        <ele>781.954846</ele>
        <time>2026-08-14T17:40:50.142Z</time>
      </trkpt>
      <trkpt lat="46.325913" lon="10.870988">
        <ele>780.748219</ele>
        <time>2026-08-14T17:41:02.084Z</time>
      </trkpt>
      <trkpt lat="46.325910" lon="10.871020">
        <ele>780.709514</ele>
        <time>2026-08-14T17:41:02.497Z</time>
      </trkpt>
      <trkpt lat="46.325994" lon="10.872117">
        <ele>781.795043</ele>
        <time>2026-08-14T17:41:16.437Z</time>
      </trkpt>
      <trkpt lat="46.326029" lon="10.873444">
        <ele>784.323032</ele>
        <time>2026-08-14T17:41:48.383Z</time>
      </trkpt>
      <trkpt lat="46.326037" lon="10.873508">
        <ele>784.446846</ele>
        <time>2026-08-14T17:41:50.453Z</time>
      </trkpt>
      <trkpt lat="46.325957" lon="10.873567">
        <ele>784.694336</ele>
        <time>2026-08-14T17:41:55.773Z</time>
      </trkpt>
      <trkpt lat="46.325899" lon="10.873345">
        <ele>785.146182</ele>
        <time>2026-08-14T17:42:05.616Z</time>
      </trkpt>
      <trkpt lat="46.325717" lon="10.872517">
        <ele>791.189779</ele>
        <time>2026-08-14T17:42:48.011Z</time>
      </trkpt>
      <trkpt lat="46.325568" lon="10.872138">
        <ele>794.409846</ele>
        <time>2026-08-14T17:43:13.439Z</time>
      </trkpt>
      <trkpt lat="46.325445" lon="10.871917">
        <ele>796.505606</ele>
        <time>2026-08-14T17:43:31.020Z</time>
      </trkpt>
      <trkpt lat="46.325190" lon="10.871170">
        <ele>802.658225</ele>
        <time>2026-08-14T17:44:23.346Z</time>
      </trkpt>
      <trkpt lat="46.325074" lon="10.870968">
        <ele>804.621873</ele>
        <time>2026-08-14T17:44:40.470Z</time>
      </trkpt>
      <trkpt lat="46.324903" lon="10.870777">
        <ele>807.534100</ele>
        <time>2026-08-14T17:45:01.145Z</time>
      </trkpt>
      <trkpt lat="46.324673" lon="10.870729">
        <ele>810.667719</ele>
        <time>2026-08-14T17:45:23.881Z</time>
      </trkpt>
      <trkpt lat="46.324441" lon="10.870779">
        <ele>813.830724</ele>
        <time>2026-08-14T17:45:47.307Z</time>
      </trkpt>
      <trkpt lat="46.324112" lon="10.870969">
        <ele>818.607136</ele>
        <time>2026-08-14T17:46:23.717Z</time>
      </trkpt>
      <trkpt lat="46.323888" lon="10.871147">
        <ele>822.052736</ele>
        <time>2026-08-14T17:46:49.958Z</time>
      </trkpt>
      <trkpt lat="46.323246" lon="10.871332">
        <ele>830.091397</ele>
        <time>2026-08-14T17:47:54.194Z</time>
      </trkpt>
      <trkpt lat="46.322838" lon="10.872155">
        <ele>836.014018</ele>
        <time>2026-08-14T17:48:51.073Z</time>
      </trkpt>
      <trkpt lat="46.322612" lon="10.872704">
        <ele>839.750459</ele>
        <time>2026-08-14T17:49:22.468Z</time>
      </trkpt>
      <trkpt lat="46.322434" lon="10.872999">
        <ele>842.040598</ele>
        <time>2026-08-14T17:49:36.703Z</time>
      </trkpt>
      <trkpt lat="46.322273" lon="10.873101">
        <ele>843.528245</ele>
        <time>2026-08-14T17:49:44.519Z</time>
      </trkpt>
      <trkpt lat="46.321752" lon="10.873107">
        <ele>844.240731</ele>
        <time>2026-08-14T17:50:01.726Z</time>
      </trkpt>
      <trkpt lat="46.321549" lon="10.873459">
        <ele>844.412471</ele>
        <time>2026-08-14T17:50:08.098Z</time>
      </trkpt>
      <trkpt lat="46.321425" lon="10.873528">
        <ele>844.484506</ele>
        <time>2026-08-14T17:50:10.724Z</time>
      </trkpt>
      <trkpt lat="46.321127" lon="10.873560">
        <ele>844.646545</ele>
        <time>2026-08-14T17:50:16.431Z</time>
      </trkpt>
      <trkpt lat="46.320955" lon="10.873623">
        <ele>844.742752</ele>
        <time>2026-08-14T17:50:19.528Z</time>
      </trkpt>
      <trkpt lat="46.320742" lon="10.873852">
        <ele>844.886612</ele>
        <time>2026-08-14T17:50:23.833Z</time>
      </trkpt>
      <trkpt lat="46.319630" lon="10.874424">
        <ele>847.520914</ele>
        <time>2026-08-14T17:50:48.984Z</time>
      </trkpt>
      <trkpt lat="46.319580" lon="10.874542">
        <ele>847.756239</ele>
        <time>2026-08-14T17:50:52.190Z</time>
      </trkpt>
      <trkpt lat="46.319413" lon="10.874602">
        <ele>848.179739</ele>
        <time>2026-08-14T17:51:02.043Z</time>
      </trkpt>
      <trkpt lat="46.319147" lon="10.874886">
        <ele>848.993184</ele>
        <time>2026-08-14T17:51:23.794Z</time>
      </trkpt>
      <trkpt lat="46.318622" lon="10.875373">
        <ele>854.219883</ele>
        <time>2026-08-14T17:52:14.380Z</time>
      </trkpt>
      <trkpt lat="46.318033" lon="10.875342">
        <ele>860.377625</ele>
        <time>2026-08-14T17:53:14.698Z</time>
      </trkpt>
      <trkpt lat="46.317830" lon="10.875551">
        <ele>862.980019</ele>
        <time>2026-08-14T17:53:41.563Z</time>
      </trkpt>
      <trkpt lat="46.317077" lon="10.876162">
        <ele>872.199220</ele>
        <time>2026-08-14T17:55:09.369Z</time>
      </trkpt>
      <trkpt lat="46.316849" lon="10.876451">
        <ele>875.531815</ele>
        <time>2026-08-14T17:55:39.784Z</time>
      </trkpt>
      <trkpt lat="46.316595" lon="10.876701">
        <ele>878.909557</ele>
        <time>2026-08-14T17:56:10.837Z</time>
      </trkpt>
      <trkpt lat="46.315592" lon="10.877088">
        <ele>889.860916</ele>
        <time>2026-08-14T17:57:48.713Z</time>
      </trkpt>
      <trkpt lat="46.315131" lon="10.877450">
        <ele>894.495154</ele>
        <time>2026-08-14T17:58:36.667Z</time>
      </trkpt>
      <trkpt lat="46.314830" lon="10.877566">
        <ele>897.247576</ele>
        <time>2026-08-14T17:59:02.163Z</time>
      </trkpt>
      <trkpt lat="46.314496" lon="10.877610">
        <ele>900.211183</ele>
        <time>2026-08-14T17:59:28.061Z</time>
      </trkpt>
      <trkpt lat="46.313817" lon="10.877572">
        <ele>906.556982</ele>
        <time>2026-08-14T18:00:23.353Z</time>
      </trkpt>
      <trkpt lat="46.313624" lon="10.877503">
        <ele>908.567775</ele>
        <time>2026-08-14T18:00:41.255Z</time>
      </trkpt>
      <trkpt lat="46.313041" lon="10.877047">
        <ele>915.270244</ele>
        <time>2026-08-14T18:01:44.126Z</time>
      </trkpt>
      <trkpt lat="46.312859" lon="10.876952">
        <ele>917.227130</ele>
        <time>2026-08-14T18:02:03.357Z</time>
      </trkpt>
      <trkpt lat="46.312688" lon="10.876917">
        <ele>918.973958</ele>
        <time>2026-08-14T18:02:20.693Z</time>
      </trkpt>
      <trkpt lat="46.312194" lon="10.876953">
        <ele>923.987022</ele>
        <time>2026-08-14T18:03:10.111Z</time>
      </trkpt>
      <trkpt lat="46.311828" lon="10.876865">
        <ele>927.759270</ele>
        <time>2026-08-14T18:03:45.827Z</time>
      </trkpt>
      <trkpt lat="46.310979" lon="10.876932">
        <ele>936.404228</ele>
        <time>2026-08-14T18:05:03.378Z</time>
      </trkpt>
      <trkpt lat="46.310621" lon="10.876912">
        <ele>940.046875</ele>
        <time>2026-08-14T18:05:35.605Z</time>
      </trkpt>
      <trkpt lat="46.310342" lon="10.876968">
        <ele>942.971279</ele>
        <time>2026-08-14T18:06:01.202Z</time>
      </trkpt>
      <trkpt lat="46.310228" lon="10.876921">
        <ele>944.204805</ele>
        <time>2026-08-14T18:06:12.188Z</time>
      </trkpt>
      <trkpt lat="46.309826" lon="10.876997">
        <ele>948.423795</ele>
        <time>2026-08-14T18:06:49.877Z</time>
      </trkpt>
      <trkpt lat="46.309665" lon="10.876967">
        <ele>950.113085</ele>
        <time>2026-08-14T18:07:05.012Z</time>
      </trkpt>
      <trkpt lat="46.309457" lon="10.877012">
        <ele>952.301703</ele>
        <time>2026-08-14T18:07:24.683Z</time>
      </trkpt>
      <trkpt lat="46.309103" lon="10.877148">
        <ele>956.113168</ele>
        <time>2026-08-14T18:07:59.695Z</time>
      </trkpt>
      <trkpt lat="46.308906" lon="10.877167">
        <ele>958.167820</ele>
        <time>2026-08-14T18:08:19.740Z</time>
      </trkpt>
      <trkpt lat="46.308289" lon="10.877325">
        <ele>963.802476</ele>
        <time>2026-08-14T18:09:24.432Z</time>
      </trkpt>
      <trkpt lat="46.308056" lon="10.877326">
        <ele>965.845935</ele>
        <time>2026-08-14T18:09:40.634Z</time>
      </trkpt>
      <trkpt lat="46.307606" lon="10.877141">
        <ele>969.948573</ele>
        <time>2026-08-14T18:10:08.863Z</time>
      </trkpt>
      <trkpt lat="46.307365" lon="10.877192">
        <ele>972.084649</ele>
        <time>2026-08-14T18:10:24.031Z</time>
      </trkpt>
      <trkpt lat="46.307264" lon="10.877487">
        <ele>974.079330</ele>
        <time>2026-08-14T18:10:38.834Z</time>
      </trkpt>
      <trkpt lat="46.307281" lon="10.877689">
        <ele>975.403103</ele>
        <time>2026-08-14T18:10:48.394Z</time>
      </trkpt>
      <trkpt lat="46.307283" lon="10.878003">
        <ele>977.663582</ele>
        <time>2026-08-14T18:11:03.229Z</time>
      </trkpt>
      <trkpt lat="46.307213" lon="10.878100">
        <ele>978.673384</ele>
        <time>2026-08-14T18:11:09.628Z</time>
      </trkpt>
      <trkpt lat="46.307127" lon="10.878012">
        <ele>979.770870</ele>
        <time>2026-08-14T18:11:16.318Z</time>
      </trkpt>
      <trkpt lat="46.307087" lon="10.877669">
        <ele>982.274960</ele>
        <time>2026-08-14T18:11:31.279Z</time>
      </trkpt>
      <trkpt lat="46.306985" lon="10.877363">
        <ele>984.720807</ele>
        <time>2026-08-14T18:11:47.989Z</time>
      </trkpt>
      <trkpt lat="46.306911" lon="10.877325">
        <ele>985.539036</ele>
        <time>2026-08-14T18:11:54.385Z</time>
      </trkpt>
      <trkpt lat="46.306862" lon="10.877412">
        <ele>986.347106</ele>
        <time>2026-08-14T18:12:00.883Z</time>
      </trkpt>
      <trkpt lat="46.306914" lon="10.877639">
        <ele>988.068721</ele>
        <time>2026-08-14T18:12:15.762Z</time>
      </trkpt>
      <trkpt lat="46.306882" lon="10.877766">
        <ele>989.041876</ele>
        <time>2026-08-14T18:12:24.495Z</time>
      </trkpt>
      <trkpt lat="46.306777" lon="10.877793">
        <ele>990.153201</ele>
        <time>2026-08-14T18:12:34.872Z</time>
      </trkpt>
      <trkpt lat="46.306661" lon="10.877606">
        <ele>991.962462</ele>
        <time>2026-08-14T18:12:52.485Z</time>
      </trkpt>
      <trkpt lat="46.306448" lon="10.877149">
        <ele>997.021263</ele>
        <time>2026-08-14T18:13:32.073Z</time>
      </trkpt>
      <trkpt lat="46.306310" lon="10.877080">
        <ele>999.245981</ele>
        <time>2026-08-14T18:13:47.495Z</time>
      </trkpt>
      <trkpt lat="46.306159" lon="10.877048">
        <ele>1001.571413</ele>
        <time>2026-08-14T18:14:03.772Z</time>
      </trkpt>
      <trkpt lat="46.306122" lon="10.877233">
        <ele>1003.598759</ele>
        <time>2026-08-14T18:14:18.049Z</time>
      </trkpt>
      <trkpt lat="46.306165" lon="10.877499">
        <ele>1006.474408</ele>
        <time>2026-08-14T18:14:38.728Z</time>
      </trkpt>
      <trkpt lat="46.306178" lon="10.877783">
        <ele>1009.470444</ele>
        <time>2026-08-14T18:15:00.441Z</time>
      </trkpt>
      <trkpt lat="46.306136" lon="10.877925">
        <ele>1011.096430</ele>
        <time>2026-08-14T18:15:12.259Z</time>
      </trkpt>
      <trkpt lat="46.305911" lon="10.877927">
        <ele>1014.524999</ele>
        <time>2026-08-14T18:15:36.881Z</time>
      </trkpt>
      <trkpt lat="46.305760" lon="10.877731">
        <ele>1017.615446</ele>
        <time>2026-08-14T18:15:59.090Z</time>
      </trkpt>
      <trkpt lat="46.305600" lon="10.877305">
        <ele>1022.480865</ele>
        <time>2026-08-14T18:16:36.117Z</time>
      </trkpt>
      <trkpt lat="46.305537" lon="10.877268">
        <ele>1023.374667</ele>
        <time>2026-08-14T18:16:43.568Z</time>
      </trkpt>
      <trkpt lat="46.305417" lon="10.877413">
        <ele>1025.429638</ele>
        <time>2026-08-14T18:17:00.241Z</time>
      </trkpt>
      <trkpt lat="46.305344" lon="10.877655">
        <ele>1027.827837</ele>
        <time>2026-08-14T18:17:19.333Z</time>
      </trkpt>
      <trkpt lat="46.305260" lon="10.877754">
        <ele>1029.251875</ele>
        <time>2026-08-14T18:17:30.377Z</time>
      </trkpt>
      <trkpt lat="46.305115" lon="10.878180">
        <ele>1033.564874</ele>
        <time>2026-08-14T18:18:02.853Z</time>
      </trkpt>
      <trkpt lat="46.305170" lon="10.878379">
        <ele>1035.511440</ele>
        <time>2026-08-14T18:18:16.177Z</time>
      </trkpt>
      <trkpt lat="46.305116" lon="10.878474">
        <ele>1036.628742</ele>
        <time>2026-08-14T18:18:23.356Z</time>
      </trkpt>
      <trkpt lat="46.305003" lon="10.878443">
        <ele>1038.140745</ele>
        <time>2026-08-14T18:18:32.662Z</time>
      </trkpt>
      <trkpt lat="46.304950" lon="10.878369">
        <ele>1039.108810</ele>
        <time>2026-08-14T18:18:38.515Z</time>
      </trkpt>
      <trkpt lat="46.304815" lon="10.878075">
        <ele>1042.314928</ele>
        <time>2026-08-14T18:18:57.979Z</time>
      </trkpt>
      <trkpt lat="46.304765" lon="10.877896">
        <ele>1044.068457</ele>
        <time>2026-08-14T18:19:08.768Z</time>
      </trkpt>
      <trkpt lat="46.304628" lon="10.877691">
        <ele>1046.916799</ele>
        <time>2026-08-14T18:19:25.158Z</time>
      </trkpt>
      <trkpt lat="46.304538" lon="10.877607">
        <ele>1048.503229</ele>
        <time>2026-08-14T18:19:34.344Z</time>
      </trkpt>
      <trkpt lat="46.304513" lon="10.877524">
        <ele>1049.429902</ele>
        <time>2026-08-14T18:19:39.859Z</time>
      </trkpt>
      <trkpt lat="46.304305" lon="10.877326">
        <ele>1053.117915</ele>
        <time>2026-08-14T18:20:03.426Z</time>
      </trkpt>
      <trkpt lat="46.304042" lon="10.876904">
        <ele>1058.934560</ele>
        <time>2026-08-14T18:20:46.263Z</time>
      </trkpt>
      <trkpt lat="46.303994" lon="10.876954">
        <ele>1059.810639</ele>
        <time>2026-08-14T18:20:52.751Z</time>
      </trkpt>
      <trkpt lat="46.303927" lon="10.877186">
        <ele>1062.384130</ele>
        <time>2026-08-14T18:21:11.974Z</time>
      </trkpt>
      <trkpt lat="46.303724" lon="10.877512">
        <ele>1066.875880</ele>
        <time>2026-08-14T18:21:45.034Z</time>
      </trkpt>
      <trkpt lat="46.303675" lon="10.877714">
        <ele>1069.066975</ele>
        <time>2026-08-14T18:22:01.963Z</time>
      </trkpt>
      <trkpt lat="46.303686" lon="10.878042">
        <ele>1072.715585</ele>
        <time>2026-08-14T18:22:29.181Z</time>
      </trkpt>
      <trkpt lat="46.303620" lon="10.878123">
        <ele>1074.316610</ele>
        <time>2026-08-14T18:22:39.677Z</time>
      </trkpt>
      <trkpt lat="46.303543" lon="10.878169">
        <ele>1075.857887</ele>
        <time>2026-08-14T18:22:50.313Z</time>
      </trkpt>
      <trkpt lat="46.303445" lon="10.878146">
        <ele>1077.694835</ele>
        <time>2026-08-14T18:23:03.030Z</time>
      </trkpt>
      <trkpt lat="46.303453" lon="10.878058">
        <ele>1078.829386</ele>
        <time>2026-08-14T18:23:11.131Z</time>
      </trkpt>
      <trkpt lat="46.303500" lon="10.877927">
        <ele>1080.716233</ele>
        <time>2026-08-14T18:23:24.769Z</time>
      </trkpt>
      <trkpt lat="46.303362" lon="10.877723">
        <ele>1084.365808</ele>
        <time>2026-08-14T18:23:51.570Z</time>
      </trkpt>
      <trkpt lat="46.303356" lon="10.877622">
        <ele>1085.661599</ele>
        <time>2026-08-14T18:24:00.922Z</time>
      </trkpt>
      <trkpt lat="46.303320" lon="10.877516">
        <ele>1087.171416</ele>
        <time>2026-08-14T18:24:12.149Z</time>
      </trkpt>
      <trkpt lat="46.303101" lon="10.877343">
        <ele>1091.787657</ele>
        <time>2026-08-14T18:24:45.598Z</time>
      </trkpt>
      <trkpt lat="46.303015" lon="10.877189">
        <ele>1094.318872</ele>
        <time>2026-08-14T18:25:02.982Z</time>
      </trkpt>
      <trkpt lat="46.302907" lon="10.877235">
        <ele>1096.401882</ele>
        <time>2026-08-14T18:25:16.952Z</time>
      </trkpt>
      <trkpt lat="46.302833" lon="10.877396">
        <ele>1098.873733</ele>
        <time>2026-08-14T18:25:33.133Z</time>
      </trkpt>
      <trkpt lat="46.302618" lon="10.877615">
        <ele>1103.738070</ele>
        <time>2026-08-14T18:26:04.390Z</time>
      </trkpt>
      <trkpt lat="46.302537" lon="10.877764">
        <ele>1105.857296</ele>
        <time>2026-08-14T18:26:19.970Z</time>
      </trkpt>
      <trkpt lat="46.302379" lon="10.877708">
        <ele>1108.298085</ele>
        <time>2026-08-14T18:26:39.513Z</time>
      </trkpt>
      <trkpt lat="46.302408" lon="10.877485">
        <ele>1110.650319</ele>
        <time>2026-08-14T18:26:58.110Z</time>
      </trkpt>
      <trkpt lat="46.302342" lon="10.877151">
        <ele>1114.251437</ele>
        <time>2026-08-14T18:27:25.498Z</time>
      </trkpt>
      <trkpt lat="46.302254" lon="10.877138">
        <ele>1115.578716</ele>
        <time>2026-08-14T18:27:34.953Z</time>
      </trkpt>
      <trkpt lat="46.302219" lon="10.877332">
        <ele>1117.657182</ele>
        <time>2026-08-14T18:27:48.870Z</time>
      </trkpt>
      <trkpt lat="46.302107" lon="10.877512">
        <ele>1120.168315</ele>
        <time>2026-08-14T18:28:05.468Z</time>
      </trkpt>
      <trkpt lat="46.302071" lon="10.877679">
        <ele>1121.981778</ele>
        <time>2026-08-14T18:28:17.505Z</time>
      </trkpt>
      <trkpt lat="46.301873" lon="10.878224">
        <ele>1128.364881</ele>
        <time>2026-08-14T18:28:56.304Z</time>
      </trkpt>
      <trkpt lat="46.301824" lon="10.878147">
        <ele>1129.450093</ele>
        <time>2026-08-14T18:29:02.714Z</time>
      </trkpt>
      <trkpt lat="46.301885" lon="10.877722">
        <ele>1134.100901</ele>
        <time>2026-08-14T18:29:31.465Z</time>
      </trkpt>
      <trkpt lat="46.301804" lon="10.877759">
        <ele>1135.455287</ele>
        <time>2026-08-14T18:29:41.663Z</time>
      </trkpt>
      <trkpt lat="46.301732" lon="10.877966">
        <ele>1138.008350</ele>
        <time>2026-08-14T18:30:01.258Z</time>
      </trkpt>
      <trkpt lat="46.301617" lon="10.878088">
        <ele>1140.281877</ele>
        <time>2026-08-14T18:30:19.657Z</time>
      </trkpt>
      <trkpt lat="46.301464" lon="10.878132">
        <ele>1142.769247</ele>
        <time>2026-08-14T18:30:40.275Z</time>
      </trkpt>
      <trkpt lat="46.301260" lon="10.878388">
        <ele>1147.074455</ele>
        <time>2026-08-14T18:31:15.758Z</time>
      </trkpt>
      <trkpt lat="46.301162" lon="10.878424">
        <ele>1148.686669</ele>
        <time>2026-08-14T18:31:29.056Z</time>
      </trkpt>
      <trkpt lat="46.301097" lon="10.878287">
        <ele>1150.517534</ele>
        <time>2026-08-14T18:31:44.637Z</time>
      </trkpt>
      <trkpt lat="46.301052" lon="10.877933">
        <ele>1154.482788</ele>
        <time>2026-08-14T18:32:18.402Z</time>
      </trkpt>
      <trkpt lat="46.300998" lon="10.877879">
        <ele>1155.529364</ele>
        <time>2026-08-14T18:32:27.008Z</time>
      </trkpt>
      <trkpt lat="46.300885" lon="10.877863">
        <ele>1157.339823</ele>
        <time>2026-08-14T18:32:41.477Z</time>
      </trkpt>
      <trkpt lat="46.300759" lon="10.877916">
        <ele>1159.432094</ele>
        <time>2026-08-14T18:32:58.100Z</time>
      </trkpt>
      <trkpt lat="46.300216" lon="10.878553">
        <ele>1168.196321</ele>
        <time>2026-08-14T18:34:24.728Z</time>
      </trkpt>
      <trkpt lat="46.300076" lon="10.878787">
        <ele>1170.822485</ele>
        <time>2026-08-14T18:34:48.389Z</time>
      </trkpt>
      <trkpt lat="46.299995" lon="10.878728">
        <ele>1171.936001</ele>
        <time>2026-08-14T18:34:57.815Z</time>
      </trkpt>
      <trkpt lat="46.300038" lon="10.878215">
        <ele>1176.320174</ele>
        <time>2026-08-14T18:35:32.192Z</time>
      </trkpt>
      <trkpt lat="46.300182" lon="10.877685">
        <ele>1181.151860</ele>
        <time>2026-08-14T18:36:05.982Z</time>
      </trkpt>
      <trkpt lat="46.300365" lon="10.877496">
        <ele>1183.293398</ele>
        <time>2026-08-14T18:36:23.830Z</time>
      </trkpt>
      <trkpt lat="46.300556" lon="10.877274">
        <ele>1185.141074</ele>
        <time>2026-08-14T18:36:43.625Z</time>
      </trkpt>
      <trkpt lat="46.300539" lon="10.877033">
        <ele>1186.403487</ele>
        <time>2026-08-14T18:36:57.027Z</time>
      </trkpt>
      <trkpt lat="46.300387" lon="10.876766">
        <ele>1188.206374</ele>
        <time>2026-08-14T18:37:15.620Z</time>
      </trkpt>
      <trkpt lat="46.300219" lon="10.876274">
        <ele>1191.066324</ele>
        <time>2026-08-14T18:37:43.114Z</time>
      </trkpt>
      <trkpt lat="46.299866" lon="10.875894">
        <ele>1194.384588</ele>
        <time>2026-08-14T18:38:15.933Z</time>
      </trkpt>
      <trkpt lat="46.298681" lon="10.875199">
        <ele>1204.394338</ele>
        <time>2026-08-14T18:40:02.918Z</time>
      </trkpt>
      <trkpt lat="46.297938" lon="10.874988">
        <ele>1210.144365</ele>
        <time>2026-08-14T18:41:06.643Z</time>
      </trkpt>
      <trkpt lat="46.297606" lon="10.874827">
        <ele>1210.982952</ele>
        <time>2026-08-14T18:41:30.877Z</time>
      </trkpt>
      <trkpt lat="46.297390" lon="10.874795">
        <ele>1211.502977</ele>
        <time>2026-08-14T18:41:43.787Z</time>
      </trkpt>
      <trkpt lat="46.297245" lon="10.874726">
        <ele>1211.868542</ele>
        <time>2026-08-14T18:41:51.877Z</time>
      </trkpt>
      <trkpt lat="46.297117" lon="10.874584">
        <ele>1212.254797</ele>
        <time>2026-08-14T18:41:59.923Z</time>
      </trkpt>
      <trkpt lat="46.296975" lon="10.874362">
        <ele>1212.755410</ele>
        <time>2026-08-14T18:42:09.500Z</time>
      </trkpt>
      <trkpt lat="46.296708" lon="10.874100">
        <ele>1213.527992</ele>
        <time>2026-08-14T18:42:22.198Z</time>
      </trkpt>
      <trkpt lat="46.296368" lon="10.874017">
        <ele>1214.353797</ele>
        <time>2026-08-14T18:42:33.808Z</time>
      </trkpt>
      <trkpt lat="46.295986" lon="10.873851">
        <ele>1214.338592</ele>
        <time>2026-08-14T18:42:46.841Z</time>
      </trkpt>
      <trkpt lat="46.295306" lon="10.873645">
        <ele>1214.305868</ele>
        <time>2026-08-14T18:43:11.659Z</time>
      </trkpt>
      <trkpt lat="46.295057" lon="10.873685">
        <ele>1214.294067</ele>
        <time>2026-08-14T18:43:22.624Z</time>
      </trkpt>
      <trkpt lat="46.294900" lon="10.873659">
        <ele>1214.286624</ele>
        <time>2026-08-14T18:43:29.821Z</time>
      </trkpt>
      <trkpt lat="46.294336" lon="10.873978">
        <ele>1214.632052</ele>
        <time>2026-08-14T18:43:58.453Z</time>
      </trkpt>
      <trkpt lat="46.294112" lon="10.873967">
        <ele>1214.893999</ele>
        <time>2026-08-14T18:44:09.389Z</time>
      </trkpt>
      <trkpt lat="46.293987" lon="10.873878">
        <ele>1215.056813</ele>
        <time>2026-08-14T18:44:16.159Z</time>
      </trkpt>
      <trkpt lat="46.293485" lon="10.873717">
        <ele>1215.657752</ele>
        <time>2026-08-14T18:44:40.268Z</time>
      </trkpt>
      <trkpt lat="46.292477" lon="10.873466">
        <ele>1216.037466</ele>
        <time>2026-08-14T18:45:21.528Z</time>
      </trkpt>
      <trkpt lat="46.292367" lon="10.873497">
        <ele>1215.945135</ele>
        <time>2026-08-14T18:45:25.545Z</time>
      </trkpt>
      <trkpt lat="46.292111" lon="10.873643">
        <ele>1215.718432</ele>
        <time>2026-08-14T18:45:35.206Z</time>
      </trkpt>
      <trkpt lat="46.291469" lon="10.873628">
        <ele>1215.189421</ele>
        <time>2026-08-14T18:45:57.037Z</time>
      </trkpt>
      <trkpt lat="46.291286" lon="10.873664">
        <ele>1215.037262</ele>
        <time>2026-08-14T18:46:03.227Z</time>
      </trkpt>
      <trkpt lat="46.290816" lon="10.873607">
        <ele>1214.847006</ele>
        <time>2026-08-14T18:46:19.228Z</time>
      </trkpt>
      <trkpt lat="46.290560" lon="10.873607">
        <ele>1214.807419</ele>
        <time>2026-08-14T18:46:28.227Z</time>
      </trkpt>
      <trkpt lat="46.289866" lon="10.873513">
        <ele>1214.699632</ele>
        <time>2026-08-14T18:46:54.649Z</time>
      </trkpt>
      <trkpt lat="46.289067" lon="10.873649">
        <ele>1215.267454</ele>
        <time>2026-08-14T18:47:28.260Z</time>
      </trkpt>
      <trkpt lat="46.288821" lon="10.873455">
        <ele>1215.983921</ele>
        <time>2026-08-14T18:47:41.548Z</time>
      </trkpt>
      <trkpt lat="46.288640" lon="10.873271">
        <ele>1216.549603</ele>
        <time>2026-08-14T18:47:52.699Z</time>
      </trkpt>
      <trkpt lat="46.288673" lon="10.873092">
        <ele>1216.876999</ele>
        <time>2026-08-14T18:47:59.195Z</time>
      </trkpt>
      <trkpt lat="46.288741" lon="10.872700">
        <ele>1217.591241</ele>
        <time>2026-08-14T18:48:13.710Z</time>
      </trkpt>
      <trkpt lat="46.288739" lon="10.872244">
        <ele>1218.397106</ele>
        <time>2026-08-14T18:48:30.539Z</time>
      </trkpt>
      <trkpt lat="46.288686" lon="10.872119">
        <ele>1218.656275</ele>
        <time>2026-08-14T18:48:36.273Z</time>
      </trkpt>
      <trkpt lat="46.287851" lon="10.871733">
        <ele>1223.929412</ele>
        <time>2026-08-14T18:49:20.667Z</time>
      </trkpt>
      <trkpt lat="46.287193" lon="10.871737">
        <ele>1228.642310</ele>
        <time>2026-08-14T18:50:02.484Z</time>
      </trkpt>
      <trkpt lat="46.286004" lon="10.871648">
        <ele>1239.641254</ele>
        <time>2026-08-14T18:51:36.921Z</time>
      </trkpt>
      <trkpt lat="46.285864" lon="10.871641">
        <ele>1241.133424</ele>
        <time>2026-08-14T18:51:49.050Z</time>
      </trkpt>
      <trkpt lat="46.285357" lon="10.871470">
        <ele>1246.678745</ele>
        <time>2026-08-14T18:52:33.313Z</time>
      </trkpt>
      <trkpt lat="46.285044" lon="10.871407">
        <ele>1250.044921</ele>
        <time>2026-08-14T18:52:59.910Z</time>
      </trkpt>
      <trkpt lat="46.284872" lon="10.871416">
        <ele>1251.809441</ele>
        <time>2026-08-14T18:53:14.364Z</time>
      </trkpt>
      <trkpt lat="46.284302" lon="10.871201">
        <ele>1257.389733</ele>
        <time>2026-08-14T18:54:02.204Z</time>
      </trkpt>
      <trkpt lat="46.283961" lon="10.870869">
        <ele>1261.283337</ele>
        <time>2026-08-14T18:54:33.614Z</time>
      </trkpt>
      <trkpt lat="46.283672" lon="10.870631">
        <ele>1264.433506</ele>
        <time>2026-08-14T18:54:57.514Z</time>
      </trkpt>
      <trkpt lat="46.283332" lon="10.870517">
        <ele>1267.739812</ele>
        <time>2026-08-14T18:55:21.964Z</time>
      </trkpt>
      <trkpt lat="46.283058" lon="10.870312">
        <ele>1270.113413</ele>
        <time>2026-08-14T18:55:42.719Z</time>
      </trkpt>
      <trkpt lat="46.282659" lon="10.869605">
        <ele>1274.704130</ele>
        <time>2026-08-14T18:56:19.269Z</time>
      </trkpt>
      <trkpt lat="46.282494" lon="10.869394">
        <ele>1276.306621</ele>
        <time>2026-08-14T18:56:32.029Z</time>
      </trkpt>
      <trkpt lat="46.282325" lon="10.869036">
        <ele>1278.487098</ele>
        <time>2026-08-14T18:56:51.316Z</time>
      </trkpt>
      <trkpt lat="46.282205" lon="10.868311">
        <ele>1282.420695</ele>
        <time>2026-08-14T18:57:24.882Z</time>
      </trkpt>
      <trkpt lat="46.282075" lon="10.867956">
        <ele>1284.878225</ele>
        <time>2026-08-14T18:57:43.572Z</time>
      </trkpt>
      <trkpt lat="46.281971" lon="10.867811">
        <ele>1286.156514</ele>
        <time>2026-08-14T18:57:53.164Z</time>
      </trkpt>
      <trkpt lat="46.281861" lon="10.867775">
        <ele>1287.154713</ele>
        <time>2026-08-14T18:58:00.963Z</time>
      </trkpt>
      <trkpt lat="46.281671" lon="10.867787">
        <ele>1288.837997</ele>
        <time>2026-08-14T18:58:15.031Z</time>
      </trkpt>
      <trkpt lat="46.280959" lon="10.867911">
        <ele>1295.185367</ele>
        <time>2026-08-14T18:59:11.686Z</time>
      </trkpt>
      <trkpt lat="46.280467" lon="10.867910">
        <ele>1299.000320</ele>
        <time>2026-08-14T18:59:46.693Z</time>
      </trkpt>
      <trkpt lat="46.279721" lon="10.867552">
        <ele>1304.277232</ele>
        <time>2026-08-14T19:00:38.278Z</time>
      </trkpt>
      <trkpt lat="46.278122" lon="10.867096">
        <ele>1312.775544</ele>
        <time>2026-08-14T19:01:58.038Z</time>
      </trkpt>
      <trkpt lat="46.277901" lon="10.867120">
        <ele>1313.640706</ele>
        <time>2026-08-14T19:02:07.085Z</time>
      </trkpt>
      <trkpt lat="46.277634" lon="10.867228">
        <ele>1314.722983</ele>
        <time>2026-08-14T19:02:18.475Z</time>
      </trkpt>
      <trkpt lat="46.277378" lon="10.867200">
        <ele>1315.725203</ele>
        <time>2026-08-14T19:02:29.088Z</time>
      </trkpt>
      <trkpt lat="46.276889" lon="10.867057">
        <ele>1317.657804</ele>
        <time>2026-08-14T19:02:49.174Z</time>
      </trkpt>
      <trkpt lat="46.276332" lon="10.867055">
        <ele>1319.806632</ele>
        <time>2026-08-14T19:03:12.895Z</time>
      </trkpt>
      <trkpt lat="46.275952" lon="10.867100">
        <ele>1321.277517</ele>
        <time>2026-08-14T19:03:30.276Z</time>
      </trkpt>
      <trkpt lat="46.275287" lon="10.867267">
        <ele>1324.123722</ele>
        <time>2026-08-14T19:04:02.688Z</time>
      </trkpt>
      <trkpt lat="46.274919" lon="10.867186">
        <ele>1326.203941</ele>
        <time>2026-08-14T19:04:21.357Z</time>
      </trkpt>
      <trkpt lat="46.274712" lon="10.867184">
        <ele>1327.360779</ele>
        <time>2026-08-14T19:04:32.169Z</time>
      </trkpt>
      <trkpt lat="46.274312" lon="10.867269">
        <ele>1329.620149</ele>
        <time>2026-08-14T19:04:54.075Z</time>
      </trkpt>
      <trkpt lat="46.273531" lon="10.867266">
        <ele>1334.075294</ele>
        <time>2026-08-14T19:05:39.598Z</time>
      </trkpt>
      <trkpt lat="46.273059" lon="10.867182">
        <ele>1337.139347</ele>
        <time>2026-08-14T19:06:08.346Z</time>
      </trkpt>
      <trkpt lat="46.272392" lon="10.867137">
        <ele>1341.441546</ele>
        <time>2026-08-14T19:06:48.575Z</time>
      </trkpt>
      <trkpt lat="46.271908" lon="10.867054">
        <ele>1344.581825</ele>
        <time>2026-08-14T19:07:16.542Z</time>
      </trkpt>
      <trkpt lat="46.271468" lon="10.867054">
        <ele>1347.080591</ele>
        <time>2026-08-14T19:07:41.274Z</time>
      </trkpt>
      <trkpt lat="46.270964" lon="10.866937">
        <ele>1349.915424</ele>
        <time>2026-08-14T19:08:09.058Z</time>
      </trkpt>
      <trkpt lat="46.270663" lon="10.866970">
        <ele>1351.591858</ele>
        <time>2026-08-14T19:08:24.836Z</time>
      </trkpt>
      <trkpt lat="46.270546" lon="10.866932">
        <ele>1352.257806</ele>
        <time>2026-08-14T19:08:31.007Z</time>
      </trkpt>
      <trkpt lat="46.270284" lon="10.866590">
        <ele>1354.217640</ele>
        <time>2026-08-14T19:08:48.795Z</time>
      </trkpt>
      <trkpt lat="46.270197" lon="10.866530">
        <ele>1354.752901</ele>
        <time>2026-08-14T19:08:53.716Z</time>
      </trkpt>
      <trkpt lat="46.270060" lon="10.866493">
        <ele>1355.645825</ele>
        <time>2026-08-14T19:09:00.910Z</time>
      </trkpt>
      <trkpt lat="46.269830" lon="10.866521">
        <ele>1357.201661</ele>
        <time>2026-08-14T19:09:13.191Z</time>
      </trkpt>
      <trkpt lat="46.269475" lon="10.866692">
        <ele>1359.723771</ele>
        <time>2026-08-14T19:09:33.921Z</time>
      </trkpt>
      <trkpt lat="46.269218" lon="10.866714">
        <ele>1361.459156</ele>
        <time>2026-08-14T19:09:48.668Z</time>
      </trkpt>
      <trkpt lat="46.268896" lon="10.866608">
        <ele>1363.685143</ele>
        <time>2026-08-14T19:10:08.573Z</time>
      </trkpt>
      <trkpt lat="46.268417" lon="10.866509">
        <ele>1366.946716</ele>
        <time>2026-08-14T19:10:40.992Z</time>
      </trkpt>
      <trkpt lat="46.268199" lon="10.866416">
        <ele>1369.415499</ele>
        <time>2026-08-14T19:10:57.621Z</time>
      </trkpt>
      <trkpt lat="46.267947" lon="10.866242">
        <ele>1372.571516</ele>
        <time>2026-08-14T19:11:19.292Z</time>
      </trkpt>
      <trkpt lat="46.267553" lon="10.866238">
        <ele>1377.024760</ele>
        <time>2026-08-14T19:11:51.198Z</time>
      </trkpt>
      <trkpt lat="46.267144" lon="10.866110">
        <ele>1381.754376</ele>
        <time>2026-08-14T19:12:27.188Z</time>
      </trkpt>
      <trkpt lat="46.266830" lon="10.866158">
        <ele>1385.323081</ele>
        <time>2026-08-14T19:12:56.700Z</time>
      </trkpt>
      <trkpt lat="46.266583" lon="10.866126">
        <ele>1388.444399</ele>
        <time>2026-08-14T19:13:21.488Z</time>
      </trkpt>
      <trkpt lat="46.266483" lon="10.866143">
        <ele>1390.098328</ele>
        <time>2026-08-14T19:13:31.972Z</time>
      </trkpt>
      <trkpt lat="46.266309" lon="10.866256">
        <ele>1393.231323</ele>
        <time>2026-08-14T19:13:52.509Z</time>
      </trkpt>
      <trkpt lat="46.266215" lon="10.866275">
        <ele>1394.790391</ele>
        <time>2026-08-14T19:14:03.097Z</time>
      </trkpt>
      <trkpt lat="46.265963" lon="10.866186">
        <ele>1399.051395</ele>
        <time>2026-08-14T19:14:33.025Z</time>
      </trkpt>
      <trkpt lat="46.265818" lon="10.866065">
        <ele>1401.801116</ele>
        <time>2026-08-14T19:14:52.981Z</time>
      </trkpt>
      <trkpt lat="46.265811" lon="10.865962">
        <ele>1402.976390</ele>
        <time>2026-08-14T19:15:01.636Z</time>
      </trkpt>
      <trkpt lat="46.265987" lon="10.865637">
        <ele>1407.664508</ele>
        <time>2026-08-14T19:15:36.904Z</time>
      </trkpt>
      <trkpt lat="46.266351" lon="10.865241">
        <ele>1415.145929</ele>
        <time>2026-08-14T19:16:33.021Z</time>
      </trkpt>
      <trkpt lat="46.266509" lon="10.865003">
        <ele>1418.271927</ele>
        <time>2026-08-14T19:16:59.676Z</time>
      </trkpt>
      <trkpt lat="46.266590" lon="10.864934">
        <ele>1419.317771</ele>
        <time>2026-08-14T19:17:10.443Z</time>
      </trkpt>
      <trkpt lat="46.266914" lon="10.864844">
        <ele>1422.988397</ele>
        <time>2026-08-14T19:17:45.676Z</time>
      </trkpt>
      <trkpt lat="46.266946" lon="10.864786">
        <ele>1423.559146</ele>
        <time>2026-08-14T19:17:50.778Z</time>
      </trkpt>
      <trkpt lat="46.266911" lon="10.864741">
        <ele>1424.080131</ele>
        <time>2026-08-14T19:17:55.475Z</time>
      </trkpt>
      <trkpt lat="46.266669" lon="10.864714">
        <ele>1426.780575</ele>
        <time>2026-08-14T19:18:17.740Z</time>
      </trkpt>
      <trkpt lat="46.266520" lon="10.864730">
        <ele>1428.442884</ele>
        <time>2026-08-14T19:18:30.108Z</time>
      </trkpt>
      <trkpt lat="46.266280" lon="10.864818">
        <ele>1431.197527</ele>
        <time>2026-08-14T19:18:48.496Z</time>
      </trkpt>
      <trkpt lat="46.265843" lon="10.864732">
        <ele>1436.104298</ele>
        <time>2026-08-14T19:19:14.660Z</time>
      </trkpt>
      <trkpt lat="46.265627" lon="10.864734">
        <ele>1437.706343</ele>
        <time>2026-08-14T19:19:25.017Z</time>
      </trkpt>
      <trkpt lat="46.265515" lon="10.864760">
        <ele>1438.306534</ele>
        <time>2026-08-14T19:19:30.154Z</time>
      </trkpt>
      <trkpt lat="46.265386" lon="10.864835">
        <ele>1439.042160</ele>
        <time>2026-08-14T19:19:36.331Z</time>
      </trkpt>
      <trkpt lat="46.265089" lon="10.865086">
        <ele>1440.862178</ele>
        <time>2026-08-14T19:19:51.117Z</time>
      </trkpt>
      <trkpt lat="46.265015" lon="10.865118">
        <ele>1441.270844</ele>
        <time>2026-08-14T19:19:54.361Z</time>
      </trkpt>
      <trkpt lat="46.264539" lon="10.865121">
        <ele>1443.789450</ele>
        <time>2026-08-14T19:20:16.461Z</time>
      </trkpt>
      <trkpt lat="46.263885" lon="10.864905">
        <ele>1447.935058</ele>
        <time>2026-08-14T19:20:56.463Z</time>
      </trkpt>
      <trkpt lat="46.263749" lon="10.864822">
        <ele>1449.268894</ele>
        <time>2026-08-14T19:21:06.579Z</time>
      </trkpt>
      <trkpt lat="46.263656" lon="10.864703">
        <ele>1450.390891</ele>
        <time>2026-08-14T19:21:15.427Z</time>
      </trkpt>
      <trkpt lat="46.263546" lon="10.864487">
        <ele>1452.066849</ele>
        <time>2026-08-14T19:21:29.126Z</time>
      </trkpt>
      <trkpt lat="46.263478" lon="10.864099">
        <ele>1454.567412</ele>
        <time>2026-08-14T19:21:50.104Z</time>
      </trkpt>
      <trkpt lat="46.263421" lon="10.863987">
        <ele>1455.436230</ele>
        <time>2026-08-14T19:21:57.412Z</time>
      </trkpt>
      <trkpt lat="46.262921" lon="10.863469">
        <ele>1460.993691</ele>
        <time>2026-08-14T19:22:44.873Z</time>
      </trkpt>
      <trkpt lat="46.262488" lon="10.863141">
        <ele>1466.187849</ele>
        <time>2026-08-14T19:23:22.988Z</time>
      </trkpt>
      <trkpt lat="46.262463" lon="10.863070">
        <ele>1466.831046</ele>
        <time>2026-08-14T19:23:27.325Z</time>
      </trkpt>
      <trkpt lat="46.262470" lon="10.863006">
        <ele>1467.354107</ele>
        <time>2026-08-14T19:23:30.868Z</time>
      </trkpt>
      <trkpt lat="46.262517" lon="10.862942">
        <ele>1468.107815</ele>
        <time>2026-08-14T19:23:36.063Z</time>
      </trkpt>
      <trkpt lat="46.262594" lon="10.862903">
        <ele>1469.060413</ele>
        <time>2026-08-14T19:23:42.699Z</time>
      </trkpt>
      <trkpt lat="46.263095" lon="10.862883">
        <ele>1474.912437</ele>
        <time>2026-08-14T19:24:25.788Z</time>
      </trkpt>
      <trkpt lat="46.263354" lon="10.862812">
        <ele>1477.990415</ele>
        <time>2026-08-14T19:24:50.034Z</time>
      </trkpt>
      <trkpt lat="46.263565" lon="10.862693">
        <ele>1480.634750</ele>
        <time>2026-08-14T19:25:11.738Z</time>
      </trkpt>
      <trkpt lat="46.263753" lon="10.862505">
        <ele>1483.303397</ele>
        <time>2026-08-14T19:25:33.944Z</time>
      </trkpt>
      <trkpt lat="46.263962" lon="10.862177">
        <ele>1487.000675</ele>
        <time>2026-08-14T19:26:03.574Z</time>
      </trkpt>
      <trkpt lat="46.264226" lon="10.861924">
        <ele>1490.811534</ele>
        <time>2026-08-14T19:26:33.672Z</time>
      </trkpt>
      <trkpt lat="46.264293" lon="10.861901">
        <ele>1491.640182</ele>
        <time>2026-08-14T19:26:40.184Z</time>
      </trkpt>
      <trkpt lat="46.264579" lon="10.861959">
        <ele>1495.115461</ele>
        <time>2026-08-14T19:27:07.005Z</time>
      </trkpt>
      <trkpt lat="46.264647" lon="10.861940">
        <ele>1495.948875</ele>
        <time>2026-08-14T19:27:13.290Z</time>
      </trkpt>
      <trkpt lat="46.264709" lon="10.861844">
        <ele>1497.041795</ele>
        <time>2026-08-14T19:27:21.496Z</time>
      </trkpt>
      <trkpt lat="46.264696" lon="10.861755">
        <ele>1497.798548</ele>
        <time>2026-08-14T19:27:27.093Z</time>
      </trkpt>
      <trkpt lat="46.264652" lon="10.861671">
        <ele>1498.675296</ele>
        <time>2026-08-14T19:27:33.567Z</time>
      </trkpt>
      <trkpt lat="46.264351" lon="10.861212">
        <ele>1503.938458</ele>
        <time>2026-08-14T19:28:10.958Z</time>
      </trkpt>
      <trkpt lat="46.264251" lon="10.860958">
        <ele>1505.861738</ele>
        <time>2026-08-14T19:28:27.132Z</time>
      </trkpt>
      <trkpt lat="46.264141" lon="10.860573">
        <ele>1507.520015</ele>
        <time>2026-08-14T19:28:49.289Z</time>
      </trkpt>
      <trkpt lat="46.264071" lon="10.860442">
        <ele>1508.179091</ele>
        <time>2026-08-14T19:28:57.647Z</time>
      </trkpt>
      <trkpt lat="46.263851" lon="10.860136">
        <ele>1509.936470</ele>
        <time>2026-08-14T19:29:17.879Z</time>
      </trkpt>
      <trkpt lat="46.263328" lon="10.859671">
        <ele>1513.471274</ele>
        <time>2026-08-14T19:29:48.424Z</time>
      </trkpt>
      <trkpt lat="46.263283" lon="10.859591">
        <ele>1513.881825</ele>
        <time>2026-08-14T19:29:51.205Z</time>
      </trkpt>
      <trkpt lat="46.263053" lon="10.859524">
        <ele>1515.232740</ele>
        <time>2026-08-14T19:29:58.885Z</time>
      </trkpt>
      <trkpt lat="46.262772" lon="10.859297">
        <ele>1515.544932</ele>
        <time>2026-08-14T19:30:06.913Z</time>
      </trkpt>
      <trkpt lat="46.262421" lon="10.859156">
        <ele>1515.219830</ele>
        <time>2026-08-14T19:30:14.639Z</time>
      </trkpt>
      <trkpt lat="46.262301" lon="10.859048">
        <ele>1515.093699</ele>
        <time>2026-08-14T19:30:17.432Z</time>
      </trkpt>
      <trkpt lat="46.261881" lon="10.858496">
        <ele>1514.587252</ele>
        <time>2026-08-14T19:30:28.397Z</time>
      </trkpt>
      <trkpt lat="46.261218" lon="10.857866">
        <ele>1513.683209</ele>
        <time>2026-08-14T19:30:44.491Z</time>
      </trkpt>
      <trkpt lat="46.260621" lon="10.857399">
        <ele>1512.633044</ele>
        <time>2026-08-14T19:30:58.433Z</time>
      </trkpt>
      <trkpt lat="46.260022" lon="10.857145">
        <ele>1511.667213</ele>
        <time>2026-08-14T19:31:10.890Z</time>
      </trkpt>
      <trkpt lat="46.259574" lon="10.856904">
        <ele>1510.994944</ele>
        <time>2026-08-14T19:31:20.179Z</time>
      </trkpt>
      <trkpt lat="46.259317" lon="10.856732">
        <ele>1510.624437</ele>
        <time>2026-08-14T19:31:25.620Z</time>
      </trkpt>
      <trkpt lat="46.259225" lon="10.856503">
        <ele>1510.384849</ele>
        <time>2026-08-14T19:31:29.126Z</time>
      </trkpt>
      <trkpt lat="46.259174" lon="10.856469">
        <ele>1510.311374</ele>
        <time>2026-08-14T19:31:30.213Z</time>
      </trkpt>
      <trkpt lat="46.259115" lon="10.856462">
        <ele>1510.233921</ele>
        <time>2026-08-14T19:31:31.351Z</time>
      </trkpt>
      <trkpt lat="46.258962" lon="10.856616">
        <ele>1509.990035</ele>
        <time>2026-08-14T19:31:34.986Z</time>
      </trkpt>
      <trkpt lat="46.258770" lon="10.856667">
        <ele>1509.734625</ele>
        <time>2026-08-14T19:31:38.895Z</time>
      </trkpt>
      <trkpt lat="46.258047" lon="10.856612">
        <ele>1509.452003</ele>
        <time>2026-08-14T19:31:54.671Z</time>
      </trkpt>
      <trkpt lat="46.257385" lon="10.856390">
        <ele>1511.214321</ele>
        <time>2026-08-14T19:32:17.338Z</time>
      </trkpt>
      <trkpt lat="46.256893" lon="10.856308">
        <ele>1512.498677</ele>
        <time>2026-08-14T19:32:38.468Z</time>
      </trkpt>
      <trkpt lat="46.256560" lon="10.856124">
        <ele>1513.423130</ele>
        <time>2026-08-14T19:32:55.289Z</time>
      </trkpt>
      <trkpt lat="46.256331" lon="10.856103">
        <ele>1514.480024</ele>
        <time>2026-08-14T19:33:06.854Z</time>
      </trkpt>
      <trkpt lat="46.256282" lon="10.856121">
        <ele>1514.787403</ele>
        <time>2026-08-14T19:33:09.548Z</time>
      </trkpt>
      <trkpt lat="46.256222" lon="10.856202">
        <ele>1515.286431</ele>
        <time>2026-08-14T19:33:13.889Z</time>
      </trkpt>
      <trkpt lat="46.256195" lon="10.856375">
        <ele>1516.032003</ele>
        <time>2026-08-14T19:33:20.369Z</time>
      </trkpt>
      <trkpt lat="46.256227" lon="10.856678">
        <ele>1517.320558</ele>
        <time>2026-08-14T19:33:31.540Z</time>
      </trkpt>
      <trkpt lat="46.256283" lon="10.857205">
        <ele>1519.562024</ele>
        <time>2026-08-14T19:33:50.967Z</time>
      </trkpt>
      <trkpt lat="46.256281" lon="10.857477">
        <ele>1520.705549</ele>
        <time>2026-08-14T19:34:00.951Z</time>
      </trkpt>
      <trkpt lat="46.256327" lon="10.857824">
        <ele>1522.190870</ele>
        <time>2026-08-14T19:34:13.885Z</time>
      </trkpt>
      <trkpt lat="46.256320" lon="10.857949">
        <ele>1522.718077</ele>
        <time>2026-08-14T19:34:18.656Z</time>
      </trkpt>
      <trkpt lat="46.255968" lon="10.859182">
        <ele>1531.571381</ele>
        <time>2026-08-14T19:35:23.482Z</time>
      </trkpt>
      <trkpt lat="46.255948" lon="10.859742">
        <ele>1535.987794</ele>
        <time>2026-08-14T19:35:57.265Z</time>
      </trkpt>
      <trkpt lat="46.255906" lon="10.859803">
        <ele>1536.665799</ele>
        <time>2026-08-14T19:36:02.773Z</time>
      </trkpt>
      <trkpt lat="46.255847" lon="10.859785">
        <ele>1537.352639</ele>
        <time>2026-08-14T19:36:08.457Z</time>
      </trkpt>
      <trkpt lat="46.255638" lon="10.859482">
        <ele>1540.723473</ele>
        <time>2026-08-14T19:36:37.438Z</time>
      </trkpt>
      <trkpt lat="46.255180" lon="10.859216">
        <ele>1546.136721</ele>
        <time>2026-08-14T19:37:28.461Z</time>
      </trkpt>
      <trkpt lat="46.254790" lon="10.858789">
        <ele>1550.776464</ele>
        <time>2026-08-14T19:38:14.274Z</time>
      </trkpt>
      <trkpt lat="46.254465" lon="10.858550">
        <ele>1554.234804</ele>
        <time>2026-08-14T19:38:42.163Z</time>
      </trkpt>
      <trkpt lat="46.254275" lon="10.858296">
        <ele>1556.689006</ele>
        <time>2026-08-14T19:38:59.705Z</time>
      </trkpt>
      <trkpt lat="46.254218" lon="10.858177">
        <ele>1557.638458</ele>
        <time>2026-08-14T19:39:05.898Z</time>
      </trkpt>
      <trkpt lat="46.254103" lon="10.857840">
        <ele>1560.103238</ele>
        <time>2026-08-14T19:39:20.649Z</time>
      </trkpt>
      <trkpt lat="46.254004" lon="10.857645">
        <ele>1561.689896</ele>
        <time>2026-08-14T19:39:29.206Z</time>
      </trkpt>
      <trkpt lat="46.253889" lon="10.857505">
        <ele>1562.820666</ele>
        <time>2026-08-14T19:39:36.389Z</time>
      </trkpt>
      <trkpt lat="46.253092" lon="10.856766">
        <ele>1569.032127</ele>
        <time>2026-08-14T19:40:20.754Z</time>
      </trkpt>
      <trkpt lat="46.252531" lon="10.856432">
        <ele>1573.012470</ele>
        <time>2026-08-14T19:41:00.439Z</time>
      </trkpt>
      <trkpt lat="46.251909" lon="10.856279">
        <ele>1579.482304</ele>
        <time>2026-08-14T19:41:51.080Z</time>
      </trkpt>
      <trkpt lat="46.251487" lon="10.856280">
        <ele>1584.271948</ele>
        <time>2026-08-14T19:42:29.303Z</time>
      </trkpt>
      <trkpt lat="46.251322" lon="10.856316">
        <ele>1586.165867</ele>
        <time>2026-08-14T19:42:45.014Z</time>
      </trkpt>
      <trkpt lat="46.250479" lon="10.856319">
        <ele>1595.304584</ele>
        <time>2026-08-14T19:44:01.209Z</time>
      </trkpt>
      <trkpt lat="46.250000" lon="10.856150">
        <ele>1599.134600</ele>
        <time>2026-08-14T19:44:37.731Z</time>
      </trkpt>
      <trkpt lat="46.249933" lon="10.856173">
        <ele>1599.669519</ele>
        <time>2026-08-14T19:44:42.258Z</time>
      </trkpt>
      <trkpt lat="46.249772" lon="10.856323">
        <ele>1601.157256</ele>
        <time>2026-08-14T19:44:54.261Z</time>
      </trkpt>
      <trkpt lat="46.249665" lon="10.856360">
        <ele>1602.011865</ele>
        <time>2026-08-14T19:45:00.842Z</time>
      </trkpt>
      <trkpt lat="46.249539" lon="10.856313">
        <ele>1603.022672</ele>
        <time>2026-08-14T19:45:08.373Z</time>
      </trkpt>
      <trkpt lat="46.249259" lon="10.856093">
        <ele>1605.498033</ele>
        <time>2026-08-14T19:45:25.927Z</time>
      </trkpt>
      <trkpt lat="46.248993" lon="10.855946">
        <ele>1607.710067</ele>
        <time>2026-08-14T19:45:41.037Z</time>
      </trkpt>
      <trkpt lat="46.248845" lon="10.855723">
        <ele>1609.115996</ele>
        <time>2026-08-14T19:45:52.014Z</time>
      </trkpt>
      <trkpt lat="46.248716" lon="10.855604">
        <ele>1610.009542</ele>
        <time>2026-08-14T19:45:59.703Z</time>
      </trkpt>
      <trkpt lat="46.248588" lon="10.855624">
        <ele>1610.761372</ele>
        <time>2026-08-14T19:46:06.064Z</time>
      </trkpt>
      <trkpt lat="46.247982" lon="10.855955">
        <ele>1614.544252</ele>
        <time>2026-08-14T19:46:38.308Z</time>
      </trkpt>
      <trkpt lat="46.247804" lon="10.855942">
        <ele>1615.585040</ele>
        <time>2026-08-14T19:46:47.996Z</time>
      </trkpt>
      <trkpt lat="46.247714" lon="10.855815">
        <ele>1616.319387</ele>
        <time>2026-08-14T19:46:55.001Z</time>
      </trkpt>
      <trkpt lat="46.247710" lon="10.855721">
        <ele>1616.699713</ele>
        <time>2026-08-14T19:46:58.754Z</time>
      </trkpt>
      <trkpt lat="46.247840" lon="10.855448">
        <ele>1618.038286</ele>
        <time>2026-08-14T19:47:12.429Z</time>
      </trkpt>
      <trkpt lat="46.247871" lon="10.855361">
        <ele>1618.433521</ele>
        <time>2026-08-14T19:47:16.647Z</time>
      </trkpt>
      <trkpt lat="46.247875" lon="10.855266">
        <ele>1618.817877</ele>
        <time>2026-08-14T19:47:20.779Z</time>
      </trkpt>
      <trkpt lat="46.247832" lon="10.855165">
        <ele>1619.375678</ele>
        <time>2026-08-14T19:47:26.064Z</time>
      </trkpt>
      <trkpt lat="46.247760" lon="10.855122">
        <ele>1619.910661</ele>
        <time>2026-08-14T19:47:31.138Z</time>
      </trkpt>
      <trkpt lat="46.247267" lon="10.855132">
        <ele>1623.296750</ele>
        <time>2026-08-14T19:48:04.323Z</time>
      </trkpt>
      <trkpt lat="46.247111" lon="10.855233">
        <ele>1624.470588</ele>
        <time>2026-08-14T19:48:15.518Z</time>
      </trkpt>
      <trkpt lat="46.246762" lon="10.855600">
        <ele>1627.434165</ele>
        <time>2026-08-14T19:48:43.145Z</time>
      </trkpt>
      <trkpt lat="46.246665" lon="10.855650">
        <ele>1628.141388</ele>
        <time>2026-08-14T19:48:49.639Z</time>
      </trkpt>
      <trkpt lat="46.246490" lon="10.855679">
        <ele>1629.351095</ele>
        <time>2026-08-14T19:49:00.322Z</time>
      </trkpt>
      <trkpt lat="46.246423" lon="10.855662">
        <ele>1629.818258</ele>
        <time>2026-08-14T19:49:04.290Z</time>
      </trkpt>
      <trkpt lat="46.245953" lon="10.855399">
        <ele>1631.494685</ele>
        <time>2026-08-14T19:49:30.122Z</time>
      </trkpt>
      <trkpt lat="46.245371" lon="10.855006">
        <ele>1632.117075</ele>
        <time>2026-08-14T19:49:49.428Z</time>
      </trkpt>
      <trkpt lat="46.245297" lon="10.854898">
        <ele>1632.218951</ele>
        <time>2026-08-14T19:49:51.641Z</time>
      </trkpt>
      <trkpt lat="46.245050" lon="10.854360">
        <ele>1632.651676</ele>
        <time>2026-08-14T19:50:00.742Z</time>
      </trkpt>
      <trkpt lat="46.244555" lon="10.853697">
        <ele>1632.055304</ele>
        <time>2026-08-14T19:50:13.171Z</time>
      </trkpt>
      <trkpt lat="46.244361" lon="10.853395">
        <ele>1631.375333</ele>
        <time>2026-08-14T19:50:18.121Z</time>
      </trkpt>
      <trkpt lat="46.243972" lon="10.852636">
        <ele>1629.816863</ele>
        <time>2026-08-14T19:50:29.442Z</time>
      </trkpt>
      <trkpt lat="46.243672" lon="10.851821">
        <ele>1628.701405</ele>
        <time>2026-08-14T19:50:41.247Z</time>
      </trkpt>
      <trkpt lat="46.243323" lon="10.851133">
        <ele>1628.887167</ele>
        <time>2026-08-14T19:50:53.461Z</time>
      </trkpt>
      <trkpt lat="46.243289" lon="10.851033">
        <ele>1628.911427</ele>
        <time>2026-08-14T19:50:55.194Z</time>
      </trkpt>
      <trkpt lat="46.243276" lon="10.850860">
        <ele>1628.949314</ele>
        <time>2026-08-14T19:50:57.934Z</time>
      </trkpt>
      <trkpt lat="46.243302" lon="10.850753">
        <ele>1628.974006</ele>
        <time>2026-08-14T19:50:59.808Z</time>
      </trkpt>
      <trkpt lat="46.243370" lon="10.850637">
        <ele>1629.007113</ele>
        <time>2026-08-14T19:51:02.566Z</time>
      </trkpt>
      <trkpt lat="46.243570" lon="10.850432">
        <ele>1629.084289</ele>
        <time>2026-08-14T19:51:10.149Z</time>
      </trkpt>
      <trkpt lat="46.244005" lon="10.850271">
        <ele>1629.276818</ele>
        <time>2026-08-14T19:51:26.771Z</time>
      </trkpt>
      <trkpt lat="46.244172" lon="10.850173">
        <ele>1629.857356</ele>
        <time>2026-08-14T19:51:33.430Z</time>
      </trkpt>
      <trkpt lat="46.244258" lon="10.850010">
        <ele>1630.314070</ele>
        <time>2026-08-14T19:51:38.553Z</time>
      </trkpt>
      <trkpt lat="46.244248" lon="10.849759">
        <ele>1630.874143</ele>
        <time>2026-08-14T19:51:44.916Z</time>
      </trkpt>
      <trkpt lat="46.244179" lon="10.849536">
        <ele>1631.418368</ele>
        <time>2026-08-14T19:51:51.183Z</time>
      </trkpt>
      <trkpt lat="46.244073" lon="10.849250">
        <ele>1632.141208</ele>
        <time>2026-08-14T19:51:59.811Z</time>
      </trkpt>
      <trkpt lat="46.243844" lon="10.848635">
        <ele>1633.697190</ele>
        <time>2026-08-14T19:52:19.651Z</time>
      </trkpt>
      <trkpt lat="46.243796" lon="10.848563">
        <ele>1633.919971</ele>
        <time>2026-08-14T19:52:22.719Z</time>
      </trkpt>
      <trkpt lat="46.243329" lon="10.848204">
        <ele>1635.993720</ele>
        <time>2026-08-14T19:52:46.711Z</time>
      </trkpt>
      <trkpt lat="46.242847" lon="10.847933">
        <ele>1638.670457</ele>
        <time>2026-08-14T19:53:12.988Z</time>
      </trkpt>
      <trkpt lat="46.242605" lon="10.847757">
        <ele>1640.072538</ele>
        <time>2026-08-14T19:53:26.999Z</time>
      </trkpt>
      <trkpt lat="46.242366" lon="10.847530">
        <ele>1641.552586</ele>
        <time>2026-08-14T19:53:41.844Z</time>
      </trkpt>
      <trkpt lat="46.242289" lon="10.847435">
        <ele>1642.076497</ele>
        <time>2026-08-14T19:53:47.418Z</time>
      </trkpt>
      <trkpt lat="46.241733" lon="10.846475">
        <ele>1646.793008</ele>
        <time>2026-08-14T19:54:34.248Z</time>
      </trkpt>
      <trkpt lat="46.241003" lon="10.845808">
        <ele>1651.730809</ele>
        <time>2026-08-14T19:55:21.032Z</time>
      </trkpt>
      <trkpt lat="46.240742" lon="10.845450">
        <ele>1653.787947</ele>
        <time>2026-08-14T19:55:42.530Z</time>
      </trkpt>
      <trkpt lat="46.240668" lon="10.845299">
        <ele>1654.519835</ele>
        <time>2026-08-14T19:55:49.624Z</time>
      </trkpt>
      <trkpt lat="46.240578" lon="10.845102">
        <ele>1654.816714</ele>
        <time>2026-08-14T19:55:57.730Z</time>
      </trkpt>
      <trkpt lat="46.240507" lon="10.845028">
        <ele>1654.940237</ele>
        <time>2026-08-14T19:56:02.012Z</time>
      </trkpt>
      <trkpt lat="46.240305" lon="10.845013">
        <ele>1655.225694</ele>
        <time>2026-08-14T19:56:10.383Z</time>
      </trkpt>
      <trkpt lat="46.240227" lon="10.844966">
        <ele>1655.344952</ele>
        <time>2026-08-14T19:56:13.809Z</time>
      </trkpt>
      <trkpt lat="46.240185" lon="10.844864">
        <ele>1655.460824</ele>
        <time>2026-08-14T19:56:16.590Z</time>
      </trkpt>
      <trkpt lat="46.240157" lon="10.844651">
        <ele>1655.672456</ele>
        <time>2026-08-14T19:56:21.740Z</time>
      </trkpt>
      <trkpt lat="46.240122" lon="10.844549">
        <ele>1655.783598</ele>
        <time>2026-08-14T19:56:24.510Z</time>
      </trkpt>
      <trkpt lat="46.239808" lon="10.844027">
        <ele>1656.458875</ele>
        <time>2026-08-14T19:56:37.003Z</time>
      </trkpt>
      <trkpt lat="46.239661" lon="10.843598">
        <ele>1656.926200</ele>
        <time>2026-08-14T19:56:42.446Z</time>
      </trkpt>
      <trkpt lat="46.239300" lon="10.842932">
        <ele>1655.912982</ele>
        <time>2026-08-14T19:56:51.152Z</time>
      </trkpt>
      <trkpt lat="46.239127" lon="10.842543">
        <ele>1654.993676</ele>
        <time>2026-08-14T19:56:55.933Z</time>
      </trkpt>
      <trkpt lat="46.239075" lon="10.842398">
        <ele>1654.669006</ele>
        <time>2026-08-14T19:56:57.654Z</time>
      </trkpt>
      <trkpt lat="46.239003" lon="10.841980">
        <ele>1653.812728</ele>
        <time>2026-08-14T19:57:02.271Z</time>
      </trkpt>
      <trkpt lat="46.238804" lon="10.841599">
        <ele>1652.863688</ele>
        <time>2026-08-14T19:57:07.385Z</time>
      </trkpt>
      <trkpt lat="46.238737" lon="10.841312">
        <ele>1652.261568</ele>
        <time>2026-08-14T19:57:10.622Z</time>
      </trkpt>
      <trkpt lat="46.238728" lon="10.841038">
        <ele>1651.742605</ele>
        <time>2026-08-14T19:57:13.515Z</time>
      </trkpt>
      <trkpt lat="46.238758" lon="10.840821">
        <ele>1651.347083</ele>
        <time>2026-08-14T19:57:15.845Z</time>
      </trkpt>
      <trkpt lat="46.238890" lon="10.840311">
        <ele>1650.373813</ele>
        <time>2026-08-14T19:57:21.666Z</time>
      </trkpt>
      <trkpt lat="46.238875" lon="10.840132">
        <ele>1650.051542</ele>
        <time>2026-08-14T19:57:23.618Z</time>
      </trkpt>
      <trkpt lat="46.238919" lon="10.839657">
        <ele>1649.194982</ele>
        <time>2026-08-14T19:57:28.837Z</time>
      </trkpt>
      <trkpt lat="46.238904" lon="10.839389">
        <ele>1648.714413</ele>
        <time>2026-08-14T19:57:31.814Z</time>
      </trkpt>
      <trkpt lat="46.238914" lon="10.838474">
        <ele>1647.171612</ele>
        <time>2026-08-14T19:57:41.838Z</time>
      </trkpt>
      <trkpt lat="46.238663" lon="10.837876">
        <ele>1646.384704</ele>
        <time>2026-08-14T19:57:49.485Z</time>
      </trkpt>
      <trkpt lat="46.238529" lon="10.837494">
        <ele>1645.902860</ele>
        <time>2026-08-14T19:57:54.423Z</time>
      </trkpt>
      <trkpt lat="46.238389" lon="10.837247">
        <ele>1645.543611</ele>
        <time>2026-08-14T19:57:58.179Z</time>
      </trkpt>
      <trkpt lat="46.238062" lon="10.836967">
        <ele>1644.925475</ele>
        <time>2026-08-14T19:58:04.980Z</time>
      </trkpt>
      <trkpt lat="46.238027" lon="10.836942">
        <ele>1644.861980</ele>
        <time>2026-08-14T19:58:06.098Z</time>
      </trkpt>
      <trkpt lat="46.237996" lon="10.836920">
        <ele>1644.805813</ele>
        <time>2026-08-14T19:58:07.072Z</time>
      </trkpt>
      <trkpt lat="46.237916" lon="10.836961">
        <ele>1644.667762</ele>
        <time>2026-08-14T19:58:09.675Z</time>
      </trkpt>
      <trkpt lat="46.237738" lon="10.836949">
        <ele>1644.346264</ele>
        <time>2026-08-14T19:58:14.924Z</time>
      </trkpt>
      <trkpt lat="46.237463" lon="10.836832">
        <ele>1643.308785</ele>
        <time>2026-08-14T19:58:23.219Z</time>
      </trkpt>
      <trkpt lat="46.237217" lon="10.836611">
        <ele>1642.260579</ele>
        <time>2026-08-14T19:58:31.396Z</time>
      </trkpt>
      <trkpt lat="46.237142" lon="10.836576">
        <ele>1641.975349</ele>
        <time>2026-08-14T19:58:33.504Z</time>
      </trkpt>
      <trkpt lat="46.237049" lon="10.836639">
        <ele>1641.603648</ele>
        <time>2026-08-14T19:58:36.252Z</time>
      </trkpt>
      <trkpt lat="46.236940" lon="10.836732">
        <ele>1641.145582</ele>
        <time>2026-08-14T19:58:38.518Z</time>
      </trkpt>
      <trkpt lat="46.236824" lon="10.836788">
        <ele>1640.702969</ele>
        <time>2026-08-14T19:58:40.619Z</time>
      </trkpt>
      <trkpt lat="46.236658" lon="10.836771">
        <ele>1640.100677</ele>
        <time>2026-08-14T19:58:43.375Z</time>
      </trkpt>
      <trkpt lat="46.236560" lon="10.836671">
        <ele>1639.666550</ele>
        <time>2026-08-14T19:58:45.320Z</time>
      </trkpt>
      <trkpt lat="46.236487" lon="10.836435">
        <ele>1639.019378</ele>
        <time>2026-08-14T19:58:48.141Z</time>
      </trkpt>
      <trkpt lat="46.236204" lon="10.836034">
        <ele>1637.083057</ele>
        <time>2026-08-14T19:58:54.187Z</time>
      </trkpt>
      <trkpt lat="46.236001" lon="10.835427">
        <ele>1632.651286</ele>
        <time>2026-08-14T19:59:01.032Z</time>
      </trkpt>
      <trkpt lat="46.235542" lon="10.835008">
        <ele>1627.492670</ele>
        <time>2026-08-14T19:59:08.835Z</time>
      </trkpt>
      <trkpt lat="46.235122" lon="10.834528">
        <ele>1622.404934</ele>
        <time>2026-08-14T19:59:16.486Z</time>
      </trkpt>
      <trkpt lat="46.235007" lon="10.834453">
        <ele>1621.206038</ele>
        <time>2026-08-14T19:59:18.273Z</time>
      </trkpt>
      <trkpt lat="46.234916" lon="10.834439">
        <ele>1620.133976</ele>
        <time>2026-08-14T19:59:19.555Z</time>
      </trkpt>
      <trkpt lat="46.234864" lon="10.834354">
        <ele>1619.063574</ele>
        <time>2026-08-14T19:59:20.665Z</time>
      </trkpt>
      <trkpt lat="46.234815" lon="10.833972">
        <ele>1615.398750</ele>
        <time>2026-08-14T19:59:24.421Z</time>
      </trkpt>
      <trkpt lat="46.234625" lon="10.833479">
        <ele>1610.075176</ele>
        <time>2026-08-14T19:59:29.838Z</time>
      </trkpt>
      <trkpt lat="46.234567" lon="10.833191">
        <ele>1607.245672</ele>
        <time>2026-08-14T19:59:32.694Z</time>
      </trkpt>
      <trkpt lat="46.234504" lon="10.833123">
        <ele>1606.173484</ele>
        <time>2026-08-14T19:59:33.776Z</time>
      </trkpt>
      <trkpt lat="46.234294" lon="10.833153">
        <ele>1603.295710</ele>
        <time>2026-08-14T19:59:36.652Z</time>
      </trkpt>
      <trkpt lat="46.234220" lon="10.833112">
        <ele>1602.214980</ele>
        <time>2026-08-14T19:59:37.734Z</time>
      </trkpt>
      <trkpt lat="46.234099" lon="10.832875">
        <ele>1599.436322</ele>
        <time>2026-08-14T19:59:40.508Z</time>
      </trkpt>
      <trkpt lat="46.233902" lon="10.832635">
        <ele>1595.906564</ele>
        <time>2026-08-14T19:59:44.011Z</time>
      </trkpt>
      <trkpt lat="46.233586" lon="10.831988">
        <ele>1588.082920</ele>
        <time>2026-08-14T19:59:51.478Z</time>
      </trkpt>
      <trkpt lat="46.233450" lon="10.831908">
        <ele>1585.986167</ele>
        <time>2026-08-14T19:59:53.481Z</time>
      </trkpt>
      <trkpt lat="46.233099" lon="10.831793">
        <ele>1580.846634</ele>
        <time>2026-08-14T19:59:58.385Z</time>
      </trkpt>
      <trkpt lat="46.232948" lon="10.831856">
        <ele>1578.602288</ele>
        <time>2026-08-14T20:00:00.537Z</time>
      </trkpt>
      <trkpt lat="46.232647" lon="10.831797">
        <ele>1574.264556</ele>
        <time>2026-08-14T20:00:04.711Z</time>
      </trkpt>
      <trkpt lat="46.232585" lon="10.831801">
        <ele>1573.378290</ele>
        <time>2026-08-14T20:00:06.242Z</time>
      </trkpt>
      <trkpt lat="46.232426" lon="10.831715">
        <ele>1570.953987</ele>
        <time>2026-08-14T20:00:08.586Z</time>
      </trkpt>
      <trkpt lat="46.232042" lon="10.831438">
        <ele>1566.047652</ele>
        <time>2026-08-14T20:00:14.668Z</time>
      </trkpt>
      <trkpt lat="46.231558" lon="10.831301">
        <ele>1560.498454</ele>
        <time>2026-08-14T20:00:21.745Z</time>
      </trkpt>
      <trkpt lat="46.231420" lon="10.831189">
        <ele>1558.717763</ele>
        <time>2026-08-14T20:00:24.005Z</time>
      </trkpt>
      <trkpt lat="46.231128" lon="10.831269">
        <ele>1555.373804</ele>
        <time>2026-08-14T20:00:27.745Z</time>
      </trkpt>
      <trkpt lat="46.230972" lon="10.831280">
        <ele>1553.616463</ele>
        <time>2026-08-14T20:00:29.681Z</time>
      </trkpt>
      <trkpt lat="46.230432" lon="10.831219">
        <ele>1547.380722</ele>
        <time>2026-08-14T20:00:36.318Z</time>
      </trkpt>
      <trkpt lat="46.230264" lon="10.831181">
        <ele>1545.371826</ele>
        <time>2026-08-14T20:00:38.403Z</time>
      </trkpt>
      <trkpt lat="46.230168" lon="10.831194">
        <ele>1544.232719</ele>
        <time>2026-08-14T20:00:39.581Z</time>
      </trkpt>
      <trkpt lat="46.230119" lon="10.831164">
        <ele>1543.604055</ele>
        <time>2026-08-14T20:00:40.234Z</time>
      </trkpt>
      <trkpt lat="46.230028" lon="10.831009">
        <ele>1541.942611</ele>
        <time>2026-08-14T20:00:41.931Z</time>
      </trkpt>
      <trkpt lat="46.229941" lon="10.830953">
        <ele>1540.817508</ele>
        <time>2026-08-14T20:00:43.092Z</time>
      </trkpt>
      <trkpt lat="46.229742" lon="10.830939">
        <ele>1538.463745</ele>
        <time>2026-08-14T20:00:45.505Z</time>
      </trkpt>
      <trkpt lat="46.229557" lon="10.830824">
        <ele>1536.084651</ele>
        <time>2026-08-14T20:00:47.957Z</time>
      </trkpt>
      <trkpt lat="46.229237" lon="10.830705">
        <ele>1532.181090</ele>
        <time>2026-08-14T20:00:52.038Z</time>
      </trkpt>
      <trkpt lat="46.228904" lon="10.830673">
        <ele>1528.574090</ele>
        <time>2026-08-14T20:00:56.243Z</time>
      </trkpt>
      <trkpt lat="46.228627" lon="10.830644">
        <ele>1526.570111</ele>
        <time>2026-08-14T20:00:59.867Z</time>
      </trkpt>
      <trkpt lat="46.228464" lon="10.830617">
        <ele>1525.386259</ele>
        <time>2026-08-14T20:01:02.034Z</time>
      </trkpt>
      <trkpt lat="46.228187" lon="10.830494">
        <ele>1523.295339</ele>
        <time>2026-08-14T20:01:05.902Z</time>
      </trkpt>
      <trkpt lat="46.228016" lon="10.830272">
        <ele>1521.636879</ele>
        <time>2026-08-14T20:01:09.005Z</time>
      </trkpt>
      <trkpt lat="46.227936" lon="10.830205">
        <ele>1520.969738</ele>
        <time>2026-08-14T20:01:10.232Z</time>
      </trkpt>
      <trkpt lat="46.227422" lon="10.830022">
        <ele>1517.150037</ele>
        <time>2026-08-14T20:01:17.408Z</time>
      </trkpt>
      <trkpt lat="46.226912" lon="10.829724">
        <ele>1513.279165</ele>
        <time>2026-08-14T20:01:24.820Z</time>
      </trkpt>
      <trkpt lat="46.226516" lon="10.829645">
        <ele>1510.491167</ele>
        <time>2026-08-14T20:01:30.162Z</time>
      </trkpt>
      <trkpt lat="46.226133" lon="10.829479">
        <ele>1507.702520</ele>
        <time>2026-08-14T20:01:35.423Z</time>
      </trkpt>
      <trkpt lat="46.225728" lon="10.829420">
        <ele>1504.863624</ele>
        <time>2026-08-14T20:01:40.768Z</time>
      </trkpt>
      <trkpt lat="46.225237" lon="10.829143">
        <ele>1501.619375</ele>
        <time>2026-08-14T20:01:47.687Z</time>
      </trkpt>
      <trkpt lat="46.225110" lon="10.829018">
        <ele>1500.741307</ele>
        <time>2026-08-14T20:01:49.711Z</time>
      </trkpt>
      <trkpt lat="46.225034" lon="10.828893">
        <ele>1500.083370</ele>
        <time>2026-08-14T20:01:51.224Z</time>
      </trkpt>
      <trkpt lat="46.225017" lon="10.828703">
        <ele>1499.325915</ele>
        <time>2026-08-14T20:01:52.993Z</time>
      </trkpt>
      <trkpt lat="46.225030" lon="10.828359">
        <ele>1497.963823</ele>
        <time>2026-08-14T20:01:56.238Z</time>
      </trkpt>
      <trkpt lat="46.225028" lon="10.828170">
        <ele>1497.216491</ele>
        <time>2026-08-14T20:01:58.037Z</time>
      </trkpt>
      <trkpt lat="46.224991" lon="10.828045">
        <ele>1496.678947</ele>
        <time>2026-08-14T20:01:59.330Z</time>
      </trkpt>
      <trkpt lat="46.225388" lon="10.827656">
        <ele>1493.938006</ele>
        <time>2026-08-14T20:02:06.109Z</time>
      </trkpt>
      <trkpt lat="46.225517" lon="10.827557">
        <ele>1493.273640</ele>
        <time>2026-08-14T20:02:08.301Z</time>
      </trkpt>
      <trkpt lat="46.225571" lon="10.827596">
        <ele>1493.228466</ele>
        <time>2026-08-14T20:02:09.243Z</time>
      </trkpt>
      <trkpt lat="46.225635" lon="10.827528">
        <ele>1493.169025</ele>
        <time>2026-08-14T20:02:10.463Z</time>
      </trkpt>
      <trkpt lat="46.225625" lon="10.827441">
        <ele>1493.123366</ele>
        <time>2026-08-14T20:02:11.412Z</time>
      </trkpt>
      <trkpt lat="46.225570" lon="10.827402">
        <ele>1493.077521</ele>
        <time>2026-08-14T20:02:12.379Z</time>
      </trkpt>
      <trkpt lat="46.225528" lon="10.827274">
        <ele>1493.004177</ele>
        <time>2026-08-14T20:02:14.015Z</time>
      </trkpt>
      <trkpt lat="46.225492" lon="10.827162">
        <ele>1492.940239</ele>
        <time>2026-08-14T20:02:15.466Z</time>
      </trkpt>
      <trkpt lat="46.225403" lon="10.826885">
        <ele>1492.782118</ele>
        <time>2026-08-14T20:02:19.174Z</time>
      </trkpt>
      <trkpt lat="46.225384" lon="10.826491">
        <ele>1492.577640</ele>
        <time>2026-08-14T20:02:24.544Z</time>
      </trkpt>
      <trkpt lat="46.225336" lon="10.826311">
        <ele>1492.477767</ele>
        <time>2026-08-14T20:02:27.544Z</time>
      </trkpt>
      <trkpt lat="46.225218" lon="10.826157">
        <ele>1492.358794</ele>
        <time>2026-08-14T20:02:30.880Z</time>
      </trkpt>
      <trkpt lat="46.224914" lon="10.825889">
        <ele>1492.092323</ele>
        <time>2026-08-14T20:02:39.107Z</time>
      </trkpt>
      <trkpt lat="46.224589" lon="10.825305">
        <ele>1492.254090</ele>
        <time>2026-08-14T20:02:56.558Z</time>
      </trkpt>
      <trkpt lat="46.224569" lon="10.825266">
        <ele>1492.284451</ele>
        <time>2026-08-14T20:02:57.851Z</time>
      </trkpt>
      <trkpt lat="46.224401" lon="10.824960">
        <ele>1492.528766</ele>
        <time>2026-08-14T20:03:08.062Z</time>
      </trkpt>
      <trkpt lat="46.224172" lon="10.824552">
        <ele>1492.857348</ele>
        <time>2026-08-14T20:03:20.438Z</time>
      </trkpt>
      <trkpt lat="46.224054" lon="10.824358">
        <ele>1493.018903</ele>
        <time>2026-08-14T20:03:25.562Z</time>
      </trkpt>
      <trkpt lat="46.223919" lon="10.824199">
        <ele>1493.176326</ele>
        <time>2026-08-14T20:03:29.600Z</time>
      </trkpt>
      <trkpt lat="46.223816" lon="10.824099">
        <ele>1493.288492</ele>
        <time>2026-08-14T20:03:32.111Z</time>
      </trkpt>
      <trkpt lat="46.223640" lon="10.823979">
        <ele>1493.464408</ele>
        <time>2026-08-14T20:03:35.740Z</time>
      </trkpt>
      <trkpt lat="46.222799" lon="10.823473">
        <ele>1493.579254</ele>
        <time>2026-08-14T20:03:50.762Z</time>
      </trkpt>
      <trkpt lat="46.222624" lon="10.823400">
        <ele>1493.579254</ele>
        <time>2026-08-14T20:03:53.582Z</time>
      </trkpt>
      <trkpt lat="46.221971" lon="10.823230">
        <ele>1493.579254</ele>
        <time>2026-08-14T20:04:04.699Z</time>
      </trkpt>
      <trkpt lat="46.221769" lon="10.823141">
        <ele>1493.579254</ele>
        <time>2026-08-14T20:04:08.769Z</time>
      </trkpt>
      <trkpt lat="46.221555" lon="10.822982">
        <ele>1493.579254</ele>
        <time>2026-08-14T20:04:13.730Z</time>
      </trkpt>
      <trkpt lat="46.221213" lon="10.822681">
        <ele>1493.579254</ele>
        <time>2026-08-14T20:04:22.938Z</time>
      </trkpt>
      <trkpt lat="46.221378" lon="10.822611">
        <ele>1493.579254</ele>
        <time>2026-08-14T20:04:27.717Z</time>
      </trkpt>
    </trkseg>
  </trk>
</gpx>