<?xml version='1.0' encoding='UTF-8'?>
<gpx version="1.1" creator="https://www.komoot.de" xmlns="http://www.topografix.com/GPX/1/1" xmlns:xsi="http://www.w3.org/2001/XMLSchema-instance" xsi:schemaLocation="http://www.topografix.com/GPX/1/1 http://www.topografix.com/GPX/1/1/gpx.xsd">
  <metadata>
    <name>Alpentour Tag 3: von Sattelbergalm (Brennerpass) über Jaufenpass nach St. Leonhard</name>
    <author>
      <link href="https://www.komoot.de">
        <text>komoot</text>
        <type>text/html</type>
      </link>
    </author>
  </metadata>
  <wpt lat="46.897460" lon="11.431859">
    <name>Kleine Flamme</name>
    <sym>Restaurant</sym>
  </wpt>
  <wpt lat="46.839604" lon="11.321472">
    <name>Jaufenpass</name>
    <sym>Flag, Blue</sym>
  </wpt>
  <trk>
    <name>Alpentour Tag 3: von Sattelbergalm (Brennerpass) über Jaufenpass nach St. Leonhard</name>
    <type>mtb_easy</type>
    <trkseg>
      <trkpt lat="47.019014" lon="11.491977">
        <ele>1642.819260</ele>
        <time>2026-08-14T12:11:27.469Z</time>
      </trkpt>
      <trkpt lat="47.019289" lon="11.492036">
        <ele>1642.819260</ele>
        <time>2026-08-14T12:11:30.951Z</time>
      </trkpt>
      <trkpt lat="47.019474" lon="11.491989">
        <ele>1642.819260</ele>
        <time>2026-08-14T12:11:33.260Z</time>
      </trkpt>
      <trkpt lat="47.019559" lon="11.492143">
        <ele>1642.819260</ele>
        <time>2026-08-14T12:11:36.229Z</time>
      </trkpt>
      <trkpt lat="47.019785" lon="11.492263">
        <ele>1642.819260</ele>
        <time>2026-08-14T12:11:41.521Z</time>
      </trkpt>
      <trkpt lat="47.019923" lon="11.492398">
        <ele>1642.797727</ele>
        <time>2026-08-14T12:11:45.157Z</time>
      </trkpt>
      <trkpt lat="47.020309" lon="11.493062">
        <ele>1642.678749</ele>
        <time>2026-08-14T12:11:59.055Z</time>
      </trkpt>
      <trkpt lat="47.020274" lon="11.493122">
        <ele>1642.667983</ele>
        <time>2026-08-14T12:12:00.531Z</time>
      </trkpt>
      <trkpt lat="47.020289" lon="11.493407">
        <ele>1642.629009</ele>
        <time>2026-08-14T12:12:06.200Z</time>
      </trkpt>
      <trkpt lat="47.020274" lon="11.493122">
        <ele>1642.590035</ele>
        <time>2026-08-14T12:12:13.321Z</time>
      </trkpt>
      <trkpt lat="47.020309" lon="11.493062">
        <ele>1642.579269</ele>
        <time>2026-08-14T12:12:15.565Z</time>
      </trkpt>
      <trkpt lat="47.019923" lon="11.492398">
        <ele>1642.460291</ele>
        <time>2026-08-14T12:12:50.835Z</time>
      </trkpt>
      <trkpt lat="47.019785" lon="11.492263">
        <ele>1644.067189</ele>
        <time>2026-08-14T12:13:03.075Z</time>
      </trkpt>
      <trkpt lat="47.019559" lon="11.492143">
        <ele>1646.450484</ele>
        <time>2026-08-14T12:13:21.700Z</time>
      </trkpt>
      <trkpt lat="47.019474" lon="11.491989">
        <ele>1647.789963</ele>
        <time>2026-08-14T12:13:32.298Z</time>
      </trkpt>
      <trkpt lat="47.019289" lon="11.492036">
        <ele>1649.651712</ele>
        <time>2026-08-14T12:13:44.764Z</time>
      </trkpt>
      <trkpt lat="47.019014" lon="11.491977">
        <ele>1652.407592</ele>
        <time>2026-08-14T12:14:02.406Z</time>
      </trkpt>
      <trkpt lat="47.018993" lon="11.491973">
        <ele>1652.617574</ele>
        <time>2026-08-14T12:14:03.750Z</time>
      </trkpt>
      <trkpt lat="47.018883" lon="11.491979">
        <ele>1653.709074</ele>
        <time>2026-08-14T12:14:10.858Z</time>
      </trkpt>
      <trkpt lat="47.018851" lon="11.492060">
        <ele>1654.341946</ele>
        <time>2026-08-14T12:14:15.136Z</time>
      </trkpt>
      <trkpt lat="47.018921" lon="11.492262">
        <ele>1655.873793</ele>
        <time>2026-08-14T12:14:25.702Z</time>
      </trkpt>
      <trkpt lat="47.018916" lon="11.492401">
        <ele>1656.814770</ele>
        <time>2026-08-14T12:14:32.316Z</time>
      </trkpt>
      <trkpt lat="47.018554" lon="11.492777">
        <ele>1661.309687</ele>
        <time>2026-08-14T12:15:03.433Z</time>
      </trkpt>
      <trkpt lat="47.018421" lon="11.492834">
        <ele>1662.828029</ele>
        <time>2026-08-14T12:15:13.388Z</time>
      </trkpt>
      <trkpt lat="47.018321" lon="11.492708">
        <ele>1664.272616</ele>
        <time>2026-08-14T12:15:22.955Z</time>
      </trkpt>
      <trkpt lat="47.018200" lon="11.492664">
        <ele>1665.638665</ele>
        <time>2026-08-14T12:15:31.998Z</time>
      </trkpt>
      <trkpt lat="47.017943" lon="11.492661">
        <ele>1668.454945</ele>
        <time>2026-08-14T12:15:50.801Z</time>
      </trkpt>
      <trkpt lat="47.017773" lon="11.492701">
        <ele>1670.341611</ele>
        <time>2026-08-14T12:16:03.205Z</time>
      </trkpt>
      <trkpt lat="47.017319" lon="11.493031">
        <ele>1675.893886</ele>
        <time>2026-08-14T12:16:40.391Z</time>
      </trkpt>
      <trkpt lat="47.017056" lon="11.493118">
        <ele>1678.848209</ele>
        <time>2026-08-14T12:16:58.584Z</time>
      </trkpt>
      <trkpt lat="47.016587" lon="11.493791">
        <ele>1683.409401</ele>
        <time>2026-08-14T12:17:34.589Z</time>
      </trkpt>
      <trkpt lat="47.016273" lon="11.494017">
        <ele>1685.572475</ele>
        <time>2026-08-14T12:17:50.260Z</time>
      </trkpt>
      <trkpt lat="47.015699" lon="11.494544">
        <ele>1689.760378</ele>
        <time>2026-08-14T12:18:17.255Z</time>
      </trkpt>
      <trkpt lat="47.015501" lon="11.494628">
        <ele>1691.035064</ele>
        <time>2026-08-14T12:18:25.132Z</time>
      </trkpt>
      <trkpt lat="47.015308" lon="11.494666">
        <ele>1692.068601</ele>
        <time>2026-08-14T12:18:32.759Z</time>
      </trkpt>
      <trkpt lat="47.014877" lon="11.494905">
        <ele>1694.480607</ele>
        <time>2026-08-14T12:18:51.688Z</time>
      </trkpt>
      <trkpt lat="47.014591" lon="11.494958">
        <ele>1695.989624</ele>
        <time>2026-08-14T12:19:04.162Z</time>
      </trkpt>
      <trkpt lat="47.014125" lon="11.495070">
        <ele>1698.461513</ele>
        <time>2026-08-14T12:19:24.982Z</time>
      </trkpt>
      <trkpt lat="47.013277" lon="11.495557">
        <ele>1703.454603</ele>
        <time>2026-08-14T12:20:05.710Z</time>
      </trkpt>
      <trkpt lat="47.012498" lon="11.495872">
        <ele>1708.040351</ele>
        <time>2026-08-14T12:20:43.624Z</time>
      </trkpt>
      <trkpt lat="47.011729" lon="11.496133">
        <ele>1711.465866</ele>
        <time>2026-08-14T12:21:17.896Z</time>
      </trkpt>
      <trkpt lat="47.011096" lon="11.496413">
        <ele>1712.983634</ele>
        <time>2026-08-14T12:21:41.518Z</time>
      </trkpt>
      <trkpt lat="47.010843" lon="11.496595">
        <ele>1713.630525</ele>
        <time>2026-08-14T12:21:49.373Z</time>
      </trkpt>
      <trkpt lat="47.010599" lon="11.496611">
        <ele>1714.191210</ele>
        <time>2026-08-14T12:21:54.926Z</time>
      </trkpt>
      <trkpt lat="47.010291" lon="11.496559">
        <ele>1714.845486</ele>
        <time>2026-08-14T12:22:00.328Z</time>
      </trkpt>
      <trkpt lat="47.010019" lon="11.496674">
        <ele>1713.939405</ele>
        <time>2026-08-14T12:22:04.644Z</time>
      </trkpt>
      <trkpt lat="47.009524" lon="11.496686">
        <ele>1712.354782</ele>
        <time>2026-08-14T12:22:11.519Z</time>
      </trkpt>
      <trkpt lat="47.009357" lon="11.496779">
        <ele>1711.783003</ele>
        <time>2026-08-14T12:22:13.889Z</time>
      </trkpt>
      <trkpt lat="47.009272" lon="11.496818">
        <ele>1711.497928</ele>
        <time>2026-08-14T12:22:15.064Z</time>
      </trkpt>
      <trkpt lat="47.008930" lon="11.496842">
        <ele>1710.401994</ele>
        <time>2026-08-14T12:22:20.070Z</time>
      </trkpt>
      <trkpt lat="47.008534" lon="11.496732">
        <ele>1709.115031</ele>
        <time>2026-08-14T12:22:26.114Z</time>
      </trkpt>
      <trkpt lat="47.008371" lon="11.496754">
        <ele>1708.755730</ele>
        <time>2026-08-14T12:22:28.574Z</time>
      </trkpt>
      <trkpt lat="47.008221" lon="11.496692">
        <ele>1708.413648</ele>
        <time>2026-08-14T12:22:30.915Z</time>
      </trkpt>
      <trkpt lat="47.008166" lon="11.496626">
        <ele>1708.257655</ele>
        <time>2026-08-14T12:22:32.006Z</time>
      </trkpt>
      <trkpt lat="47.008134" lon="11.496524">
        <ele>1708.089601</ele>
        <time>2026-08-14T12:22:33.145Z</time>
      </trkpt>
      <trkpt lat="47.008127" lon="11.496346">
        <ele>1707.822732</ele>
        <time>2026-08-14T12:22:34.975Z</time>
      </trkpt>
      <trkpt lat="47.008189" lon="11.496029">
        <ele>1707.329123</ele>
        <time>2026-08-14T12:22:38.322Z</time>
      </trkpt>
      <trkpt lat="47.008148" lon="11.495935">
        <ele>1707.162106</ele>
        <time>2026-08-14T12:22:39.465Z</time>
      </trkpt>
      <trkpt lat="47.008039" lon="11.495927">
        <ele>1706.922548</ele>
        <time>2026-08-14T12:22:41.100Z</time>
      </trkpt>
      <trkpt lat="47.007726" lon="11.496124">
        <ele>1706.174903</ele>
        <time>2026-08-14T12:22:46.352Z</time>
      </trkpt>
      <trkpt lat="47.007390" lon="11.496166">
        <ele>1705.434700</ele>
        <time>2026-08-14T12:22:52.230Z</time>
      </trkpt>
      <trkpt lat="47.006759" lon="11.496008">
        <ele>1708.027242</ele>
        <time>2026-08-14T12:23:06.455Z</time>
      </trkpt>
      <trkpt lat="47.006566" lon="11.495882">
        <ele>1709.183786</ele>
        <time>2026-08-14T12:23:13.716Z</time>
      </trkpt>
      <trkpt lat="47.006560" lon="11.495790">
        <ele>1709.528800</ele>
        <time>2026-08-14T12:23:16.451Z</time>
      </trkpt>
      <trkpt lat="47.006355" lon="11.495541">
        <ele>1710.986037</ele>
        <time>2026-08-14T12:23:28.745Z</time>
      </trkpt>
      <trkpt lat="47.006136" lon="11.495152">
        <ele>1712.869183</ele>
        <time>2026-08-14T12:23:48.803Z</time>
      </trkpt>
      <trkpt lat="47.005932" lon="11.494658">
        <ele>1715.031616</ele>
        <time>2026-08-14T12:24:15.707Z</time>
      </trkpt>
      <trkpt lat="47.005698" lon="11.493974">
        <ele>1721.720937</ele>
        <time>2026-08-14T12:24:53.215Z</time>
      </trkpt>
      <trkpt lat="47.005357" lon="11.492552">
        <ele>1734.897406</ele>
        <time>2026-08-14T12:26:11.599Z</time>
      </trkpt>
      <trkpt lat="47.005337" lon="11.492281">
        <ele>1737.280170</ele>
        <time>2026-08-14T12:26:28.111Z</time>
      </trkpt>
      <trkpt lat="47.005408" lon="11.492045">
        <ele>1740.151668</ele>
        <time>2026-08-14T12:26:44.586Z</time>
      </trkpt>
      <trkpt lat="47.005522" lon="11.491274">
        <ele>1749.963930</ele>
        <time>2026-08-14T12:27:39.287Z</time>
      </trkpt>
      <trkpt lat="47.005718" lon="11.490691">
        <ele>1758.048383</ele>
        <time>2026-08-14T12:28:28.314Z</time>
      </trkpt>
      <trkpt lat="47.005753" lon="11.490524">
        <ele>1760.221345</ele>
        <time>2026-08-14T12:28:42.022Z</time>
      </trkpt>
      <trkpt lat="47.005851" lon="11.489818">
        <ele>1769.182350</ele>
        <time>2026-08-14T12:29:37.419Z</time>
      </trkpt>
      <trkpt lat="47.006076" lon="11.489081">
        <ele>1777.964417</ele>
        <time>2026-08-14T12:30:32.251Z</time>
      </trkpt>
      <trkpt lat="47.006133" lon="11.488656">
        <ele>1782.537374</ele>
        <time>2026-08-14T12:30:58.694Z</time>
      </trkpt>
      <trkpt lat="47.006137" lon="11.488382">
        <ele>1785.430829</ele>
        <time>2026-08-14T12:31:14.614Z</time>
      </trkpt>
      <trkpt lat="47.006177" lon="11.488003">
        <ele>1789.479811</ele>
        <time>2026-08-14T12:31:35.752Z</time>
      </trkpt>
      <trkpt lat="47.006195" lon="11.487973">
        <ele>1789.901687</ele>
        <time>2026-08-14T12:31:37.955Z</time>
      </trkpt>
      <trkpt lat="47.006226" lon="11.487953">
        <ele>1790.426031</ele>
        <time>2026-08-14T12:31:40.568Z</time>
      </trkpt>
      <trkpt lat="47.006258" lon="11.487983">
        <ele>1791.014052</ele>
        <time>2026-08-14T12:31:43.481Z</time>
      </trkpt>
      <trkpt lat="47.006708" lon="11.489761">
        <ele>1813.299414</ele>
        <time>2026-08-14T12:33:33.730Z</time>
      </trkpt>
      <trkpt lat="47.006842" lon="11.489991">
        <ele>1817.080397</ele>
        <time>2026-08-14T12:33:55.537Z</time>
      </trkpt>
      <trkpt lat="47.006994" lon="11.490106">
        <ele>1820.215277</ele>
        <time>2026-08-14T12:34:14.723Z</time>
      </trkpt>
      <trkpt lat="47.007178" lon="11.490167">
        <ele>1823.672856</ele>
        <time>2026-08-14T12:34:36.784Z</time>
      </trkpt>
      <trkpt lat="47.008226" lon="11.489777">
        <ele>1843.123667</ele>
        <time>2026-08-14T12:36:49.291Z</time>
      </trkpt>
      <trkpt lat="47.008746" lon="11.489409">
        <ele>1853.377495</ele>
        <time>2026-08-14T12:37:48.355Z</time>
      </trkpt>
      <trkpt lat="47.008803" lon="11.489344">
        <ele>1854.659790</ele>
        <time>2026-08-14T12:37:54.635Z</time>
      </trkpt>
      <trkpt lat="47.008840" lon="11.489230">
        <ele>1856.188705</ele>
        <time>2026-08-14T12:38:02.030Z</time>
      </trkpt>
      <trkpt lat="47.008842" lon="11.489159">
        <ele>1857.049231</ele>
        <time>2026-08-14T12:38:06.005Z</time>
      </trkpt>
      <trkpt lat="47.008771" lon="11.489033">
        <ele>1859.028633</ele>
        <time>2026-08-14T12:38:14.780Z</time>
      </trkpt>
      <trkpt lat="47.008434" lon="11.489042">
        <ele>1864.431674</ele>
        <time>2026-08-14T12:38:38.884Z</time>
      </trkpt>
      <trkpt lat="47.008323" lon="11.489018">
        <ele>1865.580504</ele>
        <time>2026-08-14T12:38:46.329Z</time>
      </trkpt>
      <trkpt lat="47.008156" lon="11.488833">
        <ele>1867.723468</ele>
        <time>2026-08-14T12:38:59.403Z</time>
      </trkpt>
      <trkpt lat="47.008084" lon="11.488675">
        <ele>1869.050287</ele>
        <time>2026-08-14T12:39:06.986Z</time>
      </trkpt>
      <trkpt lat="47.008038" lon="11.488105">
        <ele>1873.057813</ele>
        <time>2026-08-14T12:39:28.425Z</time>
      </trkpt>
      <trkpt lat="47.007878" lon="11.487674">
        <ele>1876.484113</ele>
        <time>2026-08-14T12:39:49.352Z</time>
      </trkpt>
      <trkpt lat="47.007798" lon="11.487309">
        <ele>1879.160970</ele>
        <time>2026-08-14T12:40:07.122Z</time>
      </trkpt>
      <trkpt lat="47.007837" lon="11.486918">
        <ele>1881.920004</ele>
        <time>2026-08-14T12:40:26.332Z</time>
      </trkpt>
      <trkpt lat="47.007700" lon="11.486197">
        <ele>1888.784954</ele>
        <time>2026-08-14T12:41:04.512Z</time>
      </trkpt>
      <trkpt lat="47.007728" lon="11.485685">
        <ele>1893.525855</ele>
        <time>2026-08-14T12:41:31.443Z</time>
      </trkpt>
      <trkpt lat="47.007620" lon="11.485103">
        <ele>1899.093038</ele>
        <time>2026-08-14T12:42:05.906Z</time>
      </trkpt>
      <trkpt lat="47.007629" lon="11.484826">
        <ele>1901.652636</ele>
        <time>2026-08-14T12:42:22.478Z</time>
      </trkpt>
      <trkpt lat="47.007582" lon="11.484558">
        <ele>1904.206761</ele>
        <time>2026-08-14T12:42:39.321Z</time>
      </trkpt>
      <trkpt lat="47.007577" lon="11.484331">
        <ele>1906.303055</ele>
        <time>2026-08-14T12:42:53.540Z</time>
      </trkpt>
      <trkpt lat="47.007665" lon="11.483992">
        <ele>1910.475715</ele>
        <time>2026-08-14T12:43:16.417Z</time>
      </trkpt>
      <trkpt lat="47.007722" lon="11.483525">
        <ele>1915.965487</ele>
        <time>2026-08-14T12:43:46.632Z</time>
      </trkpt>
      <trkpt lat="47.007776" lon="11.483503">
        <ele>1916.916543</ele>
        <time>2026-08-14T12:43:51.960Z</time>
      </trkpt>
      <trkpt lat="47.007903" lon="11.484137">
        <ele>1924.562847</ele>
        <time>2026-08-14T12:44:34.987Z</time>
      </trkpt>
      <trkpt lat="47.008243" lon="11.484992">
        <ele>1936.015840</ele>
        <time>2026-08-14T12:45:43.226Z</time>
      </trkpt>
      <trkpt lat="47.008472" lon="11.485288">
        <ele>1941.842285</ele>
        <time>2026-08-14T12:46:15.612Z</time>
      </trkpt>
      <trkpt lat="47.008514" lon="11.485302">
        <ele>1942.683745</ele>
        <time>2026-08-14T12:46:20.322Z</time>
      </trkpt>
      <trkpt lat="47.008541" lon="11.485269">
        <ele>1943.370406</ele>
        <time>2026-08-14T12:46:24.047Z</time>
      </trkpt>
      <trkpt lat="47.008489" lon="11.485034">
        <ele>1946.661715</ele>
        <time>2026-08-14T12:46:42.323Z</time>
      </trkpt>
      <trkpt lat="47.008488" lon="11.484888">
        <ele>1948.606784</ele>
        <time>2026-08-14T12:46:53.242Z</time>
      </trkpt>
      <trkpt lat="47.008499" lon="11.484780">
        <ele>1950.061490</ele>
        <time>2026-08-14T12:47:01.499Z</time>
      </trkpt>
      <trkpt lat="47.008682" lon="11.484279">
        <ele>1957.632909</ele>
        <time>2026-08-14T12:47:45.042Z</time>
      </trkpt>
      <trkpt lat="47.008745" lon="11.483500">
        <ele>1968.083216</ele>
        <time>2026-08-14T12:48:46.332Z</time>
      </trkpt>
      <trkpt lat="47.008735" lon="11.482577">
        <ele>1979.898784</ele>
        <time>2026-08-14T12:49:54.557Z</time>
      </trkpt>
      <trkpt lat="47.008852" lon="11.482155">
        <ele>1985.615920</ele>
        <time>2026-08-14T12:50:25.424Z</time>
      </trkpt>
      <trkpt lat="47.008921" lon="11.481657">
        <ele>1991.993524</ele>
        <time>2026-08-14T12:50:58.884Z</time>
      </trkpt>
      <trkpt lat="47.008717" lon="11.480542">
        <ele>2006.505847</ele>
        <time>2026-08-14T12:52:20.359Z</time>
      </trkpt>
      <trkpt lat="47.008723" lon="11.480479">
        <ele>2007.318806</ele>
        <time>2026-08-14T12:52:25.161Z</time>
      </trkpt>
      <trkpt lat="47.008766" lon="11.480470">
        <ele>2008.132887</ele>
        <time>2026-08-14T12:52:29.952Z</time>
      </trkpt>
      <trkpt lat="47.009665" lon="11.481432">
        <ele>2028.990666</ele>
        <time>2026-08-14T12:54:32.522Z</time>
      </trkpt>
      <trkpt lat="47.009802" lon="11.481454">
        <ele>2031.573694</ele>
        <time>2026-08-14T12:54:47.942Z</time>
      </trkpt>
      <trkpt lat="47.009863" lon="11.481424">
        <ele>2032.779542</ele>
        <time>2026-08-14T12:54:55.399Z</time>
      </trkpt>
      <trkpt lat="47.009884" lon="11.481319">
        <ele>2034.177950</ele>
        <time>2026-08-14T12:55:04.000Z</time>
      </trkpt>
      <trkpt lat="47.009713" lon="11.480793">
        <ele>2039.919157</ele>
        <time>2026-08-14T12:55:45.402Z</time>
      </trkpt>
      <trkpt lat="47.009635" lon="11.480311">
        <ele>2042.321693</ele>
        <time>2026-08-14T12:56:12.578Z</time>
      </trkpt>
      <trkpt lat="47.009759" lon="11.479791">
        <ele>2044.993359</ele>
        <time>2026-08-14T12:56:35.626Z</time>
      </trkpt>
      <trkpt lat="47.009767" lon="11.479722">
        <ele>2045.332798</ele>
        <time>2026-08-14T12:56:38.309Z</time>
      </trkpt>
      <trkpt lat="47.009659" lon="11.479531">
        <ele>2046.536169</ele>
        <time>2026-08-14T12:56:45.929Z</time>
      </trkpt>
      <trkpt lat="47.009610" lon="11.479317">
        <ele>2047.630981</ele>
        <time>2026-08-14T12:56:51.796Z</time>
      </trkpt>
      <trkpt lat="47.009553" lon="11.479177">
        <ele>2048.421780</ele>
        <time>2026-08-14T12:56:55.366Z</time>
      </trkpt>
      <trkpt lat="47.009138" lon="11.478758">
        <ele>2051.443126</ele>
        <time>2026-08-14T12:57:05.584Z</time>
      </trkpt>
      <trkpt lat="47.009021" lon="11.478457">
        <ele>2050.317443</ele>
        <time>2026-08-14T12:57:08.838Z</time>
      </trkpt>
      <trkpt lat="47.008997" lon="11.477999">
        <ele>2048.825012</ele>
        <time>2026-08-14T12:57:13.032Z</time>
      </trkpt>
      <trkpt lat="47.008912" lon="11.477661">
        <ele>2047.654545</ele>
        <time>2026-08-14T12:57:16.331Z</time>
      </trkpt>
      <trkpt lat="47.008761" lon="11.477336">
        <ele>2046.376800</ele>
        <time>2026-08-14T12:57:19.965Z</time>
      </trkpt>
      <trkpt lat="47.008580" lon="11.477059">
        <ele>2045.130313</ele>
        <time>2026-08-14T12:57:23.542Z</time>
      </trkpt>
      <trkpt lat="47.008449" lon="11.476918">
        <ele>2044.356057</ele>
        <time>2026-08-14T12:57:25.750Z</time>
      </trkpt>
      <trkpt lat="47.008331" lon="11.476664">
        <ele>2043.357477</ele>
        <time>2026-08-14T12:57:28.639Z</time>
      </trkpt>
      <trkpt lat="47.008282" lon="11.476619">
        <ele>2043.076543</ele>
        <time>2026-08-14T12:57:29.436Z</time>
      </trkpt>
      <trkpt lat="47.008174" lon="11.476601">
        <ele>2042.388007</ele>
        <time>2026-08-14T12:57:30.952Z</time>
      </trkpt>
      <trkpt lat="47.008062" lon="11.476644">
        <ele>2041.654626</ele>
        <time>2026-08-14T12:57:32.562Z</time>
      </trkpt>
      <trkpt lat="47.007950" lon="11.476616">
        <ele>2040.934919</ele>
        <time>2026-08-14T12:57:34.136Z</time>
      </trkpt>
      <trkpt lat="47.007836" lon="11.476508">
        <ele>2040.075201</ele>
        <time>2026-08-14T12:57:36.011Z</time>
      </trkpt>
      <trkpt lat="47.007595" lon="11.476141">
        <ele>2037.874365</ele>
        <time>2026-08-14T12:57:40.769Z</time>
      </trkpt>
      <trkpt lat="47.007540" lon="11.476122">
        <ele>2037.516428</ele>
        <time>2026-08-14T12:57:41.536Z</time>
      </trkpt>
      <trkpt lat="47.007484" lon="11.476128">
        <ele>2037.160747</ele>
        <time>2026-08-14T12:57:42.298Z</time>
      </trkpt>
      <trkpt lat="47.007181" lon="11.476444">
        <ele>2034.805504</ele>
        <time>2026-08-14T12:57:47.300Z</time>
      </trkpt>
      <trkpt lat="47.007098" lon="11.476456">
        <ele>2034.277186</ele>
        <time>2026-08-14T12:57:48.411Z</time>
      </trkpt>
      <trkpt lat="47.006854" lon="11.476311">
        <ele>2032.609468</ele>
        <time>2026-08-14T12:57:51.850Z</time>
      </trkpt>
      <trkpt lat="47.006789" lon="11.476314">
        <ele>2032.197518</ele>
        <time>2026-08-14T12:57:52.690Z</time>
      </trkpt>
      <trkpt lat="47.006081" lon="11.476582">
        <ele>2025.990232</ele>
        <time>2026-08-14T12:58:01.884Z</time>
      </trkpt>
      <trkpt lat="47.006003" lon="11.476585">
        <ele>2025.307850</ele>
        <time>2026-08-14T12:58:02.849Z</time>
      </trkpt>
      <trkpt lat="47.005708" lon="11.476498">
        <ele>2022.676278</ele>
        <time>2026-08-14T12:58:06.532Z</time>
      </trkpt>
      <trkpt lat="47.005308" lon="11.476452">
        <ele>2019.167346</ele>
        <time>2026-08-14T12:58:11.516Z</time>
      </trkpt>
      <trkpt lat="47.004823" lon="11.476209">
        <ele>2015.571889</ele>
        <time>2026-08-14T12:58:18.222Z</time>
      </trkpt>
      <trkpt lat="47.004737" lon="11.476141">
        <ele>2015.304882</ele>
        <time>2026-08-14T12:58:19.580Z</time>
      </trkpt>
      <trkpt lat="47.004657" lon="11.476048">
        <ele>2015.025897</ele>
        <time>2026-08-14T12:58:21.025Z</time>
      </trkpt>
      <trkpt lat="47.004498" lon="11.475666">
        <ele>2014.191878</ele>
        <time>2026-08-14T12:58:25.602Z</time>
      </trkpt>
      <trkpt lat="47.004267" lon="11.474491">
        <ele>2011.912979</ele>
        <time>2026-08-14T12:58:40.467Z</time>
      </trkpt>
      <trkpt lat="47.003998" lon="11.473594">
        <ele>2010.300317</ele>
        <time>2026-08-14T12:58:52.325Z</time>
      </trkpt>
      <trkpt lat="47.003653" lon="11.472985">
        <ele>2009.148640</ele>
        <time>2026-08-14T12:59:00.589Z</time>
      </trkpt>
      <trkpt lat="47.003426" lon="11.472634">
        <ele>2008.444966</ele>
        <time>2026-08-14T12:59:05.524Z</time>
      </trkpt>
      <trkpt lat="47.003085" lon="11.471976">
        <ele>2007.242775</ele>
        <time>2026-08-14T12:59:14.224Z</time>
      </trkpt>
      <trkpt lat="47.002493" lon="11.471375">
        <ele>2007.467136</ele>
        <time>2026-08-14T12:59:27.168Z</time>
      </trkpt>
      <trkpt lat="47.002255" lon="11.470993">
        <ele>2007.588324</ele>
        <time>2026-08-14T12:59:34.173Z</time>
      </trkpt>
      <trkpt lat="47.002073" lon="11.470782">
        <ele>2007.668008</ele>
        <time>2026-08-14T12:59:38.999Z</time>
      </trkpt>
      <trkpt lat="47.001318" lon="11.470050">
        <ele>2010.427871</ele>
        <time>2026-08-14T13:00:06.926Z</time>
      </trkpt>
      <trkpt lat="47.001196" lon="11.469854">
        <ele>2011.592196</ele>
        <time>2026-08-14T13:00:14.993Z</time>
      </trkpt>
      <trkpt lat="47.001068" lon="11.469782">
        <ele>2012.474224</ele>
        <time>2026-08-14T13:00:21.348Z</time>
      </trkpt>
      <trkpt lat="47.000972" lon="11.469780">
        <ele>2013.091921</ele>
        <time>2026-08-14T13:00:26.081Z</time>
      </trkpt>
      <trkpt lat="47.000697" lon="11.469960">
        <ele>2015.029461</ele>
        <time>2026-08-14T13:00:42.153Z</time>
      </trkpt>
      <trkpt lat="47.000470" lon="11.470015">
        <ele>2016.509713</ele>
        <time>2026-08-14T13:00:55.391Z</time>
      </trkpt>
      <trkpt lat="46.999879" lon="11.469822">
        <ele>2020.454361</ele>
        <time>2026-08-14T13:01:33.732Z</time>
      </trkpt>
      <trkpt lat="46.999650" lon="11.469820">
        <ele>2022.000701</ele>
        <time>2026-08-14T13:01:48.626Z</time>
      </trkpt>
      <trkpt lat="46.999492" lon="11.469867">
        <ele>2023.089323</ele>
        <time>2026-08-14T13:01:57.826Z</time>
      </trkpt>
      <trkpt lat="46.999390" lon="11.469939">
        <ele>2023.853731</ele>
        <time>2026-08-14T13:02:04.056Z</time>
      </trkpt>
      <trkpt lat="46.999241" lon="11.470121">
        <ele>2025.163222</ele>
        <time>2026-08-14T13:02:14.135Z</time>
      </trkpt>
      <trkpt lat="46.999122" lon="11.470437">
        <ele>2026.825584</ele>
        <time>2026-08-14T13:02:25.845Z</time>
      </trkpt>
      <trkpt lat="46.998843" lon="11.471031">
        <ele>2030.147072</ele>
        <time>2026-08-14T13:02:45.647Z</time>
      </trkpt>
      <trkpt lat="46.998780" lon="11.471343">
        <ele>2031.652871</ele>
        <time>2026-08-14T13:02:54.003Z</time>
      </trkpt>
      <trkpt lat="46.998647" lon="11.471786">
        <ele>2034.067716</ele>
        <time>2026-08-14T13:03:07.577Z</time>
      </trkpt>
      <trkpt lat="46.998599" lon="11.472430">
        <ele>2037.299840</ele>
        <time>2026-08-14T13:03:29.010Z</time>
      </trkpt>
      <trkpt lat="46.998542" lon="11.472608">
        <ele>2038.280922</ele>
        <time>2026-08-14T13:03:36.339Z</time>
      </trkpt>
      <trkpt lat="46.998500" lon="11.472680">
        <ele>2038.753610</ele>
        <time>2026-08-14T13:03:39.994Z</time>
      </trkpt>
      <trkpt lat="46.998204" lon="11.472984">
        <ele>2041.397277</ele>
        <time>2026-08-14T13:04:01.235Z</time>
      </trkpt>
      <trkpt lat="46.997788" lon="11.473296">
        <ele>2044.839647</ele>
        <time>2026-08-14T13:04:29.475Z</time>
      </trkpt>
      <trkpt lat="46.997722" lon="11.473456">
        <ele>2045.998512</ele>
        <time>2026-08-14T13:04:37.519Z</time>
      </trkpt>
      <trkpt lat="46.997675" lon="11.473729">
        <ele>2047.743512</ele>
        <time>2026-08-14T13:04:50.045Z</time>
      </trkpt>
      <trkpt lat="46.997484" lon="11.474121">
        <ele>2050.729229</ele>
        <time>2026-08-14T13:05:11.499Z</time>
      </trkpt>
      <trkpt lat="46.997272" lon="11.474657">
        <ele>2054.569302</ele>
        <time>2026-08-14T13:05:38.541Z</time>
      </trkpt>
      <trkpt lat="46.997143" lon="11.475109">
        <ele>2057.605985</ele>
        <time>2026-08-14T13:05:59.091Z</time>
      </trkpt>
      <trkpt lat="46.996925" lon="11.475518">
        <ele>2060.823050</ele>
        <time>2026-08-14T13:06:19.017Z</time>
      </trkpt>
      <trkpt lat="46.996828" lon="11.475824">
        <ele>2061.783560</ele>
        <time>2026-08-14T13:06:31.645Z</time>
      </trkpt>
      <trkpt lat="46.996745" lon="11.476249">
        <ele>2062.852979</ele>
        <time>2026-08-14T13:06:47.789Z</time>
      </trkpt>
      <trkpt lat="46.996648" lon="11.476460">
        <ele>2063.468524</ele>
        <time>2026-08-14T13:06:56.505Z</time>
      </trkpt>
      <trkpt lat="46.996629" lon="11.476778">
        <ele>2064.240734</ele>
        <time>2026-08-14T13:07:06.450Z</time>
      </trkpt>
      <trkpt lat="46.996542" lon="11.477209">
        <ele>2065.328058</ele>
        <time>2026-08-14T13:07:17.973Z</time>
      </trkpt>
      <trkpt lat="46.996416" lon="11.477527">
        <ele>2066.217715</ele>
        <time>2026-08-14T13:07:24.399Z</time>
      </trkpt>
      <trkpt lat="46.996442" lon="11.478137">
        <ele>2067.188360</ele>
        <time>2026-08-14T13:07:31.055Z</time>
      </trkpt>
      <trkpt lat="46.996423" lon="11.478339">
        <ele>2066.707472</ele>
        <time>2026-08-14T13:07:33.035Z</time>
      </trkpt>
      <trkpt lat="46.996364" lon="11.478582">
        <ele>2066.099172</ele>
        <time>2026-08-14T13:07:35.465Z</time>
      </trkpt>
      <trkpt lat="46.996325" lon="11.479244">
        <ele>2064.532151</ele>
        <time>2026-08-14T13:07:41.614Z</time>
      </trkpt>
      <trkpt lat="46.996298" lon="11.479390">
        <ele>2064.175404</ele>
        <time>2026-08-14T13:07:43.024Z</time>
      </trkpt>
      <trkpt lat="46.996195" lon="11.479660">
        <ele>2063.445825</ele>
        <time>2026-08-14T13:07:45.951Z</time>
      </trkpt>
      <trkpt lat="46.996152" lon="11.479716">
        <ele>2063.246958</ele>
        <time>2026-08-14T13:07:46.758Z</time>
      </trkpt>
      <trkpt lat="46.996042" lon="11.479793">
        <ele>2062.825484</ele>
        <time>2026-08-14T13:07:48.476Z</time>
      </trkpt>
      <trkpt lat="46.995902" lon="11.479795">
        <ele>2062.341380</ele>
        <time>2026-08-14T13:07:50.478Z</time>
      </trkpt>
      <trkpt lat="46.995793" lon="11.479707">
        <ele>2061.911128</ele>
        <time>2026-08-14T13:07:52.295Z</time>
      </trkpt>
      <trkpt lat="46.995709" lon="11.479587">
        <ele>2061.505603</ele>
        <time>2026-08-14T13:07:54.084Z</time>
      </trkpt>
      <trkpt lat="46.995101" lon="11.478464">
        <ele>2064.331934</ele>
        <time>2026-08-14T13:08:18.240Z</time>
      </trkpt>
      <trkpt lat="46.994971" lon="11.478141">
        <ele>2065.221114</ele>
        <time>2026-08-14T13:08:29.847Z</time>
      </trkpt>
      <trkpt lat="46.994925" lon="11.477938">
        <ele>2065.728269</ele>
        <time>2026-08-14T13:08:36.994Z</time>
      </trkpt>
      <trkpt lat="46.994849" lon="11.477467">
        <ele>2066.875778</ele>
        <time>2026-08-14T13:08:54.071Z</time>
      </trkpt>
      <trkpt lat="46.994813" lon="11.477023">
        <ele>2068.366166</ele>
        <time>2026-08-14T13:09:10.790Z</time>
      </trkpt>
      <trkpt lat="46.994883" lon="11.476460">
        <ele>2070.981687</ele>
        <time>2026-08-14T13:09:32.686Z</time>
      </trkpt>
      <trkpt lat="46.995011" lon="11.475942">
        <ele>2073.499714</ele>
        <time>2026-08-14T13:09:52.994Z</time>
      </trkpt>
      <trkpt lat="46.995058" lon="11.475642">
        <ele>2074.906525</ele>
        <time>2026-08-14T13:10:04.040Z</time>
      </trkpt>
      <trkpt lat="46.994987" lon="11.475061">
        <ele>2077.604185</ele>
        <time>2026-08-14T13:10:23.819Z</time>
      </trkpt>
      <trkpt lat="46.994972" lon="11.474566">
        <ele>2079.726250</ele>
        <time>2026-08-14T13:10:38.619Z</time>
      </trkpt>
      <trkpt lat="46.994689" lon="11.473453">
        <ele>2082.908770</ele>
        <time>2026-08-14T13:11:08.801Z</time>
      </trkpt>
      <trkpt lat="46.994425" lon="11.472812">
        <ele>2084.915019</ele>
        <time>2026-08-14T13:11:27.342Z</time>
      </trkpt>
      <trkpt lat="46.994305" lon="11.472221">
        <ele>2086.567165</ele>
        <time>2026-08-14T13:11:42.317Z</time>
      </trkpt>
      <trkpt lat="46.994156" lon="11.471875">
        <ele>2087.185049</ele>
        <time>2026-08-14T13:11:51.808Z</time>
      </trkpt>
      <trkpt lat="46.994129" lon="11.471741">
        <ele>2087.392592</ele>
        <time>2026-08-14T13:11:54.992Z</time>
      </trkpt>
      <trkpt lat="46.994118" lon="11.471390">
        <ele>2087.914506</ele>
        <time>2026-08-14T13:12:02.726Z</time>
      </trkpt>
      <trkpt lat="46.994076" lon="11.471241">
        <ele>2088.153981</ele>
        <time>2026-08-14T13:12:06.216Z</time>
      </trkpt>
      <trkpt lat="46.993872" lon="11.470673">
        <ele>2089.107489</ele>
        <time>2026-08-14T13:12:19.932Z</time>
      </trkpt>
      <trkpt lat="46.993772" lon="11.470452">
        <ele>2089.501425</ele>
        <time>2026-08-14T13:12:25.341Z</time>
      </trkpt>
      <trkpt lat="46.993485" lon="11.468707">
        <ele>2090.664488</ele>
        <time>2026-08-14T13:12:52.969Z</time>
      </trkpt>
      <trkpt lat="46.993340" lon="11.468242">
        <ele>2090.736613</ele>
        <time>2026-08-14T13:12:59.481Z</time>
      </trkpt>
      <trkpt lat="46.993336" lon="11.468016">
        <ele>2090.768505</ele>
        <time>2026-08-14T13:13:02.331Z</time>
      </trkpt>
      <trkpt lat="46.993401" lon="11.467722">
        <ele>2090.812103</ele>
        <time>2026-08-14T13:13:06.253Z</time>
      </trkpt>
      <trkpt lat="46.993585" lon="11.467318">
        <ele>2090.898569</ele>
        <time>2026-08-14T13:13:12.540Z</time>
      </trkpt>
      <trkpt lat="46.993640" lon="11.467073">
        <ele>2091.279741</ele>
        <time>2026-08-14T13:13:16.145Z</time>
      </trkpt>
      <trkpt lat="46.993625" lon="11.466878">
        <ele>2091.569743</ele>
        <time>2026-08-14T13:13:19.010Z</time>
      </trkpt>
      <trkpt lat="46.993676" lon="11.465978">
        <ele>2092.904363</ele>
        <time>2026-08-14T13:13:35.965Z</time>
      </trkpt>
      <trkpt lat="46.993664" lon="11.465860">
        <ele>2093.080674</ele>
        <time>2026-08-14T13:13:38.836Z</time>
      </trkpt>
      <trkpt lat="46.993636" lon="11.465739">
        <ele>2093.269501</ele>
        <time>2026-08-14T13:13:41.974Z</time>
      </trkpt>
      <trkpt lat="46.993232" lon="11.464688">
        <ele>2095.108198</ele>
        <time>2026-08-14T13:14:12.324Z</time>
      </trkpt>
      <trkpt lat="46.993153" lon="11.464542">
        <ele>2095.439199</ele>
        <time>2026-08-14T13:14:16.548Z</time>
      </trkpt>
      <trkpt lat="46.992929" lon="11.464303">
        <ele>2096.160602</ele>
        <time>2026-08-14T13:14:25.556Z</time>
      </trkpt>
      <trkpt lat="46.992757" lon="11.464204">
        <ele>2096.641764</ele>
        <time>2026-08-14T13:14:31.352Z</time>
      </trkpt>
      <trkpt lat="46.992352" lon="11.464055">
        <ele>2097.729067</ele>
        <time>2026-08-14T13:14:43.250Z</time>
      </trkpt>
      <trkpt lat="46.992192" lon="11.464004">
        <ele>2098.155435</ele>
        <time>2026-08-14T13:14:47.700Z</time>
      </trkpt>
      <trkpt lat="46.991186" lon="11.463957">
        <ele>2100.657875</ele>
        <time>2026-08-14T13:15:18.826Z</time>
      </trkpt>
      <trkpt lat="46.990761" lon="11.464104">
        <ele>2101.692652</ele>
        <time>2026-08-14T13:15:35.364Z</time>
      </trkpt>
      <trkpt lat="46.989827" lon="11.464704">
        <ele>2102.970378</ele>
        <time>2026-08-14T13:16:06.585Z</time>
      </trkpt>
      <trkpt lat="46.989724" lon="11.464785">
        <ele>2102.433425</ele>
        <time>2026-08-14T13:16:08.688Z</time>
      </trkpt>
      <trkpt lat="46.989330" lon="11.465208">
        <ele>2100.189964</ele>
        <time>2026-08-14T13:16:16.240Z</time>
      </trkpt>
      <trkpt lat="46.988717" lon="11.465593">
        <ele>2097.126348</ele>
        <time>2026-08-14T13:16:25.127Z</time>
      </trkpt>
      <trkpt lat="46.988120" lon="11.465883">
        <ele>2092.827236</ele>
        <time>2026-08-14T13:16:33.039Z</time>
      </trkpt>
      <trkpt lat="46.987902" lon="11.466043">
        <ele>2090.414736</ele>
        <time>2026-08-14T13:16:36.063Z</time>
      </trkpt>
      <trkpt lat="46.987538" lon="11.466371">
        <ele>2086.186667</ele>
        <time>2026-08-14T13:16:41.375Z</time>
      </trkpt>
      <trkpt lat="46.987426" lon="11.466516">
        <ele>2084.708024</ele>
        <time>2026-08-14T13:16:43.226Z</time>
      </trkpt>
      <trkpt lat="46.987176" lon="11.467048">
        <ele>2080.347195</ele>
        <time>2026-08-14T13:16:48.681Z</time>
      </trkpt>
      <trkpt lat="46.987099" lon="11.467097">
        <ele>2079.516539</ele>
        <time>2026-08-14T13:16:49.726Z</time>
      </trkpt>
      <trkpt lat="46.987031" lon="11.467038">
        <ele>2078.734609</ele>
        <time>2026-08-14T13:16:50.697Z</time>
      </trkpt>
      <trkpt lat="46.987031" lon="11.466896">
        <ele>2077.776052</ele>
        <time>2026-08-14T13:16:51.895Z</time>
      </trkpt>
      <trkpt lat="46.987166" lon="11.466548">
        <ele>2075.701907</ele>
        <time>2026-08-14T13:16:55.273Z</time>
      </trkpt>
      <trkpt lat="46.987212" lon="11.466360">
        <ele>2074.681151</ele>
        <time>2026-08-14T13:16:56.966Z</time>
      </trkpt>
      <trkpt lat="46.987228" lon="11.466058">
        <ele>2073.133061</ele>
        <time>2026-08-14T13:16:59.568Z</time>
      </trkpt>
      <trkpt lat="46.987325" lon="11.465304">
        <ele>2069.211645</ele>
        <time>2026-08-14T13:17:06.416Z</time>
      </trkpt>
      <trkpt lat="46.987393" lon="11.464960">
        <ele>2067.381230</ele>
        <time>2026-08-14T13:17:09.698Z</time>
      </trkpt>
      <trkpt lat="46.987432" lon="11.464857">
        <ele>2066.779172</ele>
        <time>2026-08-14T13:17:10.814Z</time>
      </trkpt>
      <trkpt lat="46.987421" lon="11.464805">
        <ele>2066.500930</ele>
        <time>2026-08-14T13:17:11.292Z</time>
      </trkpt>
      <trkpt lat="46.987692" lon="11.463657">
        <ele>2060.537515</ele>
        <time>2026-08-14T13:17:22.936Z</time>
      </trkpt>
      <trkpt lat="46.987793" lon="11.462640">
        <ele>2055.615814</ele>
        <time>2026-08-14T13:17:32.683Z</time>
      </trkpt>
      <trkpt lat="46.987868" lon="11.462039">
        <ele>2052.689897</ele>
        <time>2026-08-14T13:17:37.995Z</time>
      </trkpt>
      <trkpt lat="46.987956" lon="11.461330">
        <ele>2046.469279</ele>
        <time>2026-08-14T13:17:43.947Z</time>
      </trkpt>
      <trkpt lat="46.987747" lon="11.460709">
        <ele>2039.192653</ele>
        <time>2026-08-14T13:17:49.489Z</time>
      </trkpt>
      <trkpt lat="46.987385" lon="11.460223">
        <ele>2031.631004</ele>
        <time>2026-08-14T13:17:55.190Z</time>
      </trkpt>
      <trkpt lat="46.986956" lon="11.460061">
        <ele>2024.806718</ele>
        <time>2026-08-14T13:18:00.370Z</time>
      </trkpt>
      <trkpt lat="46.986846" lon="11.460001">
        <ele>2023.279526</ele>
        <time>2026-08-14T13:18:01.738Z</time>
      </trkpt>
      <trkpt lat="46.986767" lon="11.459892">
        <ele>2022.159238</ele>
        <time>2026-08-14T13:18:03.007Z</time>
      </trkpt>
      <trkpt lat="46.986754" lon="11.459780">
        <ele>2021.358942</ele>
        <time>2026-08-14T13:18:03.913Z</time>
      </trkpt>
      <trkpt lat="46.986840" lon="11.459552">
        <ele>2019.523683</ele>
        <time>2026-08-14T13:18:06.008Z</time>
      </trkpt>
      <trkpt lat="46.986993" lon="11.459162">
        <ele>2016.354526</ele>
        <time>2026-08-14T13:18:09.649Z</time>
      </trkpt>
      <trkpt lat="46.987054" lon="11.458750">
        <ele>2013.384735</ele>
        <time>2026-08-14T13:18:13.356Z</time>
      </trkpt>
      <trkpt lat="46.987223" lon="11.458287">
        <ele>2009.685721</ele>
        <time>2026-08-14T13:18:18.529Z</time>
      </trkpt>
      <trkpt lat="46.987414" lon="11.457880">
        <ele>2006.205829</ele>
        <time>2026-08-14T13:18:23.068Z</time>
      </trkpt>
      <trkpt lat="46.987556" lon="11.457709">
        <ele>2004.291874</ele>
        <time>2026-08-14T13:18:25.429Z</time>
      </trkpt>
      <trkpt lat="46.987657" lon="11.457748">
        <ele>2003.195197</ele>
        <time>2026-08-14T13:18:26.792Z</time>
      </trkpt>
      <trkpt lat="46.987817" lon="11.457840">
        <ele>2001.390577</ele>
        <time>2026-08-14T13:18:29.008Z</time>
      </trkpt>
      <trkpt lat="46.987657" lon="11.457748">
        <ele>1999.585958</ele>
        <time>2026-08-14T13:18:31.194Z</time>
      </trkpt>
      <trkpt lat="46.987556" lon="11.457709">
        <ele>1998.489281</ele>
        <time>2026-08-14T13:18:32.532Z</time>
      </trkpt>
      <trkpt lat="46.987455" lon="11.457722">
        <ele>1997.424697</ele>
        <time>2026-08-14T13:18:34.743Z</time>
      </trkpt>
      <trkpt lat="46.987245" lon="11.457987">
        <ele>1994.515247</ele>
        <time>2026-08-14T13:18:40.759Z</time>
      </trkpt>
      <trkpt lat="46.986699" lon="11.459081">
        <ele>1985.143630</ele>
        <time>2026-08-14T13:18:59.522Z</time>
      </trkpt>
      <trkpt lat="46.986352" lon="11.459510">
        <ele>1981.392579</ele>
        <time>2026-08-14T13:19:09.105Z</time>
      </trkpt>
      <trkpt lat="46.985990" lon="11.460044">
        <ele>1977.148780</ele>
        <time>2026-08-14T13:19:20.640Z</time>
      </trkpt>
      <trkpt lat="46.985972" lon="11.460140">
        <ele>1976.587544</ele>
        <time>2026-08-14T13:19:22.260Z</time>
      </trkpt>
      <trkpt lat="46.986003" lon="11.460294">
        <ele>1975.682416</ele>
        <time>2026-08-14T13:19:24.880Z</time>
      </trkpt>
      <trkpt lat="46.986290" lon="11.460900">
        <ele>1971.524058</ele>
        <time>2026-08-14T13:19:37.344Z</time>
      </trkpt>
      <trkpt lat="46.986583" lon="11.461762">
        <ele>1966.437110</ele>
        <time>2026-08-14T13:19:53.393Z</time>
      </trkpt>
      <trkpt lat="46.986584" lon="11.461828">
        <ele>1966.088416</ele>
        <time>2026-08-14T13:19:54.422Z</time>
      </trkpt>
      <trkpt lat="46.986179" lon="11.463283">
        <ele>1957.788011</ele>
        <time>2026-08-14T13:20:17.779Z</time>
      </trkpt>
      <trkpt lat="46.986066" lon="11.463585">
        <ele>1954.871194</ele>
        <time>2026-08-14T13:20:22.693Z</time>
      </trkpt>
      <trkpt lat="46.985858" lon="11.463978">
        <ele>1950.478255</ele>
        <time>2026-08-14T13:20:29.791Z</time>
      </trkpt>
      <trkpt lat="46.985578" lon="11.464419">
        <ele>1945.157595</ele>
        <time>2026-08-14T13:20:38.279Z</time>
      </trkpt>
      <trkpt lat="46.985489" lon="11.464541">
        <ele>1943.580086</ele>
        <time>2026-08-14T13:20:40.791Z</time>
      </trkpt>
      <trkpt lat="46.985212" lon="11.464811">
        <ele>1939.273543</ele>
        <time>2026-08-14T13:20:47.549Z</time>
      </trkpt>
      <trkpt lat="46.984748" lon="11.465461">
        <ele>1931.404209</ele>
        <time>2026-08-14T13:21:00.501Z</time>
      </trkpt>
      <trkpt lat="46.984614" lon="11.465697">
        <ele>1929.048167</ele>
        <time>2026-08-14T13:21:04.761Z</time>
      </trkpt>
      <trkpt lat="46.984581" lon="11.465810">
        <ele>1928.104987</ele>
        <time>2026-08-14T13:21:06.469Z</time>
      </trkpt>
      <trkpt lat="46.984572" lon="11.466300">
        <ele>1924.343754</ele>
        <time>2026-08-14T13:21:13.373Z</time>
      </trkpt>
      <trkpt lat="46.984539" lon="11.466511">
        <ele>1922.682703</ele>
        <time>2026-08-14T13:21:16.498Z</time>
      </trkpt>
      <trkpt lat="46.984411" lon="11.466920">
        <ele>1919.229875</ele>
        <time>2026-08-14T13:21:23.157Z</time>
      </trkpt>
      <trkpt lat="46.984438" lon="11.467395">
        <ele>1915.572461</ele>
        <time>2026-08-14T13:21:30.412Z</time>
      </trkpt>
      <trkpt lat="46.984423" lon="11.467572">
        <ele>1914.203861</ele>
        <time>2026-08-14T13:21:33.185Z</time>
      </trkpt>
      <trkpt lat="46.984262" lon="11.468210">
        <ele>1909.703354</ele>
        <time>2026-08-14T13:21:44.073Z</time>
      </trkpt>
      <trkpt lat="46.983706" lon="11.469200">
        <ele>1901.251068</ele>
        <time>2026-08-14T13:22:03.121Z</time>
      </trkpt>
      <trkpt lat="46.983604" lon="11.469297">
        <ele>1900.076314</ele>
        <time>2026-08-14T13:22:05.645Z</time>
      </trkpt>
      <trkpt lat="46.983466" lon="11.469356">
        <ele>1898.687406</ele>
        <time>2026-08-14T13:22:08.623Z</time>
      </trkpt>
      <trkpt lat="46.983070" lon="11.469361">
        <ele>1894.674312</ele>
        <time>2026-08-14T13:22:16.724Z</time>
      </trkpt>
      <trkpt lat="46.982807" lon="11.469558">
        <ele>1891.531819</ele>
        <time>2026-08-14T13:22:22.796Z</time>
      </trkpt>
      <trkpt lat="46.982567" lon="11.469826">
        <ele>1888.321660</ele>
        <time>2026-08-14T13:22:29.049Z</time>
      </trkpt>
      <trkpt lat="46.982325" lon="11.469974">
        <ele>1885.531676</ele>
        <time>2026-08-14T13:22:34.614Z</time>
      </trkpt>
      <trkpt lat="46.982144" lon="11.470263">
        <ele>1882.683950</ele>
        <time>2026-08-14T13:22:40.435Z</time>
      </trkpt>
      <trkpt lat="46.981934" lon="11.470484">
        <ele>1879.933328</ele>
        <time>2026-08-14T13:22:46.125Z</time>
      </trkpt>
      <trkpt lat="46.981878" lon="11.470610">
        <ele>1878.841751</ele>
        <time>2026-08-14T13:22:48.369Z</time>
      </trkpt>
      <trkpt lat="46.981813" lon="11.470960">
        <ele>1876.581782</ele>
        <time>2026-08-14T13:22:53.811Z</time>
      </trkpt>
      <trkpt lat="46.981833" lon="11.471523">
        <ele>1873.611503</ele>
        <time>2026-08-14T13:23:02.737Z</time>
      </trkpt>
      <trkpt lat="46.981562" lon="11.471951">
        <ele>1870.534972</ele>
        <time>2026-08-14T13:23:11.953Z</time>
      </trkpt>
      <trkpt lat="46.981470" lon="11.472036">
        <ele>1869.695117</ele>
        <time>2026-08-14T13:23:14.419Z</time>
      </trkpt>
      <trkpt lat="46.981444" lon="11.471992">
        <ele>1869.388427</ele>
        <time>2026-08-14T13:23:15.329Z</time>
      </trkpt>
      <trkpt lat="46.981468" lon="11.471898">
        <ele>1868.859624</ele>
        <time>2026-08-14T13:23:16.874Z</time>
      </trkpt>
      <trkpt lat="46.981694" lon="11.471597">
        <ele>1866.501406</ele>
        <time>2026-08-14T13:23:23.622Z</time>
      </trkpt>
      <trkpt lat="46.981739" lon="11.471457">
        <ele>1865.686024</ele>
        <time>2026-08-14T13:23:25.929Z</time>
      </trkpt>
      <trkpt lat="46.981746" lon="11.471373">
        <ele>1865.240166</ele>
        <time>2026-08-14T13:23:27.177Z</time>
      </trkpt>
      <trkpt lat="46.981671" lon="11.470925">
        <ele>1862.637232</ele>
        <time>2026-08-14T13:23:34.022Z</time>
      </trkpt>
      <trkpt lat="46.981656" lon="11.470645">
        <ele>1860.863742</ele>
        <time>2026-08-14T13:23:38.218Z</time>
      </trkpt>
      <trkpt lat="46.981693" lon="11.470349">
        <ele>1858.963550</ele>
        <time>2026-08-14T13:23:42.872Z</time>
      </trkpt>
      <trkpt lat="46.982021" lon="11.469546">
        <ele>1853.053718</ele>
        <time>2026-08-14T13:23:56.702Z</time>
      </trkpt>
      <trkpt lat="46.982467" lon="11.468972">
        <ele>1847.560361</ele>
        <time>2026-08-14T13:24:09.502Z</time>
      </trkpt>
      <trkpt lat="46.982849" lon="11.468434">
        <ele>1841.308163</ele>
        <time>2026-08-14T13:24:20.932Z</time>
      </trkpt>
      <trkpt lat="46.982875" lon="11.468345">
        <ele>1840.508303</ele>
        <time>2026-08-14T13:24:22.365Z</time>
      </trkpt>
      <trkpt lat="46.982884" lon="11.468219">
        <ele>1839.461650</ele>
        <time>2026-08-14T13:24:24.210Z</time>
      </trkpt>
      <trkpt lat="46.982824" lon="11.467291">
        <ele>1831.760523</ele>
        <time>2026-08-14T13:24:37.637Z</time>
      </trkpt>
      <trkpt lat="46.982912" lon="11.466808">
        <ele>1827.630316</ele>
        <time>2026-08-14T13:24:44.575Z</time>
      </trkpt>
      <trkpt lat="46.983018" lon="11.466444">
        <ele>1824.267873</ele>
        <time>2026-08-14T13:24:49.963Z</time>
      </trkpt>
      <trkpt lat="46.983019" lon="11.466274">
        <ele>1822.716959</ele>
        <time>2026-08-14T13:24:52.264Z</time>
      </trkpt>
      <trkpt lat="46.982954" lon="11.466134">
        <ele>1821.172075</ele>
        <time>2026-08-14T13:24:54.554Z</time>
      </trkpt>
      <trkpt lat="46.982431" lon="11.465337">
        <ele>1811.083679</ele>
        <time>2026-08-14T13:25:09.598Z</time>
      </trkpt>
      <trkpt lat="46.982257" lon="11.465031">
        <ele>1807.449581</ele>
        <time>2026-08-14T13:25:15.156Z</time>
      </trkpt>
      <trkpt lat="46.982161" lon="11.464673">
        <ele>1803.940378</ele>
        <time>2026-08-14T13:25:20.716Z</time>
      </trkpt>
      <trkpt lat="46.982093" lon="11.464672">
        <ele>1803.031026</ele>
        <time>2026-08-14T13:25:22.202Z</time>
      </trkpt>
      <trkpt lat="46.982070" lon="11.464728">
        <ele>1802.434712</ele>
        <time>2026-08-14T13:25:23.201Z</time>
      </trkpt>
      <trkpt lat="46.982079" lon="11.464811">
        <ele>1801.668012</ele>
        <time>2026-08-14T13:25:24.478Z</time>
      </trkpt>
      <trkpt lat="46.982313" lon="11.465318">
        <ele>1799.628541</ele>
        <time>2026-08-14T13:25:34.394Z</time>
      </trkpt>
      <trkpt lat="46.982615" lon="11.466109">
        <ele>1797.090457</ele>
        <time>2026-08-14T13:25:52.056Z</time>
      </trkpt>
      <trkpt lat="46.982629" lon="11.466209">
        <ele>1796.804618</ele>
        <time>2026-08-14T13:25:54.180Z</time>
      </trkpt>
      <trkpt lat="46.982610" lon="11.466344">
        <ele>1796.418652</ele>
        <time>2026-08-14T13:25:57.026Z</time>
      </trkpt>
      <trkpt lat="46.982430" lon="11.466644">
        <ele>1795.299987</ele>
        <time>2026-08-14T13:26:04.562Z</time>
      </trkpt>
      <trkpt lat="46.982205" lon="11.467205">
        <ele>1793.179323</ele>
        <time>2026-08-14T13:26:15.417Z</time>
      </trkpt>
      <trkpt lat="46.982149" lon="11.467415">
        <ele>1791.991071</ele>
        <time>2026-08-14T13:26:18.912Z</time>
      </trkpt>
      <trkpt lat="46.982132" lon="11.467728">
        <ele>1790.336324</ele>
        <time>2026-08-14T13:26:23.667Z</time>
      </trkpt>
      <trkpt lat="46.982080" lon="11.467840">
        <ele>1789.622359</ele>
        <time>2026-08-14T13:26:25.721Z</time>
      </trkpt>
      <trkpt lat="46.981764" lon="11.468188">
        <ele>1786.569137</ele>
        <time>2026-08-14T13:26:34.480Z</time>
      </trkpt>
      <trkpt lat="46.981366" lon="11.468415">
        <ele>1783.270117</ele>
        <time>2026-08-14T13:26:44.028Z</time>
      </trkpt>
      <trkpt lat="46.981052" lon="11.468994">
        <ele>1778.969154</ele>
        <time>2026-08-14T13:26:55.077Z</time>
      </trkpt>
      <trkpt lat="46.980667" lon="11.469435">
        <ele>1772.429239</ele>
        <time>2026-08-14T13:27:05.564Z</time>
      </trkpt>
      <trkpt lat="46.980563" lon="11.469455">
        <ele>1771.025319</ele>
        <time>2026-08-14T13:27:07.780Z</time>
      </trkpt>
      <trkpt lat="46.980456" lon="11.469415">
        <ele>1769.547329</ele>
        <time>2026-08-14T13:27:10.104Z</time>
      </trkpt>
      <trkpt lat="46.979943" lon="11.469030">
        <ele>1761.833350</ele>
        <time>2026-08-14T13:27:21.863Z</time>
      </trkpt>
      <trkpt lat="46.978820" lon="11.468522">
        <ele>1746.351110</ele>
        <time>2026-08-14T13:27:45.028Z</time>
      </trkpt>
      <trkpt lat="46.978727" lon="11.468529">
        <ele>1745.136448</ele>
        <time>2026-08-14T13:27:46.895Z</time>
      </trkpt>
      <trkpt lat="46.978647" lon="11.468578">
        <ele>1744.005502</ele>
        <time>2026-08-14T13:27:48.651Z</time>
      </trkpt>
      <trkpt lat="46.978576" lon="11.468684">
        <ele>1742.683558</ele>
        <time>2026-08-14T13:27:50.736Z</time>
      </trkpt>
      <trkpt lat="46.978464" lon="11.469200">
        <ele>1737.864710</ele>
        <time>2026-08-14T13:27:58.532Z</time>
      </trkpt>
      <trkpt lat="46.978394" lon="11.469914">
        <ele>1731.938804</ele>
        <time>2026-08-14T13:28:09.751Z</time>
      </trkpt>
      <trkpt lat="46.978446" lon="11.470157">
        <ele>1730.859992</ele>
        <time>2026-08-14T13:28:13.933Z</time>
      </trkpt>
      <trkpt lat="46.978809" lon="11.470821">
        <ele>1727.255675</ele>
        <time>2026-08-14T13:28:28.639Z</time>
      </trkpt>
      <trkpt lat="46.978835" lon="11.470980">
        <ele>1726.563068</ele>
        <time>2026-08-14T13:28:31.340Z</time>
      </trkpt>
      <trkpt lat="46.978852" lon="11.472033">
        <ele>1722.101259</ele>
        <time>2026-08-14T13:28:48.117Z</time>
      </trkpt>
      <trkpt lat="46.978897" lon="11.472256">
        <ele>1721.029965</ele>
        <time>2026-08-14T13:28:51.660Z</time>
      </trkpt>
      <trkpt lat="46.978882" lon="11.472319">
        <ele>1720.512044</ele>
        <time>2026-08-14T13:28:52.721Z</time>
      </trkpt>
      <trkpt lat="46.978829" lon="11.472360">
        <ele>1719.830254</ele>
        <time>2026-08-14T13:28:53.974Z</time>
      </trkpt>
      <trkpt lat="46.978785" lon="11.472322">
        <ele>1719.249247</ele>
        <time>2026-08-14T13:28:55.080Z</time>
      </trkpt>
      <trkpt lat="46.978692" lon="11.471379">
        <ele>1711.853675</ele>
        <time>2026-08-14T13:29:08.804Z</time>
      </trkpt>
      <trkpt lat="46.978634" lon="11.471174">
        <ele>1710.131089</ele>
        <time>2026-08-14T13:29:11.952Z</time>
      </trkpt>
      <trkpt lat="46.978018" lon="11.470104">
        <ele>1698.944612</ele>
        <time>2026-08-14T13:29:31.753Z</time>
      </trkpt>
      <trkpt lat="46.977927" lon="11.469832">
        <ele>1696.089956</ele>
        <time>2026-08-14T13:29:35.943Z</time>
      </trkpt>
      <trkpt lat="46.977882" lon="11.469409">
        <ele>1692.055800</ele>
        <time>2026-08-14T13:29:41.859Z</time>
      </trkpt>
      <trkpt lat="46.977864" lon="11.468871">
        <ele>1686.980050</ele>
        <time>2026-08-14T13:29:49.308Z</time>
      </trkpt>
      <trkpt lat="46.977891" lon="11.467432">
        <ele>1674.296218</ele>
        <time>2026-08-14T13:30:09.335Z</time>
      </trkpt>
      <trkpt lat="46.977998" lon="11.466300">
        <ele>1667.322154</ele>
        <time>2026-08-14T13:30:25.899Z</time>
      </trkpt>
      <trkpt lat="46.978065" lon="11.466113">
        <ele>1666.033199</ele>
        <time>2026-08-14T13:30:29.140Z</time>
      </trkpt>
      <trkpt lat="46.978123" lon="11.466026">
        <ele>1665.290905</ele>
        <time>2026-08-14T13:30:31.053Z</time>
      </trkpt>
      <trkpt lat="46.978261" lon="11.465881">
        <ele>1663.772178</ele>
        <time>2026-08-14T13:30:35.044Z</time>
      </trkpt>
      <trkpt lat="46.978414" lon="11.465774">
        <ele>1662.255893</ele>
        <time>2026-08-14T13:30:39.226Z</time>
      </trkpt>
      <trkpt lat="46.979091" lon="11.465448">
        <ele>1655.701099</ele>
        <time>2026-08-14T13:30:56.457Z</time>
      </trkpt>
      <trkpt lat="46.979256" lon="11.465415">
        <ele>1654.143263</ele>
        <time>2026-08-14T13:31:00.328Z</time>
      </trkpt>
      <trkpt lat="46.979483" lon="11.465461">
        <ele>1651.999539</ele>
        <time>2026-08-14T13:31:05.510Z</time>
      </trkpt>
      <trkpt lat="46.979536" lon="11.465447">
        <ele>1651.495750</ele>
        <time>2026-08-14T13:31:06.756Z</time>
      </trkpt>
      <trkpt lat="46.979553" lon="11.465403">
        <ele>1651.173024</ele>
        <time>2026-08-14T13:31:07.511Z</time>
      </trkpt>
      <trkpt lat="46.979505" lon="11.465322">
        <ele>1650.488272</ele>
        <time>2026-08-14T13:31:09.095Z</time>
      </trkpt>
      <trkpt lat="46.979247" lon="11.465272">
        <ele>1648.053744</ele>
        <time>2026-08-14T13:31:14.690Z</time>
      </trkpt>
      <trkpt lat="46.979067" lon="11.465182">
        <ele>1646.274611</ele>
        <time>2026-08-14T13:31:18.660Z</time>
      </trkpt>
      <trkpt lat="46.978876" lon="11.465153">
        <ele>1644.478295</ele>
        <time>2026-08-14T13:31:22.601Z</time>
      </trkpt>
      <trkpt lat="46.978439" lon="11.464943">
        <ele>1639.320672</ele>
        <time>2026-08-14T13:31:31.785Z</time>
      </trkpt>
      <trkpt lat="46.977930" lon="11.464929">
        <ele>1633.116609</ele>
        <time>2026-08-14T13:31:41.982Z</time>
      </trkpt>
      <trkpt lat="46.977679" lon="11.465058">
        <ele>1629.875172</ele>
        <time>2026-08-14T13:31:47.387Z</time>
      </trkpt>
      <trkpt lat="46.977584" lon="11.465146">
        <ele>1628.505608</ele>
        <time>2026-08-14T13:31:49.730Z</time>
      </trkpt>
      <trkpt lat="46.977508" lon="11.465334">
        <ele>1626.688659</ele>
        <time>2026-08-14T13:31:52.860Z</time>
      </trkpt>
      <trkpt lat="46.977371" lon="11.466091">
        <ele>1620.674449</ele>
        <time>2026-08-14T13:32:04.824Z</time>
      </trkpt>
      <trkpt lat="46.977315" lon="11.466610">
        <ele>1618.705219</ele>
        <time>2026-08-14T13:32:13.878Z</time>
      </trkpt>
      <trkpt lat="46.977072" lon="11.467468">
        <ele>1615.223657</ele>
        <time>2026-08-14T13:32:30.765Z</time>
      </trkpt>
      <trkpt lat="46.976944" lon="11.468028">
        <ele>1613.010293</ele>
        <time>2026-08-14T13:32:40.713Z</time>
      </trkpt>
      <trkpt lat="46.976803" lon="11.468437">
        <ele>1611.292916</ele>
        <time>2026-08-14T13:32:47.799Z</time>
      </trkpt>
      <trkpt lat="46.976555" lon="11.468825">
        <ele>1607.590027</ele>
        <time>2026-08-14T13:32:55.566Z</time>
      </trkpt>
      <trkpt lat="46.976353" lon="11.469610">
        <ele>1601.619467</ele>
        <time>2026-08-14T13:33:07.379Z</time>
      </trkpt>
      <trkpt lat="46.976204" lon="11.470021">
        <ele>1598.307331</ele>
        <time>2026-08-14T13:33:14.054Z</time>
      </trkpt>
      <trkpt lat="46.976195" lon="11.470393">
        <ele>1595.658311</ele>
        <time>2026-08-14T13:33:19.465Z</time>
      </trkpt>
      <trkpt lat="46.976240" lon="11.470715">
        <ele>1593.319210</ele>
        <time>2026-08-14T13:33:24.308Z</time>
      </trkpt>
      <trkpt lat="46.976222" lon="11.470759">
        <ele>1592.954112</ele>
        <time>2026-08-14T13:33:25.069Z</time>
      </trkpt>
      <trkpt lat="46.976163" lon="11.470797">
        <ele>1592.275753</ele>
        <time>2026-08-14T13:33:26.450Z</time>
      </trkpt>
      <trkpt lat="46.976125" lon="11.470740">
        <ele>1591.686867</ele>
        <time>2026-08-14T13:33:27.656Z</time>
      </trkpt>
      <trkpt lat="46.976123" lon="11.470444">
        <ele>1589.499453</ele>
        <time>2026-08-14T13:33:32.066Z</time>
      </trkpt>
      <trkpt lat="46.976006" lon="11.469801">
        <ele>1584.581905</ele>
        <time>2026-08-14T13:33:41.929Z</time>
      </trkpt>
      <trkpt lat="46.975921" lon="11.469456">
        <ele>1581.871386</ele>
        <time>2026-08-14T13:33:47.299Z</time>
      </trkpt>
      <trkpt lat="46.975901" lon="11.468902">
        <ele>1577.771833</ele>
        <time>2026-08-14T13:33:55.355Z</time>
      </trkpt>
      <trkpt lat="46.975924" lon="11.468704">
        <ele>1576.287643</ele>
        <time>2026-08-14T13:33:58.188Z</time>
      </trkpt>
      <trkpt lat="46.976016" lon="11.468367">
        <ele>1573.605422</ele>
        <time>2026-08-14T13:34:03.284Z</time>
      </trkpt>
      <trkpt lat="46.975986" lon="11.467862">
        <ele>1569.995133</ele>
        <time>2026-08-14T13:34:10.338Z</time>
      </trkpt>
      <trkpt lat="46.976009" lon="11.467674">
        <ele>1568.645387</ele>
        <time>2026-08-14T13:34:13.016Z</time>
      </trkpt>
      <trkpt lat="46.976128" lon="11.467154">
        <ele>1564.769470</ele>
        <time>2026-08-14T13:34:20.728Z</time>
      </trkpt>
      <trkpt lat="46.976142" lon="11.466349">
        <ele>1559.078863</ele>
        <time>2026-08-14T13:34:32.449Z</time>
      </trkpt>
      <trkpt lat="46.976169" lon="11.466088">
        <ele>1557.213355</ele>
        <time>2026-08-14T13:34:36.500Z</time>
      </trkpt>
      <trkpt lat="46.976248" lon="11.465677">
        <ele>1554.234770</ele>
        <time>2026-08-14T13:34:43.288Z</time>
      </trkpt>
      <trkpt lat="46.976348" lon="11.465343">
        <ele>1552.382535</ele>
        <time>2026-08-14T13:34:49.327Z</time>
      </trkpt>
      <trkpt lat="46.976329" lon="11.465252">
        <ele>1551.899266</ele>
        <time>2026-08-14T13:34:50.906Z</time>
      </trkpt>
      <trkpt lat="46.976286" lon="11.465248">
        <ele>1551.578583</ele>
        <time>2026-08-14T13:34:51.958Z</time>
      </trkpt>
      <trkpt lat="46.976228" lon="11.465323">
        <ele>1551.002903</ele>
        <time>2026-08-14T13:34:53.835Z</time>
      </trkpt>
      <trkpt lat="46.976164" lon="11.465772">
        <ele>1548.673560</ele>
        <time>2026-08-14T13:35:01.312Z</time>
      </trkpt>
      <trkpt lat="46.975975" lon="11.466346">
        <ele>1545.436985</ele>
        <time>2026-08-14T13:35:11.233Z</time>
      </trkpt>
      <trkpt lat="46.975893" lon="11.466833">
        <ele>1542.889689</ele>
        <time>2026-08-14T13:35:18.797Z</time>
      </trkpt>
      <trkpt lat="46.975750" lon="11.467211">
        <ele>1540.597664</ele>
        <time>2026-08-14T13:35:25.151Z</time>
      </trkpt>
      <trkpt lat="46.975488" lon="11.467728">
        <ele>1536.068961</ele>
        <time>2026-08-14T13:35:34.372Z</time>
      </trkpt>
      <trkpt lat="46.975102" lon="11.468881">
        <ele>1527.037465</ele>
        <time>2026-08-14T13:35:52.611Z</time>
      </trkpt>
      <trkpt lat="46.974857" lon="11.469826">
        <ele>1520.788403</ele>
        <time>2026-08-14T13:36:08.033Z</time>
      </trkpt>
      <trkpt lat="46.974844" lon="11.469941">
        <ele>1520.252765</ele>
        <time>2026-08-14T13:36:09.860Z</time>
      </trkpt>
      <trkpt lat="46.975082" lon="11.471356">
        <ele>1513.556096</ele>
        <time>2026-08-14T13:36:33.145Z</time>
      </trkpt>
      <trkpt lat="46.975494" lon="11.472521">
        <ele>1506.356023</ele>
        <time>2026-08-14T13:36:53.740Z</time>
      </trkpt>
      <trkpt lat="46.975654" lon="11.473142">
        <ele>1502.017056</ele>
        <time>2026-08-14T13:37:03.715Z</time>
      </trkpt>
      <trkpt lat="46.975642" lon="11.473195">
        <ele>1501.652043</ele>
        <time>2026-08-14T13:37:04.553Z</time>
      </trkpt>
      <trkpt lat="46.975613" lon="11.473236">
        <ele>1501.266027</ele>
        <time>2026-08-14T13:37:05.431Z</time>
      </trkpt>
      <trkpt lat="46.975551" lon="11.473213">
        <ele>1500.653333</ele>
        <time>2026-08-14T13:37:06.815Z</time>
      </trkpt>
      <trkpt lat="46.975384" lon="11.472519">
        <ele>1495.843100</ele>
        <time>2026-08-14T13:37:17.435Z</time>
      </trkpt>
      <trkpt lat="46.975312" lon="11.472390">
        <ele>1494.753699</ele>
        <time>2026-08-14T13:37:19.792Z</time>
      </trkpt>
      <trkpt lat="46.975053" lon="11.472035">
        <ele>1490.678204</ele>
        <time>2026-08-14T13:37:27.150Z</time>
      </trkpt>
      <trkpt lat="46.974748" lon="11.471856">
        <ele>1486.281748</ele>
        <time>2026-08-14T13:37:33.903Z</time>
      </trkpt>
      <trkpt lat="46.974625" lon="11.471678">
        <ele>1483.968635</ele>
        <time>2026-08-14T13:37:37.429Z</time>
      </trkpt>
      <trkpt lat="46.974565" lon="11.471541">
        <ele>1482.482244</ele>
        <time>2026-08-14T13:37:39.702Z</time>
      </trkpt>
      <trkpt lat="46.974516" lon="11.471339">
        <ele>1480.524782</ele>
        <time>2026-08-14T13:37:42.678Z</time>
      </trkpt>
      <trkpt lat="46.974467" lon="11.470323">
        <ele>1471.224974</ele>
        <time>2026-08-14T13:37:56.764Z</time>
      </trkpt>
      <trkpt lat="46.974426" lon="11.470094">
        <ele>1469.063288</ele>
        <time>2026-08-14T13:38:00.087Z</time>
      </trkpt>
      <trkpt lat="46.974366" lon="11.469755">
        <ele>1466.903932</ele>
        <time>2026-08-14T13:38:05.072Z</time>
      </trkpt>
      <trkpt lat="46.974360" lon="11.469478">
        <ele>1465.212555</ele>
        <time>2026-08-14T13:38:09.044Z</time>
      </trkpt>
      <trkpt lat="46.974389" lon="11.469186">
        <ele>1463.411707</ele>
        <time>2026-08-14T13:38:13.335Z</time>
      </trkpt>
      <trkpt lat="46.974318" lon="11.468746">
        <ele>1460.652326</ele>
        <time>2026-08-14T13:38:20.064Z</time>
      </trkpt>
      <trkpt lat="46.974313" lon="11.468332">
        <ele>1458.125295</ele>
        <time>2026-08-14T13:38:26.401Z</time>
      </trkpt>
      <trkpt lat="46.974282" lon="11.468296">
        <ele>1457.771525</ele>
        <time>2026-08-14T13:38:27.298Z</time>
      </trkpt>
      <trkpt lat="46.974214" lon="11.468355">
        <ele>1457.064712</ele>
        <time>2026-08-14T13:38:29.115Z</time>
      </trkpt>
      <trkpt lat="46.974224" lon="11.468459">
        <ele>1456.423729</ele>
        <time>2026-08-14T13:38:30.776Z</time>
      </trkpt>
      <trkpt lat="46.974252" lon="11.468764">
        <ele>1454.545544</ele>
        <time>2026-08-14T13:38:35.709Z</time>
      </trkpt>
      <trkpt lat="46.974255" lon="11.469213">
        <ele>1452.106755</ele>
        <time>2026-08-14T13:38:43.015Z</time>
      </trkpt>
      <trkpt lat="46.974186" lon="11.469654">
        <ele>1450.099727</ele>
        <time>2026-08-14T13:38:50.324Z</time>
      </trkpt>
      <trkpt lat="46.974193" lon="11.469986">
        <ele>1448.626288</ele>
        <time>2026-08-14T13:38:55.566Z</time>
      </trkpt>
      <trkpt lat="46.974164" lon="11.470256">
        <ele>1447.413832</ele>
        <time>2026-08-14T13:38:59.819Z</time>
      </trkpt>
      <trkpt lat="46.974032" lon="11.471033">
        <ele>1443.861865</ele>
        <time>2026-08-14T13:39:11.941Z</time>
      </trkpt>
      <trkpt lat="46.973861" lon="11.471306">
        <ele>1442.217948</ele>
        <time>2026-08-14T13:39:17.596Z</time>
      </trkpt>
      <trkpt lat="46.973824" lon="11.471463">
        <ele>1441.481128</ele>
        <time>2026-08-14T13:39:20.158Z</time>
      </trkpt>
      <trkpt lat="46.973958" lon="11.472294">
        <ele>1439.542195</ele>
        <time>2026-08-14T13:39:34.841Z</time>
      </trkpt>
      <trkpt lat="46.974148" lon="11.472665">
        <ele>1438.564496</ele>
        <time>2026-08-14T13:39:43.262Z</time>
      </trkpt>
      <trkpt lat="46.974254" lon="11.472759">
        <ele>1438.181794</ele>
        <time>2026-08-14T13:39:46.515Z</time>
      </trkpt>
      <trkpt lat="46.974483" lon="11.472854">
        <ele>1437.446634</ele>
        <time>2026-08-14T13:39:52.823Z</time>
      </trkpt>
      <trkpt lat="46.974586" lon="11.472952">
        <ele>1437.067306</ele>
        <time>2026-08-14T13:39:56.133Z</time>
      </trkpt>
      <trkpt lat="46.974666" lon="11.473155">
        <ele>1436.573216</ele>
        <time>2026-08-14T13:40:00.539Z</time>
      </trkpt>
      <trkpt lat="46.975172" lon="11.474279">
        <ele>1432.796744</ele>
        <time>2026-08-14T13:40:16.622Z</time>
      </trkpt>
      <trkpt lat="46.975315" lon="11.474448">
        <ele>1431.952705</ele>
        <time>2026-08-14T13:40:19.206Z</time>
      </trkpt>
      <trkpt lat="46.976290" lon="11.475318">
        <ele>1425.802519</ele>
        <time>2026-08-14T13:40:34.542Z</time>
      </trkpt>
      <trkpt lat="46.976439" lon="11.475487">
        <ele>1423.797426</ele>
        <time>2026-08-14T13:40:36.900Z</time>
      </trkpt>
      <trkpt lat="46.977336" lon="11.476781">
        <ele>1410.402836</ele>
        <time>2026-08-14T13:40:52.305Z</time>
      </trkpt>
      <trkpt lat="46.977413" lon="11.476876">
        <ele>1409.331689</ele>
        <time>2026-08-14T13:40:53.500Z</time>
      </trkpt>
      <trkpt lat="46.977684" lon="11.477149">
        <ele>1405.657517</ele>
        <time>2026-08-14T13:40:57.442Z</time>
      </trkpt>
      <trkpt lat="46.977930" lon="11.477431">
        <ele>1402.094312</ele>
        <time>2026-08-14T13:41:03.901Z</time>
      </trkpt>
      <trkpt lat="46.978260" lon="11.478124">
        <ele>1395.515789</ele>
        <time>2026-08-14T13:41:16.266Z</time>
      </trkpt>
      <trkpt lat="46.978438" lon="11.478802">
        <ele>1389.860781</ele>
        <time>2026-08-14T13:41:26.683Z</time>
      </trkpt>
      <trkpt lat="46.978585" lon="11.479141">
        <ele>1386.854028</ele>
        <time>2026-08-14T13:41:32.362Z</time>
      </trkpt>
      <trkpt lat="46.978729" lon="11.479696">
        <ele>1382.787276</ele>
        <time>2026-08-14T13:41:40.988Z</time>
      </trkpt>
      <trkpt lat="46.978755" lon="11.479758">
        <ele>1382.288843</ele>
        <time>2026-08-14T13:41:42.069Z</time>
      </trkpt>
      <trkpt lat="46.978910" lon="11.480138">
        <ele>1379.256597</ele>
        <time>2026-08-14T13:41:48.669Z</time>
      </trkpt>
      <trkpt lat="46.978893" lon="11.480237">
        <ele>1378.557408</ele>
        <time>2026-08-14T13:41:50.184Z</time>
      </trkpt>
      <trkpt lat="46.978843" lon="11.480239">
        <ele>1378.055298</ele>
        <time>2026-08-14T13:41:51.287Z</time>
      </trkpt>
      <trkpt lat="46.978812" lon="11.480202">
        <ele>1377.653978</ele>
        <time>2026-08-14T13:41:52.169Z</time>
      </trkpt>
      <trkpt lat="46.978748" lon="11.479950">
        <ele>1375.812348</ele>
        <time>2026-08-14T13:41:56.154Z</time>
      </trkpt>
      <trkpt lat="46.978584" lon="11.479558">
        <ele>1372.662995</ele>
        <time>2026-08-14T13:42:02.881Z</time>
      </trkpt>
      <trkpt lat="46.978216" lon="11.478968">
        <ele>1367.328276</ele>
        <time>2026-08-14T13:42:14.573Z</time>
      </trkpt>
      <trkpt lat="46.977966" lon="11.478568">
        <ele>1363.822348</ele>
        <time>2026-08-14T13:42:22.565Z</time>
      </trkpt>
      <trkpt lat="46.977805" lon="11.478389">
        <ele>1361.908106</ele>
        <time>2026-08-14T13:42:26.996Z</time>
      </trkpt>
      <trkpt lat="46.977681" lon="11.478186">
        <ele>1360.147122</ele>
        <time>2026-08-14T13:42:31.097Z</time>
      </trkpt>
      <trkpt lat="46.977617" lon="11.478158">
        <ele>1359.514437</ele>
        <time>2026-08-14T13:42:32.574Z</time>
      </trkpt>
      <trkpt lat="46.977583" lon="11.478195">
        <ele>1359.113295</ele>
        <time>2026-08-14T13:42:33.515Z</time>
      </trkpt>
      <trkpt lat="46.977584" lon="11.478238">
        <ele>1358.835221</ele>
        <time>2026-08-14T13:42:34.175Z</time>
      </trkpt>
      <trkpt lat="46.977703" lon="11.478401">
        <ele>1357.292330</ele>
        <time>2026-08-14T13:42:37.751Z</time>
      </trkpt>
      <trkpt lat="46.978035" lon="11.479043">
        <ele>1351.990778</ele>
        <time>2026-08-14T13:42:49.654Z</time>
      </trkpt>
      <trkpt lat="46.978218" lon="11.479526">
        <ele>1347.806235</ele>
        <time>2026-08-14T13:42:57.659Z</time>
      </trkpt>
      <trkpt lat="46.978313" lon="11.479861">
        <ele>1345.058456</ele>
        <time>2026-08-14T13:43:02.832Z</time>
      </trkpt>
      <trkpt lat="46.978416" lon="11.480643">
        <ele>1339.026136</ele>
        <time>2026-08-14T13:43:14.118Z</time>
      </trkpt>
      <trkpt lat="46.978352" lon="11.481232">
        <ele>1334.508760</ele>
        <time>2026-08-14T13:43:22.629Z</time>
      </trkpt>
      <trkpt lat="46.978355" lon="11.481619">
        <ele>1331.971033</ele>
        <time>2026-08-14T13:43:28.229Z</time>
      </trkpt>
      <trkpt lat="46.978384" lon="11.481794">
        <ele>1331.097623</ele>
        <time>2026-08-14T13:43:30.869Z</time>
      </trkpt>
      <trkpt lat="46.978640" lon="11.482401">
        <ele>1327.636699</ele>
        <time>2026-08-14T13:43:41.594Z</time>
      </trkpt>
      <trkpt lat="46.978926" lon="11.483198">
        <ele>1323.269313</ele>
        <time>2026-08-14T13:43:55.927Z</time>
      </trkpt>
      <trkpt lat="46.978978" lon="11.483640">
        <ele>1321.094041</ele>
        <time>2026-08-14T13:44:03.256Z</time>
      </trkpt>
      <trkpt lat="46.979025" lon="11.483827">
        <ele>1320.127538</ele>
        <time>2026-08-14T13:44:06.554Z</time>
      </trkpt>
      <trkpt lat="46.979090" lon="11.483975">
        <ele>1319.668323</ele>
        <time>2026-08-14T13:44:09.490Z</time>
      </trkpt>
      <trkpt lat="46.979384" lon="11.484365">
        <ele>1318.665060</ele>
        <time>2026-08-14T13:44:19.423Z</time>
      </trkpt>
      <trkpt lat="46.979436" lon="11.484478">
        <ele>1318.429778</ele>
        <time>2026-08-14T13:44:21.862Z</time>
      </trkpt>
      <trkpt lat="46.979432" lon="11.484695">
        <ele>1318.055057</ele>
        <time>2026-08-14T13:44:25.736Z</time>
      </trkpt>
      <trkpt lat="46.978237" lon="11.482799">
        <ele>1315.145327</ele>
        <time>2026-08-14T13:44:50.748Z</time>
      </trkpt>
      <trkpt lat="46.977985" lon="11.482490">
        <ele>1315.054257</ele>
        <time>2026-08-14T13:44:56.416Z</time>
      </trkpt>
      <trkpt lat="46.977732" lon="11.482268">
        <ele>1314.972524</ele>
        <time>2026-08-14T13:45:02.041Z</time>
      </trkpt>
      <trkpt lat="46.976616" lon="11.481661">
        <ele>1314.680120</ele>
        <time>2026-08-14T13:45:26.009Z</time>
      </trkpt>
      <trkpt lat="46.976401" lon="11.481465">
        <ele>1314.623492</ele>
        <time>2026-08-14T13:45:30.278Z</time>
      </trkpt>
      <trkpt lat="46.976182" lon="11.481174">
        <ele>1314.557379</ele>
        <time>2026-08-14T13:45:35.045Z</time>
      </trkpt>
      <trkpt lat="46.975958" lon="11.480727">
        <ele>1314.472747</ele>
        <time>2026-08-14T13:45:40.865Z</time>
      </trkpt>
      <trkpt lat="46.975849" lon="11.480413">
        <ele>1314.274414</ele>
        <time>2026-08-14T13:45:44.331Z</time>
      </trkpt>
      <trkpt lat="46.975781" lon="11.480228">
        <ele>1313.947547</ele>
        <time>2026-08-14T13:45:46.322Z</time>
      </trkpt>
      <trkpt lat="46.975537" lon="11.479727">
        <ele>1312.990080</ele>
        <time>2026-08-14T13:45:51.978Z</time>
      </trkpt>
      <trkpt lat="46.975249" lon="11.479317">
        <ele>1312.074754</ele>
        <time>2026-08-14T13:45:57.326Z</time>
      </trkpt>
      <trkpt lat="46.974766" lon="11.478318">
        <ele>1310.100507</ele>
        <time>2026-08-14T13:46:08.194Z</time>
      </trkpt>
      <trkpt lat="46.974406" lon="11.477634">
        <ele>1308.185727</ele>
        <time>2026-08-14T13:46:15.516Z</time>
      </trkpt>
      <trkpt lat="46.974258" lon="11.477287">
        <ele>1307.278665</ele>
        <time>2026-08-14T13:46:18.937Z</time>
      </trkpt>
      <trkpt lat="46.973949" lon="11.476821">
        <ele>1305.838320</ele>
        <time>2026-08-14T13:46:24.378Z</time>
      </trkpt>
      <trkpt lat="46.973378" lon="11.476130">
        <ele>1304.001391</ele>
        <time>2026-08-14T13:46:33.803Z</time>
      </trkpt>
      <trkpt lat="46.973329" lon="11.476026">
        <ele>1303.871752</ele>
        <time>2026-08-14T13:46:34.933Z</time>
      </trkpt>
      <trkpt lat="46.973296" lon="11.475723">
        <ele>1303.557014</ele>
        <time>2026-08-14T13:46:37.705Z</time>
      </trkpt>
      <trkpt lat="46.970371" lon="11.472010">
        <ele>1299.605908</ele>
        <time>2026-08-14T13:47:36.835Z</time>
      </trkpt>
      <trkpt lat="46.967516" lon="11.468527">
        <ele>1296.299870</ele>
        <time>2026-08-14T13:48:32.781Z</time>
      </trkpt>
      <trkpt lat="46.966891" lon="11.467712">
        <ele>1295.538897</ele>
        <time>2026-08-14T13:48:45.194Z</time>
      </trkpt>
      <trkpt lat="46.964395" lon="11.464621">
        <ele>1292.796448</ele>
        <time>2026-08-14T13:49:35.053Z</time>
      </trkpt>
      <trkpt lat="46.964279" lon="11.464471">
        <ele>1292.662817</ele>
        <time>2026-08-14T13:49:37.350Z</time>
      </trkpt>
      <trkpt lat="46.963557" lon="11.463571">
        <ele>1291.701328</ele>
        <time>2026-08-14T13:49:51.290Z</time>
      </trkpt>
      <trkpt lat="46.962558" lon="11.462625">
        <ele>1290.195976</ele>
        <time>2026-08-14T13:50:09.227Z</time>
      </trkpt>
      <trkpt lat="46.961890" lon="11.462154">
        <ele>1288.484165</ele>
        <time>2026-08-14T13:50:19.453Z</time>
      </trkpt>
      <trkpt lat="46.960669" lon="11.461430">
        <ele>1284.916286</ele>
        <time>2026-08-14T13:50:35.918Z</time>
      </trkpt>
      <trkpt lat="46.960346" lon="11.461196">
        <ele>1283.683666</ele>
        <time>2026-08-14T13:50:40.789Z</time>
      </trkpt>
      <trkpt lat="46.959949" lon="11.460857">
        <ele>1282.111785</ele>
        <time>2026-08-14T13:50:46.635Z</time>
      </trkpt>
      <trkpt lat="46.959695" lon="11.460526">
        <ele>1280.948941</ele>
        <time>2026-08-14T13:50:50.786Z</time>
      </trkpt>
      <trkpt lat="46.959114" lon="11.459566">
        <ele>1276.329079</ele>
        <time>2026-08-14T13:51:00.985Z</time>
      </trkpt>
      <trkpt lat="46.958895" lon="11.459131">
        <ele>1274.223345</ele>
        <time>2026-08-14T13:51:04.977Z</time>
      </trkpt>
      <trkpt lat="46.958323" lon="11.457634">
        <ele>1269.021622</ele>
        <time>2026-08-14T13:51:18.302Z</time>
      </trkpt>
      <trkpt lat="46.958073" lon="11.457148">
        <ele>1268.014066</ele>
        <time>2026-08-14T13:51:23.764Z</time>
      </trkpt>
      <trkpt lat="46.957783" lon="11.456751">
        <ele>1267.051332</ele>
        <time>2026-08-14T13:51:29.430Z</time>
      </trkpt>
      <trkpt lat="46.957160" lon="11.456023">
        <ele>1265.529436</ele>
        <time>2026-08-14T13:51:43.764Z</time>
      </trkpt>
      <trkpt lat="46.956742" lon="11.455687">
        <ele>1265.121087</ele>
        <time>2026-08-14T13:51:51.332Z</time>
      </trkpt>
      <trkpt lat="46.956511" lon="11.455571">
        <ele>1264.911943</ele>
        <time>2026-08-14T13:51:55.017Z</time>
      </trkpt>
      <trkpt lat="46.956247" lon="11.455472">
        <ele>1264.678545</ele>
        <time>2026-08-14T13:51:59.140Z</time>
      </trkpt>
      <trkpt lat="46.954831" lon="11.455101">
        <ele>1260.789115</ele>
        <time>2026-08-14T13:52:19.297Z</time>
      </trkpt>
      <trkpt lat="46.954639" lon="11.454995">
        <ele>1260.004358</ele>
        <time>2026-08-14T13:52:21.801Z</time>
      </trkpt>
      <trkpt lat="46.954442" lon="11.454910">
        <ele>1259.218891</ele>
        <time>2026-08-14T13:52:24.183Z</time>
      </trkpt>
      <trkpt lat="46.954262" lon="11.454776">
        <ele>1258.446657</ele>
        <time>2026-08-14T13:52:26.465Z</time>
      </trkpt>
      <trkpt lat="46.953881" lon="11.454407">
        <ele>1256.265900</ele>
        <time>2026-08-14T13:52:31.475Z</time>
      </trkpt>
      <trkpt lat="46.953578" lon="11.453942">
        <ele>1253.439366</ele>
        <time>2026-08-14T13:52:36.240Z</time>
      </trkpt>
      <trkpt lat="46.953326" lon="11.453485">
        <ele>1250.856279</ele>
        <time>2026-08-14T13:52:40.565Z</time>
      </trkpt>
      <trkpt lat="46.952387" lon="11.451632">
        <ele>1244.346408</ele>
        <time>2026-08-14T13:52:59.012Z</time>
      </trkpt>
      <trkpt lat="46.952337" lon="11.451555">
        <ele>1244.216409</ele>
        <time>2026-08-14T13:53:00.032Z</time>
      </trkpt>
      <trkpt lat="46.952058" lon="11.451170">
        <ele>1243.529563</ele>
        <time>2026-08-14T13:53:06.355Z</time>
      </trkpt>
      <trkpt lat="46.951720" lon="11.450786">
        <ele>1242.763071</ele>
        <time>2026-08-14T13:53:16.270Z</time>
      </trkpt>
      <trkpt lat="46.951419" lon="11.450534">
        <ele>1242.248585</ele>
        <time>2026-08-14T13:53:25.180Z</time>
      </trkpt>
      <trkpt lat="46.951069" lon="11.450314">
        <ele>1241.756197</ele>
        <time>2026-08-14T13:53:32.990Z</time>
      </trkpt>
      <trkpt lat="46.950992" lon="11.450275">
        <ele>1241.650866</ele>
        <time>2026-08-14T13:53:34.396Z</time>
      </trkpt>
      <trkpt lat="46.950563" lon="11.450102">
        <ele>1241.075608</ele>
        <time>2026-08-14T13:53:41.020Z</time>
      </trkpt>
      <trkpt lat="46.949739" lon="11.449922">
        <ele>1239.585748</ele>
        <time>2026-08-14T13:53:51.440Z</time>
      </trkpt>
      <trkpt lat="46.949016" lon="11.449686">
        <ele>1236.663899</ele>
        <time>2026-08-14T13:53:59.985Z</time>
      </trkpt>
      <trkpt lat="46.948630" lon="11.449473">
        <ele>1235.036860</ele>
        <time>2026-08-14T13:54:04.890Z</time>
      </trkpt>
      <trkpt lat="46.948217" lon="11.449172">
        <ele>1233.217271</ele>
        <time>2026-08-14T13:54:10.655Z</time>
      </trkpt>
      <trkpt lat="46.947587" lon="11.448627">
        <ele>1232.410493</ele>
        <time>2026-08-14T13:54:21.062Z</time>
      </trkpt>
      <trkpt lat="46.947146" lon="11.448128">
        <ele>1231.860156</ele>
        <time>2026-08-14T13:54:30.731Z</time>
      </trkpt>
      <trkpt lat="46.945926" lon="11.446407">
        <ele>1229.881079</ele>
        <time>2026-08-14T13:54:57.643Z</time>
      </trkpt>
      <trkpt lat="46.945717" lon="11.446053">
        <ele>1229.480828</ele>
        <time>2026-08-14T13:55:01.893Z</time>
      </trkpt>
      <trkpt lat="46.945353" lon="11.445256">
        <ele>1227.511891</ele>
        <time>2026-08-14T13:55:10.497Z</time>
      </trkpt>
      <trkpt lat="46.945078" lon="11.444498">
        <ele>1224.743993</ele>
        <time>2026-08-14T13:55:17.493Z</time>
      </trkpt>
      <trkpt lat="46.944993" lon="11.444227">
        <ele>1223.782325</ele>
        <time>2026-08-14T13:55:19.857Z</time>
      </trkpt>
      <trkpt lat="46.944929" lon="11.443922">
        <ele>1222.753427</ele>
        <time>2026-08-14T13:55:22.390Z</time>
      </trkpt>
      <trkpt lat="46.944856" lon="11.443966">
        <ele>1222.380579</ele>
        <time>2026-08-14T13:55:23.280Z</time>
      </trkpt>
      <trkpt lat="46.944831" lon="11.444018">
        <ele>1222.175497</ele>
        <time>2026-08-14T13:55:23.776Z</time>
      </trkpt>
      <trkpt lat="46.944832" lon="11.444090">
        <ele>1221.943280</ele>
        <time>2026-08-14T13:55:24.348Z</time>
      </trkpt>
      <trkpt lat="46.944958" lon="11.444512">
        <ele>1220.407906</ele>
        <time>2026-08-14T13:55:27.867Z</time>
      </trkpt>
      <trkpt lat="46.945230" lon="11.445983">
        <ele>1213.472597</ele>
        <time>2026-08-14T13:55:39.201Z</time>
      </trkpt>
      <trkpt lat="46.945329" lon="11.446311">
        <ele>1211.840593</ele>
        <time>2026-08-14T13:55:41.927Z</time>
      </trkpt>
      <trkpt lat="46.945396" lon="11.446528">
        <ele>1210.756794</ele>
        <time>2026-08-14T13:55:43.756Z</time>
      </trkpt>
      <trkpt lat="46.945394" lon="11.446617">
        <ele>1210.351562</ele>
        <time>2026-08-14T13:55:44.447Z</time>
      </trkpt>
      <trkpt lat="46.945343" lon="11.446653">
        <ele>1209.974192</ele>
        <time>2026-08-14T13:55:45.089Z</time>
      </trkpt>
      <trkpt lat="46.945289" lon="11.446591">
        <ele>1209.516840</ele>
        <time>2026-08-14T13:55:45.879Z</time>
      </trkpt>
      <trkpt lat="46.944906" lon="11.445425">
        <ele>1204.949810</ele>
        <time>2026-08-14T13:55:56.266Z</time>
      </trkpt>
      <trkpt lat="46.944523" lon="11.444707">
        <ele>1201.907406</ele>
        <time>2026-08-14T13:56:03.643Z</time>
      </trkpt>
      <trkpt lat="46.944498" lon="11.444598">
        <ele>1201.523468</ele>
        <time>2026-08-14T13:56:04.580Z</time>
      </trkpt>
      <trkpt lat="46.944433" lon="11.444566">
        <ele>1201.188090</ele>
        <time>2026-08-14T13:56:05.381Z</time>
      </trkpt>
      <trkpt lat="46.944411" lon="11.444680">
        <ele>1200.792530</ele>
        <time>2026-08-14T13:56:06.342Z</time>
      </trkpt>
      <trkpt lat="46.944470" lon="11.444795">
        <ele>1200.312209</ele>
        <time>2026-08-14T13:56:07.497Z</time>
      </trkpt>
      <trkpt lat="46.944723" lon="11.445537">
        <ele>1196.781041</ele>
        <time>2026-08-14T13:56:14.130Z</time>
      </trkpt>
      <trkpt lat="46.945220" lon="11.447829">
        <ele>1184.793621</ele>
        <time>2026-08-14T13:56:32.282Z</time>
      </trkpt>
      <trkpt lat="46.945157" lon="11.448111">
        <ele>1182.639552</ele>
        <time>2026-08-14T13:56:34.414Z</time>
      </trkpt>
      <trkpt lat="46.945108" lon="11.448205">
        <ele>1181.780952</ele>
        <time>2026-08-14T13:56:35.260Z</time>
      </trkpt>
      <trkpt lat="46.945046" lon="11.448235">
        <ele>1181.086610</ele>
        <time>2026-08-14T13:56:39.772Z</time>
      </trkpt>
      <trkpt lat="46.944995" lon="11.448220">
        <ele>1180.533458</ele>
        <time>2026-08-14T13:56:43.432Z</time>
      </trkpt>
      <trkpt lat="46.944927" lon="11.448152">
        <ele>1179.657910</ele>
        <time>2026-08-14T13:56:49.170Z</time>
      </trkpt>
      <trkpt lat="46.944659" lon="11.447629">
        <ele>1174.910491</ele>
        <time>2026-08-14T13:57:20.375Z</time>
      </trkpt>
      <trkpt lat="46.944530" lon="11.447499">
        <ele>1173.245419</ele>
        <time>2026-08-14T13:57:31.322Z</time>
      </trkpt>
      <trkpt lat="46.944156" lon="11.447204">
        <ele>1168.685780</ele>
        <time>2026-08-14T13:58:01.065Z</time>
      </trkpt>
      <trkpt lat="46.943980" lon="11.447134">
        <ele>1166.245475</ele>
        <time>2026-08-14T13:58:13.778Z</time>
      </trkpt>
      <trkpt lat="46.943589" lon="11.447059">
        <ele>1160.968890</ele>
        <time>2026-08-14T13:58:41.344Z</time>
      </trkpt>
      <trkpt lat="46.943335" lon="11.446996">
        <ele>1157.521769</ele>
        <time>2026-08-14T13:58:59.399Z</time>
      </trkpt>
      <trkpt lat="46.943253" lon="11.446816">
        <ele>1155.544934</ele>
        <time>2026-08-14T13:59:09.753Z</time>
      </trkpt>
      <trkpt lat="46.942748" lon="11.446240">
        <ele>1146.980451</ele>
        <time>2026-08-14T13:59:54.598Z</time>
      </trkpt>
      <trkpt lat="46.942412" lon="11.445998">
        <ele>1141.610680</ele>
        <time>2026-08-14T14:00:20.811Z</time>
      </trkpt>
      <trkpt lat="46.942000" lon="11.445701">
        <ele>1134.692369</ele>
        <time>2026-08-14T14:00:53.060Z</time>
      </trkpt>
      <trkpt lat="46.941606" lon="11.445137">
        <ele>1126.392141</ele>
        <time>2026-08-14T14:01:31.769Z</time>
      </trkpt>
      <trkpt lat="46.941465" lon="11.445030">
        <ele>1123.999617</ele>
        <time>2026-08-14T14:01:42.859Z</time>
      </trkpt>
      <trkpt lat="46.941391" lon="11.444913">
        <ele>1122.359066</ele>
        <time>2026-08-14T14:01:50.512Z</time>
      </trkpt>
      <trkpt lat="46.941060" lon="11.444973">
        <ele>1117.430889</ele>
        <time>2026-08-14T14:02:13.860Z</time>
      </trkpt>
      <trkpt lat="46.940855" lon="11.445108">
        <ele>1114.878125</ele>
        <time>2026-08-14T14:02:16.135Z</time>
      </trkpt>
      <trkpt lat="46.940578" lon="11.445480">
        <ele>1110.609863</ele>
        <time>2026-08-14T14:02:19.957Z</time>
      </trkpt>
      <trkpt lat="46.940551" lon="11.445242">
        <ele>1108.739037</ele>
        <time>2026-08-14T14:02:21.647Z</time>
      </trkpt>
      <trkpt lat="46.940573" lon="11.445135">
        <ele>1107.872522</ele>
        <time>2026-08-14T14:02:22.432Z</time>
      </trkpt>
      <trkpt lat="46.940635" lon="11.445003">
        <ele>1106.630136</ele>
        <time>2026-08-14T14:02:23.569Z</time>
      </trkpt>
      <trkpt lat="46.940718" lon="11.444868">
        <ele>1105.221429</ele>
        <time>2026-08-14T14:02:24.869Z</time>
      </trkpt>
      <trkpt lat="46.940763" lon="11.444680">
        <ele>1103.676634</ele>
        <time>2026-08-14T14:02:26.299Z</time>
      </trkpt>
      <trkpt lat="46.940731" lon="11.444567">
        <ele>1102.728020</ele>
        <time>2026-08-14T14:02:27.168Z</time>
      </trkpt>
      <trkpt lat="46.940692" lon="11.444538">
        <ele>1102.231270</ele>
        <time>2026-08-14T14:02:27.627Z</time>
      </trkpt>
      <trkpt lat="46.940374" lon="11.444563">
        <ele>1098.614438</ele>
        <time>2026-08-14T14:02:31.009Z</time>
      </trkpt>
      <trkpt lat="46.940047" lon="11.444648">
        <ele>1095.653737</ele>
        <time>2026-08-14T14:02:34.508Z</time>
      </trkpt>
      <trkpt lat="46.939783" lon="11.444568">
        <ele>1093.602827</ele>
        <time>2026-08-14T14:02:37.352Z</time>
      </trkpt>
      <trkpt lat="46.939681" lon="11.444439">
        <ele>1092.577607</ele>
        <time>2026-08-14T14:02:38.812Z</time>
      </trkpt>
      <trkpt lat="46.939319" lon="11.444494">
        <ele>1089.808922</ele>
        <time>2026-08-14T14:02:42.835Z</time>
      </trkpt>
      <trkpt lat="46.939173" lon="11.444486">
        <ele>1088.697454</ele>
        <time>2026-08-14T14:02:44.464Z</time>
      </trkpt>
      <trkpt lat="46.939130" lon="11.444455">
        <ele>1088.332850</ele>
        <time>2026-08-14T14:02:45.192Z</time>
      </trkpt>
      <trkpt lat="46.939018" lon="11.444405">
        <ele>1087.442110</ele>
        <time>2026-08-14T14:02:47.073Z</time>
      </trkpt>
      <trkpt lat="46.938863" lon="11.444333">
        <ele>1086.205066</ele>
        <time>2026-08-14T14:02:49.711Z</time>
      </trkpt>
      <trkpt lat="46.938791" lon="11.443982">
        <ele>1084.301392</ele>
        <time>2026-08-14T14:02:52.569Z</time>
      </trkpt>
      <trkpt lat="46.938221" lon="11.444161">
        <ele>1080.244378</ele>
        <time>2026-08-14T14:02:59.009Z</time>
      </trkpt>
      <trkpt lat="46.938188" lon="11.444060">
        <ele>1079.721382</ele>
        <time>2026-08-14T14:02:59.834Z</time>
      </trkpt>
      <trkpt lat="46.938065" lon="11.443684">
        <ele>1077.773946</ele>
        <time>2026-08-14T14:03:02.928Z</time>
      </trkpt>
      <trkpt lat="46.938034" lon="11.443595">
        <ele>1077.307264</ele>
        <time>2026-08-14T14:03:03.663Z</time>
      </trkpt>
      <trkpt lat="46.937928" lon="11.443314">
        <ele>1075.807737</ele>
        <time>2026-08-14T14:03:06.056Z</time>
      </trkpt>
      <trkpt lat="46.937885" lon="11.443186">
        <ele>1075.141408</ele>
        <time>2026-08-14T14:03:07.117Z</time>
      </trkpt>
      <trkpt lat="46.937703" lon="11.442634">
        <ele>1072.278164</ele>
        <time>2026-08-14T14:03:11.782Z</time>
      </trkpt>
      <trkpt lat="46.937663" lon="11.442569">
        <ele>1071.869436</ele>
        <time>2026-08-14T14:03:12.454Z</time>
      </trkpt>
      <trkpt lat="46.937534" lon="11.442674">
        <ele>1071.117143</ele>
        <time>2026-08-14T14:03:14.130Z</time>
      </trkpt>
      <trkpt lat="46.937137" lon="11.442996">
        <ele>1069.780066</ele>
        <time>2026-08-14T14:03:19.390Z</time>
      </trkpt>
      <trkpt lat="46.937088" lon="11.443031">
        <ele>1069.619442</ele>
        <time>2026-08-14T14:03:20.054Z</time>
      </trkpt>
      <trkpt lat="46.936944" lon="11.443132">
        <ele>1069.149030</ele>
        <time>2026-08-14T14:03:22.021Z</time>
      </trkpt>
      <trkpt lat="46.937088" lon="11.443031">
        <ele>1068.678617</ele>
        <time>2026-08-14T14:03:24.051Z</time>
      </trkpt>
      <trkpt lat="46.936944" lon="11.443132">
        <ele>1068.208205</ele>
        <time>2026-08-14T14:03:26.154Z</time>
      </trkpt>
      <trkpt lat="46.936700" lon="11.443303">
        <ele>1067.411238</ele>
        <time>2026-08-14T14:03:29.874Z</time>
      </trkpt>
      <trkpt lat="46.936667" lon="11.443275">
        <ele>1067.298871</ele>
        <time>2026-08-14T14:03:30.411Z</time>
      </trkpt>
      <trkpt lat="46.936676" lon="11.443245">
        <ele>1067.232950</ele>
        <time>2026-08-14T14:03:30.721Z</time>
      </trkpt>
      <trkpt lat="46.936947" lon="11.442974">
        <ele>1066.266127</ele>
        <time>2026-08-14T14:03:35.645Z</time>
      </trkpt>
      <trkpt lat="46.936925" lon="11.442918">
        <ele>1066.136153</ele>
        <time>2026-08-14T14:03:36.372Z</time>
      </trkpt>
      <trkpt lat="46.936562" lon="11.443277">
        <ele>1066.747597</ele>
        <time>2026-08-14T14:03:44.397Z</time>
      </trkpt>
      <trkpt lat="46.936471" lon="11.443362">
        <ele>1066.947950</ele>
        <time>2026-08-14T14:03:46.788Z</time>
      </trkpt>
      <trkpt lat="46.936233" lon="11.443600">
        <ele>1067.482909</ele>
        <time>2026-08-14T14:03:53.857Z</time>
      </trkpt>
      <trkpt lat="46.936073" lon="11.443823">
        <ele>1067.892912</ele>
        <time>2026-08-14T14:03:59.615Z</time>
      </trkpt>
      <trkpt lat="46.935995" lon="11.443960">
        <ele>1068.119003</ele>
        <time>2026-08-14T14:04:02.817Z</time>
      </trkpt>
      <trkpt lat="46.935889" lon="11.444233">
        <ele>1068.517062</ele>
        <time>2026-08-14T14:04:08.948Z</time>
      </trkpt>
      <trkpt lat="46.935771" lon="11.444627">
        <ele>1069.062381</ele>
        <time>2026-08-14T14:04:19.280Z</time>
      </trkpt>
      <trkpt lat="46.935380" lon="11.445523">
        <ele>1070.504971</ele>
        <time>2026-08-14T14:04:43.600Z</time>
      </trkpt>
      <trkpt lat="46.935317" lon="11.445801">
        <ele>1070.909471</ele>
        <time>2026-08-14T14:04:49.849Z</time>
      </trkpt>
      <trkpt lat="46.935326" lon="11.446005">
        <ele>1071.191775</ele>
        <time>2026-08-14T14:04:53.760Z</time>
      </trkpt>
      <trkpt lat="46.935224" lon="11.446064">
        <ele>1071.413571</ele>
        <time>2026-08-14T14:04:56.332Z</time>
      </trkpt>
      <trkpt lat="46.935236" lon="11.446123">
        <ele>1071.498586</ele>
        <time>2026-08-14T14:04:58.099Z</time>
      </trkpt>
      <trkpt lat="46.934742" lon="11.446408">
        <ele>1072.572398</ele>
        <time>2026-08-14T14:05:10.406Z</time>
      </trkpt>
      <trkpt lat="46.933982" lon="11.446869">
        <ele>1071.750694</ele>
        <time>2026-08-14T14:05:23.400Z</time>
      </trkpt>
      <trkpt lat="46.933866" lon="11.446971">
        <ele>1071.479030</ele>
        <time>2026-08-14T14:05:25.301Z</time>
      </trkpt>
      <trkpt lat="46.933751" lon="11.447103">
        <ele>1071.185661</ele>
        <time>2026-08-14T14:05:27.304Z</time>
      </trkpt>
      <trkpt lat="46.933324" lon="11.447771">
        <ele>1069.931152</ele>
        <time>2026-08-14T14:05:35.313Z</time>
      </trkpt>
      <trkpt lat="46.933002" lon="11.448216">
        <ele>1068.467983</ele>
        <time>2026-08-14T14:05:40.731Z</time>
      </trkpt>
      <trkpt lat="46.932948" lon="11.448356">
        <ele>1067.870032</ele>
        <time>2026-08-14T14:05:42.050Z</time>
      </trkpt>
      <trkpt lat="46.932911" lon="11.448380">
        <ele>1067.649648</ele>
        <time>2026-08-14T14:05:42.541Z</time>
      </trkpt>
      <trkpt lat="46.932901" lon="11.448490">
        <ele>1067.236969</ele>
        <time>2026-08-14T14:05:43.439Z</time>
      </trkpt>
      <trkpt lat="46.932928" lon="11.448645">
        <ele>1066.642092</ele>
        <time>2026-08-14T14:05:44.717Z</time>
      </trkpt>
      <trkpt lat="46.933152" lon="11.449106">
        <ele>1064.537993</ele>
        <time>2026-08-14T14:05:49.125Z</time>
      </trkpt>
      <trkpt lat="46.933155" lon="11.449209">
        <ele>1064.154608</ele>
        <time>2026-08-14T14:05:49.910Z</time>
      </trkpt>
      <trkpt lat="46.933120" lon="11.449292">
        <ele>1063.791836</ele>
        <time>2026-08-14T14:05:50.663Z</time>
      </trkpt>
      <trkpt lat="46.933015" lon="11.449370">
        <ele>1063.150643</ele>
        <time>2026-08-14T14:05:51.990Z</time>
      </trkpt>
      <trkpt lat="46.932710" lon="11.449535">
        <ele>1061.379901</ele>
        <time>2026-08-14T14:05:55.634Z</time>
      </trkpt>
      <trkpt lat="46.932186" lon="11.449681">
        <ele>1058.537371</ele>
        <time>2026-08-14T14:06:01.660Z</time>
      </trkpt>
      <trkpt lat="46.931832" lon="11.449714">
        <ele>1056.714402</ele>
        <time>2026-08-14T14:06:05.633Z</time>
      </trkpt>
      <trkpt lat="46.931266" lon="11.450058">
        <ele>1053.565026</ele>
        <time>2026-08-14T14:06:12.595Z</time>
      </trkpt>
      <trkpt lat="46.930741" lon="11.450233">
        <ele>1050.797915</ele>
        <time>2026-08-14T14:06:19.183Z</time>
      </trkpt>
      <trkpt lat="46.930559" lon="11.450251">
        <ele>1050.047180</ele>
        <time>2026-08-14T14:06:21.457Z</time>
      </trkpt>
      <trkpt lat="46.930142" lon="11.450155">
        <ele>1048.725176</ele>
        <time>2026-08-14T14:06:26.856Z</time>
      </trkpt>
      <trkpt lat="46.930101" lon="11.450145">
        <ele>1048.595003</ele>
        <time>2026-08-14T14:06:27.407Z</time>
      </trkpt>
      <trkpt lat="46.930036" lon="11.450131">
        <ele>1048.389245</ele>
        <time>2026-08-14T14:06:28.269Z</time>
      </trkpt>
      <trkpt lat="46.928796" lon="11.449710">
        <ele>1044.451159</ele>
        <time>2026-08-14T14:06:44.556Z</time>
      </trkpt>
      <trkpt lat="46.928472" lon="11.449656">
        <ele>1043.593089</ele>
        <time>2026-08-14T14:06:48.516Z</time>
      </trkpt>
      <trkpt lat="46.928069" lon="11.449679">
        <ele>1042.531838</ele>
        <time>2026-08-14T14:06:53.442Z</time>
      </trkpt>
      <trkpt lat="46.927476" lon="11.449853">
        <ele>1040.940411</ele>
        <time>2026-08-14T14:07:01.152Z</time>
      </trkpt>
      <trkpt lat="46.927207" lon="11.449833">
        <ele>1040.231659</ele>
        <time>2026-08-14T14:07:05.013Z</time>
      </trkpt>
      <trkpt lat="46.926727" lon="11.449854">
        <ele>1040.050716</ele>
        <time>2026-08-14T14:07:12.886Z</time>
      </trkpt>
      <trkpt lat="46.926278" lon="11.449781">
        <ele>1040.143163</ele>
        <time>2026-08-14T14:07:21.485Z</time>
      </trkpt>
      <trkpt lat="46.925747" lon="11.449558">
        <ele>1040.256206</ele>
        <time>2026-08-14T14:07:31.813Z</time>
      </trkpt>
      <trkpt lat="46.924690" lon="11.448603">
        <ele>1042.452061</ele>
        <time>2026-08-14T14:07:58.455Z</time>
      </trkpt>
      <trkpt lat="46.924510" lon="11.448498">
        <ele>1042.945361</ele>
        <time>2026-08-14T14:08:03.951Z</time>
      </trkpt>
      <trkpt lat="46.924356" lon="11.448510">
        <ele>1043.337992</ele>
        <time>2026-08-14T14:08:08.570Z</time>
      </trkpt>
      <trkpt lat="46.924167" lon="11.448603">
        <ele>1043.845621</ele>
        <time>2026-08-14T14:08:14.896Z</time>
      </trkpt>
      <trkpt lat="46.923670" lon="11.448579">
        <ele>1045.453026</ele>
        <time>2026-08-14T14:08:32.340Z</time>
      </trkpt>
      <trkpt lat="46.923095" lon="11.448650">
        <ele>1049.537956</ele>
        <time>2026-08-14T14:09:00.092Z</time>
      </trkpt>
      <trkpt lat="46.923028" lon="11.448696">
        <ele>1050.061811</ele>
        <time>2026-08-14T14:09:03.865Z</time>
      </trkpt>
      <trkpt lat="46.922912" lon="11.448951">
        <ele>1051.543149</ele>
        <time>2026-08-14T14:09:14.110Z</time>
      </trkpt>
      <trkpt lat="46.922884" lon="11.449231">
        <ele>1052.911354</ele>
        <time>2026-08-14T14:09:24.224Z</time>
      </trkpt>
      <trkpt lat="46.922755" lon="11.449650">
        <ele>1055.133493</ele>
        <time>2026-08-14T14:09:43.012Z</time>
      </trkpt>
      <trkpt lat="46.922763" lon="11.449734">
        <ele>1055.543555</ele>
        <time>2026-08-14T14:09:46.708Z</time>
      </trkpt>
      <trkpt lat="46.922805" lon="11.449824">
        <ele>1056.070574</ele>
        <time>2026-08-14T14:09:51.622Z</time>
      </trkpt>
      <trkpt lat="46.922793" lon="11.449906">
        <ele>1056.476035</ele>
        <time>2026-08-14T14:09:55.622Z</time>
      </trkpt>
      <trkpt lat="46.922619" lon="11.450176">
        <ele>1057.490936</ele>
        <time>2026-08-14T14:10:11.131Z</time>
      </trkpt>
      <trkpt lat="46.922537" lon="11.450241">
        <ele>1057.318212</ele>
        <time>2026-08-14T14:10:15.458Z</time>
      </trkpt>
      <trkpt lat="46.922307" lon="11.450623">
        <ele>1056.673956</ele>
        <time>2026-08-14T14:10:27.968Z</time>
      </trkpt>
      <trkpt lat="46.922244" lon="11.450732">
        <ele>1056.493306</ele>
        <time>2026-08-14T14:10:29.912Z</time>
      </trkpt>
      <trkpt lat="46.922161" lon="11.450827">
        <ele>1056.298159</ele>
        <time>2026-08-14T14:10:31.772Z</time>
      </trkpt>
      <trkpt lat="46.921928" lon="11.450821">
        <ele>1055.866497</ele>
        <time>2026-08-14T14:10:34.857Z</time>
      </trkpt>
      <trkpt lat="46.921789" lon="11.450616">
        <ele>1055.501041</ele>
        <time>2026-08-14T14:10:37.179Z</time>
      </trkpt>
      <trkpt lat="46.921846" lon="11.450325">
        <ele>1055.118044</ele>
        <time>2026-08-14T14:10:39.479Z</time>
      </trkpt>
      <trkpt lat="46.921859" lon="11.450079">
        <ele>1054.805890</ele>
        <time>2026-08-14T14:10:41.327Z</time>
      </trkpt>
      <trkpt lat="46.921825" lon="11.449813">
        <ele>1054.463520</ele>
        <time>2026-08-14T14:10:43.302Z</time>
      </trkpt>
      <trkpt lat="46.921589" lon="11.449027">
        <ele>1049.554507</ele>
        <time>2026-08-14T14:10:49.306Z</time>
      </trkpt>
      <trkpt lat="46.921436" lon="11.448699">
        <ele>1047.016443</ele>
        <time>2026-08-14T14:10:52.135Z</time>
      </trkpt>
      <trkpt lat="46.921295" lon="11.448592">
        <ele>1045.530627</ele>
        <time>2026-08-14T14:10:53.822Z</time>
      </trkpt>
      <trkpt lat="46.920927" lon="11.448521">
        <ele>1042.057964</ele>
        <time>2026-08-14T14:10:57.842Z</time>
      </trkpt>
      <trkpt lat="46.920749" lon="11.448431">
        <ele>1040.296142</ele>
        <time>2026-08-14T14:10:59.894Z</time>
      </trkpt>
      <trkpt lat="46.919908" lon="11.447603">
        <ele>1030.665747</ele>
        <time>2026-08-14T14:11:10.745Z</time>
      </trkpt>
      <trkpt lat="46.919270" lon="11.447090">
        <ele>1023.704233</ele>
        <time>2026-08-14T14:11:18.395Z</time>
      </trkpt>
      <trkpt lat="46.918901" lon="11.446896">
        <ele>1019.939958</ele>
        <time>2026-08-14T14:11:22.483Z</time>
      </trkpt>
      <trkpt lat="46.918324" lon="11.446719">
        <ele>1014.058776</ele>
        <time>2026-08-14T14:11:28.585Z</time>
      </trkpt>
      <trkpt lat="46.918071" lon="11.446522">
        <ele>1011.200062</ele>
        <time>2026-08-14T14:11:31.586Z</time>
      </trkpt>
      <trkpt lat="46.918040" lon="11.446335">
        <ele>1009.888837</ele>
        <time>2026-08-14T14:11:32.962Z</time>
      </trkpt>
      <trkpt lat="46.918049" lon="11.446223">
        <ele>1009.120396</ele>
        <time>2026-08-14T14:11:33.777Z</time>
      </trkpt>
      <trkpt lat="46.918075" lon="11.446078">
        <ele>1008.098876</ele>
        <time>2026-08-14T14:11:34.858Z</time>
      </trkpt>
      <trkpt lat="46.918103" lon="11.445814">
        <ele>1006.278402</ele>
        <time>2026-08-14T14:11:36.787Z</time>
      </trkpt>
      <trkpt lat="46.918045" lon="11.445713">
        <ele>1005.379268</ele>
        <time>2026-08-14T14:11:37.731Z</time>
      </trkpt>
      <trkpt lat="46.917454" lon="11.445579">
        <ele>1000.482272</ele>
        <time>2026-08-14T14:11:44.055Z</time>
      </trkpt>
      <trkpt lat="46.917266" lon="11.445480">
        <ele>999.215266</ele>
        <time>2026-08-14T14:11:46.206Z</time>
      </trkpt>
      <trkpt lat="46.917017" lon="11.445293">
        <ele>997.440557</ele>
        <time>2026-08-14T14:11:49.358Z</time>
      </trkpt>
      <trkpt lat="46.916572" lon="11.444704">
        <ele>993.636169</ele>
        <time>2026-08-14T14:11:56.302Z</time>
      </trkpt>
      <trkpt lat="46.916509" lon="11.444563">
        <ele>992.906331</ele>
        <time>2026-08-14T14:11:57.666Z</time>
      </trkpt>
      <trkpt lat="46.916487" lon="11.444402">
        <ele>992.195103</ele>
        <time>2026-08-14T14:11:58.988Z</time>
      </trkpt>
      <trkpt lat="46.916294" lon="11.444416">
        <ele>990.969667</ele>
        <time>2026-08-14T14:12:01.282Z</time>
      </trkpt>
      <trkpt lat="46.916193" lon="11.444381">
        <ele>990.506072</ele>
        <time>2026-08-14T14:12:02.496Z</time>
      </trkpt>
      <trkpt lat="46.915655" lon="11.444033">
        <ele>987.928297</ele>
        <time>2026-08-14T14:12:09.567Z</time>
      </trkpt>
      <trkpt lat="46.915605" lon="11.443968">
        <ele>987.635236</ele>
        <time>2026-08-14T14:12:10.395Z</time>
      </trkpt>
      <trkpt lat="46.915425" lon="11.443539">
        <ele>986.128004</ele>
        <time>2026-08-14T14:12:14.590Z</time>
      </trkpt>
      <trkpt lat="46.915262" lon="11.443325">
        <ele>985.168437</ele>
        <time>2026-08-14T14:12:17.153Z</time>
      </trkpt>
      <trkpt lat="46.914790" lon="11.443103">
        <ele>983.011272</ele>
        <time>2026-08-14T14:12:23.055Z</time>
      </trkpt>
      <trkpt lat="46.914673" lon="11.443070">
        <ele>982.618508</ele>
        <time>2026-08-14T14:12:24.434Z</time>
      </trkpt>
      <trkpt lat="46.914524" lon="11.443116">
        <ele>982.116552</ele>
        <time>2026-08-14T14:12:26.215Z</time>
      </trkpt>
      <trkpt lat="46.914480" lon="11.443083">
        <ele>981.953587</ele>
        <time>2026-08-14T14:12:26.820Z</time>
      </trkpt>
      <trkpt lat="46.914471" lon="11.442904">
        <ele>981.549444</ele>
        <time>2026-08-14T14:12:28.255Z</time>
      </trkpt>
      <trkpt lat="46.914495" lon="11.442700">
        <ele>981.083336</ele>
        <time>2026-08-14T14:12:29.962Z</time>
      </trkpt>
      <trkpt lat="46.914496" lon="11.442588">
        <ele>980.831125</ele>
        <time>2026-08-14T14:12:30.980Z</time>
      </trkpt>
      <trkpt lat="46.914347" lon="11.442466">
        <ele>980.268368</ele>
        <time>2026-08-14T14:12:33.063Z</time>
      </trkpt>
      <trkpt lat="46.914249" lon="11.442344">
        <ele>979.844317</ele>
        <time>2026-08-14T14:12:34.674Z</time>
      </trkpt>
      <trkpt lat="46.914088" lon="11.442008">
        <ele>978.920166</ele>
        <time>2026-08-14T14:12:38.188Z</time>
      </trkpt>
      <trkpt lat="46.914058" lon="11.441887">
        <ele>978.630318</ele>
        <time>2026-08-14T14:12:39.289Z</time>
      </trkpt>
      <trkpt lat="46.913488" lon="11.440047">
        <ele>976.079874</ele>
        <time>2026-08-14T14:12:58.589Z</time>
      </trkpt>
      <trkpt lat="46.913335" lon="11.439612">
        <ele>975.700499</ele>
        <time>2026-08-14T14:13:03.605Z</time>
      </trkpt>
      <trkpt lat="46.913246" lon="11.439468">
        <ele>975.549926</ele>
        <time>2026-08-14T14:13:05.664Z</time>
      </trkpt>
      <trkpt lat="46.913033" lon="11.439228">
        <ele>975.244828</ele>
        <time>2026-08-14T14:13:10.123Z</time>
      </trkpt>
      <trkpt lat="46.912999" lon="11.439168">
        <ele>975.184382</ele>
        <time>2026-08-14T14:13:11.091Z</time>
      </trkpt>
      <trkpt lat="46.912977" lon="11.439046">
        <ele>975.089294</ele>
        <time>2026-08-14T14:13:12.514Z</time>
      </trkpt>
      <trkpt lat="46.912959" lon="11.438834">
        <ele>975.224666</ele>
        <time>2026-08-14T14:13:14.916Z</time>
      </trkpt>
      <trkpt lat="46.912923" lon="11.438661">
        <ele>975.339266</ele>
        <time>2026-08-14T14:13:16.922Z</time>
      </trkpt>
      <trkpt lat="46.912756" lon="11.438526">
        <ele>975.516231</ele>
        <time>2026-08-14T14:13:19.979Z</time>
      </trkpt>
      <trkpt lat="46.912298" lon="11.438101">
        <ele>976.019254</ele>
        <time>2026-08-14T14:13:29.122Z</time>
      </trkpt>
      <trkpt lat="46.912105" lon="11.437876">
        <ele>976.248124</ele>
        <time>2026-08-14T14:13:34.047Z</time>
      </trkpt>
      <trkpt lat="46.912045" lon="11.437808">
        <ele>976.318513</ele>
        <time>2026-08-14T14:13:37.389Z</time>
      </trkpt>
      <trkpt lat="46.911633" lon="11.437322">
        <ele>976.913568</ele>
        <time>2026-08-14T14:13:52.544Z</time>
      </trkpt>
      <trkpt lat="46.910804" lon="11.435835">
        <ele>980.530611</ele>
        <time>2026-08-14T14:14:39.174Z</time>
      </trkpt>
      <trkpt lat="46.910588" lon="11.435650">
        <ele>981.220986</ele>
        <time>2026-08-14T14:14:46.487Z</time>
      </trkpt>
      <trkpt lat="46.910288" lon="11.435597">
        <ele>981.260111</ele>
        <time>2026-08-14T14:14:52.456Z</time>
      </trkpt>
      <trkpt lat="46.909781" lon="11.435235">
        <ele>979.138725</ele>
        <time>2026-08-14T14:14:59.857Z</time>
      </trkpt>
      <trkpt lat="46.909466" lon="11.434949">
        <ele>977.744742</ele>
        <time>2026-08-14T14:15:04.154Z</time>
      </trkpt>
      <trkpt lat="46.909032" lon="11.434301">
        <ele>975.413348</ele>
        <time>2026-08-14T14:15:11.114Z</time>
      </trkpt>
      <trkpt lat="46.908856" lon="11.433995">
        <ele>974.279135</ele>
        <time>2026-08-14T14:15:14.157Z</time>
      </trkpt>
      <trkpt lat="46.907907" lon="11.432612">
        <ele>968.299572</ele>
        <time>2026-08-14T14:15:30.049Z</time>
      </trkpt>
      <trkpt lat="46.907434" lon="11.431957">
        <ele>965.963992</ele>
        <time>2026-08-14T14:15:38.459Z</time>
      </trkpt>
      <trkpt lat="46.907195" lon="11.431631">
        <ele>965.050202</ele>
        <time>2026-08-14T14:15:42.694Z</time>
      </trkpt>
      <trkpt lat="46.907137" lon="11.431564">
        <ele>964.843531</ele>
        <time>2026-08-14T14:15:45.023Z</time>
      </trkpt>
      <trkpt lat="46.906773" lon="11.431203">
        <ele>963.613669</ele>
        <time>2026-08-14T14:15:50.673Z</time>
      </trkpt>
      <trkpt lat="46.906592" lon="11.431064">
        <ele>963.041934</ele>
        <time>2026-08-14T14:15:53.329Z</time>
      </trkpt>
      <trkpt lat="46.906233" lon="11.430782">
        <ele>961.902292</ele>
        <time>2026-08-14T14:15:58.581Z</time>
      </trkpt>
      <trkpt lat="46.905863" lon="11.430616">
        <ele>961.505473</ele>
        <time>2026-08-14T14:16:03.592Z</time>
      </trkpt>
      <trkpt lat="46.905811" lon="11.430553">
        <ele>961.437422</ele>
        <time>2026-08-14T14:16:04.505Z</time>
      </trkpt>
      <trkpt lat="46.905789" lon="11.429992">
        <ele>961.050392</ele>
        <time>2026-08-14T14:16:09.944Z</time>
      </trkpt>
      <trkpt lat="46.905762" lon="11.429894">
        <ele>960.977612</ele>
        <time>2026-08-14T14:16:11.039Z</time>
      </trkpt>
      <trkpt lat="46.905099" lon="11.429630">
        <ele>960.284925</ele>
        <time>2026-08-14T14:16:23.382Z</time>
      </trkpt>
      <trkpt lat="46.904727" lon="11.429348">
        <ele>960.077346</ele>
        <time>2026-08-14T14:16:30.875Z</time>
      </trkpt>
      <trkpt lat="46.904596" lon="11.429322">
        <ele>960.076590</ele>
        <time>2026-08-14T14:16:33.044Z</time>
      </trkpt>
      <trkpt lat="46.904335" lon="11.429362">
        <ele>960.075089</ele>
        <time>2026-08-14T14:16:37.200Z</time>
      </trkpt>
      <trkpt lat="46.904253" lon="11.429348">
        <ele>960.074617</ele>
        <time>2026-08-14T14:16:38.486Z</time>
      </trkpt>
      <trkpt lat="46.904001" lon="11.429301">
        <ele>960.073164</ele>
        <time>2026-08-14T14:16:42.636Z</time>
      </trkpt>
      <trkpt lat="46.903924" lon="11.429333">
        <ele>960.072706</ele>
        <time>2026-08-14T14:16:44.100Z</time>
      </trkpt>
      <trkpt lat="46.903901" lon="11.430022">
        <ele>960.070010</ele>
        <time>2026-08-14T14:16:57.032Z</time>
      </trkpt>
      <trkpt lat="46.903894" lon="11.430183">
        <ele>960.069380</ele>
        <time>2026-08-14T14:16:58.805Z</time>
      </trkpt>
      <trkpt lat="46.903417" lon="11.430144">
        <ele>960.002695</ele>
        <time>2026-08-14T14:17:07.277Z</time>
      </trkpt>
      <trkpt lat="46.903419" lon="11.430055">
        <ele>959.988749</ele>
        <time>2026-08-14T14:17:08.624Z</time>
      </trkpt>
      <trkpt lat="46.903336" lon="11.430050">
        <ele>959.969707</ele>
        <time>2026-08-14T14:17:10.035Z</time>
      </trkpt>
      <trkpt lat="46.903280" lon="11.430034">
        <ele>959.956628</ele>
        <time>2026-08-14T14:17:11.317Z</time>
      </trkpt>
      <trkpt lat="46.902417" lon="11.429908">
        <ele>959.757825</ele>
        <time>2026-08-14T14:17:27.453Z</time>
      </trkpt>
      <trkpt lat="46.902166" lon="11.429863">
        <ele>959.699859</ele>
        <time>2026-08-14T14:17:31.360Z</time>
      </trkpt>
      <trkpt lat="46.901908" lon="11.429858">
        <ele>959.504180</ele>
        <time>2026-08-14T14:17:34.971Z</time>
      </trkpt>
      <trkpt lat="46.901834" lon="11.429929">
        <ele>959.302604</ele>
        <time>2026-08-14T14:17:36.161Z</time>
      </trkpt>
      <trkpt lat="46.901676" lon="11.429898">
        <ele>958.939439</ele>
        <time>2026-08-14T14:17:38.293Z</time>
      </trkpt>
      <trkpt lat="46.901616" lon="11.429941">
        <ele>958.787244</ele>
        <time>2026-08-14T14:17:39.495Z</time>
      </trkpt>
      <trkpt lat="46.901465" lon="11.429934">
        <ele>958.443075</ele>
        <time>2026-08-14T14:17:42.162Z</time>
      </trkpt>
      <trkpt lat="46.901048" lon="11.429919">
        <ele>957.492808</ele>
        <time>2026-08-14T14:17:49.317Z</time>
      </trkpt>
      <trkpt lat="46.900197" lon="11.430288">
        <ele>955.514822</ele>
        <time>2026-08-14T14:18:05.099Z</time>
      </trkpt>
      <trkpt lat="46.899548" lon="11.430873">
        <ele>954.650271</ele>
        <time>2026-08-14T14:18:19.328Z</time>
      </trkpt>
      <trkpt lat="46.899138" lon="11.431178">
        <ele>954.128597</ele>
        <time>2026-08-14T14:18:29.065Z</time>
      </trkpt>
      <trkpt lat="46.899092" lon="11.431205">
        <ele>954.072382</ele>
        <time>2026-08-14T14:18:30.121Z</time>
      </trkpt>
      <trkpt lat="46.898886" lon="11.431311">
        <ele>953.824703</ele>
        <time>2026-08-14T14:18:34.883Z</time>
      </trkpt>
      <trkpt lat="46.898871" lon="11.431317">
        <ele>953.807065</ele>
        <time>2026-08-14T14:18:35.238Z</time>
      </trkpt>
      <trkpt lat="46.898816" lon="11.431333">
        <ele>953.743460</ele>
        <time>2026-08-14T14:18:36.449Z</time>
      </trkpt>
      <trkpt lat="46.898697" lon="11.431368">
        <ele>953.605785</ele>
        <time>2026-08-14T14:18:39.037Z</time>
      </trkpt>
      <trkpt lat="46.898564" lon="11.431412">
        <ele>953.411464</ele>
        <time>2026-08-14T14:18:41.883Z</time>
      </trkpt>
      <trkpt lat="46.898319" lon="11.431499">
        <ele>952.956752</ele>
        <time>2026-08-14T14:18:47.083Z</time>
      </trkpt>
      <trkpt lat="46.897891" lon="11.431619">
        <ele>952.170757</ele>
        <time>2026-08-14T14:18:55.763Z</time>
      </trkpt>
      <trkpt lat="46.897446" lon="11.431763">
        <ele>951.348753</ele>
        <time>2026-08-14T14:19:04.042Z</time>
      </trkpt>
      <trkpt lat="46.897307" lon="11.431808">
        <ele>951.091987</ele>
        <time>2026-08-14T14:19:06.556Z</time>
      </trkpt>
      <trkpt lat="46.897083" lon="11.431894">
        <ele>950.674301</ele>
        <time>2026-08-14T14:19:10.603Z</time>
      </trkpt>
      <trkpt lat="46.896778" lon="11.432026">
        <ele>950.046083</ele>
        <time>2026-08-14T14:19:16.081Z</time>
      </trkpt>
      <trkpt lat="46.896425" lon="11.432119">
        <ele>949.195837</ele>
        <time>2026-08-14T14:19:22.215Z</time>
      </trkpt>
      <trkpt lat="46.896365" lon="11.432138">
        <ele>949.050314</ele>
        <time>2026-08-14T14:19:23.318Z</time>
      </trkpt>
      <trkpt lat="46.896365" lon="11.432059">
        <ele>948.922348</ele>
        <time>2026-08-14T14:19:23.992Z</time>
      </trkpt>
      <trkpt lat="46.896183" lon="11.432108">
        <ele>948.483672</ele>
        <time>2026-08-14T14:19:36.881Z</time>
      </trkpt>
      <trkpt lat="46.896188" lon="11.432173">
        <ele>948.377718</ele>
        <time>2026-08-14T14:19:37.456Z</time>
      </trkpt>
      <trkpt lat="46.896159" lon="11.432180">
        <ele>948.308044</ele>
        <time>2026-08-14T14:19:39.435Z</time>
      </trkpt>
      <trkpt lat="46.895325" lon="11.432483">
        <ele>946.271014</ele>
        <time>2026-08-14T14:19:51.825Z</time>
      </trkpt>
      <trkpt lat="46.894918" lon="11.432632">
        <ele>945.683914</ele>
        <time>2026-08-14T14:19:57.965Z</time>
      </trkpt>
      <trkpt lat="46.894200" lon="11.432679">
        <ele>944.925875</ele>
        <time>2026-08-14T14:20:09.032Z</time>
      </trkpt>
      <trkpt lat="46.894029" lon="11.432740">
        <ele>944.740238</ele>
        <time>2026-08-14T14:20:11.901Z</time>
      </trkpt>
      <trkpt lat="46.893336" lon="11.433227">
        <ele>944.013013</ele>
        <time>2026-08-14T14:20:24.741Z</time>
      </trkpt>
      <trkpt lat="46.893071" lon="11.433373">
        <ele>943.850025</ele>
        <time>2026-08-14T14:20:29.463Z</time>
      </trkpt>
      <trkpt lat="46.892904" lon="11.433465">
        <ele>943.747313</ele>
        <time>2026-08-14T14:20:32.329Z</time>
      </trkpt>
      <trkpt lat="46.892815" lon="11.433591">
        <ele>943.676034</ele>
        <time>2026-08-14T14:20:34.299Z</time>
      </trkpt>
      <trkpt lat="46.892725" lon="11.433577">
        <ele>943.623937</ele>
        <time>2026-08-14T14:20:35.712Z</time>
      </trkpt>
      <trkpt lat="46.892439" lon="11.433751">
        <ele>943.445653</ele>
        <time>2026-08-14T14:20:40.538Z</time>
      </trkpt>
      <trkpt lat="46.892368" lon="11.433786">
        <ele>943.402529</ele>
        <time>2026-08-14T14:20:41.697Z</time>
      </trkpt>
      <trkpt lat="46.892206" lon="11.433855">
        <ele>943.305411</ele>
        <time>2026-08-14T14:20:44.265Z</time>
      </trkpt>
      <trkpt lat="46.892099" lon="11.433864">
        <ele>943.243720</ele>
        <time>2026-08-14T14:20:45.903Z</time>
      </trkpt>
      <trkpt lat="46.891603" lon="11.433770">
        <ele>943.060097</ele>
        <time>2026-08-14T14:20:53.555Z</time>
      </trkpt>
      <trkpt lat="46.891467" lon="11.433717">
        <ele>943.048144</ele>
        <time>2026-08-14T14:20:55.770Z</time>
      </trkpt>
      <trkpt lat="46.891376" lon="11.433596">
        <ele>943.037701</ele>
        <time>2026-08-14T14:20:57.703Z</time>
      </trkpt>
      <trkpt lat="46.891357" lon="11.433557">
        <ele>943.034921</ele>
        <time>2026-08-14T14:20:58.235Z</time>
      </trkpt>
      <trkpt lat="46.891128" lon="11.433115">
        <ele>943.002728</ele>
        <time>2026-08-14T14:21:04.353Z</time>
      </trkpt>
      <trkpt lat="46.890804" lon="11.432561">
        <ele>942.960405</ele>
        <time>2026-08-14T14:21:13.200Z</time>
      </trkpt>
      <trkpt lat="46.890781" lon="11.432472">
        <ele>942.954883</ele>
        <time>2026-08-14T14:21:14.405Z</time>
      </trkpt>
      <trkpt lat="46.890768" lon="11.432116">
        <ele>942.934191</ele>
        <time>2026-08-14T14:21:19.329Z</time>
      </trkpt>
      <trkpt lat="46.890817" lon="11.431916">
        <ele>942.919583</ele>
        <time>2026-08-14T14:21:22.310Z</time>
      </trkpt>
      <trkpt lat="46.890855" lon="11.431810">
        <ele>942.908149</ele>
        <time>2026-08-14T14:21:23.936Z</time>
      </trkpt>
      <trkpt lat="46.890971" lon="11.431494">
        <ele>942.873884</ele>
        <time>2026-08-14T14:21:28.842Z</time>
      </trkpt>
      <trkpt lat="46.891003" lon="11.431111">
        <ele>942.837027</ele>
        <time>2026-08-14T14:21:33.692Z</time>
      </trkpt>
      <trkpt lat="46.890915" lon="11.430745">
        <ele>942.799964</ele>
        <time>2026-08-14T14:21:38.196Z</time>
      </trkpt>
      <trkpt lat="46.890700" lon="11.430363">
        <ele>942.752692</ele>
        <time>2026-08-14T14:21:43.649Z</time>
      </trkpt>
      <trkpt lat="46.890372" lon="11.430573">
        <ele>942.702648</ele>
        <time>2026-08-14T14:21:49.309Z</time>
      </trkpt>
      <trkpt lat="46.890068" lon="11.430661">
        <ele>942.618696</ele>
        <time>2026-08-14T14:21:54.032Z</time>
      </trkpt>
      <trkpt lat="46.889932" lon="11.430676">
        <ele>942.546711</ele>
        <time>2026-08-14T14:21:56.064Z</time>
      </trkpt>
      <trkpt lat="46.889775" lon="11.430692">
        <ele>942.463645</ele>
        <time>2026-08-14T14:21:58.404Z</time>
      </trkpt>
      <trkpt lat="46.889487" lon="11.430737">
        <ele>942.310773</ele>
        <time>2026-08-14T14:22:02.689Z</time>
      </trkpt>
      <trkpt lat="46.889328" lon="11.430762">
        <ele>942.226369</ele>
        <time>2026-08-14T14:22:05.087Z</time>
      </trkpt>
      <trkpt lat="46.889304" lon="11.430662">
        <ele>942.188139</ele>
        <time>2026-08-14T14:22:06.182Z</time>
      </trkpt>
      <trkpt lat="46.889069" lon="11.430645">
        <ele>942.063953</ele>
        <time>2026-08-14T14:22:09.791Z</time>
      </trkpt>
      <trkpt lat="46.888898" lon="11.430540">
        <ele>941.966074</ele>
        <time>2026-08-14T14:22:12.663Z</time>
      </trkpt>
      <trkpt lat="46.888421" lon="11.429744">
        <ele>941.852493</ele>
        <time>2026-08-14T14:22:25.239Z</time>
      </trkpt>
      <trkpt lat="46.888279" lon="11.429480">
        <ele>941.962821</ele>
        <time>2026-08-14T14:22:29.892Z</time>
      </trkpt>
      <trkpt lat="46.887478" lon="11.428045">
        <ele>942.571286</ele>
        <time>2026-08-14T14:22:55.918Z</time>
      </trkpt>
      <trkpt lat="46.887255" lon="11.427633">
        <ele>942.547332</ele>
        <time>2026-08-14T14:23:02.525Z</time>
      </trkpt>
      <trkpt lat="46.887118" lon="11.427228">
        <ele>942.507497</ele>
        <time>2026-08-14T14:23:07.747Z</time>
      </trkpt>
      <trkpt lat="46.887029" lon="11.426764">
        <ele>942.465015</ele>
        <time>2026-08-14T14:23:13.032Z</time>
      </trkpt>
      <trkpt lat="46.887033" lon="11.424262">
        <ele>942.276204</ele>
        <time>2026-08-14T14:23:40.370Z</time>
      </trkpt>
      <trkpt lat="46.887059" lon="11.421979">
        <ele>942.566214</ele>
        <time>2026-08-14T14:24:08.835Z</time>
      </trkpt>
      <trkpt lat="46.887097" lon="11.418417">
        <ele>944.221840</ele>
        <time>2026-08-14T14:24:59.116Z</time>
      </trkpt>
      <trkpt lat="46.887136" lon="11.418334">
        <ele>944.274154</ele>
        <time>2026-08-14T14:25:00.478Z</time>
      </trkpt>
      <trkpt lat="46.887147" lon="11.418275">
        <ele>944.305917</ele>
        <time>2026-08-14T14:25:01.348Z</time>
      </trkpt>
      <trkpt lat="46.887221" lon="11.418201">
        <ele>944.374032</ele>
        <time>2026-08-14T14:25:03.203Z</time>
      </trkpt>
      <trkpt lat="46.887268" lon="11.418063">
        <ele>944.454112</ele>
        <time>2026-08-14T14:25:05.425Z</time>
      </trkpt>
      <trkpt lat="46.887276" lon="11.417960">
        <ele>944.507952</ele>
        <time>2026-08-14T14:25:06.809Z</time>
      </trkpt>
      <trkpt lat="46.887144" lon="11.417808">
        <ele>944.631162</ele>
        <time>2026-08-14T14:25:10.253Z</time>
      </trkpt>
      <trkpt lat="46.887110" lon="11.417745">
        <ele>944.657388</ele>
        <time>2026-08-14T14:25:11.407Z</time>
      </trkpt>
      <trkpt lat="46.887102" lon="11.417665">
        <ele>944.683802</ele>
        <time>2026-08-14T14:25:12.515Z</time>
      </trkpt>
      <trkpt lat="46.887125" lon="11.415845">
        <ele>945.278510</ele>
        <time>2026-08-14T14:25:36.310Z</time>
      </trkpt>
      <trkpt lat="46.887163" lon="11.414701">
        <ele>945.727766</ele>
        <time>2026-08-14T14:25:51.045Z</time>
      </trkpt>
      <trkpt lat="46.887048" lon="11.414664">
        <ele>945.809015</ele>
        <time>2026-08-14T14:25:53.365Z</time>
      </trkpt>
      <trkpt lat="46.886976" lon="11.414603">
        <ele>945.866424</ele>
        <time>2026-08-14T14:25:54.998Z</time>
      </trkpt>
      <trkpt lat="46.886841" lon="11.414592">
        <ele>945.959722</ele>
        <time>2026-08-14T14:25:57.669Z</time>
      </trkpt>
      <trkpt lat="46.886485" lon="11.413825">
        <ele>946.396964</ele>
        <time>2026-08-14T14:26:10.543Z</time>
      </trkpt>
      <trkpt lat="46.886323" lon="11.413528">
        <ele>946.576167</ele>
        <time>2026-08-14T14:26:16.013Z</time>
      </trkpt>
      <trkpt lat="46.885236" lon="11.412051">
        <ele>948.127851</ele>
        <time>2026-08-14T14:26:47.905Z</time>
      </trkpt>
      <trkpt lat="46.885077" lon="11.411827">
        <ele>948.372051</ele>
        <time>2026-08-14T14:26:52.752Z</time>
      </trkpt>
      <trkpt lat="46.884439" lon="11.410992">
        <ele>949.833914</ele>
        <time>2026-08-14T14:27:13.449Z</time>
      </trkpt>
      <trkpt lat="46.883989" lon="11.410346">
        <ele>951.125311</ele>
        <time>2026-08-14T14:27:29.418Z</time>
      </trkpt>
      <trkpt lat="46.883977" lon="11.410174">
        <ele>951.367373</ele>
        <time>2026-08-14T14:27:32.548Z</time>
      </trkpt>
      <trkpt lat="46.883949" lon="11.410060">
        <ele>951.536972</ele>
        <time>2026-08-14T14:27:34.780Z</time>
      </trkpt>
      <trkpt lat="46.883872" lon="11.409917">
        <ele>951.791849</ele>
        <time>2026-08-14T14:27:38.255Z</time>
      </trkpt>
      <trkpt lat="46.883899" lon="11.409650">
        <ele>952.169734</ele>
        <time>2026-08-14T14:27:43.661Z</time>
      </trkpt>
      <trkpt lat="46.883868" lon="11.409636">
        <ele>952.236192</ele>
        <time>2026-08-14T14:27:44.677Z</time>
      </trkpt>
      <trkpt lat="46.883828" lon="11.409857">
        <ele>952.652037</ele>
        <time>2026-08-14T14:27:49.878Z</time>
      </trkpt>
      <trkpt lat="46.883758" lon="11.410001">
        <ele>953.049989</ele>
        <time>2026-08-14T14:27:53.605Z</time>
      </trkpt>
      <trkpt lat="46.883727" lon="11.410014">
        <ele>953.156246</ele>
        <time>2026-08-14T14:27:54.633Z</time>
      </trkpt>
      <trkpt lat="46.883487" lon="11.409792">
        <ele>954.091827</ele>
        <time>2026-08-14T14:28:03.655Z</time>
      </trkpt>
      <trkpt lat="46.882444" lon="11.408312">
        <ele>958.918569</ele>
        <time>2026-08-14T14:28:51.695Z</time>
      </trkpt>
      <trkpt lat="46.882239" lon="11.408029">
        <ele>959.913067</ele>
        <time>2026-08-14T14:29:00.241Z</time>
      </trkpt>
      <trkpt lat="46.882008" lon="11.407711">
        <ele>961.032222</ele>
        <time>2026-08-14T14:29:09.927Z</time>
      </trkpt>
      <trkpt lat="46.881999" lon="11.407648">
        <ele>961.187442</ele>
        <time>2026-08-14T14:29:11.268Z</time>
      </trkpt>
      <trkpt lat="46.881933" lon="11.407492">
        <ele>961.629911</ele>
        <time>2026-08-14T14:29:15.169Z</time>
      </trkpt>
      <trkpt lat="46.881947" lon="11.407425">
        <ele>961.798877</ele>
        <time>2026-08-14T14:29:16.628Z</time>
      </trkpt>
      <trkpt lat="46.881927" lon="11.407291">
        <ele>962.129661</ele>
        <time>2026-08-14T14:29:19.607Z</time>
      </trkpt>
      <trkpt lat="46.881895" lon="11.407238">
        <ele>962.300210</ele>
        <time>2026-08-14T14:29:21.089Z</time>
      </trkpt>
      <trkpt lat="46.881777" lon="11.407199">
        <ele>962.727059</ele>
        <time>2026-08-14T14:29:24.918Z</time>
      </trkpt>
      <trkpt lat="46.881736" lon="11.407223">
        <ele>962.882874</ele>
        <time>2026-08-14T14:29:26.292Z</time>
      </trkpt>
      <trkpt lat="46.881588" lon="11.407140">
        <ele>963.442135</ele>
        <time>2026-08-14T14:29:31.410Z</time>
      </trkpt>
      <trkpt lat="46.880826" lon="11.406118">
        <ele>969.043867</ele>
        <time>2026-08-14T14:30:10.195Z</time>
      </trkpt>
      <trkpt lat="46.880022" lon="11.405164">
        <ele>975.648768</ele>
        <time>2026-08-14T14:31:02.018Z</time>
      </trkpt>
      <trkpt lat="46.879933" lon="11.404871">
        <ele>977.840720</ele>
        <time>2026-08-14T14:31:13.786Z</time>
      </trkpt>
      <trkpt lat="46.879918" lon="11.404833">
        <ele>978.200983</ele>
        <time>2026-08-14T14:31:15.308Z</time>
      </trkpt>
      <trkpt lat="46.879890" lon="11.404754">
        <ele>978.931576</ele>
        <time>2026-08-14T14:31:18.578Z</time>
      </trkpt>
      <trkpt lat="46.879770" lon="11.404556">
        <ele>981.104108</ele>
        <time>2026-08-14T14:31:29.059Z</time>
      </trkpt>
      <trkpt lat="46.879676" lon="11.404337">
        <ele>983.227187</ele>
        <time>2026-08-14T14:31:39.894Z</time>
      </trkpt>
      <trkpt lat="46.879619" lon="11.404099">
        <ele>985.297628</ele>
        <time>2026-08-14T14:31:51.000Z</time>
      </trkpt>
      <trkpt lat="46.879498" lon="11.403397">
        <ele>991.241452</ele>
        <time>2026-08-14T14:32:26.870Z</time>
      </trkpt>
      <trkpt lat="46.879263" lon="11.402198">
        <ele>1001.325481</ele>
        <time>2026-08-14T14:33:45.124Z</time>
      </trkpt>
      <trkpt lat="46.879226" lon="11.401884">
        <ele>1003.831746</ele>
        <time>2026-08-14T14:34:03.932Z</time>
      </trkpt>
      <trkpt lat="46.879231" lon="11.401548">
        <ele>1006.475253</ele>
        <time>2026-08-14T14:34:22.136Z</time>
      </trkpt>
      <trkpt lat="46.879139" lon="11.400955">
        <ele>1011.258263</ele>
        <time>2026-08-14T14:34:51.897Z</time>
      </trkpt>
      <trkpt lat="46.879137" lon="11.400756">
        <ele>1012.823712</ele>
        <time>2026-08-14T14:35:00.638Z</time>
      </trkpt>
      <trkpt lat="46.879251" lon="11.400320">
        <ele>1016.495507</ele>
        <time>2026-08-14T14:35:18.735Z</time>
      </trkpt>
      <trkpt lat="46.879298" lon="11.399890">
        <ele>1019.185441</ele>
        <time>2026-08-14T14:35:32.391Z</time>
      </trkpt>
      <trkpt lat="46.879204" lon="11.399307">
        <ele>1021.543008</ele>
        <time>2026-08-14T14:35:43.797Z</time>
      </trkpt>
      <trkpt lat="46.879210" lon="11.398677">
        <ele>1024.022830</ele>
        <time>2026-08-14T14:35:54.776Z</time>
      </trkpt>
      <trkpt lat="46.879268" lon="11.398230">
        <ele>1025.813569</ele>
        <time>2026-08-14T14:36:09.657Z</time>
      </trkpt>
      <trkpt lat="46.879253" lon="11.397686">
        <ele>1027.956407</ele>
        <time>2026-08-14T14:36:29.942Z</time>
      </trkpt>
      <trkpt lat="46.879173" lon="11.397294">
        <ele>1029.675657</ele>
        <time>2026-08-14T14:36:46.528Z</time>
      </trkpt>
      <trkpt lat="46.879088" lon="11.396639">
        <ele>1032.675951</ele>
        <time>2026-08-14T14:37:11.604Z</time>
      </trkpt>
      <trkpt lat="46.878999" lon="11.396494">
        <ele>1033.552954</ele>
        <time>2026-08-14T14:37:18.302Z</time>
      </trkpt>
      <trkpt lat="46.878823" lon="11.396365">
        <ele>1034.848975</ele>
        <time>2026-08-14T14:37:27.377Z</time>
      </trkpt>
      <trkpt lat="46.878635" lon="11.396109">
        <ele>1036.539904</ele>
        <time>2026-08-14T14:37:39.325Z</time>
      </trkpt>
      <trkpt lat="46.878467" lon="11.395695">
        <ele>1038.706595</ele>
        <time>2026-08-14T14:37:52.668Z</time>
      </trkpt>
      <trkpt lat="46.878455" lon="11.395508">
        <ele>1039.551846</ele>
        <time>2026-08-14T14:37:57.509Z</time>
      </trkpt>
      <trkpt lat="46.878484" lon="11.395401">
        <ele>1040.069846</ele>
        <time>2026-08-14T14:37:59.902Z</time>
      </trkpt>
      <trkpt lat="46.878639" lon="11.395074">
        <ele>1042.433197</ele>
        <time>2026-08-14T14:38:09.192Z</time>
      </trkpt>
      <trkpt lat="46.878652" lon="11.394819">
        <ele>1044.127028</ele>
        <time>2026-08-14T14:38:15.361Z</time>
      </trkpt>
      <trkpt lat="46.878578" lon="11.394282">
        <ele>1047.755725</ele>
        <time>2026-08-14T14:38:31.728Z</time>
      </trkpt>
      <trkpt lat="46.878366" lon="11.393411">
        <ele>1053.880176</ele>
        <time>2026-08-14T14:39:14.211Z</time>
      </trkpt>
      <trkpt lat="46.878275" lon="11.392886">
        <ele>1057.467906</ele>
        <time>2026-08-14T14:39:46.028Z</time>
      </trkpt>
      <trkpt lat="46.878142" lon="11.392097">
        <ele>1064.088184</ele>
        <time>2026-08-14T14:40:35.117Z</time>
      </trkpt>
      <trkpt lat="46.877978" lon="11.391527">
        <ele>1069.246660</ele>
        <time>2026-08-14T14:41:10.241Z</time>
      </trkpt>
      <trkpt lat="46.877953" lon="11.391357">
        <ele>1070.697105</ele>
        <time>2026-08-14T14:41:19.088Z</time>
      </trkpt>
      <trkpt lat="46.877949" lon="11.391052">
        <ele>1073.241633</ele>
        <time>2026-08-14T14:41:33.450Z</time>
      </trkpt>
      <trkpt lat="46.878001" lon="11.390421">
        <ele>1078.543028</ele>
        <time>2026-08-14T14:41:59.204Z</time>
      </trkpt>
      <trkpt lat="46.877947" lon="11.389362">
        <ele>1085.200121</ele>
        <time>2026-08-14T14:42:34.653Z</time>
      </trkpt>
      <trkpt lat="46.877880" lon="11.388472">
        <ele>1090.440000</ele>
        <time>2026-08-14T14:43:10.492Z</time>
      </trkpt>
      <trkpt lat="46.877854" lon="11.388269">
        <ele>1091.648655</ele>
        <time>2026-08-14T14:43:18.534Z</time>
      </trkpt>
      <trkpt lat="46.877793" lon="11.387807">
        <ele>1094.402315</ele>
        <time>2026-08-14T14:43:36.800Z</time>
      </trkpt>
      <trkpt lat="46.877764" lon="11.387738">
        <ele>1094.876335</ele>
        <time>2026-08-14T14:43:40.232Z</time>
      </trkpt>
      <trkpt lat="46.877656" lon="11.387562">
        <ele>1096.223613</ele>
        <time>2026-08-14T14:43:49.541Z</time>
      </trkpt>
      <trkpt lat="46.877625" lon="11.387443">
        <ele>1096.936033</ele>
        <time>2026-08-14T14:43:54.180Z</time>
      </trkpt>
      <trkpt lat="46.877623" lon="11.387273">
        <ele>1097.887195</ele>
        <time>2026-08-14T14:44:00.957Z</time>
      </trkpt>
      <trkpt lat="46.877684" lon="11.386999">
        <ele>1099.499265</ele>
        <time>2026-08-14T14:44:12.170Z</time>
      </trkpt>
      <trkpt lat="46.877732" lon="11.386536">
        <ele>1102.119017</ele>
        <time>2026-08-14T14:44:30.688Z</time>
      </trkpt>
      <trkpt lat="46.877714" lon="11.386326">
        <ele>1103.303006</ele>
        <time>2026-08-14T14:44:38.896Z</time>
      </trkpt>
      <trkpt lat="46.877635" lon="11.385915">
        <ele>1105.691411</ele>
        <time>2026-08-14T14:44:53.751Z</time>
      </trkpt>
      <trkpt lat="46.877508" lon="11.384678">
        <ele>1112.733816</ele>
        <time>2026-08-14T14:45:35.434Z</time>
      </trkpt>
      <trkpt lat="46.877425" lon="11.384160">
        <ele>1115.762478</ele>
        <time>2026-08-14T14:45:55.669Z</time>
      </trkpt>
      <trkpt lat="46.877410" lon="11.383787">
        <ele>1117.889467</ele>
        <time>2026-08-14T14:46:10.285Z</time>
      </trkpt>
      <trkpt lat="46.877340" lon="11.383341">
        <ele>1120.494407</ele>
        <time>2026-08-14T14:46:28.410Z</time>
      </trkpt>
      <trkpt lat="46.877321" lon="11.382271">
        <ele>1126.634027</ele>
        <time>2026-08-14T14:47:08.141Z</time>
      </trkpt>
      <trkpt lat="46.877260" lon="11.381572">
        <ele>1130.772919</ele>
        <time>2026-08-14T14:47:37.131Z</time>
      </trkpt>
      <trkpt lat="46.877277" lon="11.381154">
        <ele>1133.232380</ele>
        <time>2026-08-14T14:47:54.878Z</time>
      </trkpt>
      <trkpt lat="46.877279" lon="11.380875">
        <ele>1134.871175</ele>
        <time>2026-08-14T14:48:05.823Z</time>
      </trkpt>
      <trkpt lat="46.877228" lon="11.380654">
        <ele>1136.241191</ele>
        <time>2026-08-14T14:48:14.267Z</time>
      </trkpt>
      <trkpt lat="46.877178" lon="11.380549">
        <ele>1136.992801</ele>
        <time>2026-08-14T14:48:18.812Z</time>
      </trkpt>
      <trkpt lat="46.876919" lon="11.380218">
        <ele>1139.947843</ele>
        <time>2026-08-14T14:48:35.172Z</time>
      </trkpt>
      <trkpt lat="46.876818" lon="11.380033">
        <ele>1141.172723</ele>
        <time>2026-08-14T14:48:43.708Z</time>
      </trkpt>
      <trkpt lat="46.876801" lon="11.379928">
        <ele>1141.668348</ele>
        <time>2026-08-14T14:48:47.633Z</time>
      </trkpt>
      <trkpt lat="46.876847" lon="11.379733">
        <ele>1142.615847</ele>
        <time>2026-08-14T14:48:55.439Z</time>
      </trkpt>
      <trkpt lat="46.877075" lon="11.379327">
        <ele>1145.029271</ele>
        <time>2026-08-14T14:49:15.969Z</time>
      </trkpt>
      <trkpt lat="46.877073" lon="11.379244">
        <ele>1145.410738</ele>
        <time>2026-08-14T14:49:18.797Z</time>
      </trkpt>
      <trkpt lat="46.877036" lon="11.379143">
        <ele>1145.937065</ele>
        <time>2026-08-14T14:49:22.468Z</time>
      </trkpt>
      <trkpt lat="46.876942" lon="11.379075">
        <ele>1146.641691</ele>
        <time>2026-08-14T14:49:27.278Z</time>
      </trkpt>
      <trkpt lat="46.876886" lon="11.379096">
        <ele>1147.030142</ele>
        <time>2026-08-14T14:49:29.894Z</time>
      </trkpt>
      <trkpt lat="46.876841" lon="11.379130">
        <ele>1147.370461</ele>
        <time>2026-08-14T14:49:32.262Z</time>
      </trkpt>
      <trkpt lat="46.876781" lon="11.379278">
        <ele>1148.160809</ele>
        <time>2026-08-14T14:49:37.059Z</time>
      </trkpt>
      <trkpt lat="46.876666" lon="11.379823">
        <ele>1150.780637</ele>
        <time>2026-08-14T14:49:52.314Z</time>
      </trkpt>
      <trkpt lat="46.876649" lon="11.380150">
        <ele>1152.286941</ele>
        <time>2026-08-14T14:50:02.150Z</time>
      </trkpt>
      <trkpt lat="46.876592" lon="11.380522">
        <ele>1153.792165</ele>
        <time>2026-08-14T14:50:14.706Z</time>
      </trkpt>
      <trkpt lat="46.876600" lon="11.381115">
        <ele>1156.029061</ele>
        <time>2026-08-14T14:50:32.059Z</time>
      </trkpt>
      <trkpt lat="46.876564" lon="11.381470">
        <ele>1157.382573</ele>
        <time>2026-08-14T14:50:41.579Z</time>
      </trkpt>
      <trkpt lat="46.876452" lon="11.382516">
        <ele>1161.375602</ele>
        <time>2026-08-14T14:51:08.204Z</time>
      </trkpt>
      <trkpt lat="46.876310" lon="11.383012">
        <ele>1164.406895</ele>
        <time>2026-08-14T14:51:23.809Z</time>
      </trkpt>
      <trkpt lat="46.876366" lon="11.383660">
        <ele>1169.897894</ele>
        <time>2026-08-14T14:51:49.440Z</time>
      </trkpt>
      <trkpt lat="46.876358" lon="11.383767">
        <ele>1170.802791</ele>
        <time>2026-08-14T14:51:54.255Z</time>
      </trkpt>
      <trkpt lat="46.876262" lon="11.384155">
        <ele>1174.271743</ele>
        <time>2026-08-14T14:52:14.737Z</time>
      </trkpt>
      <trkpt lat="46.875901" lon="11.385529">
        <ele>1186.659143</ele>
        <time>2026-08-14T14:53:46.020Z</time>
      </trkpt>
      <trkpt lat="46.875871" lon="11.385924">
        <ele>1190.021856</ele>
        <time>2026-08-14T14:54:14.121Z</time>
      </trkpt>
      <trkpt lat="46.875682" lon="11.387156">
        <ele>1200.705272</ele>
        <time>2026-08-14T14:55:23.526Z</time>
      </trkpt>
      <trkpt lat="46.875591" lon="11.387400">
        <ele>1203.057074</ele>
        <time>2026-08-14T14:55:33.943Z</time>
      </trkpt>
      <trkpt lat="46.875451" lon="11.387684">
        <ele>1206.019701</ele>
        <time>2026-08-14T14:55:44.907Z</time>
      </trkpt>
      <trkpt lat="46.875368" lon="11.387761">
        <ele>1207.150448</ele>
        <time>2026-08-14T14:55:48.863Z</time>
      </trkpt>
      <trkpt lat="46.875314" lon="11.387888">
        <ele>1208.007034</ele>
        <time>2026-08-14T14:55:52.700Z</time>
      </trkpt>
      <trkpt lat="46.875311" lon="11.388027">
        <ele>1208.803518</ele>
        <time>2026-08-14T14:55:56.147Z</time>
      </trkpt>
      <trkpt lat="46.875377" lon="11.388481">
        <ele>1211.461835</ele>
        <time>2026-08-14T14:56:06.879Z</time>
      </trkpt>
      <trkpt lat="46.875341" lon="11.389236">
        <ele>1215.796411</ele>
        <time>2026-08-14T14:56:29.521Z</time>
      </trkpt>
      <trkpt lat="46.875287" lon="11.389458">
        <ele>1217.145956</ele>
        <time>2026-08-14T14:56:38.350Z</time>
      </trkpt>
      <trkpt lat="46.875120" lon="11.389932">
        <ele>1220.200029</ele>
        <time>2026-08-14T14:57:02.272Z</time>
      </trkpt>
      <trkpt lat="46.874939" lon="11.390405">
        <ele>1223.914543</ele>
        <time>2026-08-14T14:57:31.618Z</time>
      </trkpt>
      <trkpt lat="46.874909" lon="11.390582">
        <ele>1225.462797</ele>
        <time>2026-08-14T14:57:42.233Z</time>
      </trkpt>
      <trkpt lat="46.874916" lon="11.391474">
        <ele>1233.036491</ele>
        <time>2026-08-14T14:58:37.886Z</time>
      </trkpt>
      <trkpt lat="46.874884" lon="11.391829">
        <ele>1236.076578</ele>
        <time>2026-08-14T14:58:58.527Z</time>
      </trkpt>
      <trkpt lat="46.874824" lon="11.392113">
        <ele>1238.600303</ele>
        <time>2026-08-14T14:59:12.652Z</time>
      </trkpt>
      <trkpt lat="46.874855" lon="11.392491">
        <ele>1241.832589</ele>
        <time>2026-08-14T14:59:26.174Z</time>
      </trkpt>
      <trkpt lat="46.874936" lon="11.392916">
        <ele>1244.892583</ele>
        <time>2026-08-14T14:59:41.689Z</time>
      </trkpt>
      <trkpt lat="46.874941" lon="11.393642">
        <ele>1247.531604</ele>
        <time>2026-08-14T15:00:08.005Z</time>
      </trkpt>
      <trkpt lat="46.875039" lon="11.394035">
        <ele>1249.052167</ele>
        <time>2026-08-14T15:00:20.247Z</time>
      </trkpt>
      <trkpt lat="46.875013" lon="11.394139">
        <ele>1249.454675</ele>
        <time>2026-08-14T15:00:23.098Z</time>
      </trkpt>
      <trkpt lat="46.874937" lon="11.394170">
        <ele>1249.874201</ele>
        <time>2026-08-14T15:00:25.847Z</time>
      </trkpt>
      <trkpt lat="46.874871" lon="11.394132">
        <ele>1250.251343</ele>
        <time>2026-08-14T15:00:28.277Z</time>
      </trkpt>
      <trkpt lat="46.874850" lon="11.394084">
        <ele>1250.458487</ele>
        <time>2026-08-14T15:00:29.827Z</time>
      </trkpt>
      <trkpt lat="46.874860" lon="11.393677">
        <ele>1251.938821</ele>
        <time>2026-08-14T15:00:37.817Z</time>
      </trkpt>
      <trkpt lat="46.874813" lon="11.393352">
        <ele>1253.146289</ele>
        <time>2026-08-14T15:00:44.015Z</time>
      </trkpt>
      <trkpt lat="46.874741" lon="11.393048">
        <ele>1254.020599</ele>
        <time>2026-08-14T15:00:50.759Z</time>
      </trkpt>
      <trkpt lat="46.874613" lon="11.392682">
        <ele>1254.332030</ele>
        <time>2026-08-14T15:01:02.428Z</time>
      </trkpt>
      <trkpt lat="46.874461" lon="11.392008">
        <ele>1254.869672</ele>
        <time>2026-08-14T15:01:13.743Z</time>
      </trkpt>
      <trkpt lat="46.874456" lon="11.391749">
        <ele>1255.065950</ele>
        <time>2026-08-14T15:01:16.922Z</time>
      </trkpt>
      <trkpt lat="46.874196" lon="11.390527">
        <ele>1255.870618</ele>
        <time>2026-08-14T15:01:30.773Z</time>
      </trkpt>
      <trkpt lat="46.874175" lon="11.390469">
        <ele>1255.837878</ele>
        <time>2026-08-14T15:01:31.649Z</time>
      </trkpt>
      <trkpt lat="46.874196" lon="11.390527">
        <ele>1255.805138</ele>
        <time>2026-08-14T15:01:32.364Z</time>
      </trkpt>
      <trkpt lat="46.874456" lon="11.391749">
        <ele>1255.166721</ele>
        <time>2026-08-14T15:01:49.269Z</time>
      </trkpt>
      <trkpt lat="46.874461" lon="11.392008">
        <ele>1255.037472</ele>
        <time>2026-08-14T15:01:52.221Z</time>
      </trkpt>
      <trkpt lat="46.874613" lon="11.392682">
        <ele>1254.683437</ele>
        <time>2026-08-14T15:01:59.163Z</time>
      </trkpt>
      <trkpt lat="46.874741" lon="11.393048">
        <ele>1253.727446</ele>
        <time>2026-08-14T15:02:02.398Z</time>
      </trkpt>
      <trkpt lat="46.874813" lon="11.393352">
        <ele>1252.737050</ele>
        <time>2026-08-14T15:02:05.196Z</time>
      </trkpt>
      <trkpt lat="46.874860" lon="11.393677">
        <ele>1251.714442</ele>
        <time>2026-08-14T15:02:08.225Z</time>
      </trkpt>
      <trkpt lat="46.874850" lon="11.394084">
        <ele>1250.460743</ele>
        <time>2026-08-14T15:02:11.860Z</time>
      </trkpt>
      <trkpt lat="46.874871" lon="11.394132">
        <ele>1250.285312</ele>
        <time>2026-08-14T15:02:12.314Z</time>
      </trkpt>
      <trkpt lat="46.874937" lon="11.394170">
        <ele>1249.965910</ele>
        <time>2026-08-14T15:02:13.185Z</time>
      </trkpt>
      <trkpt lat="46.875013" lon="11.394139">
        <ele>1249.610612</ele>
        <time>2026-08-14T15:02:14.137Z</time>
      </trkpt>
      <trkpt lat="46.875039" lon="11.394035">
        <ele>1249.269726</ele>
        <time>2026-08-14T15:02:15.037Z</time>
      </trkpt>
      <trkpt lat="46.874941" lon="11.393642">
        <ele>1247.981958</ele>
        <time>2026-08-14T15:02:18.307Z</time>
      </trkpt>
      <trkpt lat="46.874936" lon="11.392916">
        <ele>1244.524647</ele>
        <time>2026-08-14T15:02:23.687Z</time>
      </trkpt>
      <trkpt lat="46.874855" lon="11.392491">
        <ele>1241.029785</ele>
        <time>2026-08-14T15:02:26.979Z</time>
      </trkpt>
      <trkpt lat="46.874824" lon="11.392113">
        <ele>1238.014133</ele>
        <time>2026-08-14T15:02:29.817Z</time>
      </trkpt>
      <trkpt lat="46.874884" lon="11.391829">
        <ele>1235.659552</ele>
        <time>2026-08-14T15:02:31.907Z</time>
      </trkpt>
      <trkpt lat="46.874916" lon="11.391474">
        <ele>1232.823217</ele>
        <time>2026-08-14T15:02:34.358Z</time>
      </trkpt>
      <trkpt lat="46.874909" lon="11.390582">
        <ele>1225.757126</ele>
        <time>2026-08-14T15:02:40.418Z</time>
      </trkpt>
      <trkpt lat="46.874939" lon="11.390405">
        <ele>1224.572865</ele>
        <time>2026-08-14T15:02:41.668Z</time>
      </trkpt>
      <trkpt lat="46.875120" lon="11.389932">
        <ele>1221.094922</ele>
        <time>2026-08-14T15:02:45.412Z</time>
      </trkpt>
      <trkpt lat="46.875287" lon="11.389458">
        <ele>1217.673545</ele>
        <time>2026-08-14T15:02:49.203Z</time>
      </trkpt>
      <trkpt lat="46.875341" lon="11.389236">
        <ele>1216.161696</ele>
        <time>2026-08-14T15:02:50.935Z</time>
      </trkpt>
      <trkpt lat="46.875377" lon="11.388481">
        <ele>1211.305815</ele>
        <time>2026-08-14T15:02:56.812Z</time>
      </trkpt>
      <trkpt lat="46.875311" lon="11.388027">
        <ele>1208.245022</ele>
        <time>2026-08-14T15:03:00.709Z</time>
      </trkpt>
      <trkpt lat="46.875314" lon="11.387888">
        <ele>1207.196509</ele>
        <time>2026-08-14T15:03:01.848Z</time>
      </trkpt>
      <trkpt lat="46.875368" lon="11.387761">
        <ele>1206.068876</ele>
        <time>2026-08-14T15:03:03.055Z</time>
      </trkpt>
      <trkpt lat="46.875451" lon="11.387684">
        <ele>1204.984881</ele>
        <time>2026-08-14T15:03:04.199Z</time>
      </trkpt>
      <trkpt lat="46.875591" lon="11.387400">
        <ele>1202.344988</ele>
        <time>2026-08-14T15:03:06.886Z</time>
      </trkpt>
      <trkpt lat="46.875682" lon="11.387156">
        <ele>1200.249379</ele>
        <time>2026-08-14T15:03:08.927Z</time>
      </trkpt>
      <trkpt lat="46.875871" lon="11.385924">
        <ele>1190.729757</ele>
        <time>2026-08-14T15:03:17.634Z</time>
      </trkpt>
      <trkpt lat="46.875901" lon="11.385529">
        <ele>1187.458757</ele>
        <time>2026-08-14T15:03:20.302Z</time>
      </trkpt>
      <trkpt lat="46.876262" lon="11.384155">
        <ele>1173.881808</ele>
        <time>2026-08-14T15:03:30.304Z</time>
      </trkpt>
      <trkpt lat="46.876358" lon="11.383767">
        <ele>1170.075894</ele>
        <time>2026-08-14T15:03:33.185Z</time>
      </trkpt>
      <trkpt lat="46.876366" lon="11.383660">
        <ele>1169.083099</ele>
        <time>2026-08-14T15:03:33.956Z</time>
      </trkpt>
      <trkpt lat="46.876310" lon="11.383012">
        <ele>1163.982643</ele>
        <time>2026-08-14T15:03:38.716Z</time>
      </trkpt>
      <trkpt lat="46.876452" lon="11.382516">
        <ele>1161.825635</ele>
        <time>2026-08-14T15:03:42.921Z</time>
      </trkpt>
      <trkpt lat="46.876564" lon="11.381470">
        <ele>1157.578749</ele>
        <time>2026-08-14T15:03:51.562Z</time>
      </trkpt>
      <trkpt lat="46.876600" lon="11.381115">
        <ele>1156.139188</ele>
        <time>2026-08-14T15:03:54.442Z</time>
      </trkpt>
      <trkpt lat="46.876592" lon="11.380522">
        <ele>1153.974903</ele>
        <time>2026-08-14T15:03:59.073Z</time>
      </trkpt>
      <trkpt lat="46.876649" lon="11.380150">
        <ele>1153.312144</ele>
        <time>2026-08-14T15:04:01.963Z</time>
      </trkpt>
      <trkpt lat="46.876666" lon="11.379823">
        <ele>1152.742022</ele>
        <time>2026-08-14T15:04:04.468Z</time>
      </trkpt>
      <trkpt lat="46.876781" lon="11.379278">
        <ele>1151.750443</ele>
        <time>2026-08-14T15:04:09.244Z</time>
      </trkpt>
      <trkpt lat="46.876841" lon="11.379130">
        <ele>1151.451304</ele>
        <time>2026-08-14T15:04:10.832Z</time>
      </trkpt>
      <trkpt lat="46.876886" lon="11.379096">
        <ele>1151.322496</ele>
        <time>2026-08-14T15:04:11.561Z</time>
      </trkpt>
      <trkpt lat="46.876942" lon="11.379075">
        <ele>1151.175471</ele>
        <time>2026-08-14T15:04:12.323Z</time>
      </trkpt>
      <trkpt lat="46.877036" lon="11.379143">
        <ele>1150.908777</ele>
        <time>2026-08-14T15:04:13.972Z</time>
      </trkpt>
      <trkpt lat="46.877073" lon="11.379244">
        <ele>1150.709568</ele>
        <time>2026-08-14T15:04:15.151Z</time>
      </trkpt>
      <trkpt lat="46.877075" lon="11.379327">
        <ele>1150.565186</ele>
        <time>2026-08-14T15:04:16.206Z</time>
      </trkpt>
      <trkpt lat="46.877032" lon="11.379404">
        <ele>1150.392333</ele>
        <time>2026-08-14T15:04:17.209Z</time>
      </trkpt>
      <trkpt lat="46.877075" lon="11.379327">
        <ele>1150.219481</ele>
        <time>2026-08-14T15:04:18.706Z</time>
      </trkpt>
      <trkpt lat="46.877073" lon="11.379244">
        <ele>1150.075099</ele>
        <time>2026-08-14T15:04:19.636Z</time>
      </trkpt>
      <trkpt lat="46.877036" lon="11.379143">
        <ele>1149.875889</ele>
        <time>2026-08-14T15:04:21.296Z</time>
      </trkpt>
      <trkpt lat="46.876942" lon="11.379075">
        <ele>1149.609195</ele>
        <time>2026-08-14T15:04:23.346Z</time>
      </trkpt>
      <trkpt lat="46.876886" lon="11.379096">
        <ele>1149.744580</ele>
        <time>2026-08-14T15:04:24.917Z</time>
      </trkpt>
      <trkpt lat="46.876841" lon="11.379130">
        <ele>1149.969925</ele>
        <time>2026-08-14T15:04:26.121Z</time>
      </trkpt>
      <trkpt lat="46.876781" lon="11.379278">
        <ele>1150.493261</ele>
        <time>2026-08-14T15:04:29.216Z</time>
      </trkpt>
      <trkpt lat="46.876666" lon="11.379823">
        <ele>1152.228003</ele>
        <time>2026-08-14T15:04:42.476Z</time>
      </trkpt>
      <trkpt lat="46.876649" lon="11.380150">
        <ele>1153.225416</ele>
        <time>2026-08-14T15:04:52.921Z</time>
      </trkpt>
      <trkpt lat="46.876592" lon="11.380522">
        <ele>1154.384897</ele>
        <time>2026-08-14T15:05:05.476Z</time>
      </trkpt>
      <trkpt lat="46.876600" lon="11.381115">
        <ele>1156.188806</ele>
        <time>2026-08-14T15:05:22.830Z</time>
      </trkpt>
      <trkpt lat="46.876564" lon="11.381470">
        <ele>1157.280324</ele>
        <time>2026-08-14T15:05:32.350Z</time>
      </trkpt>
      <trkpt lat="46.876452" lon="11.382516">
        <ele>1162.747808</ele>
        <time>2026-08-14T15:05:58.975Z</time>
      </trkpt>
      <trkpt lat="46.876310" lon="11.383012">
        <ele>1165.636559</ele>
        <time>2026-08-14T15:06:14.579Z</time>
      </trkpt>
      <trkpt lat="46.876366" lon="11.383660">
        <ele>1169.145314</ele>
        <time>2026-08-14T15:06:40.211Z</time>
      </trkpt>
      <trkpt lat="46.876358" lon="11.383767">
        <ele>1169.723545</ele>
        <time>2026-08-14T15:06:45.025Z</time>
      </trkpt>
      <trkpt lat="46.876262" lon="11.384155">
        <ele>1172.151441</ele>
        <time>2026-08-14T15:07:05.508Z</time>
      </trkpt>
      <trkpt lat="46.875901" lon="11.385529">
        <ele>1187.085915</ele>
        <time>2026-08-14T15:08:36.791Z</time>
      </trkpt>
      <trkpt lat="46.875871" lon="11.385924">
        <ele>1191.118155</ele>
        <time>2026-08-14T15:09:04.891Z</time>
      </trkpt>
      <trkpt lat="46.875682" lon="11.387156">
        <ele>1201.429647</ele>
        <time>2026-08-14T15:10:14.296Z</time>
      </trkpt>
      <trkpt lat="46.875591" lon="11.387400">
        <ele>1202.975430</ele>
        <time>2026-08-14T15:10:24.713Z</time>
      </trkpt>
      <trkpt lat="46.875451" lon="11.387684">
        <ele>1204.922694</ele>
        <time>2026-08-14T15:10:35.677Z</time>
      </trkpt>
      <trkpt lat="46.875368" lon="11.387761">
        <ele>1205.722281</ele>
        <time>2026-08-14T15:10:39.633Z</time>
      </trkpt>
      <trkpt lat="46.875314" lon="11.387888">
        <ele>1206.554057</ele>
        <time>2026-08-14T15:10:43.471Z</time>
      </trkpt>
      <trkpt lat="46.875311" lon="11.388027">
        <ele>1207.327471</ele>
        <time>2026-08-14T15:10:46.918Z</time>
      </trkpt>
      <trkpt lat="46.875377" lon="11.388481">
        <ele>1209.908791</ele>
        <time>2026-08-14T15:10:57.649Z</time>
      </trkpt>
      <trkpt lat="46.875341" lon="11.389236">
        <ele>1214.637396</ele>
        <time>2026-08-14T15:11:20.292Z</time>
      </trkpt>
      <trkpt lat="46.875287" lon="11.389458">
        <ele>1216.574391</ele>
        <time>2026-08-14T15:11:29.121Z</time>
      </trkpt>
      <trkpt lat="46.875120" lon="11.389932">
        <ele>1220.957889</ele>
        <time>2026-08-14T15:11:53.042Z</time>
      </trkpt>
      <trkpt lat="46.874939" lon="11.390405">
        <ele>1225.413860</ele>
        <time>2026-08-14T15:12:22.388Z</time>
      </trkpt>
      <trkpt lat="46.874909" lon="11.390582">
        <ele>1226.912919</ele>
        <time>2026-08-14T15:12:33.004Z</time>
      </trkpt>
      <trkpt lat="46.874916" lon="11.391474">
        <ele>1234.245960</ele>
        <time>2026-08-14T15:13:28.657Z</time>
      </trkpt>
      <trkpt lat="46.874884" lon="11.391829">
        <ele>1236.501053</ele>
        <time>2026-08-14T15:13:49.298Z</time>
      </trkpt>
      <trkpt lat="46.874824" lon="11.392113">
        <ele>1238.279536</ele>
        <time>2026-08-14T15:14:03.423Z</time>
      </trkpt>
      <trkpt lat="46.874855" lon="11.392491">
        <ele>1240.557345</ele>
        <time>2026-08-14T15:14:16.945Z</time>
      </trkpt>
      <trkpt lat="46.874936" lon="11.392916">
        <ele>1243.197115</ele>
        <time>2026-08-14T15:14:32.459Z</time>
      </trkpt>
      <trkpt lat="46.874941" lon="11.393642">
        <ele>1247.541019</ele>
        <time>2026-08-14T15:14:58.776Z</time>
      </trkpt>
      <trkpt lat="46.875039" lon="11.394035">
        <ele>1250.043908</ele>
        <time>2026-08-14T15:15:11.018Z</time>
      </trkpt>
      <trkpt lat="46.875013" lon="11.394139">
        <ele>1250.529681</ele>
        <time>2026-08-14T15:15:13.868Z</time>
      </trkpt>
      <trkpt lat="46.874937" lon="11.394170">
        <ele>1250.818663</ele>
        <time>2026-08-14T15:15:16.617Z</time>
      </trkpt>
      <trkpt lat="46.874871" lon="11.394132">
        <ele>1251.078450</ele>
        <time>2026-08-14T15:15:19.047Z</time>
      </trkpt>
      <trkpt lat="46.874850" lon="11.394084">
        <ele>1251.221138</ele>
        <time>2026-08-14T15:15:20.597Z</time>
      </trkpt>
      <trkpt lat="46.874860" lon="11.393677">
        <ele>1252.240838</ele>
        <time>2026-08-14T15:15:28.587Z</time>
      </trkpt>
      <trkpt lat="46.874813" lon="11.393352">
        <ele>1253.072578</ele>
        <time>2026-08-14T15:15:34.786Z</time>
      </trkpt>
      <trkpt lat="46.874741" lon="11.393048">
        <ele>1253.878120</ele>
        <time>2026-08-14T15:15:41.529Z</time>
      </trkpt>
      <trkpt lat="46.874613" lon="11.392682">
        <ele>1254.907472</ele>
        <time>2026-08-14T15:15:53.198Z</time>
      </trkpt>
      <trkpt lat="46.874461" lon="11.392008">
        <ele>1256.684496</ele>
        <time>2026-08-14T15:16:04.513Z</time>
      </trkpt>
      <trkpt lat="46.874456" lon="11.391749">
        <ele>1257.666342</ele>
        <time>2026-08-14T15:16:08.844Z</time>
      </trkpt>
      <trkpt lat="46.874196" lon="11.390527">
        <ele>1263.983556</ele>
        <time>2026-08-14T15:16:47.498Z</time>
      </trkpt>
      <trkpt lat="46.874123" lon="11.390332">
        <ele>1265.080960</ele>
        <time>2026-08-14T15:16:56.502Z</time>
      </trkpt>
      <trkpt lat="46.874027" lon="11.390229">
        <ele>1265.940599</ele>
        <time>2026-08-14T15:17:03.754Z</time>
      </trkpt>
      <trkpt lat="46.873839" lon="11.390100">
        <ele>1267.439994</ele>
        <time>2026-08-14T15:17:16.670Z</time>
      </trkpt>
      <trkpt lat="46.873711" lon="11.389933">
        <ele>1268.678430</ele>
        <time>2026-08-14T15:17:27.404Z</time>
      </trkpt>
      <trkpt lat="46.873620" lon="11.389768">
        <ele>1269.724891</ele>
        <time>2026-08-14T15:17:36.591Z</time>
      </trkpt>
      <trkpt lat="46.873573" lon="11.389597">
        <ele>1270.809519</ele>
        <time>2026-08-14T15:17:44.668Z</time>
      </trkpt>
      <trkpt lat="46.873555" lon="11.389354">
        <ele>1272.337168</ele>
        <time>2026-08-14T15:17:55.604Z</time>
      </trkpt>
      <trkpt lat="46.873570" lon="11.389152">
        <ele>1273.607101</ele>
        <time>2026-08-14T15:18:04.838Z</time>
      </trkpt>
      <trkpt lat="46.873626" lon="11.388958">
        <ele>1274.923272</ele>
        <time>2026-08-14T15:18:14.079Z</time>
      </trkpt>
      <trkpt lat="46.873828" lon="11.388506">
        <ele>1278.298388</ele>
        <time>2026-08-14T15:18:36.552Z</time>
      </trkpt>
      <trkpt lat="46.873875" lon="11.387508">
        <ele>1284.550673</ele>
        <time>2026-08-14T15:19:13.004Z</time>
      </trkpt>
      <trkpt lat="46.873867" lon="11.387205">
        <ele>1286.441897</ele>
        <time>2026-08-14T15:19:24.222Z</time>
      </trkpt>
      <trkpt lat="46.873830" lon="11.387008">
        <ele>1287.507399</ele>
        <time>2026-08-14T15:19:31.839Z</time>
      </trkpt>
      <trkpt lat="46.873767" lon="11.386805">
        <ele>1288.670115</ele>
        <time>2026-08-14T15:19:40.130Z</time>
      </trkpt>
      <trkpt lat="46.873550" lon="11.386416">
        <ele>1291.288662</ele>
        <time>2026-08-14T15:19:58.992Z</time>
      </trkpt>
      <trkpt lat="46.873537" lon="11.386316">
        <ele>1291.819549</ele>
        <time>2026-08-14T15:20:02.865Z</time>
      </trkpt>
      <trkpt lat="46.873544" lon="11.386208">
        <ele>1292.385340</ele>
        <time>2026-08-14T15:20:06.939Z</time>
      </trkpt>
      <trkpt lat="46.873650" lon="11.385818">
        <ele>1294.574214</ele>
        <time>2026-08-14T15:20:22.588Z</time>
      </trkpt>
      <trkpt lat="46.873649" lon="11.385359">
        <ele>1296.968094</ele>
        <time>2026-08-14T15:20:38.773Z</time>
      </trkpt>
      <trkpt lat="46.873716" lon="11.384858">
        <ele>1299.630535</ele>
        <time>2026-08-14T15:20:55.492Z</time>
      </trkpt>
      <trkpt lat="46.873756" lon="11.384526">
        <ele>1301.276212</ele>
        <time>2026-08-14T15:21:05.710Z</time>
      </trkpt>
      <trkpt lat="46.873768" lon="11.384168">
        <ele>1302.976546</ele>
        <time>2026-08-14T15:21:15.668Z</time>
      </trkpt>
      <trkpt lat="46.873744" lon="11.383447">
        <ele>1306.400905</ele>
        <time>2026-08-14T15:21:36.486Z</time>
      </trkpt>
      <trkpt lat="46.873718" lon="11.383212">
        <ele>1307.530213</ele>
        <time>2026-08-14T15:21:44.088Z</time>
      </trkpt>
      <trkpt lat="46.873649" lon="11.382935">
        <ele>1308.928777</ele>
        <time>2026-08-14T15:21:53.883Z</time>
      </trkpt>
      <trkpt lat="46.873554" lon="11.382699">
        <ele>1310.228004</ele>
        <time>2026-08-14T15:22:03.142Z</time>
      </trkpt>
      <trkpt lat="46.873436" lon="11.382482">
        <ele>1311.543381</ele>
        <time>2026-08-14T15:22:12.905Z</time>
      </trkpt>
      <trkpt lat="46.873271" lon="11.382250">
        <ele>1313.294744</ele>
        <time>2026-08-14T15:22:25.964Z</time>
      </trkpt>
      <trkpt lat="46.872813" lon="11.381702">
        <ele>1318.725593</ele>
        <time>2026-08-14T15:23:03.793Z</time>
      </trkpt>
      <trkpt lat="46.872690" lon="11.381254">
        <ele>1321.754828</ele>
        <time>2026-08-14T15:23:25.780Z</time>
      </trkpt>
      <trkpt lat="46.872632" lon="11.381122">
        <ele>1322.739400</ele>
        <time>2026-08-14T15:23:32.433Z</time>
      </trkpt>
      <trkpt lat="46.872272" lon="11.380672">
        <ele>1327.085719</ele>
        <time>2026-08-14T15:23:58.895Z</time>
      </trkpt>
      <trkpt lat="46.872234" lon="11.380504">
        <ele>1328.196057</ele>
        <time>2026-08-14T15:24:05.281Z</time>
      </trkpt>
      <trkpt lat="46.872242" lon="11.380397">
        <ele>1328.871445</ele>
        <time>2026-08-14T15:24:09.009Z</time>
      </trkpt>
      <trkpt lat="46.872269" lon="11.380309">
        <ele>1329.372314</ele>
        <time>2026-08-14T15:24:12.522Z</time>
      </trkpt>
      <trkpt lat="46.872343" lon="11.380204">
        <ele>1330.029966</ele>
        <time>2026-08-14T15:24:17.648Z</time>
      </trkpt>
      <trkpt lat="46.872591" lon="11.379968">
        <ele>1331.917291</ele>
        <time>2026-08-14T15:24:32.969Z</time>
      </trkpt>
      <trkpt lat="46.872665" lon="11.379776">
        <ele>1332.878486</ele>
        <time>2026-08-14T15:24:40.568Z</time>
      </trkpt>
      <trkpt lat="46.872654" lon="11.379583">
        <ele>1333.723061</ele>
        <time>2026-08-14T15:24:46.949Z</time>
      </trkpt>
      <trkpt lat="46.872575" lon="11.379291">
        <ele>1335.092541</ele>
        <time>2026-08-14T15:24:56.509Z</time>
      </trkpt>
      <trkpt lat="46.872496" lon="11.378320">
        <ele>1339.356871</ele>
        <time>2026-08-14T15:25:24.455Z</time>
      </trkpt>
      <trkpt lat="46.872281" lon="11.376647">
        <ele>1348.277354</ele>
        <time>2026-08-14T15:26:11.558Z</time>
      </trkpt>
      <trkpt lat="46.872203" lon="11.376288">
        <ele>1350.318488</ele>
        <time>2026-08-14T15:26:24.412Z</time>
      </trkpt>
      <trkpt lat="46.872145" lon="11.376185">
        <ele>1351.041554</ele>
        <time>2026-08-14T15:26:29.598Z</time>
      </trkpt>
      <trkpt lat="46.871974" lon="11.376056">
        <ele>1352.566553</ele>
        <time>2026-08-14T15:26:41.673Z</time>
      </trkpt>
      <trkpt lat="46.871864" lon="11.376047">
        <ele>1353.439792</ele>
        <time>2026-08-14T15:26:49.208Z</time>
      </trkpt>
      <trkpt lat="46.871369" lon="11.376306">
        <ele>1360.439491</ele>
        <time>2026-08-14T15:27:31.469Z</time>
      </trkpt>
      <trkpt lat="46.871110" lon="11.376354">
        <ele>1364.646489</ele>
        <time>2026-08-14T15:27:55.392Z</time>
      </trkpt>
      <trkpt lat="46.870601" lon="11.376193">
        <ele>1373.038306</ele>
        <time>2026-08-14T15:28:46.754Z</time>
      </trkpt>
      <trkpt lat="46.870479" lon="11.376024">
        <ele>1375.745947</ele>
        <time>2026-08-14T15:29:03.837Z</time>
      </trkpt>
      <trkpt lat="46.870439" lon="11.375791">
        <ele>1378.392514</ele>
        <time>2026-08-14T15:29:20.680Z</time>
      </trkpt>
      <trkpt lat="46.870443" lon="11.375483">
        <ele>1381.786247</ele>
        <time>2026-08-14T15:29:42.359Z</time>
      </trkpt>
      <trkpt lat="46.870446" lon="11.375242">
        <ele>1384.132206</ele>
        <time>2026-08-14T15:29:59.143Z</time>
      </trkpt>
      <trkpt lat="46.870605" lon="11.374709">
        <ele>1387.195427</ele>
        <time>2026-08-14T15:30:34.559Z</time>
      </trkpt>
      <trkpt lat="46.870771" lon="11.373809">
        <ele>1392.105664</ele>
        <time>2026-08-14T15:31:07.972Z</time>
      </trkpt>
      <trkpt lat="46.870865" lon="11.373521">
        <ele>1393.786718</ele>
        <time>2026-08-14T15:31:15.797Z</time>
      </trkpt>
      <trkpt lat="46.870891" lon="11.373462">
        <ele>1394.156470</ele>
        <time>2026-08-14T15:31:17.151Z</time>
      </trkpt>
      <trkpt lat="46.871100" lon="11.373043">
        <ele>1396.888558</ele>
        <time>2026-08-14T15:31:25.976Z</time>
      </trkpt>
      <trkpt lat="46.871169" lon="11.372807">
        <ele>1397.856906</ele>
        <time>2026-08-14T15:31:28.968Z</time>
      </trkpt>
      <trkpt lat="46.871245" lon="11.372320">
        <ele>1398.595661</ele>
        <time>2026-08-14T15:31:33.825Z</time>
      </trkpt>
      <trkpt lat="46.871267" lon="11.371997">
        <ele>1399.075713</ele>
        <time>2026-08-14T15:31:36.677Z</time>
      </trkpt>
      <trkpt lat="46.871255" lon="11.371790">
        <ele>1399.382946</ele>
        <time>2026-08-14T15:31:38.603Z</time>
      </trkpt>
      <trkpt lat="46.871158" lon="11.371291">
        <ele>1400.150175</ele>
        <time>2026-08-14T15:31:46.667Z</time>
      </trkpt>
      <trkpt lat="46.871142" lon="11.370802">
        <ele>1400.874190</ele>
        <time>2026-08-14T15:31:59.027Z</time>
      </trkpt>
      <trkpt lat="46.871115" lon="11.370620">
        <ele>1401.149616</ele>
        <time>2026-08-14T15:32:04.509Z</time>
      </trkpt>
      <trkpt lat="46.871010" lon="11.370297">
        <ele>1401.904187</ele>
        <time>2026-08-14T15:32:15.841Z</time>
      </trkpt>
      <trkpt lat="46.870927" lon="11.370141">
        <ele>1403.016407</ele>
        <time>2026-08-14T15:32:22.535Z</time>
      </trkpt>
      <trkpt lat="46.870806" lon="11.369949">
        <ele>1404.485664</ele>
        <time>2026-08-14T15:32:31.634Z</time>
      </trkpt>
      <trkpt lat="46.870442" lon="11.369511">
        <ele>1408.364825</ele>
        <time>2026-08-14T15:32:57.791Z</time>
      </trkpt>
      <trkpt lat="46.870404" lon="11.369426">
        <ele>1408.936258</ele>
        <time>2026-08-14T15:33:01.842Z</time>
      </trkpt>
      <trkpt lat="46.870339" lon="11.368986">
        <ele>1411.469069</ele>
        <time>2026-08-14T15:33:19.849Z</time>
      </trkpt>
      <trkpt lat="46.870252" lon="11.368771">
        <ele>1412.874797</ele>
        <time>2026-08-14T15:33:29.811Z</time>
      </trkpt>
      <trkpt lat="46.870133" lon="11.368596">
        <ele>1414.263580</ele>
        <time>2026-08-14T15:33:39.599Z</time>
      </trkpt>
      <trkpt lat="46.869768" lon="11.368176">
        <ele>1418.119380</ele>
        <time>2026-08-14T15:34:06.280Z</time>
      </trkpt>
      <trkpt lat="46.869083" lon="11.367320">
        <ele>1425.682576</ele>
        <time>2026-08-14T15:34:56.264Z</time>
      </trkpt>
      <trkpt lat="46.868048" lon="11.366508">
        <ele>1434.833125</ele>
        <time>2026-08-14T15:35:59.578Z</time>
      </trkpt>
      <trkpt lat="46.867852" lon="11.366293">
        <ele>1436.529056</ele>
        <time>2026-08-14T15:36:11.263Z</time>
      </trkpt>
      <trkpt lat="46.867765" lon="11.366068">
        <ele>1437.752413</ele>
        <time>2026-08-14T15:36:19.578Z</time>
      </trkpt>
      <trkpt lat="46.867753" lon="11.365812">
        <ele>1438.966822</ele>
        <time>2026-08-14T15:36:27.774Z</time>
      </trkpt>
      <trkpt lat="46.867836" lon="11.365380">
        <ele>1441.090533</ele>
        <time>2026-08-14T15:36:42.910Z</time>
      </trkpt>
      <trkpt lat="46.867897" lon="11.365063">
        <ele>1442.649081</ele>
        <time>2026-08-14T15:36:54.149Z</time>
      </trkpt>
      <trkpt lat="46.867945" lon="11.364467">
        <ele>1445.213752</ele>
        <time>2026-08-14T15:37:12.199Z</time>
      </trkpt>
      <trkpt lat="46.867922" lon="11.364089">
        <ele>1446.688096</ele>
        <time>2026-08-14T15:37:20.361Z</time>
      </trkpt>
      <trkpt lat="46.867884" lon="11.363833">
        <ele>1447.705835</ele>
        <time>2026-08-14T15:37:25.925Z</time>
      </trkpt>
      <trkpt lat="46.867873" lon="11.363181">
        <ele>1450.239646</ele>
        <time>2026-08-14T15:37:42.488Z</time>
      </trkpt>
      <trkpt lat="46.867946" lon="11.362958">
        <ele>1451.200197</ele>
        <time>2026-08-14T15:37:50.319Z</time>
      </trkpt>
      <trkpt lat="46.868280" lon="11.362345">
        <ele>1454.300517</ele>
        <time>2026-08-14T15:38:16.953Z</time>
      </trkpt>
      <trkpt lat="46.868300" lon="11.362125">
        <ele>1455.806781</ele>
        <time>2026-08-14T15:38:24.291Z</time>
      </trkpt>
      <trkpt lat="46.868241" lon="11.361970">
        <ele>1457.010810</ele>
        <time>2026-08-14T15:38:30.250Z</time>
      </trkpt>
      <trkpt lat="46.868165" lon="11.361911">
        <ele>1457.864946</ele>
        <time>2026-08-14T15:38:34.631Z</time>
      </trkpt>
      <trkpt lat="46.868078" lon="11.361902">
        <ele>1458.730758</ele>
        <time>2026-08-14T15:38:38.994Z</time>
      </trkpt>
      <trkpt lat="46.868018" lon="11.361896">
        <ele>1459.327772</ele>
        <time>2026-08-14T15:38:42.246Z</time>
      </trkpt>
      <trkpt lat="46.867604" lon="11.361845">
        <ele>1463.452127</ele>
        <time>2026-08-14T15:39:08.527Z</time>
      </trkpt>
      <trkpt lat="46.867423" lon="11.361764">
        <ele>1465.331145</ele>
        <time>2026-08-14T15:39:22.307Z</time>
      </trkpt>
      <trkpt lat="46.867293" lon="11.361658">
        <ele>1466.808646</ele>
        <time>2026-08-14T15:39:33.669Z</time>
      </trkpt>
      <trkpt lat="46.867214" lon="11.361509">
        <ele>1468.088371</ele>
        <time>2026-08-14T15:39:43.655Z</time>
      </trkpt>
      <trkpt lat="46.867212" lon="11.361353">
        <ele>1469.147337</ele>
        <time>2026-08-14T15:39:51.812Z</time>
      </trkpt>
      <trkpt lat="46.867287" lon="11.361120">
        <ele>1470.895219</ele>
        <time>2026-08-14T15:40:04.360Z</time>
      </trkpt>
      <trkpt lat="46.867315" lon="11.360954">
        <ele>1472.049910</ele>
        <time>2026-08-14T15:40:12.219Z</time>
      </trkpt>
      <trkpt lat="46.867275" lon="11.360826">
        <ele>1472.813190</ele>
        <time>2026-08-14T15:40:18.249Z</time>
      </trkpt>
      <trkpt lat="46.867224" lon="11.360750">
        <ele>1473.390741</ele>
        <time>2026-08-14T15:40:22.738Z</time>
      </trkpt>
      <trkpt lat="46.867034" lon="11.360556">
        <ele>1475.228854</ele>
        <time>2026-08-14T15:40:35.882Z</time>
      </trkpt>
      <trkpt lat="46.867002" lon="11.360479">
        <ele>1475.717559</ele>
        <time>2026-08-14T15:40:39.383Z</time>
      </trkpt>
      <trkpt lat="46.867004" lon="11.360258">
        <ele>1476.916252</ele>
        <time>2026-08-14T15:40:47.402Z</time>
      </trkpt>
      <trkpt lat="46.867055" lon="11.360054">
        <ele>1478.094287</ele>
        <time>2026-08-14T15:40:55.017Z</time>
      </trkpt>
      <trkpt lat="46.867112" lon="11.359607">
        <ele>1480.560383</ele>
        <time>2026-08-14T15:41:10.365Z</time>
      </trkpt>
      <trkpt lat="46.867208" lon="11.359436">
        <ele>1481.760391</ele>
        <time>2026-08-14T15:41:17.628Z</time>
      </trkpt>
      <trkpt lat="46.867433" lon="11.359204">
        <ele>1483.944151</ele>
        <time>2026-08-14T15:41:30.470Z</time>
      </trkpt>
      <trkpt lat="46.867477" lon="11.359109">
        <ele>1484.566471</ele>
        <time>2026-08-14T15:41:34.079Z</time>
      </trkpt>
      <trkpt lat="46.867500" lon="11.359002">
        <ele>1485.174783</ele>
        <time>2026-08-14T15:41:37.593Z</time>
      </trkpt>
      <trkpt lat="46.867487" lon="11.358735">
        <ele>1486.581541</ele>
        <time>2026-08-14T15:41:45.837Z</time>
      </trkpt>
      <trkpt lat="46.867378" lon="11.358210">
        <ele>1489.153610</ele>
        <time>2026-08-14T15:42:02.917Z</time>
      </trkpt>
      <trkpt lat="46.867323" lon="11.358055">
        <ele>1489.972253</ele>
        <time>2026-08-14T15:42:08.515Z</time>
      </trkpt>
      <trkpt lat="46.867089" lon="11.357548">
        <ele>1492.839841</ele>
        <time>2026-08-14T15:42:29.024Z</time>
      </trkpt>
      <trkpt lat="46.866883" lon="11.357302">
        <ele>1494.663283</ele>
        <time>2026-08-14T15:42:42.814Z</time>
      </trkpt>
      <trkpt lat="46.866769" lon="11.357093">
        <ele>1495.916645</ele>
        <time>2026-08-14T15:42:52.244Z</time>
      </trkpt>
      <trkpt lat="46.866659" lon="11.356552">
        <ele>1498.562551</ele>
        <time>2026-08-14T15:43:11.084Z</time>
      </trkpt>
      <trkpt lat="46.866514" lon="11.356144">
        <ele>1501.022162</ele>
        <time>2026-08-14T15:43:25.344Z</time>
      </trkpt>
      <trkpt lat="46.866389" lon="11.355364">
        <ele>1505.323936</ele>
        <time>2026-08-14T15:43:49.218Z</time>
      </trkpt>
      <trkpt lat="46.866339" lon="11.355186">
        <ele>1506.357243</ele>
        <time>2026-08-14T15:43:55.431Z</time>
      </trkpt>
      <trkpt lat="46.866250" lon="11.355026">
        <ele>1507.464797</ele>
        <time>2026-08-14T15:44:02.509Z</time>
      </trkpt>
      <trkpt lat="46.866148" lon="11.354951">
        <ele>1508.361403</ele>
        <time>2026-08-14T15:44:08.527Z</time>
      </trkpt>
      <trkpt lat="46.865566" lon="11.354859">
        <ele>1513.033852</ele>
        <time>2026-08-14T15:44:44.769Z</time>
      </trkpt>
      <trkpt lat="46.865464" lon="11.354800">
        <ele>1514.210001</ele>
        <time>2026-08-14T15:44:52.245Z</time>
      </trkpt>
      <trkpt lat="46.865328" lon="11.354648">
        <ele>1516.045330</ele>
        <time>2026-08-14T15:45:04.067Z</time>
      </trkpt>
      <trkpt lat="46.865263" lon="11.354643">
        <ele>1516.743274</ele>
        <time>2026-08-14T15:45:08.590Z</time>
      </trkpt>
      <trkpt lat="46.865210" lon="11.354685">
        <ele>1517.389637</ele>
        <time>2026-08-14T15:45:12.746Z</time>
      </trkpt>
      <trkpt lat="46.865189" lon="11.354775">
        <ele>1518.086824</ele>
        <time>2026-08-14T15:45:17.244Z</time>
      </trkpt>
      <trkpt lat="46.865255" lon="11.355070">
        <ele>1520.362415</ele>
        <time>2026-08-14T15:45:32.083Z</time>
      </trkpt>
      <trkpt lat="46.865258" lon="11.355188">
        <ele>1521.228111</ele>
        <time>2026-08-14T15:45:37.737Z</time>
      </trkpt>
      <trkpt lat="46.865203" lon="11.355632">
        <ele>1524.536221</ele>
        <time>2026-08-14T15:45:59.129Z</time>
      </trkpt>
      <trkpt lat="46.865212" lon="11.355780">
        <ele>1525.625543</ele>
        <time>2026-08-14T15:46:06.148Z</time>
      </trkpt>
      <trkpt lat="46.865322" lon="11.356098">
        <ele>1528.238299</ele>
        <time>2026-08-14T15:46:22.729Z</time>
      </trkpt>
      <trkpt lat="46.865369" lon="11.356478">
        <ele>1531.069421</ele>
        <time>2026-08-14T15:46:39.852Z</time>
      </trkpt>
      <trkpt lat="46.865369" lon="11.356870">
        <ele>1533.514908</ele>
        <time>2026-08-14T15:46:55.997Z</time>
      </trkpt>
      <trkpt lat="46.865346" lon="11.357079">
        <ele>1534.717557</ele>
        <time>2026-08-14T15:47:04.135Z</time>
      </trkpt>
      <trkpt lat="46.865118" lon="11.358214">
        <ele>1541.438268</ele>
        <time>2026-08-14T15:47:44.658Z</time>
      </trkpt>
      <trkpt lat="46.865003" lon="11.359299">
        <ele>1547.716999</ele>
        <time>2026-08-14T15:48:26.144Z</time>
      </trkpt>
      <trkpt lat="46.864954" lon="11.359475">
        <ele>1548.860689</ele>
        <time>2026-08-14T15:48:33.393Z</time>
      </trkpt>
      <trkpt lat="46.864867" lon="11.359664">
        <ele>1550.231941</ele>
        <time>2026-08-14T15:48:41.502Z</time>
      </trkpt>
      <trkpt lat="46.864762" lon="11.359856">
        <ele>1551.711643</ele>
        <time>2026-08-14T15:48:50.131Z</time>
      </trkpt>
      <trkpt lat="46.864612" lon="11.360810">
        <ele>1557.603100</ele>
        <time>2026-08-14T15:49:29.049Z</time>
      </trkpt>
      <trkpt lat="46.864530" lon="11.361219">
        <ele>1560.168293</ele>
        <time>2026-08-14T15:49:45.755Z</time>
      </trkpt>
      <trkpt lat="46.864471" lon="11.361319">
        <ele>1560.963238</ele>
        <time>2026-08-14T15:49:51.102Z</time>
      </trkpt>
      <trkpt lat="46.864359" lon="11.361440">
        <ele>1562.188911</ele>
        <time>2026-08-14T15:49:59.804Z</time>
      </trkpt>
      <trkpt lat="46.864102" lon="11.361590">
        <ele>1564.419217</ele>
        <time>2026-08-14T15:50:16.247Z</time>
      </trkpt>
      <trkpt lat="46.864028" lon="11.361680">
        <ele>1565.170073</ele>
        <time>2026-08-14T15:50:22.029Z</time>
      </trkpt>
      <trkpt lat="46.864003" lon="11.361754">
        <ele>1565.610366</ele>
        <time>2026-08-14T15:50:25.300Z</time>
      </trkpt>
      <trkpt lat="46.863985" lon="11.361930">
        <ele>1566.559643</ele>
        <time>2026-08-14T15:50:32.167Z</time>
      </trkpt>
      <trkpt lat="46.864002" lon="11.362022">
        <ele>1567.068002</ele>
        <time>2026-08-14T15:50:35.939Z</time>
      </trkpt>
      <trkpt lat="46.864119" lon="11.362288">
        <ele>1568.755165</ele>
        <time>2026-08-14T15:50:47.297Z</time>
      </trkpt>
      <trkpt lat="46.864124" lon="11.362362">
        <ele>1569.151823</ele>
        <time>2026-08-14T15:50:50.146Z</time>
      </trkpt>
      <trkpt lat="46.864062" lon="11.362457">
        <ele>1569.852374</ele>
        <time>2026-08-14T15:50:55.533Z</time>
      </trkpt>
      <trkpt lat="46.863967" lon="11.362439">
        <ele>1570.599728</ele>
        <time>2026-08-14T15:51:01.276Z</time>
      </trkpt>
      <trkpt lat="46.863937" lon="11.362386">
        <ele>1570.966755</ele>
        <time>2026-08-14T15:51:03.532Z</time>
      </trkpt>
      <trkpt lat="46.863896" lon="11.362153">
        <ele>1572.250143</ele>
        <time>2026-08-14T15:51:11.798Z</time>
      </trkpt>
      <trkpt lat="46.863774" lon="11.361830">
        <ele>1574.218538</ele>
        <time>2026-08-14T15:51:24.339Z</time>
      </trkpt>
      <trkpt lat="46.863752" lon="11.361621">
        <ele>1575.346541</ele>
        <time>2026-08-14T15:51:30.972Z</time>
      </trkpt>
      <trkpt lat="46.863849" lon="11.361325">
        <ele>1576.967539</ele>
        <time>2026-08-14T15:51:40.849Z</time>
      </trkpt>
      <trkpt lat="46.864070" lon="11.361138">
        <ele>1577.911962</ele>
        <time>2026-08-14T15:51:52.774Z</time>
      </trkpt>
      <trkpt lat="46.864101" lon="11.361090">
        <ele>1578.078953</ele>
        <time>2026-08-14T15:51:54.344Z</time>
      </trkpt>
      <trkpt lat="46.864121" lon="11.360945">
        <ele>1578.453060</ele>
        <time>2026-08-14T15:51:57.842Z</time>
      </trkpt>
      <trkpt lat="46.864076" lon="11.360757">
        <ele>1578.956825</ele>
        <time>2026-08-14T15:52:02.187Z</time>
      </trkpt>
      <trkpt lat="46.863786" lon="11.360053">
        <ele>1581.035487</ele>
        <time>2026-08-14T15:52:18.776Z</time>
      </trkpt>
      <trkpt lat="46.863679" lon="11.359656">
        <ele>1582.114738</ele>
        <time>2026-08-14T15:52:27.160Z</time>
      </trkpt>
      <trkpt lat="46.863670" lon="11.359405">
        <ele>1582.750420</ele>
        <time>2026-08-14T15:52:31.943Z</time>
      </trkpt>
      <trkpt lat="46.863760" lon="11.358844">
        <ele>1584.622911</ele>
        <time>2026-08-14T15:52:43.287Z</time>
      </trkpt>
      <trkpt lat="46.863820" lon="11.357569">
        <ele>1589.760355</ele>
        <time>2026-08-14T15:53:13.661Z</time>
      </trkpt>
      <trkpt lat="46.863778" lon="11.357142">
        <ele>1591.494505</ele>
        <time>2026-08-14T15:53:28.873Z</time>
      </trkpt>
      <trkpt lat="46.863614" lon="11.356407">
        <ele>1595.073599</ele>
        <time>2026-08-14T15:54:01.442Z</time>
      </trkpt>
      <trkpt lat="46.863527" lon="11.356183">
        <ele>1597.039878</ele>
        <time>2026-08-14T15:54:12.620Z</time>
      </trkpt>
      <trkpt lat="46.863370" lon="11.355932">
        <ele>1599.636373</ele>
        <time>2026-08-14T15:54:27.903Z</time>
      </trkpt>
      <trkpt lat="46.863219" lon="11.355744">
        <ele>1601.850040</ele>
        <time>2026-08-14T15:54:40.553Z</time>
      </trkpt>
      <trkpt lat="46.863178" lon="11.355645">
        <ele>1602.733471</ele>
        <time>2026-08-14T15:54:45.586Z</time>
      </trkpt>
      <trkpt lat="46.862964" lon="11.354716">
        <ele>1610.215793</ele>
        <time>2026-08-14T15:55:32.056Z</time>
      </trkpt>
      <trkpt lat="46.862833" lon="11.354364">
        <ele>1613.274686</ele>
        <time>2026-08-14T15:55:52.599Z</time>
      </trkpt>
      <trkpt lat="46.862766" lon="11.354264">
        <ele>1614.357234</ele>
        <time>2026-08-14T15:55:59.568Z</time>
      </trkpt>
      <trkpt lat="46.862670" lon="11.354197">
        <ele>1615.633119</ele>
        <time>2026-08-14T15:56:07.184Z</time>
      </trkpt>
      <trkpt lat="46.862442" lon="11.354168">
        <ele>1618.378242</ele>
        <time>2026-08-14T15:56:24.203Z</time>
      </trkpt>
      <trkpt lat="46.862296" lon="11.354107">
        <ele>1620.199533</ele>
        <time>2026-08-14T15:56:35.986Z</time>
      </trkpt>
      <trkpt lat="46.862113" lon="11.353912">
        <ele>1622.915394</ele>
        <time>2026-08-14T15:56:53.712Z</time>
      </trkpt>
      <trkpt lat="46.861737" lon="11.353309">
        <ele>1629.608551</ele>
        <time>2026-08-14T15:57:36.820Z</time>
      </trkpt>
      <trkpt lat="46.861632" lon="11.353050">
        <ele>1632.078051</ele>
        <time>2026-08-14T15:57:51.958Z</time>
      </trkpt>
      <trkpt lat="46.861608" lon="11.352807">
        <ele>1634.091712</ele>
        <time>2026-08-14T15:58:03.593Z</time>
      </trkpt>
      <trkpt lat="46.861762" lon="11.351002">
        <ele>1643.574260</ele>
        <time>2026-08-14T15:59:09.073Z</time>
      </trkpt>
      <trkpt lat="46.861701" lon="11.350241">
        <ele>1647.285949</ele>
        <time>2026-08-14T15:59:29.798Z</time>
      </trkpt>
      <trkpt lat="46.861669" lon="11.350174">
        <ele>1647.681850</ele>
        <time>2026-08-14T15:59:31.948Z</time>
      </trkpt>
      <trkpt lat="46.861613" lon="11.350149">
        <ele>1648.096662</ele>
        <time>2026-08-14T15:59:34.183Z</time>
      </trkpt>
      <trkpt lat="46.861565" lon="11.350168">
        <ele>1648.448961</ele>
        <time>2026-08-14T15:59:36.115Z</time>
      </trkpt>
      <trkpt lat="46.861500" lon="11.350309">
        <ele>1649.088113</ele>
        <time>2026-08-14T15:59:40.550Z</time>
      </trkpt>
      <trkpt lat="46.861615" lon="11.350676">
        <ele>1650.592005</ele>
        <time>2026-08-14T15:59:50.971Z</time>
      </trkpt>
      <trkpt lat="46.861592" lon="11.350980">
        <ele>1651.731391</ele>
        <time>2026-08-14T15:59:59.353Z</time>
      </trkpt>
      <trkpt lat="46.861177" lon="11.352037">
        <ele>1656.271958</ele>
        <time>2026-08-14T16:00:32.686Z</time>
      </trkpt>
      <trkpt lat="46.861116" lon="11.352260">
        <ele>1657.166704</ele>
        <time>2026-08-14T16:00:39.613Z</time>
      </trkpt>
      <trkpt lat="46.861069" lon="11.352566">
        <ele>1658.373064</ele>
        <time>2026-08-14T16:00:49.332Z</time>
      </trkpt>
      <trkpt lat="46.861057" lon="11.352853">
        <ele>1660.098112</ele>
        <time>2026-08-14T16:00:58.841Z</time>
      </trkpt>
      <trkpt lat="46.861130" lon="11.353637">
        <ele>1664.845058</ele>
        <time>2026-08-14T16:01:28.237Z</time>
      </trkpt>
      <trkpt lat="46.861132" lon="11.353952">
        <ele>1666.734952</ele>
        <time>2026-08-14T16:01:41.102Z</time>
      </trkpt>
      <trkpt lat="46.861072" lon="11.354840">
        <ele>1672.088374</ele>
        <time>2026-08-14T16:02:18.539Z</time>
      </trkpt>
      <trkpt lat="46.860767" lon="11.356770">
        <ele>1683.297368</ele>
        <time>2026-08-14T16:03:44.488Z</time>
      </trkpt>
      <trkpt lat="46.860760" lon="11.356934">
        <ele>1684.216089</ele>
        <time>2026-08-14T16:03:50.069Z</time>
      </trkpt>
      <trkpt lat="46.860816" lon="11.357803">
        <ele>1689.055569</ele>
        <time>2026-08-14T16:04:13.564Z</time>
      </trkpt>
      <trkpt lat="46.860920" lon="11.358202">
        <ele>1691.153003</ele>
        <time>2026-08-14T16:04:22.642Z</time>
      </trkpt>
      <trkpt lat="46.860986" lon="11.358830">
        <ele>1694.273925</ele>
        <time>2026-08-14T16:04:39.016Z</time>
      </trkpt>
      <trkpt lat="46.861106" lon="11.359241">
        <ele>1696.469072</ele>
        <time>2026-08-14T16:04:53.342Z</time>
      </trkpt>
      <trkpt lat="46.861109" lon="11.359480">
        <ele>1697.643220</ele>
        <time>2026-08-14T16:05:02.022Z</time>
      </trkpt>
      <trkpt lat="46.861063" lon="11.359709">
        <ele>1698.815586</ele>
        <time>2026-08-14T16:05:11.756Z</time>
      </trkpt>
      <trkpt lat="46.860973" lon="11.359918">
        <ele>1700.028800</ele>
        <time>2026-08-14T16:05:23.474Z</time>
      </trkpt>
      <trkpt lat="46.860907" lon="11.359997">
        <ele>1700.641471</ele>
        <time>2026-08-14T16:05:29.613Z</time>
      </trkpt>
      <trkpt lat="46.860301" lon="11.360406">
        <ele>1706.275718</ele>
        <time>2026-08-14T16:06:13.839Z</time>
      </trkpt>
      <trkpt lat="46.860154" lon="11.360591">
        <ele>1707.980530</ele>
        <time>2026-08-14T16:06:26.308Z</time>
      </trkpt>
      <trkpt lat="46.860054" lon="11.360596">
        <ele>1708.860103</ele>
        <time>2026-08-14T16:06:32.487Z</time>
      </trkpt>
      <trkpt lat="46.860016" lon="11.360486">
        <ele>1709.600889</ele>
        <time>2026-08-14T16:06:37.485Z</time>
      </trkpt>
      <trkpt lat="46.860060" lon="11.360354">
        <ele>1710.483578</ele>
        <time>2026-08-14T16:06:42.786Z</time>
      </trkpt>
      <trkpt lat="46.860258" lon="11.360222">
        <ele>1712.396432</ele>
        <time>2026-08-14T16:06:54.264Z</time>
      </trkpt>
      <trkpt lat="46.860432" lon="11.359937">
        <ele>1714.693000</ele>
        <time>2026-08-14T16:07:06.854Z</time>
      </trkpt>
      <trkpt lat="46.860528" lon="11.359672">
        <ele>1716.495605</ele>
        <time>2026-08-14T16:07:16.452Z</time>
      </trkpt>
      <trkpt lat="46.860564" lon="11.359466">
        <ele>1717.794553</ele>
        <time>2026-08-14T16:07:22.998Z</time>
      </trkpt>
      <trkpt lat="46.860558" lon="11.359337">
        <ele>1718.629708</ele>
        <time>2026-08-14T16:07:26.744Z</time>
      </trkpt>
      <trkpt lat="46.860505" lon="11.359114">
        <ele>1720.154627</ele>
        <time>2026-08-14T16:07:33.316Z</time>
      </trkpt>
      <trkpt lat="46.860195" lon="11.358610">
        <ele>1724.533326</ele>
        <time>2026-08-14T16:07:58.581Z</time>
      </trkpt>
      <trkpt lat="46.860092" lon="11.358330">
        <ele>1726.587008</ele>
        <time>2026-08-14T16:08:13.072Z</time>
      </trkpt>
      <trkpt lat="46.859851" lon="11.357223">
        <ele>1734.091023</ele>
        <time>2026-08-14T16:09:10.008Z</time>
      </trkpt>
      <trkpt lat="46.859755" lon="11.356782">
        <ele>1736.176290</ele>
        <time>2026-08-14T16:09:29.961Z</time>
      </trkpt>
      <trkpt lat="46.859532" lon="11.356194">
        <ele>1739.007256</ele>
        <time>2026-08-14T16:09:52.857Z</time>
      </trkpt>
      <trkpt lat="46.859512" lon="11.356058">
        <ele>1739.592956</ele>
        <time>2026-08-14T16:09:56.693Z</time>
      </trkpt>
      <trkpt lat="46.859548" lon="11.355400">
        <ele>1742.372216</ele>
        <time>2026-08-14T16:10:12.408Z</time>
      </trkpt>
      <trkpt lat="46.859468" lon="11.354960">
        <ele>1744.289140</ele>
        <time>2026-08-14T16:10:21.920Z</time>
      </trkpt>
      <trkpt lat="46.859465" lon="11.354545">
        <ele>1746.057883</ele>
        <time>2026-08-14T16:10:31.063Z</time>
      </trkpt>
      <trkpt lat="46.859447" lon="11.354393">
        <ele>1746.736394</ele>
        <time>2026-08-14T16:10:34.694Z</time>
      </trkpt>
      <trkpt lat="46.859292" lon="11.353925">
        <ele>1749.023602</ele>
        <time>2026-08-14T16:10:48.524Z</time>
      </trkpt>
      <trkpt lat="46.859070" lon="11.352157">
        <ele>1756.930066</ele>
        <time>2026-08-14T16:11:51.786Z</time>
      </trkpt>
      <trkpt lat="46.858994" lon="11.351307">
        <ele>1761.631127</ele>
        <time>2026-08-14T16:12:21.666Z</time>
      </trkpt>
      <trkpt lat="46.858712" lon="11.350528">
        <ele>1766.517931</ele>
        <time>2026-08-14T16:12:52.844Z</time>
      </trkpt>
      <trkpt lat="46.858409" lon="11.350145">
        <ele>1769.765139</ele>
        <time>2026-08-14T16:13:15.031Z</time>
      </trkpt>
      <trkpt lat="46.858365" lon="11.350036">
        <ele>1770.466904</ele>
        <time>2026-08-14T16:13:20.039Z</time>
      </trkpt>
      <trkpt lat="46.858296" lon="11.349663">
        <ele>1772.623914</ele>
        <time>2026-08-14T16:13:36.048Z</time>
      </trkpt>
      <trkpt lat="46.858241" lon="11.349520">
        <ele>1773.548413</ele>
        <time>2026-08-14T16:13:43.172Z</time>
      </trkpt>
      <trkpt lat="46.857548" lon="11.348145">
        <ele>1783.173495</ele>
        <time>2026-08-14T16:14:50.063Z</time>
      </trkpt>
      <trkpt lat="46.857479" lon="11.347834">
        <ele>1785.015890</ele>
        <time>2026-08-14T16:14:59.758Z</time>
      </trkpt>
      <trkpt lat="46.857302" lon="11.346604">
        <ele>1792.122056</ele>
        <time>2026-08-14T16:15:38.979Z</time>
      </trkpt>
      <trkpt lat="46.857247" lon="11.346343">
        <ele>1793.667494</ele>
        <time>2026-08-14T16:15:48.516Z</time>
      </trkpt>
      <trkpt lat="46.857179" lon="11.346113">
        <ele>1795.085415</ele>
        <time>2026-08-14T16:15:58.096Z</time>
      </trkpt>
      <trkpt lat="46.856525" lon="11.344635">
        <ele>1804.214951</ele>
        <time>2026-08-14T16:17:14.766Z</time>
      </trkpt>
      <trkpt lat="46.856294" lon="11.343183">
        <ele>1810.716954</ele>
        <time>2026-08-14T16:17:58.363Z</time>
      </trkpt>
      <trkpt lat="46.856248" lon="11.342685">
        <ele>1812.913642</ele>
        <time>2026-08-14T16:18:07.988Z</time>
      </trkpt>
      <trkpt lat="46.856232" lon="11.342207">
        <ele>1815.515288</ele>
        <time>2026-08-14T16:18:18.608Z</time>
      </trkpt>
      <trkpt lat="46.856166" lon="11.341937">
        <ele>1817.074040</ele>
        <time>2026-08-14T16:18:26.012Z</time>
      </trkpt>
      <trkpt lat="46.856064" lon="11.341780">
        <ele>1818.251311</ele>
        <time>2026-08-14T16:18:32.175Z</time>
      </trkpt>
      <trkpt lat="46.855939" lon="11.341688">
        <ele>1819.363789</ele>
        <time>2026-08-14T16:18:38.411Z</time>
      </trkpt>
      <trkpt lat="46.855851" lon="11.341683">
        <ele>1820.063892</ele>
        <time>2026-08-14T16:18:42.600Z</time>
      </trkpt>
      <trkpt lat="46.855454" lon="11.341815">
        <ele>1823.300483</ele>
        <time>2026-08-14T16:19:06.042Z</time>
      </trkpt>
      <trkpt lat="46.855273" lon="11.341815">
        <ele>1824.739382</ele>
        <time>2026-08-14T16:19:18.310Z</time>
      </trkpt>
      <trkpt lat="46.854848" lon="11.341678">
        <ele>1828.657810</ele>
        <time>2026-08-14T16:19:51.308Z</time>
      </trkpt>
      <trkpt lat="46.854405" lon="11.341478">
        <ele>1834.014503</ele>
        <time>2026-08-14T16:20:28.791Z</time>
      </trkpt>
      <trkpt lat="46.854120" lon="11.341282">
        <ele>1837.653303</ele>
        <time>2026-08-14T16:20:53.455Z</time>
      </trkpt>
      <trkpt lat="46.853575" lon="11.340798">
        <ele>1845.020381</ele>
        <time>2026-08-14T16:21:37.009Z</time>
      </trkpt>
      <trkpt lat="46.853288" lon="11.340500">
        <ele>1848.805605</ele>
        <time>2026-08-14T16:21:56.908Z</time>
      </trkpt>
      <trkpt lat="46.852466" lon="11.339310">
        <ele>1858.805698</ele>
        <time>2026-08-14T16:22:54.336Z</time>
      </trkpt>
      <trkpt lat="46.852450" lon="11.339276">
        <ele>1859.049712</ele>
        <time>2026-08-14T16:22:55.841Z</time>
      </trkpt>
      <trkpt lat="46.852272" lon="11.338893">
        <ele>1861.787553</ele>
        <time>2026-08-14T16:23:14.160Z</time>
      </trkpt>
      <trkpt lat="46.852035" lon="11.338157">
        <ele>1867.149027</ele>
        <time>2026-08-14T16:23:51.607Z</time>
      </trkpt>
      <trkpt lat="46.851668" lon="11.337283">
        <ele>1874.299329</ele>
        <time>2026-08-14T16:24:43.988Z</time>
      </trkpt>
      <trkpt lat="46.851556" lon="11.336939">
        <ele>1876.955561</ele>
        <time>2026-08-14T16:25:02.876Z</time>
      </trkpt>
      <trkpt lat="46.851455" lon="11.336125">
        <ele>1882.256358</ele>
        <time>2026-08-14T16:25:32.949Z</time>
      </trkpt>
      <trkpt lat="46.851406" lon="11.335533">
        <ele>1884.179685</ele>
        <time>2026-08-14T16:25:46.779Z</time>
      </trkpt>
      <trkpt lat="46.851448" lon="11.335385">
        <ele>1884.696499</ele>
        <time>2026-08-14T16:25:49.819Z</time>
      </trkpt>
      <trkpt lat="46.851599" lon="11.335043">
        <ele>1886.009465</ele>
        <time>2026-08-14T16:25:57.110Z</time>
      </trkpt>
      <trkpt lat="46.851620" lon="11.334822">
        <ele>1886.729108</ele>
        <time>2026-08-14T16:26:01.362Z</time>
      </trkpt>
      <trkpt lat="46.851608" lon="11.334706">
        <ele>1887.107501</ele>
        <time>2026-08-14T16:26:03.756Z</time>
      </trkpt>
      <trkpt lat="46.851515" lon="11.334461">
        <ele>1888.011266</ele>
        <time>2026-08-14T16:26:09.544Z</time>
      </trkpt>
      <trkpt lat="46.851177" lon="11.334094">
        <ele>1889.996750</ele>
        <time>2026-08-14T16:26:24.174Z</time>
      </trkpt>
      <trkpt lat="46.850964" lon="11.333946">
        <ele>1892.045512</ele>
        <time>2026-08-14T16:26:34.883Z</time>
      </trkpt>
      <trkpt lat="46.850526" lon="11.333782">
        <ele>1896.764970</ele>
        <time>2026-08-14T16:27:03.381Z</time>
      </trkpt>
      <trkpt lat="46.849630" lon="11.333611">
        <ele>1906.196944</ele>
        <time>2026-08-14T16:28:15.218Z</time>
      </trkpt>
      <trkpt lat="46.849137" lon="11.333428">
        <ele>1911.063436</ele>
        <time>2026-08-14T16:28:45.671Z</time>
      </trkpt>
      <trkpt lat="46.848999" lon="11.333350">
        <ele>1912.322219</ele>
        <time>2026-08-14T16:28:53.269Z</time>
      </trkpt>
      <trkpt lat="46.848875" lon="11.333222">
        <ele>1913.613641</ele>
        <time>2026-08-14T16:29:00.744Z</time>
      </trkpt>
      <trkpt lat="46.848816" lon="11.333117">
        <ele>1914.404386</ele>
        <time>2026-08-14T16:29:05.200Z</time>
      </trkpt>
      <trkpt lat="46.848721" lon="11.332810">
        <ele>1916.365127</ele>
        <time>2026-08-14T16:29:16.489Z</time>
      </trkpt>
      <trkpt lat="46.848621" lon="11.332610">
        <ele>1917.806741</ele>
        <time>2026-08-14T16:29:25.167Z</time>
      </trkpt>
      <trkpt lat="46.848434" lon="11.332460">
        <ele>1919.621442</ele>
        <time>2026-08-14T16:29:36.696Z</time>
      </trkpt>
      <trkpt lat="46.848241" lon="11.332403">
        <ele>1921.296660</ele>
        <time>2026-08-14T16:29:47.615Z</time>
      </trkpt>
      <trkpt lat="46.847991" lon="11.332381">
        <ele>1923.427522</ele>
        <time>2026-08-14T16:30:00.251Z</time>
      </trkpt>
      <trkpt lat="46.847434" lon="11.332396">
        <ele>1928.758152</ele>
        <time>2026-08-14T16:30:32.527Z</time>
      </trkpt>
      <trkpt lat="46.847277" lon="11.332314">
        <ele>1930.399907</ele>
        <time>2026-08-14T16:30:43.824Z</time>
      </trkpt>
      <trkpt lat="46.847194" lon="11.332221">
        <ele>1931.429667</ele>
        <time>2026-08-14T16:30:51.037Z</time>
      </trkpt>
      <trkpt lat="46.847132" lon="11.332133">
        <ele>1932.280588</ele>
        <time>2026-08-14T16:30:57.104Z</time>
      </trkpt>
      <trkpt lat="46.846511" lon="11.330747">
        <ele>1943.376666</ele>
        <time>2026-08-14T16:32:08.651Z</time>
      </trkpt>
      <trkpt lat="46.846372" lon="11.330482">
        <ele>1945.516834</ele>
        <time>2026-08-14T16:32:21.773Z</time>
      </trkpt>
      <trkpt lat="46.846212" lon="11.330315">
        <ele>1947.358809</ele>
        <time>2026-08-14T16:32:33.229Z</time>
      </trkpt>
      <trkpt lat="46.845955" lon="11.330144">
        <ele>1950.004472</ele>
        <time>2026-08-14T16:32:49.684Z</time>
      </trkpt>
      <trkpt lat="46.845500" lon="11.329768">
        <ele>1954.901574</ele>
        <time>2026-08-14T16:33:19.916Z</time>
      </trkpt>
      <trkpt lat="46.845200" lon="11.329489">
        <ele>1958.232989</ele>
        <time>2026-08-14T16:33:41.224Z</time>
      </trkpt>
      <trkpt lat="46.845140" lon="11.329400">
        <ele>1959.032856</ele>
        <time>2026-08-14T16:33:46.608Z</time>
      </trkpt>
      <trkpt lat="46.844837" lon="11.328466">
        <ele>1965.536000</ele>
        <time>2026-08-14T16:34:29.362Z</time>
      </trkpt>
      <trkpt lat="46.844632" lon="11.327934">
        <ele>1969.377374</ele>
        <time>2026-08-14T16:34:53.461Z</time>
      </trkpt>
      <trkpt lat="46.844091" lon="11.327142">
        <ele>1976.128609</ele>
        <time>2026-08-14T16:35:39.318Z</time>
      </trkpt>
      <trkpt lat="46.843991" lon="11.326922">
        <ele>1977.251790</ele>
        <time>2026-08-14T16:35:49.707Z</time>
      </trkpt>
      <trkpt lat="46.843665" lon="11.326030">
        <ele>1981.552126</ele>
        <time>2026-08-14T16:36:22.296Z</time>
      </trkpt>
      <trkpt lat="46.843587" lon="11.325979">
        <ele>1982.083303</ele>
        <time>2026-08-14T16:36:25.519Z</time>
      </trkpt>
      <trkpt lat="46.843495" lon="11.326001">
        <ele>1982.662829</ele>
        <time>2026-08-14T16:36:29.107Z</time>
      </trkpt>
      <trkpt lat="46.843450" lon="11.326082">
        <ele>1983.106545</ele>
        <time>2026-08-14T16:36:31.827Z</time>
      </trkpt>
      <trkpt lat="46.843443" lon="11.326161">
        <ele>1983.445269</ele>
        <time>2026-08-14T16:36:33.928Z</time>
      </trkpt>
      <trkpt lat="46.843598" lon="11.326729">
        <ele>1986.045584</ele>
        <time>2026-08-14T16:36:49.278Z</time>
      </trkpt>
      <trkpt lat="46.843681" lon="11.327184">
        <ele>1988.095131</ele>
        <time>2026-08-14T16:37:01.058Z</time>
      </trkpt>
      <trkpt lat="46.843677" lon="11.327380">
        <ele>1988.958218</ele>
        <time>2026-08-14T16:37:05.964Z</time>
      </trkpt>
      <trkpt lat="46.843642" lon="11.327429">
        <ele>1989.270058</ele>
        <time>2026-08-14T16:37:07.741Z</time>
      </trkpt>
      <trkpt lat="46.843556" lon="11.327452">
        <ele>1989.832659</ele>
        <time>2026-08-14T16:37:11.014Z</time>
      </trkpt>
      <trkpt lat="46.843511" lon="11.327391">
        <ele>1990.227559</ele>
        <time>2026-08-14T16:37:13.375Z</time>
      </trkpt>
      <trkpt lat="46.843443" lon="11.326864">
        <ele>1992.588096</ele>
        <time>2026-08-14T16:37:28.666Z</time>
      </trkpt>
      <trkpt lat="46.843391" lon="11.326736">
        <ele>1993.243378</ele>
        <time>2026-08-14T16:37:33.294Z</time>
      </trkpt>
      <trkpt lat="46.843329" lon="11.326615">
        <ele>1993.908835</ele>
        <time>2026-08-14T16:37:38.206Z</time>
      </trkpt>
      <trkpt lat="46.843015" lon="11.326201">
        <ele>1996.629777</ele>
        <time>2026-08-14T16:38:01.163Z</time>
      </trkpt>
      <trkpt lat="46.842942" lon="11.326084">
        <ele>1997.326834</ele>
        <time>2026-08-14T16:38:07.403Z</time>
      </trkpt>
      <trkpt lat="46.842900" lon="11.325958">
        <ele>1997.943788</ele>
        <time>2026-08-14T16:38:12.942Z</time>
      </trkpt>
      <trkpt lat="46.842816" lon="11.325236">
        <ele>2002.169495</ele>
        <time>2026-08-14T16:38:41.993Z</time>
      </trkpt>
      <trkpt lat="46.842776" lon="11.325059">
        <ele>2003.274654</ele>
        <time>2026-08-14T16:38:49.054Z</time>
      </trkpt>
      <trkpt lat="46.842402" lon="11.323790">
        <ele>2011.466788</ele>
        <time>2026-08-14T16:39:40.803Z</time>
      </trkpt>
      <trkpt lat="46.842382" lon="11.323641">
        <ele>2012.367010</ele>
        <time>2026-08-14T16:39:47.686Z</time>
      </trkpt>
      <trkpt lat="46.842374" lon="11.323489">
        <ele>2013.270834</ele>
        <time>2026-08-14T16:39:54.288Z</time>
      </trkpt>
      <trkpt lat="46.842379" lon="11.323210">
        <ele>2015.098561</ele>
        <time>2026-08-14T16:40:07.529Z</time>
      </trkpt>
      <trkpt lat="46.842362" lon="11.323026">
        <ele>2016.379607</ele>
        <time>2026-08-14T16:40:16.283Z</time>
      </trkpt>
      <trkpt lat="46.842293" lon="11.322657">
        <ele>2019.018965</ele>
        <time>2026-08-14T16:40:35.168Z</time>
      </trkpt>
      <trkpt lat="46.842198" lon="11.322161">
        <ele>2022.572783</ele>
        <time>2026-08-14T16:40:59.394Z</time>
      </trkpt>
      <trkpt lat="46.842189" lon="11.322058">
        <ele>2023.289214</ele>
        <time>2026-08-14T16:41:04.300Z</time>
      </trkpt>
      <trkpt lat="46.842198" lon="11.322161">
        <ele>2024.005645</ele>
        <time>2026-08-14T16:41:08.708Z</time>
      </trkpt>
      <trkpt lat="46.842084" lon="11.322074">
        <ele>2025.302802</ele>
        <time>2026-08-14T16:41:18.865Z</time>
      </trkpt>
      <trkpt lat="46.842055" lon="11.321409">
        <ele>2029.900345</ele>
        <time>2026-08-14T16:41:54.478Z</time>
      </trkpt>
      <trkpt lat="46.842135" lon="11.321404">
        <ele>2030.708038</ele>
        <time>2026-08-14T16:41:59.941Z</time>
      </trkpt>
      <trkpt lat="46.842128" lon="11.321259">
        <ele>2031.710967</ele>
        <time>2026-08-14T16:42:05.934Z</time>
      </trkpt>
      <trkpt lat="46.842077" lon="11.321122">
        <ele>2032.947272</ele>
        <time>2026-08-14T16:42:12.653Z</time>
      </trkpt>
      <trkpt lat="46.842003" lon="11.321058">
        <ele>2033.993613</ele>
        <time>2026-08-14T16:42:17.674Z</time>
      </trkpt>
      <trkpt lat="46.841926" lon="11.321071">
        <ele>2034.936908</ele>
        <time>2026-08-14T16:42:22.574Z</time>
      </trkpt>
      <trkpt lat="46.841680" lon="11.321371">
        <ele>2038.835487</ele>
        <time>2026-08-14T16:42:42.876Z</time>
      </trkpt>
      <trkpt lat="46.841447" lon="11.321555">
        <ele>2042.058267</ele>
        <time>2026-08-14T16:43:01.416Z</time>
      </trkpt>
      <trkpt lat="46.841333" lon="11.321683">
        <ele>2043.807566</ele>
        <time>2026-08-14T16:43:12.442Z</time>
      </trkpt>
      <trkpt lat="46.841285" lon="11.321798">
        <ele>2044.929015</ele>
        <time>2026-08-14T16:43:20.220Z</time>
      </trkpt>
      <trkpt lat="46.841168" lon="11.322268">
        <ele>2049.092498</ele>
        <time>2026-08-14T16:43:49.469Z</time>
      </trkpt>
      <trkpt lat="46.841041" lon="11.322479">
        <ele>2051.432117</ele>
        <time>2026-08-14T16:44:05.568Z</time>
      </trkpt>
      <trkpt lat="46.840665" lon="11.322775">
        <ele>2055.490170</ele>
        <time>2026-08-14T16:44:37.718Z</time>
      </trkpt>
      <trkpt lat="46.840500" lon="11.323015">
        <ele>2057.140372</ele>
        <time>2026-08-14T16:44:52.757Z</time>
      </trkpt>
      <trkpt lat="46.840461" lon="11.323123">
        <ele>2057.732639</ele>
        <time>2026-08-14T16:44:57.471Z</time>
      </trkpt>
      <trkpt lat="46.840426" lon="11.323358">
        <ele>2058.899010</ele>
        <time>2026-08-14T16:45:05.728Z</time>
      </trkpt>
      <trkpt lat="46.840433" lon="11.323521">
        <ele>2059.691060</ele>
        <time>2026-08-14T16:45:10.469Z</time>
      </trkpt>
      <trkpt lat="46.840456" lon="11.323697">
        <ele>2060.560036</ele>
        <time>2026-08-14T16:45:14.536Z</time>
      </trkpt>
      <trkpt lat="46.840605" lon="11.324230">
        <ele>2063.352427</ele>
        <time>2026-08-14T16:45:27.523Z</time>
      </trkpt>
      <trkpt lat="46.840694" lon="11.325035">
        <ele>2067.565121</ele>
        <time>2026-08-14T16:45:47.047Z</time>
      </trkpt>
      <trkpt lat="46.840683" lon="11.325141">
        <ele>2068.290074</ele>
        <time>2026-08-14T16:45:50.102Z</time>
      </trkpt>
      <trkpt lat="46.840653" lon="11.325198">
        <ele>2068.776384</ele>
        <time>2026-08-14T16:45:51.883Z</time>
      </trkpt>
      <trkpt lat="46.840608" lon="11.325236">
        <ele>2069.290098</ele>
        <time>2026-08-14T16:45:54.047Z</time>
      </trkpt>
      <trkpt lat="46.840518" lon="11.325198">
        <ele>2070.216134</ele>
        <time>2026-08-14T16:45:58.120Z</time>
      </trkpt>
      <trkpt lat="46.840481" lon="11.325071">
        <ele>2071.149532</ele>
        <time>2026-08-14T16:46:02.798Z</time>
      </trkpt>
      <trkpt lat="46.840511" lon="11.324848">
        <ele>2072.686306</ele>
        <time>2026-08-14T16:46:10.655Z</time>
      </trkpt>
      <trkpt lat="46.840514" lon="11.324820">
        <ele>2072.877946</ele>
        <time>2026-08-14T16:46:11.656Z</time>
      </trkpt>
      <trkpt lat="46.840478" lon="11.324660">
        <ele>2074.016864</ele>
        <time>2026-08-14T16:46:18.025Z</time>
      </trkpt>
      <trkpt lat="46.840435" lon="11.324570">
        <ele>2074.759180</ele>
        <time>2026-08-14T16:46:22.407Z</time>
      </trkpt>
      <trkpt lat="46.840398" lon="11.324535">
        <ele>2075.194825</ele>
        <time>2026-08-14T16:46:25.219Z</time>
      </trkpt>
      <trkpt lat="46.840089" lon="11.324234">
        <ele>2078.865353</ele>
        <time>2026-08-14T16:46:52.718Z</time>
      </trkpt>
      <trkpt lat="46.840029" lon="11.324142">
        <ele>2079.724880</ele>
        <time>2026-08-14T16:46:59.921Z</time>
      </trkpt>
      <trkpt lat="46.839992" lon="11.323983">
        <ele>2080.860532</ele>
        <time>2026-08-14T16:47:10.436Z</time>
      </trkpt>
      <trkpt lat="46.839934" lon="11.322425">
        <ele>2087.702078</ele>
        <time>2026-08-14T16:48:32.299Z</time>
      </trkpt>
      <trkpt lat="46.839876" lon="11.321993">
        <ele>2089.096759</ele>
        <time>2026-08-14T16:48:43.546Z</time>
      </trkpt>
      <trkpt lat="46.839806" lon="11.321793">
        <ele>2089.808479</ele>
        <time>2026-08-14T16:48:47.419Z</time>
      </trkpt>
      <trkpt lat="46.839604" lon="11.321472">
        <ele>2091.190267</ele>
        <time>2026-08-14T16:48:52.241Z</time>
      </trkpt>
      <trkpt lat="46.839504" lon="11.321269">
        <ele>2091.982777</ele>
        <time>2026-08-14T16:48:54.493Z</time>
      </trkpt>
      <trkpt lat="46.839444" lon="11.321017">
        <ele>2092.606597</ele>
        <time>2026-08-14T16:48:56.684Z</time>
      </trkpt>
      <trkpt lat="46.839359" lon="11.320875">
        <ele>2091.182061</ele>
        <time>2026-08-14T16:48:58.147Z</time>
      </trkpt>
      <trkpt lat="46.839364" lon="11.320692">
        <ele>2089.799395</ele>
        <time>2026-08-14T16:48:59.525Z</time>
      </trkpt>
      <trkpt lat="46.839524" lon="11.320592">
        <ele>2087.878930</ele>
        <time>2026-08-14T16:49:01.389Z</time>
      </trkpt>
      <trkpt lat="46.839836" lon="11.319618">
        <ele>2079.759410</ele>
        <time>2026-08-14T16:49:08.824Z</time>
      </trkpt>
      <trkpt lat="46.839882" lon="11.318975">
        <ele>2074.878632</ele>
        <time>2026-08-14T16:49:13.315Z</time>
      </trkpt>
      <trkpt lat="46.839984" lon="11.318316">
        <ele>2069.074425</ele>
        <time>2026-08-14T16:49:18.013Z</time>
      </trkpt>
      <trkpt lat="46.839993" lon="11.318110">
        <ele>2067.166335</ele>
        <time>2026-08-14T16:49:19.453Z</time>
      </trkpt>
      <trkpt lat="46.839870" lon="11.317088">
        <ele>2057.574118</ele>
        <time>2026-08-14T16:49:26.635Z</time>
      </trkpt>
      <trkpt lat="46.839523" lon="11.315680">
        <ele>2044.168953</ele>
        <time>2026-08-14T16:49:36.960Z</time>
      </trkpt>
      <trkpt lat="46.839208" lon="11.314786">
        <ele>2035.692704</ele>
        <time>2026-08-14T16:49:43.912Z</time>
      </trkpt>
      <trkpt lat="46.839116" lon="11.314112">
        <ele>2029.899675</ele>
        <time>2026-08-14T16:49:48.743Z</time>
      </trkpt>
      <trkpt lat="46.839202" lon="11.313693">
        <ele>2026.317556</ele>
        <time>2026-08-14T16:49:51.871Z</time>
      </trkpt>
      <trkpt lat="46.839386" lon="11.313269">
        <ele>2024.014804</ele>
        <time>2026-08-14T16:49:55.539Z</time>
      </trkpt>
      <trkpt lat="46.839689" lon="11.312707">
        <ele>2020.733172</ele>
        <time>2026-08-14T16:50:00.972Z</time>
      </trkpt>
      <trkpt lat="46.839825" lon="11.312544">
        <ele>2019.554143</ele>
        <time>2026-08-14T16:50:02.965Z</time>
      </trkpt>
      <trkpt lat="46.839878" lon="11.312402">
        <ele>2018.812305</ele>
        <time>2026-08-14T16:50:04.234Z</time>
      </trkpt>
      <trkpt lat="46.840004" lon="11.311651">
        <ele>2015.266172</ele>
        <time>2026-08-14T16:50:10.424Z</time>
      </trkpt>
      <trkpt lat="46.840089" lon="11.311447">
        <ele>2014.181230</ele>
        <time>2026-08-14T16:50:12.335Z</time>
      </trkpt>
      <trkpt lat="46.840127" lon="11.311249">
        <ele>2013.284415</ele>
        <time>2026-08-14T16:50:13.976Z</time>
      </trkpt>
      <trkpt lat="46.840186" lon="11.311120">
        <ele>2012.607684</ele>
        <time>2026-08-14T16:50:15.223Z</time>
      </trkpt>
      <trkpt lat="46.840348" lon="11.310886">
        <ele>2011.155775</ele>
        <time>2026-08-14T16:50:17.931Z</time>
      </trkpt>
      <trkpt lat="46.840392" lon="11.310755">
        <ele>2010.519335</ele>
        <time>2026-08-14T16:50:19.130Z</time>
      </trkpt>
      <trkpt lat="46.840446" lon="11.310414">
        <ele>2008.992921</ele>
        <time>2026-08-14T16:50:21.998Z</time>
      </trkpt>
      <trkpt lat="46.840421" lon="11.310146">
        <ele>2007.813369</ele>
        <time>2026-08-14T16:50:24.238Z</time>
      </trkpt>
      <trkpt lat="46.840327" lon="11.309815">
        <ele>2006.250435</ele>
        <time>2026-08-14T16:50:27.138Z</time>
      </trkpt>
      <trkpt lat="46.840288" lon="11.309074">
        <ele>2003.009412</ele>
        <time>2026-08-14T16:50:32.543Z</time>
      </trkpt>
      <trkpt lat="46.840246" lon="11.308789">
        <ele>2000.761595</ele>
        <time>2026-08-14T16:50:34.585Z</time>
      </trkpt>
      <trkpt lat="46.840113" lon="11.308492">
        <ele>1997.931953</ele>
        <time>2026-08-14T16:50:37.078Z</time>
      </trkpt>
      <trkpt lat="46.839895" lon="11.308229">
        <ele>1994.638234</ele>
        <time>2026-08-14T16:50:39.944Z</time>
      </trkpt>
      <trkpt lat="46.839621" lon="11.307926">
        <ele>1990.634654</ele>
        <time>2026-08-14T16:50:43.419Z</time>
      </trkpt>
      <trkpt lat="46.839538" lon="11.307748">
        <ele>1988.917465</ele>
        <time>2026-08-14T16:50:44.908Z</time>
      </trkpt>
      <trkpt lat="46.839450" lon="11.307170">
        <ele>1984.197322</ele>
        <time>2026-08-14T16:50:48.995Z</time>
      </trkpt>
      <trkpt lat="46.839281" lon="11.306625">
        <ele>1980.408246</ele>
        <time>2026-08-14T16:50:53.269Z</time>
      </trkpt>
      <trkpt lat="46.839211" lon="11.306321">
        <ele>1978.842528</ele>
        <time>2026-08-14T16:50:55.807Z</time>
      </trkpt>
      <trkpt lat="46.839184" lon="11.306059">
        <ele>1977.549206</ele>
        <time>2026-08-14T16:50:58.083Z</time>
      </trkpt>
      <trkpt lat="46.839190" lon="11.305555">
        <ele>1975.088677</ele>
        <time>2026-08-14T16:51:02.533Z</time>
      </trkpt>
      <trkpt lat="46.839063" lon="11.304331">
        <ele>1969.022669</ele>
        <time>2026-08-14T16:51:12.034Z</time>
      </trkpt>
      <trkpt lat="46.838988" lon="11.304090">
        <ele>1967.344850</ele>
        <time>2026-08-14T16:51:13.897Z</time>
      </trkpt>
      <trkpt lat="46.838675" lon="11.303455">
        <ele>1962.385020</ele>
        <time>2026-08-14T16:51:19.368Z</time>
      </trkpt>
      <trkpt lat="46.838599" lon="11.303164">
        <ele>1960.411127</ele>
        <time>2026-08-14T16:51:21.564Z</time>
      </trkpt>
      <trkpt lat="46.838516" lon="11.302886">
        <ele>1958.488958</ele>
        <time>2026-08-14T16:51:23.687Z</time>
      </trkpt>
      <trkpt lat="46.838392" lon="11.302597">
        <ele>1956.327117</ele>
        <time>2026-08-14T16:51:26.117Z</time>
      </trkpt>
      <trkpt lat="46.838349" lon="11.302389">
        <ele>1954.950141</ele>
        <time>2026-08-14T16:51:27.702Z</time>
      </trkpt>
      <trkpt lat="46.838349" lon="11.302028">
        <ele>1952.662478</ele>
        <time>2026-08-14T16:51:30.412Z</time>
      </trkpt>
      <trkpt lat="46.838490" lon="11.301461">
        <ele>1952.134116</ele>
        <time>2026-08-14T16:51:35.539Z</time>
      </trkpt>
      <trkpt lat="46.838463" lon="11.300921">
        <ele>1951.824923</ele>
        <time>2026-08-14T16:51:44.658Z</time>
      </trkpt>
      <trkpt lat="46.838401" lon="11.300519">
        <ele>1951.589597</ele>
        <time>2026-08-14T16:51:52.855Z</time>
      </trkpt>
      <trkpt lat="46.838169" lon="11.299514">
        <ele>1950.983886</ele>
        <time>2026-08-14T16:52:08.727Z</time>
      </trkpt>
      <trkpt lat="46.838159" lon="11.299326">
        <ele>1950.516871</ele>
        <time>2026-08-14T16:52:10.567Z</time>
      </trkpt>
      <trkpt lat="46.838202" lon="11.298607">
        <ele>1948.314058</ele>
        <time>2026-08-14T16:52:17.100Z</time>
      </trkpt>
      <trkpt lat="46.838161" lon="11.298524">
        <ele>1948.001591</ele>
        <time>2026-08-14T16:52:17.996Z</time>
      </trkpt>
      <trkpt lat="46.838059" lon="11.298524">
        <ele>1947.546498</ele>
        <time>2026-08-14T16:52:19.225Z</time>
      </trkpt>
      <trkpt lat="46.838031" lon="11.298621">
        <ele>1947.225166</ele>
        <time>2026-08-14T16:52:20.094Z</time>
      </trkpt>
      <trkpt lat="46.838084" lon="11.298955">
        <ele>1946.178703</ele>
        <time>2026-08-14T16:52:22.870Z</time>
      </trkpt>
      <trkpt lat="46.838055" lon="11.299368">
        <ele>1944.911569</ele>
        <time>2026-08-14T16:52:26.128Z</time>
      </trkpt>
      <trkpt lat="46.838099" lon="11.299840">
        <ele>1943.457672</ele>
        <time>2026-08-14T16:52:29.702Z</time>
      </trkpt>
      <trkpt lat="46.838071" lon="11.301131">
        <ele>1934.673300</ele>
        <time>2026-08-14T16:52:39.093Z</time>
      </trkpt>
      <trkpt lat="46.838068" lon="11.301472">
        <ele>1932.158119</ele>
        <time>2026-08-14T16:52:41.525Z</time>
      </trkpt>
      <trkpt lat="46.837894" lon="11.302063">
        <ele>1927.412750</ele>
        <time>2026-08-14T16:52:46.051Z</time>
      </trkpt>
      <trkpt lat="46.837874" lon="11.302280">
        <ele>1925.797846</ele>
        <time>2026-08-14T16:52:47.574Z</time>
      </trkpt>
      <trkpt lat="46.838069" lon="11.303161">
        <ele>1918.329482</ele>
        <time>2026-08-14T16:52:53.940Z</time>
      </trkpt>
      <trkpt lat="46.838124" lon="11.303716">
        <ele>1913.615497</ele>
        <time>2026-08-14T16:52:57.799Z</time>
      </trkpt>
      <trkpt lat="46.838151" lon="11.304570">
        <ele>1906.429186</ele>
        <time>2026-08-14T16:53:03.765Z</time>
      </trkpt>
      <trkpt lat="46.838191" lon="11.304855">
        <ele>1903.983598</ele>
        <time>2026-08-14T16:53:05.824Z</time>
      </trkpt>
      <trkpt lat="46.838424" lon="11.305891">
        <ele>1897.580261</ele>
        <time>2026-08-14T16:53:13.829Z</time>
      </trkpt>
      <trkpt lat="46.838492" lon="11.306940">
        <ele>1892.419112</ele>
        <time>2026-08-14T16:53:21.962Z</time>
      </trkpt>
      <trkpt lat="46.838423" lon="11.307766">
        <ele>1888.413710</ele>
        <time>2026-08-14T16:53:28.391Z</time>
      </trkpt>
      <trkpt lat="46.838396" lon="11.308159">
        <ele>1887.106753</ele>
        <time>2026-08-14T16:53:33.445Z</time>
      </trkpt>
      <trkpt lat="46.838381" lon="11.308433">
        <ele>1886.197203</ele>
        <time>2026-08-14T16:53:35.547Z</time>
      </trkpt>
      <trkpt lat="46.838440" lon="11.309126">
        <ele>1883.886412</ele>
        <time>2026-08-14T16:53:40.940Z</time>
      </trkpt>
      <trkpt lat="46.838407" lon="11.309819">
        <ele>1881.587764</ele>
        <time>2026-08-14T16:53:46.575Z</time>
      </trkpt>
      <trkpt lat="46.838370" lon="11.310479">
        <ele>1879.435196</ele>
        <time>2026-08-14T16:53:52.557Z</time>
      </trkpt>
      <trkpt lat="46.838347" lon="11.310595">
        <ele>1879.068888</ele>
        <time>2026-08-14T16:53:53.714Z</time>
      </trkpt>
      <trkpt lat="46.838265" lon="11.310791">
        <ele>1878.372056</ele>
        <time>2026-08-14T16:53:55.945Z</time>
      </trkpt>
      <trkpt lat="46.838107" lon="11.311027">
        <ele>1877.370503</ele>
        <time>2026-08-14T16:53:59.233Z</time>
      </trkpt>
      <trkpt lat="46.837674" lon="11.311399">
        <ele>1875.143667</ele>
        <time>2026-08-14T16:54:05.572Z</time>
      </trkpt>
      <trkpt lat="46.837555" lon="11.311549">
        <ele>1874.446982</ele>
        <time>2026-08-14T16:54:07.391Z</time>
      </trkpt>
      <trkpt lat="46.837270" lon="11.311782">
        <ele>1872.999158</ele>
        <time>2026-08-14T16:54:11.078Z</time>
      </trkpt>
      <trkpt lat="46.837109" lon="11.311863">
        <ele>1872.244221</ele>
        <time>2026-08-14T16:54:12.964Z</time>
      </trkpt>
      <trkpt lat="46.836957" lon="11.311879">
        <ele>1871.162875</ele>
        <time>2026-08-14T16:54:14.623Z</time>
      </trkpt>
      <trkpt lat="46.836804" lon="11.311831">
        <ele>1869.580309</ele>
        <time>2026-08-14T16:54:16.309Z</time>
      </trkpt>
      <trkpt lat="46.836765" lon="11.311815">
        <ele>1869.170653</ele>
        <time>2026-08-14T16:54:16.733Z</time>
      </trkpt>
      <trkpt lat="46.836632" lon="11.311803">
        <ele>1867.823026</ele>
        <time>2026-08-14T16:54:18.149Z</time>
      </trkpt>
      <trkpt lat="46.836492" lon="11.311906">
        <ele>1866.237958</ele>
        <time>2026-08-14T16:54:19.792Z</time>
      </trkpt>
      <trkpt lat="46.836234" lon="11.312352">
        <ele>1862.197057</ele>
        <time>2026-08-14T16:54:23.923Z</time>
      </trkpt>
      <trkpt lat="46.835888" lon="11.312720">
        <ele>1857.869665</ele>
        <time>2026-08-14T16:54:28.327Z</time>
      </trkpt>
      <trkpt lat="46.835744" lon="11.313171">
        <ele>1854.426335</ele>
        <time>2026-08-14T16:54:31.887Z</time>
      </trkpt>
      <trkpt lat="46.835623" lon="11.313332">
        <ele>1852.644895</ele>
        <time>2026-08-14T16:54:33.593Z</time>
      </trkpt>
      <trkpt lat="46.835163" lon="11.313533">
        <ele>1847.123176</ele>
        <time>2026-08-14T16:54:38.568Z</time>
      </trkpt>
      <trkpt lat="46.834996" lon="11.313577">
        <ele>1845.171576</ele>
        <time>2026-08-14T16:54:40.314Z</time>
      </trkpt>
      <trkpt lat="46.834815" lon="11.313591">
        <ele>1843.087000</ele>
        <time>2026-08-14T16:54:42.170Z</time>
      </trkpt>
      <trkpt lat="46.834350" lon="11.313542">
        <ele>1837.725201</ele>
        <time>2026-08-14T16:54:46.966Z</time>
      </trkpt>
      <trkpt lat="46.833650" lon="11.313613">
        <ele>1830.161918</ele>
        <time>2026-08-14T16:54:54.166Z</time>
      </trkpt>
      <trkpt lat="46.833466" lon="11.313685">
        <ele>1828.302217</ele>
        <time>2026-08-14T16:54:56.129Z</time>
      </trkpt>
      <trkpt lat="46.833322" lon="11.313837">
        <ele>1826.568052</ele>
        <time>2026-08-14T16:54:57.968Z</time>
      </trkpt>
      <trkpt lat="46.833085" lon="11.313977">
        <ele>1824.072345</ele>
        <time>2026-08-14T16:55:00.621Z</time>
      </trkpt>
      <trkpt lat="46.832842" lon="11.314183">
        <ele>1821.329741</ele>
        <time>2026-08-14T16:55:03.589Z</time>
      </trkpt>
      <trkpt lat="46.832197" lon="11.314837">
        <ele>1814.150062</ele>
        <time>2026-08-14T16:55:12.167Z</time>
      </trkpt>
      <trkpt lat="46.832101" lon="11.315013">
        <ele>1813.055129</ele>
        <time>2026-08-14T16:55:13.855Z</time>
      </trkpt>
      <trkpt lat="46.832042" lon="11.315181">
        <ele>1812.136529</ele>
        <time>2026-08-14T16:55:15.284Z</time>
      </trkpt>
      <trkpt lat="46.831905" lon="11.315807">
        <ele>1808.939410</ele>
        <time>2026-08-14T16:55:20.242Z</time>
      </trkpt>
      <trkpt lat="46.831787" lon="11.315864">
        <ele>1808.055775</ele>
        <time>2026-08-14T16:55:21.612Z</time>
      </trkpt>
      <trkpt lat="46.831757" lon="11.315815">
        <ele>1807.735910</ele>
        <time>2026-08-14T16:55:22.093Z</time>
      </trkpt>
      <trkpt lat="46.831750" lon="11.315697">
        <ele>1807.159756</ele>
        <time>2026-08-14T16:55:23.005Z</time>
      </trkpt>
      <trkpt lat="46.831823" lon="11.315485">
        <ele>1806.005244</ele>
        <time>2026-08-14T16:55:24.807Z</time>
      </trkpt>
      <trkpt lat="46.831968" lon="11.314827">
        <ele>1802.656491</ele>
        <time>2026-08-14T16:55:29.987Z</time>
      </trkpt>
      <trkpt lat="46.832123" lon="11.314491">
        <ele>1802.301011</ele>
        <time>2026-08-14T16:55:32.999Z</time>
      </trkpt>
      <trkpt lat="46.832458" lon="11.313929">
        <ele>1801.647157</ele>
        <time>2026-08-14T16:55:39.179Z</time>
      </trkpt>
      <trkpt lat="46.832719" lon="11.313635">
        <ele>1801.224666</ele>
        <time>2026-08-14T16:55:43.948Z</time>
      </trkpt>
      <trkpt lat="46.832458" lon="11.313929">
        <ele>1800.802176</ele>
        <time>2026-08-14T16:55:51.466Z</time>
      </trkpt>
      <trkpt lat="46.832123" lon="11.314491">
        <ele>1801.404695</ele>
        <time>2026-08-14T16:56:09.363Z</time>
      </trkpt>
      <trkpt lat="46.831968" lon="11.314827">
        <ele>1803.227247</ele>
        <time>2026-08-14T16:56:24.026Z</time>
      </trkpt>
      <trkpt lat="46.831823" lon="11.315485">
        <ele>1806.336250</ele>
        <time>2026-08-14T16:56:47.797Z</time>
      </trkpt>
      <trkpt lat="46.831750" lon="11.315697">
        <ele>1807.403654</ele>
        <time>2026-08-14T16:56:55.625Z</time>
      </trkpt>
      <trkpt lat="46.831757" lon="11.315815">
        <ele>1807.936338</ele>
        <time>2026-08-14T16:56:59.393Z</time>
      </trkpt>
      <trkpt lat="46.831787" lon="11.315864">
        <ele>1808.232069</ele>
        <time>2026-08-14T16:57:01.948Z</time>
      </trkpt>
      <trkpt lat="46.831905" lon="11.315807">
        <ele>1809.049034</ele>
        <time>2026-08-14T16:57:07.998Z</time>
      </trkpt>
      <trkpt lat="46.832042" lon="11.315181">
        <ele>1812.004930</ele>
        <time>2026-08-14T16:57:30.104Z</time>
      </trkpt>
      <trkpt lat="46.832101" lon="11.315013">
        <ele>1813.084784</ele>
        <time>2026-08-14T16:57:36.487Z</time>
      </trkpt>
      <trkpt lat="46.832197" lon="11.314837">
        <ele>1814.441868</ele>
        <time>2026-08-14T16:57:44.252Z</time>
      </trkpt>
      <trkpt lat="46.832842" lon="11.314183">
        <ele>1821.359668</ele>
        <time>2026-08-14T16:58:24.266Z</time>
      </trkpt>
      <trkpt lat="46.833085" lon="11.313977">
        <ele>1823.835206</ele>
        <time>2026-08-14T16:58:41.158Z</time>
      </trkpt>
      <trkpt lat="46.833322" lon="11.313837">
        <ele>1826.087889</ele>
        <time>2026-08-14T16:58:58.100Z</time>
      </trkpt>
      <trkpt lat="46.833466" lon="11.313685">
        <ele>1827.653187</ele>
        <time>2026-08-14T16:59:10.190Z</time>
      </trkpt>
      <trkpt lat="46.833650" lon="11.313613">
        <ele>1829.735647</ele>
        <time>2026-08-14T16:59:23.393Z</time>
      </trkpt>
      <trkpt lat="46.834350" lon="11.313542">
        <ele>1837.834523</ele>
        <time>2026-08-14T17:00:13.124Z</time>
      </trkpt>
      <trkpt lat="46.834815" lon="11.313591">
        <ele>1843.215512</ele>
        <time>2026-08-14T17:00:46.223Z</time>
      </trkpt>
      <trkpt lat="46.834996" lon="11.313577">
        <ele>1845.307550</ele>
        <time>2026-08-14T17:00:59.124Z</time>
      </trkpt>
      <trkpt lat="46.835163" lon="11.313533">
        <ele>1847.266135</ele>
        <time>2026-08-14T17:01:11.055Z</time>
      </trkpt>
      <trkpt lat="46.835623" lon="11.313332">
        <ele>1852.520653</ele>
        <time>2026-08-14T17:01:43.347Z</time>
      </trkpt>
      <trkpt lat="46.835744" lon="11.313171">
        <ele>1854.274348</ele>
        <time>2026-08-14T17:01:53.934Z</time>
      </trkpt>
      <trkpt lat="46.835888" lon="11.312720">
        <ele>1857.923595</ele>
        <time>2026-08-14T17:02:15.459Z</time>
      </trkpt>
      <trkpt lat="46.836234" lon="11.312352">
        <ele>1862.509772</ele>
        <time>2026-08-14T17:02:45.171Z</time>
      </trkpt>
      <trkpt lat="46.836492" lon="11.311906">
        <ele>1866.792325</ele>
        <time>2026-08-14T17:03:12.407Z</time>
      </trkpt>
      <trkpt lat="46.836632" lon="11.311803">
        <ele>1868.287931</ele>
        <time>2026-08-14T17:03:22.138Z</time>
      </trkpt>
      <trkpt lat="46.836765" lon="11.311815">
        <ele>1869.068336</ele>
        <time>2026-08-14T17:03:29.954Z</time>
      </trkpt>
      <trkpt lat="46.836804" lon="11.311831">
        <ele>1869.305566</ele>
        <time>2026-08-14T17:03:32.290Z</time>
      </trkpt>
      <trkpt lat="46.836957" lon="11.311879">
        <ele>1870.222022</ele>
        <time>2026-08-14T17:03:40.880Z</time>
      </trkpt>
      <trkpt lat="46.837109" lon="11.311863">
        <ele>1871.114524</ele>
        <time>2026-08-14T17:03:48.762Z</time>
      </trkpt>
      <trkpt lat="46.837270" lon="11.311782">
        <ele>1872.111710</ele>
        <time>2026-08-14T17:03:57.073Z</time>
      </trkpt>
      <trkpt lat="46.837555" lon="11.311549">
        <ele>1874.024122</ele>
        <time>2026-08-14T17:04:11.575Z</time>
      </trkpt>
      <trkpt lat="46.837674" lon="11.311399">
        <ele>1874.944363</ele>
        <time>2026-08-14T17:04:18.015Z</time>
      </trkpt>
      <trkpt lat="46.838107" lon="11.311027">
        <ele>1877.885761</ele>
        <time>2026-08-14T17:04:33.734Z</time>
      </trkpt>
      <trkpt lat="46.838265" lon="11.310791">
        <ele>1879.020147</ele>
        <time>2026-08-14T17:04:38.862Z</time>
      </trkpt>
      <trkpt lat="46.838347" lon="11.310595">
        <ele>1879.655547</ele>
        <time>2026-08-14T17:04:42.569Z</time>
      </trkpt>
      <trkpt lat="46.838370" lon="11.310479">
        <ele>1879.989561</ele>
        <time>2026-08-14T17:04:44.618Z</time>
      </trkpt>
      <trkpt lat="46.838407" lon="11.309819">
        <ele>1881.820977</ele>
        <time>2026-08-14T17:04:57.264Z</time>
      </trkpt>
      <trkpt lat="46.838440" lon="11.309126">
        <ele>1883.742176</ele>
        <time>2026-08-14T17:05:15.146Z</time>
      </trkpt>
      <trkpt lat="46.838381" lon="11.308433">
        <ele>1885.673523</ele>
        <time>2026-08-14T17:05:36.464Z</time>
      </trkpt>
      <trkpt lat="46.838396" lon="11.308159">
        <ele>1886.388175</ele>
        <time>2026-08-14T17:05:45.179Z</time>
      </trkpt>
      <trkpt lat="46.838423" lon="11.307766">
        <ele>1887.392013</ele>
        <time>2026-08-14T17:06:00.077Z</time>
      </trkpt>
      <trkpt lat="46.838492" lon="11.306940">
        <ele>1889.506894</ele>
        <time>2026-08-14T17:06:24.230Z</time>
      </trkpt>
      <trkpt lat="46.838424" lon="11.305891">
        <ele>1892.184880</ele>
        <time>2026-08-14T17:06:45.978Z</time>
      </trkpt>
      <trkpt lat="46.838404" lon="11.305800">
        <ele>1892.427801</ele>
        <time>2026-08-14T17:06:47.319Z</time>
      </trkpt>
      <trkpt lat="46.838424" lon="11.305891">
        <ele>1892.430898</ele>
        <time>2026-08-14T17:06:48.329Z</time>
      </trkpt>
      <trkpt lat="46.838492" lon="11.306940">
        <ele>1889.597590</ele>
        <time>2026-08-14T17:06:57.550Z</time>
      </trkpt>
      <trkpt lat="46.838423" lon="11.307766">
        <ele>1887.360047</ele>
        <time>2026-08-14T17:07:04.064Z</time>
      </trkpt>
      <trkpt lat="46.838396" lon="11.308159">
        <ele>1886.297986</ele>
        <time>2026-08-14T17:07:09.118Z</time>
      </trkpt>
      <trkpt lat="46.838381" lon="11.308433">
        <ele>1885.558867</ele>
        <time>2026-08-14T17:07:11.219Z</time>
      </trkpt>
      <trkpt lat="46.838440" lon="11.309126">
        <ele>1883.676899</ele>
        <time>2026-08-14T17:07:16.612Z</time>
      </trkpt>
      <trkpt lat="46.838407" lon="11.309819">
        <ele>1881.804647</ele>
        <time>2026-08-14T17:07:22.248Z</time>
      </trkpt>
      <trkpt lat="46.838370" lon="11.310479">
        <ele>1880.019891</ele>
        <time>2026-08-14T17:07:28.229Z</time>
      </trkpt>
      <trkpt lat="46.838347" lon="11.310595">
        <ele>1879.694386</ele>
        <time>2026-08-14T17:07:29.386Z</time>
      </trkpt>
      <trkpt lat="46.838265" lon="11.310791">
        <ele>1879.075175</ele>
        <time>2026-08-14T17:07:31.617Z</time>
      </trkpt>
      <trkpt lat="46.838107" lon="11.311027">
        <ele>1878.068452</ele>
        <time>2026-08-14T17:07:34.906Z</time>
      </trkpt>
      <trkpt lat="46.837674" lon="11.311399">
        <ele>1875.001751</ele>
        <time>2026-08-14T17:07:41.245Z</time>
      </trkpt>
      <trkpt lat="46.837555" lon="11.311549">
        <ele>1874.042307</ele>
        <time>2026-08-14T17:07:43.064Z</time>
      </trkpt>
      <trkpt lat="46.837270" lon="11.311782">
        <ele>1872.048426</ele>
        <time>2026-08-14T17:07:46.751Z</time>
      </trkpt>
      <trkpt lat="46.837109" lon="11.311863">
        <ele>1871.008760</ele>
        <time>2026-08-14T17:07:48.636Z</time>
      </trkpt>
      <trkpt lat="46.836957" lon="11.311879">
        <ele>1870.078238</ele>
        <time>2026-08-14T17:07:50.296Z</time>
      </trkpt>
      <trkpt lat="46.836804" lon="11.311831">
        <ele>1869.122740</ele>
        <time>2026-08-14T17:07:51.982Z</time>
      </trkpt>
      <trkpt lat="46.836765" lon="11.311815">
        <ele>1868.875404</ele>
        <time>2026-08-14T17:07:52.405Z</time>
      </trkpt>
      <trkpt lat="46.836632" lon="11.311803">
        <ele>1868.061754</ele>
        <time>2026-08-14T17:07:53.822Z</time>
      </trkpt>
      <trkpt lat="46.836492" lon="11.311906">
        <ele>1866.867318</ele>
        <time>2026-08-14T17:07:55.464Z</time>
      </trkpt>
      <trkpt lat="46.836234" lon="11.312352">
        <ele>1862.559923</ele>
        <time>2026-08-14T17:07:59.595Z</time>
      </trkpt>
      <trkpt lat="46.835888" lon="11.312720">
        <ele>1857.947144</ele>
        <time>2026-08-14T17:08:03.999Z</time>
      </trkpt>
      <trkpt lat="46.835744" lon="11.313171">
        <ele>1854.276729</ele>
        <time>2026-08-14T17:08:07.559Z</time>
      </trkpt>
      <trkpt lat="46.835623" lon="11.313332">
        <ele>1852.512861</ele>
        <time>2026-08-14T17:08:09.265Z</time>
      </trkpt>
      <trkpt lat="46.835163" lon="11.313533">
        <ele>1847.289530</ele>
        <time>2026-08-14T17:08:14.240Z</time>
      </trkpt>
      <trkpt lat="46.834996" lon="11.313577">
        <ele>1845.333628</ele>
        <time>2026-08-14T17:08:15.986Z</time>
      </trkpt>
      <trkpt lat="46.834815" lon="11.313591">
        <ele>1843.244457</ele>
        <time>2026-08-14T17:08:17.843Z</time>
      </trkpt>
      <trkpt lat="46.834350" lon="11.313542">
        <ele>1837.870838</ele>
        <time>2026-08-14T17:08:22.638Z</time>
      </trkpt>
      <trkpt lat="46.833650" lon="11.313613">
        <ele>1829.783058</ele>
        <time>2026-08-14T17:08:29.838Z</time>
      </trkpt>
      <trkpt lat="46.833466" lon="11.313685">
        <ele>1827.587549</ele>
        <time>2026-08-14T17:08:31.802Z</time>
      </trkpt>
      <trkpt lat="46.833322" lon="11.313837">
        <ele>1825.973234</ele>
        <time>2026-08-14T17:08:33.641Z</time>
      </trkpt>
      <trkpt lat="46.833085" lon="11.313977">
        <ele>1823.754538</ele>
        <time>2026-08-14T17:08:36.293Z</time>
      </trkpt>
      <trkpt lat="46.832842" lon="11.314183">
        <ele>1821.316348</ele>
        <time>2026-08-14T17:08:39.262Z</time>
      </trkpt>
      <trkpt lat="46.832197" lon="11.314837">
        <ele>1814.502918</ele>
        <time>2026-08-14T17:08:47.839Z</time>
      </trkpt>
      <trkpt lat="46.832101" lon="11.315013">
        <ele>1813.166309</ele>
        <time>2026-08-14T17:08:49.527Z</time>
      </trkpt>
      <trkpt lat="46.832042" lon="11.315181">
        <ele>1812.044953</ele>
        <time>2026-08-14T17:08:50.956Z</time>
      </trkpt>
      <trkpt lat="46.831905" lon="11.315807">
        <ele>1808.715072</ele>
        <time>2026-08-14T17:08:55.914Z</time>
      </trkpt>
      <trkpt lat="46.831787" lon="11.315864">
        <ele>1807.810982</ele>
        <time>2026-08-14T17:08:57.285Z</time>
      </trkpt>
      <trkpt lat="46.831757" lon="11.315815">
        <ele>1807.483713</ele>
        <time>2026-08-14T17:08:57.766Z</time>
      </trkpt>
      <trkpt lat="46.831750" lon="11.315697">
        <ele>1806.894222</ele>
        <time>2026-08-14T17:08:58.677Z</time>
      </trkpt>
      <trkpt lat="46.831823" lon="11.315485">
        <ele>1805.712987</ele>
        <time>2026-08-14T17:09:00.480Z</time>
      </trkpt>
      <trkpt lat="46.831968" lon="11.314827">
        <ele>1802.272428</ele>
        <time>2026-08-14T17:09:05.659Z</time>
      </trkpt>
      <trkpt lat="46.832123" lon="11.314491">
        <ele>1800.255513</ele>
        <time>2026-08-14T17:09:08.628Z</time>
      </trkpt>
      <trkpt lat="46.832458" lon="11.313929">
        <ele>1796.835475</ele>
        <time>2026-08-14T17:09:14.268Z</time>
      </trkpt>
      <trkpt lat="46.832811" lon="11.313530">
        <ele>1794.047798</ele>
        <time>2026-08-14T17:09:19.292Z</time>
      </trkpt>
      <trkpt lat="46.832983" lon="11.313000">
        <ele>1791.540708</ele>
        <time>2026-08-14T17:09:23.941Z</time>
      </trkpt>
      <trkpt lat="46.833096" lon="11.312830">
        <ele>1790.527681</ele>
        <time>2026-08-14T17:09:25.839Z</time>
      </trkpt>
      <trkpt lat="46.833228" lon="11.312717">
        <ele>1789.572042</ele>
        <time>2026-08-14T17:09:27.629Z</time>
      </trkpt>
      <trkpt lat="46.833711" lon="11.312583">
        <ele>1785.973863</ele>
        <time>2026-08-14T17:09:33.192Z</time>
      </trkpt>
      <trkpt lat="46.833804" lon="11.312496">
        <ele>1784.861399</ele>
        <time>2026-08-14T17:09:34.410Z</time>
      </trkpt>
      <trkpt lat="46.833877" lon="11.312329">
        <ele>1783.495404</ele>
        <time>2026-08-14T17:09:35.876Z</time>
      </trkpt>
      <trkpt lat="46.833940" lon="11.311854">
        <ele>1780.160418</ele>
        <time>2026-08-14T17:09:39.390Z</time>
      </trkpt>
      <trkpt lat="46.833940" lon="11.311459">
        <ele>1777.437810</ele>
        <time>2026-08-14T17:09:42.195Z</time>
      </trkpt>
      <trkpt lat="46.833705" lon="11.310022">
        <ele>1767.168758</ele>
        <time>2026-08-14T17:09:52.537Z</time>
      </trkpt>
      <trkpt lat="46.833676" lon="11.309432">
        <ele>1762.916582</ele>
        <time>2026-08-14T17:09:56.683Z</time>
      </trkpt>
      <trkpt lat="46.833709" lon="11.308946">
        <ele>1759.405782</ele>
        <time>2026-08-14T17:10:00.110Z</time>
      </trkpt>
      <trkpt lat="46.833874" lon="11.308488">
        <ele>1755.684821</ele>
        <time>2026-08-14T17:10:03.749Z</time>
      </trkpt>
      <trkpt lat="46.833893" lon="11.308236">
        <ele>1753.862345</ele>
        <time>2026-08-14T17:10:05.542Z</time>
      </trkpt>
      <trkpt lat="46.833875" lon="11.308057">
        <ele>1752.561773</ele>
        <time>2026-08-14T17:10:06.888Z</time>
      </trkpt>
      <trkpt lat="46.833638" lon="11.307559">
        <ele>1749.059424</ele>
        <time>2026-08-14T17:10:11.681Z</time>
      </trkpt>
      <trkpt lat="46.833573" lon="11.307238">
        <ele>1747.619208</ele>
        <time>2026-08-14T17:10:14.314Z</time>
      </trkpt>
      <trkpt lat="46.833621" lon="11.306997">
        <ele>1746.539342</ele>
        <time>2026-08-14T17:10:16.345Z</time>
      </trkpt>
      <trkpt lat="46.833658" lon="11.306915">
        <ele>1746.116743</ele>
        <time>2026-08-14T17:10:17.126Z</time>
      </trkpt>
      <trkpt lat="46.833709" lon="11.306880">
        <ele>1745.762436</ele>
        <time>2026-08-14T17:10:17.773Z</time>
      </trkpt>
      <trkpt lat="46.833965" lon="11.306853">
        <ele>1744.148369</ele>
        <time>2026-08-14T17:10:20.736Z</time>
      </trkpt>
      <trkpt lat="46.834043" lon="11.306728">
        <ele>1743.420500</ele>
        <time>2026-08-14T17:10:22.938Z</time>
      </trkpt>
      <trkpt lat="46.834278" lon="11.306084">
        <ele>1740.280444</ele>
        <time>2026-08-14T17:10:32.501Z</time>
      </trkpt>
      <trkpt lat="46.834347" lon="11.306117">
        <ele>1739.823896</ele>
        <time>2026-08-14T17:10:33.911Z</time>
      </trkpt>
      <trkpt lat="46.834368" lon="11.305930">
        <ele>1738.993502</ele>
        <time>2026-08-14T17:10:35.396Z</time>
      </trkpt>
      <trkpt lat="46.834363" lon="11.305645">
        <ele>1736.814506</ele>
        <time>2026-08-14T17:10:37.569Z</time>
      </trkpt>
      <trkpt lat="46.834330" lon="11.305265">
        <ele>1733.886824</ele>
        <time>2026-08-14T17:10:40.273Z</time>
      </trkpt>
      <trkpt lat="46.834233" lon="11.304625">
        <ele>1728.876631</ele>
        <time>2026-08-14T17:10:44.826Z</time>
      </trkpt>
      <trkpt lat="46.834070" lon="11.304106">
        <ele>1724.511806</ele>
        <time>2026-08-14T17:10:48.759Z</time>
      </trkpt>
      <trkpt lat="46.833673" lon="11.303091">
        <ele>1716.557134</ele>
        <time>2026-08-14T17:10:56.990Z</time>
      </trkpt>
      <trkpt lat="46.833609" lon="11.302628">
        <ele>1714.002283</ele>
        <time>2026-08-14T17:11:00.455Z</time>
      </trkpt>
      <trkpt lat="46.833566" lon="11.302561">
        <ele>1713.505395</ele>
        <time>2026-08-14T17:11:01.139Z</time>
      </trkpt>
      <trkpt lat="46.833510" lon="11.302537">
        <ele>1713.044014</ele>
        <time>2026-08-14T17:11:01.778Z</time>
      </trkpt>
      <trkpt lat="46.833412" lon="11.302583">
        <ele>1712.230246</ele>
        <time>2026-08-14T17:11:02.914Z</time>
      </trkpt>
      <trkpt lat="46.833378" lon="11.302650">
        <ele>1711.779045</ele>
        <time>2026-08-14T17:11:03.538Z</time>
      </trkpt>
      <trkpt lat="46.833355" lon="11.302799">
        <ele>1710.952879</ele>
        <time>2026-08-14T17:11:04.692Z</time>
      </trkpt>
      <trkpt lat="46.833379" lon="11.302962">
        <ele>1710.051064</ele>
        <time>2026-08-14T17:11:05.963Z</time>
      </trkpt>
      <trkpt lat="46.833516" lon="11.303182">
        <ele>1708.441991</ele>
        <time>2026-08-14T17:11:08.249Z</time>
      </trkpt>
      <trkpt lat="46.833584" lon="11.303419">
        <ele>1707.051945</ele>
        <time>2026-08-14T17:11:10.264Z</time>
      </trkpt>
      <trkpt lat="46.833600" lon="11.303695">
        <ele>1705.553784</ele>
        <time>2026-08-14T17:11:12.467Z</time>
      </trkpt>
      <trkpt lat="46.833704" lon="11.304217">
        <ele>1702.264680</ele>
        <time>2026-08-14T17:11:16.773Z</time>
      </trkpt>
      <trkpt lat="46.833709" lon="11.304333">
        <ele>1701.531695</ele>
        <time>2026-08-14T17:11:17.676Z</time>
      </trkpt>
      <trkpt lat="46.833683" lon="11.304444">
        <ele>1700.791798</ele>
        <time>2026-08-14T17:11:18.571Z</time>
      </trkpt>
      <trkpt lat="46.833661" lon="11.304518">
        <ele>1700.282968</ele>
        <time>2026-08-14T17:11:19.181Z</time>
      </trkpt>
      <trkpt lat="46.833523" lon="11.304702">
        <ele>1698.561133</ele>
        <time>2026-08-14T17:11:21.217Z</time>
      </trkpt>
      <trkpt lat="46.833465" lon="11.304856">
        <ele>1697.452510</ele>
        <time>2026-08-14T17:11:22.502Z</time>
      </trkpt>
      <trkpt lat="46.833380" lon="11.305389">
        <ele>1694.001099</ele>
        <time>2026-08-14T17:11:26.403Z</time>
      </trkpt>
      <trkpt lat="46.833328" lon="11.305537">
        <ele>1692.951860</ele>
        <time>2026-08-14T17:11:27.574Z</time>
      </trkpt>
      <trkpt lat="46.833203" lon="11.305607">
        <ele>1691.717919</ele>
        <time>2026-08-14T17:11:28.946Z</time>
      </trkpt>
      <trkpt lat="46.832900" lon="11.305647">
        <ele>1688.913438</ele>
        <time>2026-08-14T17:11:32.066Z</time>
      </trkpt>
      <trkpt lat="46.832765" lon="11.305634">
        <ele>1687.642748</ele>
        <time>2026-08-14T17:11:33.459Z</time>
      </trkpt>
      <trkpt lat="46.832513" lon="11.305526">
        <ele>1685.099781</ele>
        <time>2026-08-14T17:11:36.156Z</time>
      </trkpt>
      <trkpt lat="46.832392" lon="11.305550">
        <ele>1683.917340</ele>
        <time>2026-08-14T17:11:37.416Z</time>
      </trkpt>
      <trkpt lat="46.832325" lon="11.305630">
        <ele>1683.079593</ele>
        <time>2026-08-14T17:11:38.304Z</time>
      </trkpt>
      <trkpt lat="46.832265" lon="11.305857">
        <ele>1681.467422</ele>
        <time>2026-08-14T17:11:40.027Z</time>
      </trkpt>
      <trkpt lat="46.832258" lon="11.306018">
        <ele>1680.398673</ele>
        <time>2026-08-14T17:11:41.174Z</time>
      </trkpt>
      <trkpt lat="46.832327" lon="11.306428">
        <ele>1677.601518</ele>
        <time>2026-08-14T17:11:44.213Z</time>
      </trkpt>
      <trkpt lat="46.832327" lon="11.306595">
        <ele>1676.495173</ele>
        <time>2026-08-14T17:11:45.438Z</time>
      </trkpt>
      <trkpt lat="46.832138" lon="11.307578">
        <ele>1669.985678</ele>
        <time>2026-08-14T17:11:53.037Z</time>
      </trkpt>
      <trkpt lat="46.832086" lon="11.308419">
        <ele>1665.840125</ele>
        <time>2026-08-14T17:11:59.453Z</time>
      </trkpt>
      <trkpt lat="46.831985" lon="11.308659">
        <ele>1664.456823</ele>
        <time>2026-08-14T17:12:01.707Z</time>
      </trkpt>
      <trkpt lat="46.831722" lon="11.309056">
        <ele>1661.743824</ele>
        <time>2026-08-14T17:12:05.993Z</time>
      </trkpt>
      <trkpt lat="46.831662" lon="11.309332">
        <ele>1660.322084</ele>
        <time>2026-08-14T17:12:08.143Z</time>
      </trkpt>
      <trkpt lat="46.831669" lon="11.309684">
        <ele>1658.593264</ele>
        <time>2026-08-14T17:12:10.712Z</time>
      </trkpt>
      <trkpt lat="46.831603" lon="11.309821">
        <ele>1657.756479</ele>
        <time>2026-08-14T17:12:11.924Z</time>
      </trkpt>
      <trkpt lat="46.831528" lon="11.309860">
        <ele>1656.971372</ele>
        <time>2026-08-14T17:12:12.754Z</time>
      </trkpt>
      <trkpt lat="46.831414" lon="11.309857">
        <ele>1655.846857</ele>
        <time>2026-08-14T17:12:13.977Z</time>
      </trkpt>
      <trkpt lat="46.831147" lon="11.309676">
        <ele>1652.944126</ele>
        <time>2026-08-14T17:12:17.168Z</time>
      </trkpt>
      <trkpt lat="46.831032" lon="11.309659">
        <ele>1651.804144</ele>
        <time>2026-08-14T17:12:18.440Z</time>
      </trkpt>
      <trkpt lat="46.830898" lon="11.309684">
        <ele>1650.471838</ele>
        <time>2026-08-14T17:12:19.928Z</time>
      </trkpt>
      <trkpt lat="46.830653" lon="11.309756">
        <ele>1648.007153</ele>
        <time>2026-08-14T17:12:22.556Z</time>
      </trkpt>
      <trkpt lat="46.830469" lon="11.309911">
        <ele>1645.912630</ele>
        <time>2026-08-14T17:12:24.725Z</time>
      </trkpt>
      <trkpt lat="46.830378" lon="11.310061">
        <ele>1644.559887</ele>
        <time>2026-08-14T17:12:26.125Z</time>
      </trkpt>
      <trkpt lat="46.830264" lon="11.310590">
        <ele>1640.817525</ele>
        <time>2026-08-14T17:12:29.979Z</time>
      </trkpt>
      <trkpt lat="46.830225" lon="11.310704">
        <ele>1639.975286</ele>
        <time>2026-08-14T17:12:30.879Z</time>
      </trkpt>
      <trkpt lat="46.830166" lon="11.310781">
        <ele>1639.319332</ele>
        <time>2026-08-14T17:12:31.698Z</time>
      </trkpt>
      <trkpt lat="46.830058" lon="11.310821">
        <ele>1638.395370</ele>
        <time>2026-08-14T17:12:32.867Z</time>
      </trkpt>
      <trkpt lat="46.829816" lon="11.310841">
        <ele>1636.385235</ele>
        <time>2026-08-14T17:12:35.500Z</time>
      </trkpt>
      <trkpt lat="46.829754" lon="11.310880">
        <ele>1635.825468</ele>
        <time>2026-08-14T17:12:36.247Z</time>
      </trkpt>
      <trkpt lat="46.829679" lon="11.310987">
        <ele>1634.956308</ele>
        <time>2026-08-14T17:12:37.429Z</time>
      </trkpt>
      <trkpt lat="46.829654" lon="11.311148">
        <ele>1634.019581</ele>
        <time>2026-08-14T17:12:38.674Z</time>
      </trkpt>
      <trkpt lat="46.829666" lon="11.311312">
        <ele>1633.083757</ele>
        <time>2026-08-14T17:12:39.927Z</time>
      </trkpt>
      <trkpt lat="46.829731" lon="11.311511">
        <ele>1631.832578</ele>
        <time>2026-08-14T17:12:41.609Z</time>
      </trkpt>
      <trkpt lat="46.829759" lon="11.311707">
        <ele>1630.696513</ele>
        <time>2026-08-14T17:12:43.127Z</time>
      </trkpt>
      <trkpt lat="46.829747" lon="11.311950">
        <ele>1629.314174</ele>
        <time>2026-08-14T17:12:44.963Z</time>
      </trkpt>
      <trkpt lat="46.829659" lon="11.312208">
        <ele>1627.678482</ele>
        <time>2026-08-14T17:12:47.139Z</time>
      </trkpt>
      <trkpt lat="46.829508" lon="11.312497">
        <ele>1625.615245</ele>
        <time>2026-08-14T17:12:49.841Z</time>
      </trkpt>
      <trkpt lat="46.829312" lon="11.312783">
        <ele>1622.846234</ele>
        <time>2026-08-14T17:12:52.810Z</time>
      </trkpt>
      <trkpt lat="46.829258" lon="11.312903">
        <ele>1621.821531</ele>
        <time>2026-08-14T17:12:53.855Z</time>
      </trkpt>
      <trkpt lat="46.829207" lon="11.313112">
        <ele>1620.238453</ele>
        <time>2026-08-14T17:12:55.458Z</time>
      </trkpt>
      <trkpt lat="46.829112" lon="11.313232">
        <ele>1618.929144</ele>
        <time>2026-08-14T17:12:56.778Z</time>
      </trkpt>
      <trkpt lat="46.828590" lon="11.313492">
        <ele>1613.178522</ele>
        <time>2026-08-14T17:13:02.456Z</time>
      </trkpt>
      <trkpt lat="46.828393" lon="11.313733">
        <ele>1610.499665</ele>
        <time>2026-08-14T17:13:05.066Z</time>
      </trkpt>
      <trkpt lat="46.828115" lon="11.313973">
        <ele>1607.132850</ele>
        <time>2026-08-14T17:13:08.380Z</time>
      </trkpt>
      <trkpt lat="46.828074" lon="11.314042">
        <ele>1606.480834</ele>
        <time>2026-08-14T17:13:09.026Z</time>
      </trkpt>
      <trkpt lat="46.828045" lon="11.314172">
        <ele>1605.891174</ele>
        <time>2026-08-14T17:13:09.996Z</time>
      </trkpt>
      <trkpt lat="46.828063" lon="11.314527">
        <ele>1604.450091</ele>
        <time>2026-08-14T17:13:12.563Z</time>
      </trkpt>
      <trkpt lat="46.828037" lon="11.314573">
        <ele>1604.208544</ele>
        <time>2026-08-14T17:13:12.997Z</time>
      </trkpt>
      <trkpt lat="46.827970" lon="11.314597">
        <ele>1603.800379</ele>
        <time>2026-08-14T17:13:13.748Z</time>
      </trkpt>
      <trkpt lat="46.827903" lon="11.314540">
        <ele>1603.341679</ele>
        <time>2026-08-14T17:13:14.594Z</time>
      </trkpt>
      <trkpt lat="46.827896" lon="11.314366">
        <ele>1602.636059</ele>
        <time>2026-08-14T17:13:15.932Z</time>
      </trkpt>
      <trkpt lat="46.827943" lon="11.314233">
        <ele>1602.030058</ele>
        <time>2026-08-14T17:13:17.108Z</time>
      </trkpt>
      <trkpt lat="46.827959" lon="11.313976">
        <ele>1600.985348</ele>
        <time>2026-08-14T17:13:19.194Z</time>
      </trkpt>
      <trkpt lat="46.827996" lon="11.313861">
        <ele>1600.470889</ele>
        <time>2026-08-14T17:13:20.234Z</time>
      </trkpt>
      <trkpt lat="46.828213" lon="11.313598">
        <ele>1598.802909</ele>
        <time>2026-08-14T17:13:23.785Z</time>
      </trkpt>
      <trkpt lat="46.828369" lon="11.313275">
        <ele>1597.202349</ele>
        <time>2026-08-14T17:13:27.306Z</time>
      </trkpt>
      <trkpt lat="46.828562" lon="11.313072">
        <ele>1595.795428</ele>
        <time>2026-08-14T17:13:30.431Z</time>
      </trkpt>
      <trkpt lat="46.828818" lon="11.312943">
        <ele>1593.711144</ele>
        <time>2026-08-14T17:13:33.820Z</time>
      </trkpt>
      <trkpt lat="46.828882" lon="11.312837">
        <ele>1592.962180</ele>
        <time>2026-08-14T17:13:35.016Z</time>
      </trkpt>
      <trkpt lat="46.828924" lon="11.312697">
        <ele>1592.152321</ele>
        <time>2026-08-14T17:13:36.276Z</time>
      </trkpt>
      <trkpt lat="46.829041" lon="11.312038">
        <ele>1588.545451</ele>
        <time>2026-08-14T17:13:41.473Z</time>
      </trkpt>
      <trkpt lat="46.829045" lon="11.311852">
        <ele>1587.559578</ele>
        <time>2026-08-14T17:13:42.836Z</time>
      </trkpt>
      <trkpt lat="46.828947" lon="11.311468">
        <ele>1585.388308</ele>
        <time>2026-08-14T17:13:45.785Z</time>
      </trkpt>
      <trkpt lat="46.828936" lon="11.311294">
        <ele>1584.462566</ele>
        <time>2026-08-14T17:13:47.027Z</time>
      </trkpt>
      <trkpt lat="46.828968" lon="11.311071">
        <ele>1583.255455</ele>
        <time>2026-08-14T17:13:48.630Z</time>
      </trkpt>
      <trkpt lat="46.828943" lon="11.310786">
        <ele>1581.715838</ele>
        <time>2026-08-14T17:13:50.641Z</time>
      </trkpt>
      <trkpt lat="46.828899" lon="11.310651">
        <ele>1580.777578</ele>
        <time>2026-08-14T17:13:51.685Z</time>
      </trkpt>
      <trkpt lat="46.828731" lon="11.310336">
        <ele>1578.271548</ele>
        <time>2026-08-14T17:13:54.463Z</time>
      </trkpt>
      <trkpt lat="46.828703" lon="11.310244">
        <ele>1577.639755</ele>
        <time>2026-08-14T17:13:55.165Z</time>
      </trkpt>
      <trkpt lat="46.828707" lon="11.310138">
        <ele>1576.973645</ele>
        <time>2026-08-14T17:13:55.904Z</time>
      </trkpt>
      <trkpt lat="46.828810" lon="11.309801">
        <ele>1574.657740</ele>
        <time>2026-08-14T17:13:58.482Z</time>
      </trkpt>
      <trkpt lat="46.828989" lon="11.309393">
        <ele>1571.616629</ele>
        <time>2026-08-14T17:14:01.938Z</time>
      </trkpt>
      <trkpt lat="46.829018" lon="11.309061">
        <ele>1569.516591</ele>
        <time>2026-08-14T17:14:04.451Z</time>
      </trkpt>
      <trkpt lat="46.829094" lon="11.308620">
        <ele>1566.663116</ele>
        <time>2026-08-14T17:14:08.068Z</time>
      </trkpt>
      <trkpt lat="46.829168" lon="11.308414">
        <ele>1565.240655</ele>
        <time>2026-08-14T17:14:10.095Z</time>
      </trkpt>
      <trkpt lat="46.829234" lon="11.308334">
        <ele>1564.681917</ele>
        <time>2026-08-14T17:14:11.282Z</time>
      </trkpt>
      <trkpt lat="46.829374" lon="11.308276">
        <ele>1563.733674</ele>
        <time>2026-08-14T17:14:13.182Z</time>
      </trkpt>
      <trkpt lat="46.829729" lon="11.308249">
        <ele>1561.417205</ele>
        <time>2026-08-14T17:14:17.281Z</time>
      </trkpt>
      <trkpt lat="46.829912" lon="11.308122">
        <ele>1560.097102</ele>
        <time>2026-08-14T17:14:19.735Z</time>
      </trkpt>
      <trkpt lat="46.830015" lon="11.307996">
        <ele>1559.221850</ele>
        <time>2026-08-14T17:14:21.320Z</time>
      </trkpt>
      <trkpt lat="46.830137" lon="11.307754">
        <ele>1557.881667</ele>
        <time>2026-08-14T17:14:23.719Z</time>
      </trkpt>
      <trkpt lat="46.830144" lon="11.307667">
        <ele>1557.491121</ele>
        <time>2026-08-14T17:14:24.400Z</time>
      </trkpt>
      <trkpt lat="46.830131" lon="11.307582">
        <ele>1557.102810</ele>
        <time>2026-08-14T17:14:25.087Z</time>
      </trkpt>
      <trkpt lat="46.829997" lon="11.307260">
        <ele>1555.422520</ele>
        <time>2026-08-14T17:14:27.926Z</time>
      </trkpt>
      <trkpt lat="46.829990" lon="11.307204">
        <ele>1555.168721</ele>
        <time>2026-08-14T17:14:28.630Z</time>
      </trkpt>
      <trkpt lat="46.829989" lon="11.307145">
        <ele>1554.905599</ele>
        <time>2026-08-14T17:14:29.345Z</time>
      </trkpt>
      <trkpt lat="46.829995" lon="11.307087">
        <ele>1554.644076</ele>
        <time>2026-08-14T17:14:30.045Z</time>
      </trkpt>
      <trkpt lat="46.830018" lon="11.306986">
        <ele>1554.169497</ele>
        <time>2026-08-14T17:14:31.331Z</time>
      </trkpt>
      <trkpt lat="46.830044" lon="11.306912">
        <ele>1553.798619</ele>
        <time>2026-08-14T17:14:32.315Z</time>
      </trkpt>
      <trkpt lat="46.830064" lon="11.306801">
        <ele>1552.995026</ele>
        <time>2026-08-14T17:14:33.135Z</time>
      </trkpt>
      <trkpt lat="46.830037" lon="11.306185">
        <ele>1547.770714</ele>
        <time>2026-08-14T17:14:37.403Z</time>
      </trkpt>
      <trkpt lat="46.829975" lon="11.305843">
        <ele>1544.776242</ele>
        <time>2026-08-14T17:14:39.793Z</time>
      </trkpt>
      <trkpt lat="46.829816" lon="11.305245">
        <ele>1539.346178</ele>
        <time>2026-08-14T17:14:44.230Z</time>
      </trkpt>
      <trkpt lat="46.829752" lon="11.304450">
        <ele>1532.571104</ele>
        <time>2026-08-14T17:14:49.781Z</time>
      </trkpt>
      <trkpt lat="46.829690" lon="11.304299">
        <ele>1531.244668</ele>
        <time>2026-08-14T17:14:51.032Z</time>
      </trkpt>
      <trkpt lat="46.829586" lon="11.303673">
        <ele>1528.982215</ele>
        <time>2026-08-14T17:14:55.800Z</time>
      </trkpt>
      <trkpt lat="46.829621" lon="11.303499">
        <ele>1528.345248</ele>
        <time>2026-08-14T17:14:57.195Z</time>
      </trkpt>
      <trkpt lat="46.829938" lon="11.303012">
        <ele>1525.984442</ele>
        <time>2026-08-14T17:15:02.658Z</time>
      </trkpt>
      <trkpt lat="46.829959" lon="11.302931">
        <ele>1525.680225</ele>
        <time>2026-08-14T17:15:03.437Z</time>
      </trkpt>
      <trkpt lat="46.829954" lon="11.302776">
        <ele>1525.135251</ele>
        <time>2026-08-14T17:15:04.876Z</time>
      </trkpt>
      <trkpt lat="46.829898" lon="11.302527">
        <ele>1524.214711</ele>
        <time>2026-08-14T17:15:07.360Z</time>
      </trkpt>
      <trkpt lat="46.829904" lon="11.302437">
        <ele>1523.897128</ele>
        <time>2026-08-14T17:15:08.256Z</time>
      </trkpt>
      <trkpt lat="46.830018" lon="11.301881">
        <ele>1521.867546</ele>
        <time>2026-08-14T17:15:14.026Z</time>
      </trkpt>
      <trkpt lat="46.830039" lon="11.301182">
        <ele>1519.491692</ele>
        <time>2026-08-14T17:15:20.471Z</time>
      </trkpt>
      <trkpt lat="46.830157" lon="11.300665">
        <ele>1517.641025</ele>
        <time>2026-08-14T17:15:24.847Z</time>
      </trkpt>
      <trkpt lat="46.830155" lon="11.300297">
        <ele>1516.391385</ele>
        <time>2026-08-14T17:15:27.788Z</time>
      </trkpt>
      <trkpt lat="46.830117" lon="11.300142">
        <ele>1515.832288</ele>
        <time>2026-08-14T17:15:29.118Z</time>
      </trkpt>
      <trkpt lat="46.829840" lon="11.299823">
        <ele>1514.082012</ele>
        <time>2026-08-14T17:15:33.163Z</time>
      </trkpt>
      <trkpt lat="46.829767" lon="11.299631">
        <ele>1513.336132</ele>
        <time>2026-08-14T17:15:34.769Z</time>
      </trkpt>
      <trkpt lat="46.829716" lon="11.299380">
        <ele>1511.618743</ele>
        <time>2026-08-14T17:15:36.631Z</time>
      </trkpt>
      <trkpt lat="46.829710" lon="11.299193">
        <ele>1510.284643</ele>
        <time>2026-08-14T17:15:37.958Z</time>
      </trkpt>
      <trkpt lat="46.829741" lon="11.298883">
        <ele>1508.051989</ele>
        <time>2026-08-14T17:15:40.217Z</time>
      </trkpt>
      <trkpt lat="46.829823" lon="11.298607">
        <ele>1505.907659</ele>
        <time>2026-08-14T17:15:42.327Z</time>
      </trkpt>
      <trkpt lat="46.829844" lon="11.298542">
        <ele>1505.395395</ele>
        <time>2026-08-14T17:15:42.833Z</time>
      </trkpt>
      <trkpt lat="46.829863" lon="11.298422">
        <ele>1504.517629</ele>
        <time>2026-08-14T17:15:43.697Z</time>
      </trkpt>
      <trkpt lat="46.829838" lon="11.298306">
        <ele>1503.650925</ele>
        <time>2026-08-14T17:15:44.548Z</time>
      </trkpt>
      <trkpt lat="46.829774" lon="11.298246">
        <ele>1502.858949</ele>
        <time>2026-08-14T17:15:45.324Z</time>
      </trkpt>
      <trkpt lat="46.829654" lon="11.298283">
        <ele>1501.581505</ele>
        <time>2026-08-14T17:15:46.587Z</time>
      </trkpt>
      <trkpt lat="46.829597" lon="11.298379">
        <ele>1500.675667</ele>
        <time>2026-08-14T17:15:47.476Z</time>
      </trkpt>
      <trkpt lat="46.829539" lon="11.298590">
        <ele>1499.055169</ele>
        <time>2026-08-14T17:15:49.074Z</time>
      </trkpt>
      <trkpt lat="46.829421" lon="11.298816">
        <ele>1497.029179</ele>
        <time>2026-08-14T17:15:51.086Z</time>
      </trkpt>
      <trkpt lat="46.829100" lon="11.299203">
        <ele>1493.388326</ele>
        <time>2026-08-14T17:15:55.387Z</time>
      </trkpt>
      <trkpt lat="46.829014" lon="11.299377">
        <ele>1492.457501</ele>
        <time>2026-08-14T17:15:56.939Z</time>
      </trkpt>
      <trkpt lat="46.828996" lon="11.299494">
        <ele>1491.937472</ele>
        <time>2026-08-14T17:15:57.861Z</time>
      </trkpt>
      <trkpt lat="46.829003" lon="11.299824">
        <ele>1490.505768</ele>
        <time>2026-08-14T17:16:00.512Z</time>
      </trkpt>
      <trkpt lat="46.829045" lon="11.299945">
        <ele>1489.917398</ele>
        <time>2026-08-14T17:16:01.649Z</time>
      </trkpt>
      <trkpt lat="46.829252" lon="11.300276">
        <ele>1487.972777</ele>
        <time>2026-08-14T17:16:05.261Z</time>
      </trkpt>
      <trkpt lat="46.829318" lon="11.300429">
        <ele>1487.188444</ele>
        <time>2026-08-14T17:16:06.737Z</time>
      </trkpt>
      <trkpt lat="46.829316" lon="11.300660">
        <ele>1486.186658</ele>
        <time>2026-08-14T17:16:08.599Z</time>
      </trkpt>
      <trkpt lat="46.829259" lon="11.300900">
        <ele>1485.085003</ele>
        <time>2026-08-14T17:16:10.703Z</time>
      </trkpt>
      <trkpt lat="46.829262" lon="11.301011">
        <ele>1484.603288</ele>
        <time>2026-08-14T17:16:11.755Z</time>
      </trkpt>
      <trkpt lat="46.829365" lon="11.301675">
        <ele>1480.623915</ele>
        <time>2026-08-14T17:16:17.349Z</time>
      </trkpt>
      <trkpt lat="46.829325" lon="11.301867">
        <ele>1479.122004</ele>
        <time>2026-08-14T17:16:18.836Z</time>
      </trkpt>
      <trkpt lat="46.829278" lon="11.301959">
        <ele>1478.262797</ele>
        <time>2026-08-14T17:16:19.655Z</time>
      </trkpt>
      <trkpt lat="46.829252" lon="11.302012">
        <ele>1477.774770</ele>
        <time>2026-08-14T17:16:20.421Z</time>
      </trkpt>
      <trkpt lat="46.829194" lon="11.302196">
        <ele>1476.258745</ele>
        <time>2026-08-14T17:16:22.774Z</time>
      </trkpt>
      <trkpt lat="46.829184" lon="11.302314">
        <ele>1475.368976</ele>
        <time>2026-08-14T17:16:24.139Z</time>
      </trkpt>
      <trkpt lat="46.829198" lon="11.302416">
        <ele>1474.590478</ele>
        <time>2026-08-14T17:16:25.300Z</time>
      </trkpt>
      <trkpt lat="46.829223" lon="11.302509">
        <ele>1473.842746</ele>
        <time>2026-08-14T17:16:26.443Z</time>
      </trkpt>
      <trkpt lat="46.829226" lon="11.302693">
        <ele>1472.465442</ele>
        <time>2026-08-14T17:16:27.698Z</time>
      </trkpt>
      <trkpt lat="46.828831" lon="11.303427">
        <ele>1465.477218</ele>
        <time>2026-08-14T17:16:34.101Z</time>
      </trkpt>
      <trkpt lat="46.828666" lon="11.303872">
        <ele>1462.526276</ele>
        <time>2026-08-14T17:16:37.668Z</time>
      </trkpt>
      <trkpt lat="46.828632" lon="11.304049">
        <ele>1461.826213</ele>
        <time>2026-08-14T17:16:38.975Z</time>
      </trkpt>
      <trkpt lat="46.828547" lon="11.305230">
        <ele>1457.304230</ele>
        <time>2026-08-14T17:16:48.348Z</time>
      </trkpt>
      <trkpt lat="46.828558" lon="11.305598">
        <ele>1455.901574</ele>
        <time>2026-08-14T17:16:52.303Z</time>
      </trkpt>
      <trkpt lat="46.828618" lon="11.306185">
        <ele>1453.641510</ele>
        <time>2026-08-14T17:16:58.323Z</time>
      </trkpt>
      <trkpt lat="46.828608" lon="11.306250">
        <ele>1453.387814</ele>
        <time>2026-08-14T17:16:58.928Z</time>
      </trkpt>
      <trkpt lat="46.828490" lon="11.306373">
        <ele>1452.422429</ele>
        <time>2026-08-14T17:17:00.802Z</time>
      </trkpt>
      <trkpt lat="46.828233" lon="11.306254">
        <ele>1450.624794</ele>
        <time>2026-08-14T17:17:04.086Z</time>
      </trkpt>
      <trkpt lat="46.828088" lon="11.306230">
        <ele>1449.651743</ele>
        <time>2026-08-14T17:17:05.768Z</time>
      </trkpt>
      <trkpt lat="46.827992" lon="11.306303">
        <ele>1448.930154</ele>
        <time>2026-08-14T17:17:06.981Z</time>
      </trkpt>
      <trkpt lat="46.827951" lon="11.306368">
        <ele>1448.526816</ele>
        <time>2026-08-14T17:17:07.651Z</time>
      </trkpt>
      <trkpt lat="46.826647" lon="11.308845">
        <ele>1433.453972</ele>
        <time>2026-08-14T17:17:30.533Z</time>
      </trkpt>
      <trkpt lat="46.826258" lon="11.309908">
        <ele>1427.331282</ele>
        <time>2026-08-14T17:17:39.909Z</time>
      </trkpt>
      <trkpt lat="46.826205" lon="11.310323">
        <ele>1425.203116</ele>
        <time>2026-08-14T17:17:43.330Z</time>
      </trkpt>
      <trkpt lat="46.826130" lon="11.310411">
        <ele>1424.494504</ele>
        <time>2026-08-14T17:17:44.441Z</time>
      </trkpt>
      <trkpt lat="46.826083" lon="11.310414">
        <ele>1424.147895</ele>
        <time>2026-08-14T17:17:45.000Z</time>
      </trkpt>
      <trkpt lat="46.826016" lon="11.310318">
        <ele>1423.456610</ele>
        <time>2026-08-14T17:17:46.062Z</time>
      </trkpt>
      <trkpt lat="46.826008" lon="11.310186">
        <ele>1422.788584</ele>
        <time>2026-08-14T17:17:47.108Z</time>
      </trkpt>
      <trkpt lat="46.826144" lon="11.309942">
        <ele>1421.202093</ele>
        <time>2026-08-14T17:17:49.479Z</time>
      </trkpt>
      <trkpt lat="46.826200" lon="11.309615">
        <ele>1419.502819</ele>
        <time>2026-08-14T17:17:51.992Z</time>
      </trkpt>
      <trkpt lat="46.826473" lon="11.308108">
        <ele>1411.094759</ele>
        <time>2026-08-14T17:18:03.269Z</time>
      </trkpt>
      <trkpt lat="46.826511" lon="11.307315">
        <ele>1406.383646</ele>
        <time>2026-08-14T17:18:08.996Z</time>
      </trkpt>
      <trkpt lat="46.826530" lon="11.307072">
        <ele>1404.934169</ele>
        <time>2026-08-14T17:18:10.834Z</time>
      </trkpt>
      <trkpt lat="46.826546" lon="11.306767">
        <ele>1403.121326</ele>
        <time>2026-08-14T17:18:13.141Z</time>
      </trkpt>
      <trkpt lat="46.826582" lon="11.306544">
        <ele>1401.763463</ele>
        <time>2026-08-14T17:18:14.859Z</time>
      </trkpt>
      <trkpt lat="46.826695" lon="11.306101">
        <ele>1398.960700</ele>
        <time>2026-08-14T17:18:18.373Z</time>
      </trkpt>
      <trkpt lat="46.826802" lon="11.305876">
        <ele>1397.330656</ele>
        <time>2026-08-14T17:18:20.399Z</time>
      </trkpt>
      <trkpt lat="46.827001" lon="11.305677">
        <ele>1395.234218</ele>
        <time>2026-08-14T17:18:22.977Z</time>
      </trkpt>
      <trkpt lat="46.827059" lon="11.305570">
        <ele>1394.422145</ele>
        <time>2026-08-14T17:18:23.992Z</time>
      </trkpt>
      <trkpt lat="46.827136" lon="11.305296">
        <ele>1392.660039</ele>
        <time>2026-08-14T17:18:26.229Z</time>
      </trkpt>
      <trkpt lat="46.827179" lon="11.305146">
        <ele>1391.692563</ele>
        <time>2026-08-14T17:18:27.474Z</time>
      </trkpt>
      <trkpt lat="46.827230" lon="11.304843">
        <ele>1389.836336</ele>
        <time>2026-08-14T17:18:29.799Z</time>
      </trkpt>
      <trkpt lat="46.827200" lon="11.304276">
        <ele>1386.453297</ele>
        <time>2026-08-14T17:18:33.931Z</time>
      </trkpt>
      <trkpt lat="46.827268" lon="11.303819">
        <ele>1383.671151</ele>
        <time>2026-08-14T17:18:37.237Z</time>
      </trkpt>
      <trkpt lat="46.827271" lon="11.303680">
        <ele>1382.682738</ele>
        <time>2026-08-14T17:18:38.227Z</time>
      </trkpt>
      <trkpt lat="46.827245" lon="11.303544">
        <ele>1381.652470</ele>
        <time>2026-08-14T17:18:39.231Z</time>
      </trkpt>
      <trkpt lat="46.827223" lon="11.303411">
        <ele>1380.654141</ele>
        <time>2026-08-14T17:18:40.211Z</time>
      </trkpt>
      <trkpt lat="46.827032" lon="11.302447">
        <ele>1373.331778</ele>
        <time>2026-08-14T17:18:47.363Z</time>
      </trkpt>
      <trkpt lat="46.827031" lon="11.302426">
        <ele>1373.178190</ele>
        <time>2026-08-14T17:18:47.518Z</time>
      </trkpt>
      <trkpt lat="46.827061" lon="11.302163">
        <ele>1371.232840</ele>
        <time>2026-08-14T17:18:49.410Z</time>
      </trkpt>
      <trkpt lat="46.827288" lon="11.301808">
        <ele>1367.687691</ele>
        <time>2026-08-14T17:18:52.867Z</time>
      </trkpt>
      <trkpt lat="46.827299" lon="11.301730">
        <ele>1367.106637</ele>
        <time>2026-08-14T17:18:53.427Z</time>
      </trkpt>
      <trkpt lat="46.827292" lon="11.301651">
        <ele>1366.525438</ele>
        <time>2026-08-14T17:18:53.992Z</time>
      </trkpt>
      <trkpt lat="46.827140" lon="11.301244">
        <ele>1363.146481</ele>
        <time>2026-08-14T17:18:57.278Z</time>
      </trkpt>
      <trkpt lat="46.826884" lon="11.299073">
        <ele>1347.126658</ele>
        <time>2026-08-14T17:19:12.930Z</time>
      </trkpt>
      <trkpt lat="46.826878" lon="11.298757">
        <ele>1344.864071</ele>
        <time>2026-08-14T17:19:15.224Z</time>
      </trkpt>
      <trkpt lat="46.826875" lon="11.298631">
        <ele>1344.024221</ele>
        <time>2026-08-14T17:19:16.138Z</time>
      </trkpt>
      <trkpt lat="46.826956" lon="11.297954">
        <ele>1339.445994</ele>
        <time>2026-08-14T17:19:21.104Z</time>
      </trkpt>
      <trkpt lat="46.827030" lon="11.297413">
        <ele>1335.770850</ele>
        <time>2026-08-14T17:19:25.086Z</time>
      </trkpt>
      <trkpt lat="46.827012" lon="11.296667">
        <ele>1330.798338</ele>
        <time>2026-08-14T17:19:30.458Z</time>
      </trkpt>
      <trkpt lat="46.827091" lon="11.296303">
        <ele>1328.254515</ele>
        <time>2026-08-14T17:19:33.195Z</time>
      </trkpt>
      <trkpt lat="46.827092" lon="11.295835">
        <ele>1325.954271</ele>
        <time>2026-08-14T17:19:36.555Z</time>
      </trkpt>
      <trkpt lat="46.827118" lon="11.295569">
        <ele>1324.724757</ele>
        <time>2026-08-14T17:19:38.498Z</time>
      </trkpt>
      <trkpt lat="46.827102" lon="11.295367">
        <ele>1323.794278</ele>
        <time>2026-08-14T17:19:39.987Z</time>
      </trkpt>
      <trkpt lat="46.827044" lon="11.295129">
        <ele>1322.638226</ele>
        <time>2026-08-14T17:19:41.873Z</time>
      </trkpt>
      <trkpt lat="46.827002" lon="11.294813">
        <ele>1321.165249</ele>
        <time>2026-08-14T17:19:44.353Z</time>
      </trkpt>
      <trkpt lat="46.826991" lon="11.294266">
        <ele>1318.661214</ele>
        <time>2026-08-14T17:19:48.791Z</time>
      </trkpt>
      <trkpt lat="46.826916" lon="11.293716">
        <ele>1316.095034</ele>
        <time>2026-08-14T17:19:53.432Z</time>
      </trkpt>
      <trkpt lat="46.826916" lon="11.293607">
        <ele>1315.604718</ele>
        <time>2026-08-14T17:19:54.308Z</time>
      </trkpt>
      <trkpt lat="46.827010" lon="11.293064">
        <ele>1313.218810</ele>
        <time>2026-08-14T17:19:58.842Z</time>
      </trkpt>
      <trkpt lat="46.826974" lon="11.292705">
        <ele>1311.673239</ele>
        <time>2026-08-14T17:20:01.806Z</time>
      </trkpt>
      <trkpt lat="46.826950" lon="11.292549">
        <ele>1310.992133</ele>
        <time>2026-08-14T17:20:03.114Z</time>
      </trkpt>
      <trkpt lat="46.826858" lon="11.292002">
        <ele>1308.592704</ele>
        <time>2026-08-14T17:20:07.598Z</time>
      </trkpt>
      <trkpt lat="46.826837" lon="11.291878">
        <ele>1308.048559</ele>
        <time>2026-08-14T17:20:08.574Z</time>
      </trkpt>
      <trkpt lat="46.826794" lon="11.291612">
        <ele>1306.884277</ele>
        <time>2026-08-14T17:20:10.610Z</time>
      </trkpt>
      <trkpt lat="46.826763" lon="11.291444">
        <ele>1306.143076</ele>
        <time>2026-08-14T17:20:11.884Z</time>
      </trkpt>
      <trkpt lat="46.826740" lon="11.290755">
        <ele>1302.897546</ele>
        <time>2026-08-14T17:20:16.833Z</time>
      </trkpt>
      <trkpt lat="46.826659" lon="11.290407">
        <ele>1300.966328</ele>
        <time>2026-08-14T17:20:19.478Z</time>
      </trkpt>
      <trkpt lat="46.826457" lon="11.289854">
        <ele>1297.672857</ele>
        <time>2026-08-14T17:20:24.041Z</time>
      </trkpt>
      <trkpt lat="46.826440" lon="11.289266">
        <ele>1294.580856</ele>
        <time>2026-08-14T17:20:28.483Z</time>
      </trkpt>
      <trkpt lat="46.826291" lon="11.288730">
        <ele>1291.541260</ele>
        <time>2026-08-14T17:20:32.971Z</time>
      </trkpt>
      <trkpt lat="46.826256" lon="11.288532">
        <ele>1290.494117</ele>
        <time>2026-08-14T17:20:34.649Z</time>
      </trkpt>
      <trkpt lat="46.826266" lon="11.288095">
        <ele>1288.455192</ele>
        <time>2026-08-14T17:20:38.161Z</time>
      </trkpt>
      <trkpt lat="46.826297" lon="11.287866">
        <ele>1287.366637</ele>
        <time>2026-08-14T17:20:39.969Z</time>
      </trkpt>
      <trkpt lat="46.826360" lon="11.287665">
        <ele>1286.335685</ele>
        <time>2026-08-14T17:20:41.670Z</time>
      </trkpt>
      <trkpt lat="46.826458" lon="11.287509">
        <ele>1285.348128</ele>
        <time>2026-08-14T17:20:43.313Z</time>
      </trkpt>
      <trkpt lat="46.826643" lon="11.287319">
        <ele>1283.807130</ele>
        <time>2026-08-14T17:20:45.920Z</time>
      </trkpt>
      <trkpt lat="46.826681" lon="11.287247">
        <ele>1283.383108</ele>
        <time>2026-08-14T17:20:46.637Z</time>
      </trkpt>
      <trkpt lat="46.826708" lon="11.287104">
        <ele>1282.691362</ele>
        <time>2026-08-14T17:20:47.815Z</time>
      </trkpt>
      <trkpt lat="46.826709" lon="11.287067">
        <ele>1282.518693</ele>
        <time>2026-08-14T17:20:48.105Z</time>
      </trkpt>
      <trkpt lat="46.826700" lon="11.287009">
        <ele>1282.241366</ele>
        <time>2026-08-14T17:20:48.566Z</time>
      </trkpt>
      <trkpt lat="46.826612" lon="11.286814">
        <ele>1281.152087</ele>
        <time>2026-08-14T17:20:50.338Z</time>
      </trkpt>
      <trkpt lat="46.826484" lon="11.286478">
        <ele>1279.358800</ele>
        <time>2026-08-14T17:20:53.159Z</time>
      </trkpt>
      <trkpt lat="46.826471" lon="11.286410">
        <ele>1279.029563</ele>
        <time>2026-08-14T17:20:53.668Z</time>
      </trkpt>
      <trkpt lat="46.826311" lon="11.285573">
        <ele>1272.725681</ele>
        <time>2026-08-14T17:20:59.841Z</time>
      </trkpt>
      <trkpt lat="46.825979" lon="11.284308">
        <ele>1262.313304</ele>
        <time>2026-08-14T17:21:09.433Z</time>
      </trkpt>
      <trkpt lat="46.826056" lon="11.283963">
        <ele>1259.524427</ele>
        <time>2026-08-14T17:21:11.959Z</time>
      </trkpt>
      <trkpt lat="46.826035" lon="11.283778">
        <ele>1258.072963</ele>
        <time>2026-08-14T17:21:13.251Z</time>
      </trkpt>
      <trkpt lat="46.825931" lon="11.283643">
        <ele>1256.413514</ele>
        <time>2026-08-14T17:21:14.657Z</time>
      </trkpt>
      <trkpt lat="46.825792" lon="11.283539">
        <ele>1254.550559</ele>
        <time>2026-08-14T17:21:16.240Z</time>
      </trkpt>
      <trkpt lat="46.825608" lon="11.283256">
        <ele>1251.363848</ele>
        <time>2026-08-14T17:21:18.967Z</time>
      </trkpt>
      <trkpt lat="46.825345" lon="11.282520">
        <ele>1244.586004</ele>
        <time>2026-08-14T17:21:24.785Z</time>
      </trkpt>
      <trkpt lat="46.825047" lon="11.281821">
        <ele>1237.863188</ele>
        <time>2026-08-14T17:21:30.572Z</time>
      </trkpt>
      <trkpt lat="46.824853" lon="11.281242">
        <ele>1234.665046</ele>
        <time>2026-08-14T17:21:35.160Z</time>
      </trkpt>
      <trkpt lat="46.824598" lon="11.280062">
        <ele>1229.540821</ele>
        <time>2026-08-14T17:21:44.397Z</time>
      </trkpt>
      <trkpt lat="46.824515" lon="11.279093">
        <ele>1225.830937</ele>
        <time>2026-08-14T17:21:53.241Z</time>
      </trkpt>
      <trkpt lat="46.824520" lon="11.279007">
        <ele>1225.765904</ele>
        <time>2026-08-14T17:21:55.407Z</time>
      </trkpt>
      <trkpt lat="46.824610" lon="11.278746">
        <ele>1225.545685</ele>
        <time>2026-08-14T17:22:02.046Z</time>
      </trkpt>
      <trkpt lat="46.824615" lon="11.278673">
        <ele>1225.490407</ele>
        <time>2026-08-14T17:22:03.732Z</time>
      </trkpt>
      <trkpt lat="46.824605" lon="11.278519">
        <ele>1225.373850</ele>
        <time>2026-08-14T17:22:07.056Z</time>
      </trkpt>
      <trkpt lat="46.824544" lon="11.278234">
        <ele>1225.148848</ele>
        <time>2026-08-14T17:22:12.996Z</time>
      </trkpt>
      <trkpt lat="46.824542" lon="11.278112">
        <ele>1225.056898</ele>
        <time>2026-08-14T17:22:14.984Z</time>
      </trkpt>
      <trkpt lat="46.824555" lon="11.278062">
        <ele>1225.016596</ele>
        <time>2026-08-14T17:22:15.682Z</time>
      </trkpt>
      <trkpt lat="46.824622" lon="11.277994">
        <ele>1224.926770</ele>
        <time>2026-08-14T17:22:17.477Z</time>
      </trkpt>
      <trkpt lat="46.824815" lon="11.277973">
        <ele>1224.713651</ele>
        <time>2026-08-14T17:22:20.535Z</time>
      </trkpt>
      <trkpt lat="46.824899" lon="11.277924">
        <ele>1224.614055</ele>
        <time>2026-08-14T17:22:21.939Z</time>
      </trkpt>
      <trkpt lat="46.824936" lon="11.277856">
        <ele>1224.548593</ele>
        <time>2026-08-14T17:22:22.735Z</time>
      </trkpt>
      <trkpt lat="46.824955" lon="11.277605">
        <ele>1224.358318</ele>
        <time>2026-08-14T17:22:25.088Z</time>
      </trkpt>
      <trkpt lat="46.824983" lon="11.277523">
        <ele>1224.289267</ele>
        <time>2026-08-14T17:22:25.980Z</time>
      </trkpt>
      <trkpt lat="46.825324" lon="11.277041">
        <ele>1222.591781</ele>
        <time>2026-08-14T17:22:31.887Z</time>
      </trkpt>
      <trkpt lat="46.825322" lon="11.276887">
        <ele>1221.610987</ele>
        <time>2026-08-14T17:22:33.102Z</time>
      </trkpt>
      <trkpt lat="46.825247" lon="11.276717">
        <ele>1220.322973</ele>
        <time>2026-08-14T17:22:34.612Z</time>
      </trkpt>
      <trkpt lat="46.825213" lon="11.276532">
        <ele>1219.103202</ele>
        <time>2026-08-14T17:22:35.989Z</time>
      </trkpt>
      <trkpt lat="46.825265" lon="11.276300">
        <ele>1217.548663</ele>
        <time>2026-08-14T17:22:37.694Z</time>
      </trkpt>
      <trkpt lat="46.825338" lon="11.276197">
        <ele>1216.604365</ele>
        <time>2026-08-14T17:22:38.730Z</time>
      </trkpt>
      <trkpt lat="46.825437" lon="11.276117">
        <ele>1215.551584</ele>
        <time>2026-08-14T17:22:39.873Z</time>
      </trkpt>
      <trkpt lat="46.825837" lon="11.275840">
        <ele>1211.432308</ele>
        <time>2026-08-14T17:22:44.332Z</time>
      </trkpt>
      <trkpt lat="46.825890" lon="11.275765">
        <ele>1210.745755</ele>
        <time>2026-08-14T17:22:45.092Z</time>
      </trkpt>
      <trkpt lat="46.825920" lon="11.275635">
        <ele>1209.872156</ele>
        <time>2026-08-14T17:22:46.080Z</time>
      </trkpt>
      <trkpt lat="46.825902" lon="11.275527">
        <ele>1209.164350</ele>
        <time>2026-08-14T17:22:46.895Z</time>
      </trkpt>
      <trkpt lat="46.825722" lon="11.275315">
        <ele>1207.078420</ele>
        <time>2026-08-14T17:22:49.442Z</time>
      </trkpt>
      <trkpt lat="46.825504" lon="11.274901">
        <ele>1205.011988</ele>
        <time>2026-08-14T17:22:53.601Z</time>
      </trkpt>
      <trkpt lat="46.825481" lon="11.274773">
        <ele>1204.488502</ele>
        <time>2026-08-14T17:22:54.613Z</time>
      </trkpt>
      <trkpt lat="46.825497" lon="11.274666">
        <ele>1204.055262</ele>
        <time>2026-08-14T17:22:55.417Z</time>
      </trkpt>
      <trkpt lat="46.825885" lon="11.273948">
        <ele>1200.436182</ele>
        <time>2026-08-14T17:23:02.074Z</time>
      </trkpt>
      <trkpt lat="46.825970" lon="11.273865">
        <ele>1199.845198</ele>
        <time>2026-08-14T17:23:03.274Z</time>
      </trkpt>
      <trkpt lat="46.826037" lon="11.273710">
        <ele>1199.119981</ele>
        <time>2026-08-14T17:23:04.865Z</time>
      </trkpt>
      <trkpt lat="46.826003" lon="11.273518">
        <ele>1198.335488</ele>
        <time>2026-08-14T17:23:06.893Z</time>
      </trkpt>
      <trkpt lat="46.825853" lon="11.273152">
        <ele>1196.740116</ele>
        <time>2026-08-14T17:23:13.547Z</time>
      </trkpt>
      <trkpt lat="46.825844" lon="11.273042">
        <ele>1196.591410</ele>
        <time>2026-08-14T17:23:15.190Z</time>
      </trkpt>
      <trkpt lat="46.826247" lon="11.272005">
        <ele>1194.990586</ele>
        <time>2026-08-14T17:23:26.146Z</time>
      </trkpt>
      <trkpt lat="46.826334" lon="11.271762">
        <ele>1194.622451</ele>
        <time>2026-08-14T17:23:29.746Z</time>
      </trkpt>
      <trkpt lat="46.826489" lon="11.271307">
        <ele>1193.940196</ele>
        <time>2026-08-14T17:23:39.366Z</time>
      </trkpt>
      <trkpt lat="46.826496" lon="11.271213">
        <ele>1193.813275</ele>
        <time>2026-08-14T17:23:40.431Z</time>
      </trkpt>
      <trkpt lat="46.826457" lon="11.271057">
        <ele>1193.590337</ele>
        <time>2026-08-14T17:23:41.993Z</time>
      </trkpt>
      <trkpt lat="46.826392" lon="11.270936">
        <ele>1193.383842</ele>
        <time>2026-08-14T17:23:43.303Z</time>
      </trkpt>
      <trkpt lat="46.826223" lon="11.270745">
        <ele>1191.408729</ele>
        <time>2026-08-14T17:23:45.713Z</time>
      </trkpt>
      <trkpt lat="46.825763" lon="11.270352">
        <ele>1184.833905</ele>
        <time>2026-08-14T17:23:51.264Z</time>
      </trkpt>
      <trkpt lat="46.825490" lon="11.270117">
        <ele>1180.924350</ele>
        <time>2026-08-14T17:23:54.442Z</time>
      </trkpt>
      <trkpt lat="46.825466" lon="11.270092">
        <ele>1180.560680</ele>
        <time>2026-08-14T17:23:54.732Z</time>
      </trkpt>
      <trkpt lat="46.824930" lon="11.269629">
        <ele>1172.877862</ele>
        <time>2026-08-14T17:24:00.887Z</time>
      </trkpt>
      <trkpt lat="46.824761" lon="11.269423">
        <ele>1170.535551</ele>
        <time>2026-08-14T17:24:03.062Z</time>
      </trkpt>
      <trkpt lat="46.824563" lon="11.269096">
        <ele>1168.373811</ele>
        <time>2026-08-14T17:24:06.054Z</time>
      </trkpt>
      <trkpt lat="46.824330" lon="11.268219">
        <ele>1163.716230</ele>
        <time>2026-08-14T17:24:12.927Z</time>
      </trkpt>
      <trkpt lat="46.824209" lon="11.267507">
        <ele>1160.084218</ele>
        <time>2026-08-14T17:24:19.408Z</time>
      </trkpt>
      <trkpt lat="46.824058" lon="11.266977">
        <ele>1157.750786</ele>
        <time>2026-08-14T17:24:27.749Z</time>
      </trkpt>
      <trkpt lat="46.823860" lon="11.265805">
        <ele>1155.534598</ele>
        <time>2026-08-14T17:24:45.599Z</time>
      </trkpt>
      <trkpt lat="46.823836" lon="11.265546">
        <ele>1155.054781</ele>
        <time>2026-08-14T17:24:47.803Z</time>
      </trkpt>
      <trkpt lat="46.823847" lon="11.265250">
        <ele>1154.510577</ele>
        <time>2026-08-14T17:24:50.175Z</time>
      </trkpt>
      <trkpt lat="46.823817" lon="11.265079">
        <ele>1154.186497</ele>
        <time>2026-08-14T17:24:51.551Z</time>
      </trkpt>
      <trkpt lat="46.823565" lon="11.264280">
        <ele>1151.187775</ele>
        <time>2026-08-14T17:24:58.190Z</time>
      </trkpt>
      <trkpt lat="46.823482" lon="11.263899">
        <ele>1148.899809</ele>
        <time>2026-08-14T17:25:01.105Z</time>
      </trkpt>
      <trkpt lat="46.823137" lon="11.263100">
        <ele>1143.493580</ele>
        <time>2026-08-14T17:25:07.837Z</time>
      </trkpt>
      <trkpt lat="46.822692" lon="11.261714">
        <ele>1136.014963</ele>
        <time>2026-08-14T17:25:19.360Z</time>
      </trkpt>
      <trkpt lat="46.822520" lon="11.261273">
        <ele>1134.189541</ele>
        <time>2026-08-14T17:25:23.350Z</time>
      </trkpt>
      <trkpt lat="46.822405" lon="11.260904">
        <ele>1132.731414</ele>
        <time>2026-08-14T17:25:26.631Z</time>
      </trkpt>
      <trkpt lat="46.822085" lon="11.259630">
        <ele>1127.590723</ele>
        <time>2026-08-14T17:25:37.843Z</time>
      </trkpt>
      <trkpt lat="46.822014" lon="11.259151">
        <ele>1125.306700</ele>
        <time>2026-08-14T17:25:41.914Z</time>
      </trkpt>
      <trkpt lat="46.821909" lon="11.258766">
        <ele>1123.375250</ele>
        <time>2026-08-14T17:25:45.242Z</time>
      </trkpt>
      <trkpt lat="46.821637" lon="11.257520">
        <ele>1117.280241</ele>
        <time>2026-08-14T17:25:54.965Z</time>
      </trkpt>
      <trkpt lat="46.821356" lon="11.256992">
        <ele>1112.353487</ele>
        <time>2026-08-14T17:25:59.732Z</time>
      </trkpt>
      <trkpt lat="46.821102" lon="11.256420">
        <ele>1106.694900</ele>
        <time>2026-08-14T17:26:04.499Z</time>
      </trkpt>
      <trkpt lat="46.820896" lon="11.255868">
        <ele>1101.477199</ele>
        <time>2026-08-14T17:26:08.837Z</time>
      </trkpt>
      <trkpt lat="46.820795" lon="11.255569">
        <ele>1098.710096</ele>
        <time>2026-08-14T17:26:11.130Z</time>
      </trkpt>
      <trkpt lat="46.820604" lon="11.254788">
        <ele>1092.834374</ele>
        <time>2026-08-14T17:26:16.884Z</time>
      </trkpt>
      <trkpt lat="46.820480" lon="11.254285">
        <ele>1089.970188</ele>
        <time>2026-08-14T17:26:20.801Z</time>
      </trkpt>
      <trkpt lat="46.820315" lon="11.253846">
        <ele>1087.286979</ele>
        <time>2026-08-14T17:26:24.606Z</time>
      </trkpt>
      <trkpt lat="46.820222" lon="11.253500">
        <ele>1085.295524</ele>
        <time>2026-08-14T17:26:27.530Z</time>
      </trkpt>
      <trkpt lat="46.820144" lon="11.252681">
        <ele>1080.865687</ele>
        <time>2026-08-14T17:26:34.042Z</time>
      </trkpt>
      <trkpt lat="46.820018" lon="11.252120">
        <ele>1077.456381</ele>
        <time>2026-08-14T17:26:38.778Z</time>
      </trkpt>
      <trkpt lat="46.819972" lon="11.251779">
        <ele>1075.435504</ele>
        <time>2026-08-14T17:26:41.400Z</time>
      </trkpt>
      <trkpt lat="46.819903" lon="11.250692">
        <ele>1069.088083</ele>
        <time>2026-08-14T17:26:49.194Z</time>
      </trkpt>
      <trkpt lat="46.819988" lon="11.249990">
        <ele>1065.023987</ele>
        <time>2026-08-14T17:26:54.230Z</time>
      </trkpt>
      <trkpt lat="46.820454" lon="11.248420">
        <ele>1057.307567</ele>
        <time>2026-08-14T17:27:07.270Z</time>
      </trkpt>
      <trkpt lat="46.820667" lon="11.247681">
        <ele>1053.691900</ele>
        <time>2026-08-14T17:27:13.782Z</time>
      </trkpt>
      <trkpt lat="46.820859" lon="11.247338">
        <ele>1051.641126</ele>
        <time>2026-08-14T17:27:17.318Z</time>
      </trkpt>
      <trkpt lat="46.820948" lon="11.247086">
        <ele>1050.324166</ele>
        <time>2026-08-14T17:27:19.667Z</time>
      </trkpt>
      <trkpt lat="46.821097" lon="11.246772">
        <ele>1048.549652</ele>
        <time>2026-08-14T17:27:22.781Z</time>
      </trkpt>
      <trkpt lat="46.821102" lon="11.246640">
        <ele>1047.935712</ele>
        <time>2026-08-14T17:27:23.816Z</time>
      </trkpt>
      <trkpt lat="46.821033" lon="11.246569">
        <ele>1047.362999</ele>
        <time>2026-08-14T17:27:24.737Z</time>
      </trkpt>
      <trkpt lat="46.820980" lon="11.246576">
        <ele>1047.001841</ele>
        <time>2026-08-14T17:27:25.324Z</time>
      </trkpt>
      <trkpt lat="46.820938" lon="11.246623">
        <ele>1046.642833</ele>
        <time>2026-08-14T17:27:25.896Z</time>
      </trkpt>
      <trkpt lat="46.820784" lon="11.247307">
        <ele>1043.298834</ele>
        <time>2026-08-14T17:27:31.167Z</time>
      </trkpt>
      <trkpt lat="46.820479" lon="11.247826">
        <ele>1039.605657</ele>
        <time>2026-08-14T17:27:36.150Z</time>
      </trkpt>
      <trkpt lat="46.820372" lon="11.248022">
        <ele>1037.906389</ele>
        <time>2026-08-14T17:27:38.067Z</time>
      </trkpt>
      <trkpt lat="46.819950" lon="11.249099">
        <ele>1029.495369</ele>
        <time>2026-08-14T17:27:47.008Z</time>
      </trkpt>
      <trkpt lat="46.819692" lon="11.249677">
        <ele>1024.818365</ele>
        <time>2026-08-14T17:27:51.929Z</time>
      </trkpt>
      <trkpt lat="46.819562" lon="11.250143">
        <ele>1021.543309</ele>
        <time>2026-08-14T17:27:55.486Z</time>
      </trkpt>
      <trkpt lat="46.819412" lon="11.251032">
        <ele>1015.753428</ele>
        <time>2026-08-14T17:28:01.880Z</time>
      </trkpt>
      <trkpt lat="46.819360" lon="11.252213">
        <ele>1008.270019</ele>
        <time>2026-08-14T17:28:10.577Z</time>
      </trkpt>
      <trkpt lat="46.819299" lon="11.252655">
        <ele>1006.212691</ele>
        <time>2026-08-14T17:28:14.201Z</time>
      </trkpt>
      <trkpt lat="46.819308" lon="11.252899">
        <ele>1005.548847</ele>
        <time>2026-08-14T17:28:16.267Z</time>
      </trkpt>
      <trkpt lat="46.819534" lon="11.254882">
        <ele>1000.087384</ele>
        <time>2026-08-14T17:28:33.950Z</time>
      </trkpt>
      <trkpt lat="46.819627" lon="11.255442">
        <ele>997.924676</ele>
        <time>2026-08-14T17:28:38.474Z</time>
      </trkpt>
      <trkpt lat="46.819647" lon="11.255639">
        <ele>997.102194</ele>
        <time>2026-08-14T17:28:40.006Z</time>
      </trkpt>
      <trkpt lat="46.819644" lon="11.256078">
        <ele>995.289107</ele>
        <time>2026-08-14T17:28:43.388Z</time>
      </trkpt>
      <trkpt lat="46.819762" lon="11.256939">
        <ele>991.662712</ele>
        <time>2026-08-14T17:28:50.339Z</time>
      </trkpt>
      <trkpt lat="46.819793" lon="11.257510">
        <ele>989.297173</ele>
        <time>2026-08-14T17:28:54.572Z</time>
      </trkpt>
      <trkpt lat="46.819837" lon="11.257694">
        <ele>988.346305</ele>
        <time>2026-08-14T17:28:56.032Z</time>
      </trkpt>
      <trkpt lat="46.819969" lon="11.257897">
        <ele>986.666791</ele>
        <time>2026-08-14T17:28:58.139Z</time>
      </trkpt>
      <trkpt lat="46.819973" lon="11.258007">
        <ele>986.006133</ele>
        <time>2026-08-14T17:28:58.970Z</time>
      </trkpt>
      <trkpt lat="46.819945" lon="11.258062">
        <ele>985.594995</ele>
        <time>2026-08-14T17:28:59.468Z</time>
      </trkpt>
      <trkpt lat="46.819851" lon="11.258087">
        <ele>984.757595</ele>
        <time>2026-08-14T17:29:00.509Z</time>
      </trkpt>
      <trkpt lat="46.819797" lon="11.258030">
        <ele>984.173756</ele>
        <time>2026-08-14T17:29:01.222Z</time>
      </trkpt>
      <trkpt lat="46.819750" lon="11.257637">
        <ele>981.780997</ele>
        <time>2026-08-14T17:29:04.141Z</time>
      </trkpt>
      <trkpt lat="46.819677" lon="11.257301">
        <ele>979.666690</ele>
        <time>2026-08-14T17:29:06.647Z</time>
      </trkpt>
      <trkpt lat="46.819646" lon="11.256861">
        <ele>977.013816</ele>
        <time>2026-08-14T17:29:09.755Z</time>
      </trkpt>
      <trkpt lat="46.819620" lon="11.256761">
        <ele>976.372228</ele>
        <time>2026-08-14T17:29:10.498Z</time>
      </trkpt>
      <trkpt lat="46.819402" lon="11.256274">
        <ele>972.923030</ele>
        <time>2026-08-14T17:29:14.741Z</time>
      </trkpt>
      <trkpt lat="46.819261" lon="11.255747">
        <ele>970.355624</ele>
        <time>2026-08-14T17:29:19.288Z</time>
      </trkpt>
      <trkpt lat="46.819175" lon="11.255220">
        <ele>967.897431</ele>
        <time>2026-08-14T17:29:23.591Z</time>
      </trkpt>
      <trkpt lat="46.819017" lon="11.254610">
        <ele>964.938056</ele>
        <time>2026-08-14T17:29:28.829Z</time>
      </trkpt>
      <trkpt lat="46.818926" lon="11.254346">
        <ele>963.596827</ele>
        <time>2026-08-14T17:29:31.238Z</time>
      </trkpt>
      <trkpt lat="46.818662" lon="11.253027">
        <ele>954.732166</ele>
        <time>2026-08-14T17:29:41.282Z</time>
      </trkpt>
      <trkpt lat="46.818651" lon="11.252623">
        <ele>951.615950</ele>
        <time>2026-08-14T17:29:44.063Z</time>
      </trkpt>
      <trkpt lat="46.818589" lon="11.252203">
        <ele>948.304417</ele>
        <time>2026-08-14T17:29:47.019Z</time>
      </trkpt>
      <trkpt lat="46.818564" lon="11.251794">
        <ele>945.139573</ele>
        <time>2026-08-14T17:29:49.867Z</time>
      </trkpt>
      <trkpt lat="46.818346" lon="11.250770">
        <ele>937.660908</ele>
        <time>2026-08-14T17:29:57.471Z</time>
      </trkpt>
      <trkpt lat="46.818353" lon="11.250339">
        <ele>934.992876</ele>
        <time>2026-08-14T17:30:00.602Z</time>
      </trkpt>
      <trkpt lat="46.818463" lon="11.250046">
        <ele>932.924668</ele>
        <time>2026-08-14T17:30:03.029Z</time>
      </trkpt>
      <trkpt lat="46.818502" lon="11.249953">
        <ele>932.249658</ele>
        <time>2026-08-14T17:30:03.844Z</time>
      </trkpt>
      <trkpt lat="46.818626" lon="11.249384">
        <ele>928.554117</ele>
        <time>2026-08-14T17:30:08.243Z</time>
      </trkpt>
      <trkpt lat="46.818696" lon="11.248636">
        <ele>924.039669</ele>
        <time>2026-08-14T17:30:13.934Z</time>
      </trkpt>
      <trkpt lat="46.818729" lon="11.248494">
        <ele>923.315204</ele>
        <time>2026-08-14T17:30:15.052Z</time>
      </trkpt>
      <trkpt lat="46.818913" lon="11.247979">
        <ele>920.508613</ele>
        <time>2026-08-14T17:30:19.348Z</time>
      </trkpt>
      <trkpt lat="46.819058" lon="11.247428">
        <ele>917.656763</ele>
        <time>2026-08-14T17:30:23.763Z</time>
      </trkpt>
      <trkpt lat="46.819318" lon="11.246781">
        <ele>914.032110</ele>
        <time>2026-08-14T17:30:29.626Z</time>
      </trkpt>
      <trkpt lat="46.819453" lon="11.246265">
        <ele>911.327147</ele>
        <time>2026-08-14T17:30:33.838Z</time>
      </trkpt>
      <trkpt lat="46.819519" lon="11.246134">
        <ele>910.488468</ele>
        <time>2026-08-14T17:30:35.056Z</time>
      </trkpt>
      <trkpt lat="46.819614" lon="11.246020">
        <ele>909.562348</ele>
        <time>2026-08-14T17:30:36.406Z</time>
      </trkpt>
      <trkpt lat="46.819651" lon="11.245897">
        <ele>908.869654</ele>
        <time>2026-08-14T17:30:37.429Z</time>
      </trkpt>
      <trkpt lat="46.819630" lon="11.245824">
        <ele>908.461398</ele>
        <time>2026-08-14T17:30:38.008Z</time>
      </trkpt>
      <trkpt lat="46.819556" lon="11.245764">
        <ele>907.823815</ele>
        <time>2026-08-14T17:30:38.929Z</time>
      </trkpt>
      <trkpt lat="46.819513" lon="11.245769">
        <ele>907.498828</ele>
        <time>2026-08-14T17:30:39.398Z</time>
      </trkpt>
      <trkpt lat="46.819479" lon="11.245816">
        <ele>907.146223</ele>
        <time>2026-08-14T17:30:39.907Z</time>
      </trkpt>
      <trkpt lat="46.819424" lon="11.246018">
        <ele>906.025396</ele>
        <time>2026-08-14T17:30:41.521Z</time>
      </trkpt>
      <trkpt lat="46.819093" lon="11.246919">
        <ele>900.753180</ele>
        <time>2026-08-14T17:30:49.097Z</time>
      </trkpt>
      <trkpt lat="46.818895" lon="11.247221">
        <ele>898.596916</ele>
        <time>2026-08-14T17:30:52.106Z</time>
      </trkpt>
      <trkpt lat="46.818385" lon="11.248214">
        <ele>892.262217</ele>
        <time>2026-08-14T17:31:01.753Z</time>
      </trkpt>
      <trkpt lat="46.817885" lon="11.249479">
        <ele>884.797766</ele>
        <time>2026-08-14T17:31:12.582Z</time>
      </trkpt>
      <trkpt lat="46.817790" lon="11.249609">
        <ele>883.727778</ele>
        <time>2026-08-14T17:31:13.998Z</time>
      </trkpt>
      <trkpt lat="46.817469" lon="11.249773">
        <ele>880.932146</ele>
        <time>2026-08-14T17:31:17.680Z</time>
      </trkpt>
      <trkpt lat="46.817413" lon="11.249953">
        <ele>879.819737</ele>
        <time>2026-08-14T17:31:19.107Z</time>
      </trkpt>
      <trkpt lat="46.817364" lon="11.250225">
        <ele>878.237344</ele>
        <time>2026-08-14T17:31:21.120Z</time>
      </trkpt>
      <trkpt lat="46.817190" lon="11.250703">
        <ele>875.191343</ele>
        <time>2026-08-14T17:31:24.984Z</time>
      </trkpt>
      <trkpt lat="46.817167" lon="11.250821">
        <ele>874.501075</ele>
        <time>2026-08-14T17:31:25.862Z</time>
      </trkpt>
      <trkpt lat="46.817176" lon="11.250900">
        <ele>874.050507</ele>
        <time>2026-08-14T17:31:26.448Z</time>
      </trkpt>
      <trkpt lat="46.817336" lon="11.251219">
        <ele>871.825396</ele>
        <time>2026-08-14T17:31:29.415Z</time>
      </trkpt>
      <trkpt lat="46.817351" lon="11.251301">
        <ele>871.347870</ele>
        <time>2026-08-14T17:31:30.094Z</time>
      </trkpt>
      <trkpt lat="46.817338" lon="11.251383">
        <ele>870.874324</ele>
        <time>2026-08-14T17:31:30.756Z</time>
      </trkpt>
      <trkpt lat="46.817318" lon="11.251670">
        <ele>869.392094</ele>
        <time>2026-08-14T17:31:33.180Z</time>
      </trkpt>
      <trkpt lat="46.817347" lon="11.252510">
        <ele>865.393170</ele>
        <time>2026-08-14T17:31:39.888Z</time>
      </trkpt>
      <trkpt lat="46.817430" lon="11.252757">
        <ele>864.084845</ele>
        <time>2026-08-14T17:31:42.041Z</time>
      </trkpt>
      <trkpt lat="46.817379" lon="11.252875">
        <ele>863.421278</ele>
        <time>2026-08-14T17:31:43.137Z</time>
      </trkpt>
      <trkpt lat="46.817281" lon="11.252879">
        <ele>862.740126</ele>
        <time>2026-08-14T17:31:44.247Z</time>
      </trkpt>
      <trkpt lat="46.817230" lon="11.252793">
        <ele>862.199062</ele>
        <time>2026-08-14T17:31:45.123Z</time>
      </trkpt>
      <trkpt lat="46.817239" lon="11.252451">
        <ele>860.571791</ele>
        <time>2026-08-14T17:31:47.690Z</time>
      </trkpt>
      <trkpt lat="46.817102" lon="11.251859">
        <ele>857.581400</ele>
        <time>2026-08-14T17:31:52.144Z</time>
      </trkpt>
      <trkpt lat="46.817120" lon="11.251542">
        <ele>855.611243</ele>
        <time>2026-08-14T17:31:54.448Z</time>
      </trkpt>
      <trkpt lat="46.817005" lon="11.251385">
        <ele>854.186833</ele>
        <time>2026-08-14T17:31:56.142Z</time>
      </trkpt>
      <trkpt lat="46.816674" lon="11.251229">
        <ele>851.039058</ele>
        <time>2026-08-14T17:31:59.850Z</time>
      </trkpt>
      <trkpt lat="46.816582" lon="11.251111">
        <ele>849.931128</ele>
        <time>2026-08-14T17:32:01.122Z</time>
      </trkpt>
      <trkpt lat="46.816550" lon="11.250963">
        <ele>848.969782</ele>
        <time>2026-08-14T17:32:02.212Z</time>
      </trkpt>
      <trkpt lat="46.816656" lon="11.250660">
        <ele>846.862062</ele>
        <time>2026-08-14T17:32:04.601Z</time>
      </trkpt>
      <trkpt lat="46.816807" lon="11.250202">
        <ele>843.713267</ele>
        <time>2026-08-14T17:32:08.219Z</time>
      </trkpt>
      <trkpt lat="46.816805" lon="11.250048">
        <ele>842.759256</ele>
        <time>2026-08-14T17:32:09.355Z</time>
      </trkpt>
      <trkpt lat="46.816778" lon="11.249828">
        <ele>841.378830</ele>
        <time>2026-08-14T17:32:11.073Z</time>
      </trkpt>
      <trkpt lat="46.816677" lon="11.249193">
        <ele>839.016039</ele>
        <time>2026-08-14T17:32:16.843Z</time>
      </trkpt>
      <trkpt lat="46.816673" lon="11.249080">
        <ele>838.605942</ele>
        <time>2026-08-14T17:32:17.870Z</time>
      </trkpt>
      <trkpt lat="46.816697" lon="11.248964">
        <ele>838.166726</ele>
        <time>2026-08-14T17:32:18.893Z</time>
      </trkpt>
      <trkpt lat="46.816783" lon="11.248823">
        <ele>837.482181</ele>
        <time>2026-08-14T17:32:20.422Z</time>
      </trkpt>
      <trkpt lat="46.816920" lon="11.248753">
        <ele>836.713535</ele>
        <time>2026-08-14T17:32:22.043Z</time>
      </trkpt>
      <trkpt lat="46.817083" lon="11.248760">
        <ele>835.849893</ele>
        <time>2026-08-14T17:32:23.839Z</time>
      </trkpt>
      <trkpt lat="46.817203" lon="11.248818">
        <ele>835.180495</ele>
        <time>2026-08-14T17:32:25.238Z</time>
      </trkpt>
      <trkpt lat="46.817248" lon="11.248840">
        <ele>834.929185</ele>
        <time>2026-08-14T17:32:25.766Z</time>
      </trkpt>
      <trkpt lat="46.817366" lon="11.248808">
        <ele>834.293571</ele>
        <time>2026-08-14T17:32:27.165Z</time>
      </trkpt>
      <trkpt lat="46.817403" lon="11.248767">
        <ele>834.047644</ele>
        <time>2026-08-14T17:32:27.764Z</time>
      </trkpt>
      <trkpt lat="46.817493" lon="11.248289">
        <ele>832.250864</ele>
        <time>2026-08-14T17:32:32.330Z</time>
      </trkpt>
      <trkpt lat="46.817673" lon="11.247839">
        <ele>829.247140</ele>
        <time>2026-08-14T17:32:36.454Z</time>
      </trkpt>
      <trkpt lat="46.817732" lon="11.247468">
        <ele>826.838720</ele>
        <time>2026-08-14T17:32:39.306Z</time>
      </trkpt>
      <trkpt lat="46.817758" lon="11.247381">
        <ele>826.238432</ele>
        <time>2026-08-14T17:32:40.434Z</time>
      </trkpt>
      <trkpt lat="46.817771" lon="11.247343">
        <ele>825.969798</ele>
        <time>2026-08-14T17:32:40.936Z</time>
      </trkpt>
      <trkpt lat="46.817782" lon="11.247317">
        <ele>825.776512</ele>
        <time>2026-08-14T17:32:41.311Z</time>
      </trkpt>
      <trkpt lat="46.817877" lon="11.247054">
        <ele>823.896058</ele>
        <time>2026-08-14T17:32:43.410Z</time>
      </trkpt>
      <trkpt lat="46.817915" lon="11.246765">
        <ele>822.035232</ele>
        <time>2026-08-14T17:32:45.448Z</time>
      </trkpt>
      <trkpt lat="46.818048" lon="11.246130">
        <ele>817.836161</ele>
        <time>2026-08-14T17:32:50.087Z</time>
      </trkpt>
      <trkpt lat="46.818194" lon="11.245095">
        <ele>811.332740</ele>
        <time>2026-08-14T17:32:57.771Z</time>
      </trkpt>
      <trkpt lat="46.818221" lon="11.244716">
        <ele>809.028689</ele>
        <time>2026-08-14T17:33:00.725Z</time>
      </trkpt>
      <trkpt lat="46.818252" lon="11.244614">
        <ele>808.353844</ele>
        <time>2026-08-14T17:33:01.531Z</time>
      </trkpt>
      <trkpt lat="46.818359" lon="11.244506">
        <ele>807.204787</ele>
        <time>2026-08-14T17:33:02.890Z</time>
      </trkpt>
      <trkpt lat="46.818652" lon="11.244620">
        <ele>804.525644</ele>
        <time>2026-08-14T17:33:05.992Z</time>
      </trkpt>
      <trkpt lat="46.818776" lon="11.244632">
        <ele>803.427579</ele>
        <time>2026-08-14T17:33:07.303Z</time>
      </trkpt>
      <trkpt lat="46.818836" lon="11.244611">
        <ele>802.882425</ele>
        <time>2026-08-14T17:33:07.966Z</time>
      </trkpt>
      <trkpt lat="46.818915" lon="11.244471">
        <ele>801.785222</ele>
        <time>2026-08-14T17:33:09.387Z</time>
      </trkpt>
      <trkpt lat="46.818929" lon="11.244309">
        <ele>800.797904</ele>
        <time>2026-08-14T17:33:10.773Z</time>
      </trkpt>
      <trkpt lat="46.818912" lon="11.244068">
        <ele>799.329998</ele>
        <time>2026-08-14T17:33:12.735Z</time>
      </trkpt>
      <trkpt lat="46.818774" lon="11.243671">
        <ele>796.027815</ele>
        <time>2026-08-14T17:33:16.122Z</time>
      </trkpt>
      <trkpt lat="46.818779" lon="11.243575">
        <ele>795.313828</ele>
        <time>2026-08-14T17:33:16.828Z</time>
      </trkpt>
      <trkpt lat="46.818851" lon="11.243331">
        <ele>793.343281</ele>
        <time>2026-08-14T17:33:18.736Z</time>
      </trkpt>
      <trkpt lat="46.818954" lon="11.243175">
        <ele>791.735698</ele>
        <time>2026-08-14T17:33:20.261Z</time>
      </trkpt>
      <trkpt lat="46.819127" lon="11.243068">
        <ele>789.699871</ele>
        <time>2026-08-14T17:33:22.170Z</time>
      </trkpt>
      <trkpt lat="46.819166" lon="11.242946">
        <ele>788.701283</ele>
        <time>2026-08-14T17:33:23.088Z</time>
      </trkpt>
      <trkpt lat="46.819151" lon="11.242727">
        <ele>787.069093</ele>
        <time>2026-08-14T17:33:24.585Z</time>
      </trkpt>
      <trkpt lat="46.819193" lon="11.242528">
        <ele>785.524739</ele>
        <time>2026-08-14T17:33:26.019Z</time>
      </trkpt>
      <trkpt lat="46.819245" lon="11.242283">
        <ele>783.622467</ele>
        <time>2026-08-14T17:33:27.841Z</time>
      </trkpt>
      <trkpt lat="46.819210" lon="11.242115">
        <ele>782.320144</ele>
        <time>2026-08-14T17:33:29.124Z</time>
      </trkpt>
      <trkpt lat="46.819137" lon="11.242006">
        <ele>781.189105</ele>
        <time>2026-08-14T17:33:30.221Z</time>
      </trkpt>
      <trkpt lat="46.818874" lon="11.241790">
        <ele>778.013462</ele>
        <time>2026-08-14T17:33:33.362Z</time>
      </trkpt>
      <trkpt lat="46.818817" lon="11.241683">
        <ele>777.056633</ele>
        <time>2026-08-14T17:33:34.313Z</time>
      </trkpt>
      <trkpt lat="46.818873" lon="11.241369">
        <ele>774.766948</ele>
        <time>2026-08-14T17:33:36.588Z</time>
      </trkpt>
      <trkpt lat="46.818873" lon="11.241214">
        <ele>773.673224</ele>
        <time>2026-08-14T17:33:37.689Z</time>
      </trkpt>
      <trkpt lat="46.818732" lon="11.240790">
        <ele>770.346784</ele>
        <time>2026-08-14T17:33:41.025Z</time>
      </trkpt>
      <trkpt lat="46.818696" lon="11.240560">
        <ele>768.681921</ele>
        <time>2026-08-14T17:33:42.710Z</time>
      </trkpt>
      <trkpt lat="46.818713" lon="11.240065">
        <ele>765.184653</ele>
        <time>2026-08-14T17:33:46.221Z</time>
      </trkpt>
      <trkpt lat="46.818687" lon="11.239770">
        <ele>763.085848</ele>
        <time>2026-08-14T17:33:48.332Z</time>
      </trkpt>
      <trkpt lat="46.818678" lon="11.239591">
        <ele>761.819364</ele>
        <time>2026-08-14T17:33:49.662Z</time>
      </trkpt>
      <trkpt lat="46.818654" lon="11.239400">
        <ele>760.735853</ele>
        <time>2026-08-14T17:33:51.123Z</time>
      </trkpt>
      <trkpt lat="46.818576" lon="11.239178">
        <ele>759.563458</ele>
        <time>2026-08-14T17:33:53.069Z</time>
      </trkpt>
      <trkpt lat="46.818601" lon="11.238802">
        <ele>757.788690</ele>
        <time>2026-08-14T17:33:56.032Z</time>
      </trkpt>
      <trkpt lat="46.818580" lon="11.238732">
        <ele>757.429616</ele>
        <time>2026-08-14T17:33:56.625Z</time>
      </trkpt>
      <trkpt lat="46.818531" lon="11.238681">
        <ele>757.016612</ele>
        <time>2026-08-14T17:33:57.303Z</time>
      </trkpt>
      <trkpt lat="46.818440" lon="11.238713">
        <ele>756.374035</ele>
        <time>2026-08-14T17:33:58.331Z</time>
      </trkpt>
      <trkpt lat="46.818392" lon="11.238822">
        <ele>755.765082</ele>
        <time>2026-08-14T17:33:59.284Z</time>
      </trkpt>
      <trkpt lat="46.818486" lon="11.239157">
        <ele>754.064077</ele>
        <time>2026-08-14T17:34:01.953Z</time>
      </trkpt>
      <trkpt lat="46.818515" lon="11.239500">
        <ele>752.440407</ele>
        <time>2026-08-14T17:34:04.535Z</time>
      </trkpt>
      <trkpt lat="46.818444" lon="11.240050">
        <ele>749.810926</ele>
        <time>2026-08-14T17:34:08.850Z</time>
      </trkpt>
      <trkpt lat="46.818364" lon="11.240445">
        <ele>748.155174</ele>
        <time>2026-08-14T17:34:12.288Z</time>
      </trkpt>
      <trkpt lat="46.818370" lon="11.240674">
        <ele>747.356363</ele>
        <time>2026-08-14T17:34:14.226Z</time>
      </trkpt>
      <trkpt lat="46.818416" lon="11.240978">
        <ele>746.271114</ele>
        <time>2026-08-14T17:34:16.712Z</time>
      </trkpt>
      <trkpt lat="46.818418" lon="11.241152">
        <ele>745.664516</ele>
        <time>2026-08-14T17:34:18.056Z</time>
      </trkpt>
      <trkpt lat="46.818240" lon="11.241583">
        <ele>743.909781</ele>
        <time>2026-08-14T17:34:21.940Z</time>
      </trkpt>
      <trkpt lat="46.818210" lon="11.241789">
        <ele>743.175644</ele>
        <time>2026-08-14T17:34:23.583Z</time>
      </trkpt>
      <trkpt lat="46.818213" lon="11.241968">
        <ele>742.551514</ele>
        <time>2026-08-14T17:34:24.999Z</time>
      </trkpt>
      <trkpt lat="46.818284" lon="11.242317">
        <ele>741.282382</ele>
        <time>2026-08-14T17:34:28.008Z</time>
      </trkpt>
      <trkpt lat="46.818283" lon="11.242426">
        <ele>740.902405</ele>
        <time>2026-08-14T17:34:28.906Z</time>
      </trkpt>
      <trkpt lat="46.817930" lon="11.243797">
        <ele>734.915755</ele>
        <time>2026-08-14T17:34:40.911Z</time>
      </trkpt>
      <trkpt lat="46.817778" lon="11.244099">
        <ele>733.321347</ele>
        <time>2026-08-14T17:34:43.786Z</time>
      </trkpt>
      <trkpt lat="46.817590" lon="11.244324">
        <ele>731.811076</ele>
        <time>2026-08-14T17:34:46.508Z</time>
      </trkpt>
      <trkpt lat="46.817340" lon="11.244408">
        <ele>730.216788</ele>
        <time>2026-08-14T17:34:49.269Z</time>
      </trkpt>
      <trkpt lat="46.817018" lon="11.244355">
        <ele>728.389871</ele>
        <time>2026-08-14T17:34:52.655Z</time>
      </trkpt>
      <trkpt lat="46.816917" lon="11.244363">
        <ele>728.043981</ele>
        <time>2026-08-14T17:34:53.717Z</time>
      </trkpt>
      <trkpt lat="46.816815" lon="11.244412">
        <ele>727.676814</ele>
        <time>2026-08-14T17:34:54.866Z</time>
      </trkpt>
      <trkpt lat="46.816672" lon="11.244580">
        <ele>727.049363</ele>
        <time>2026-08-14T17:34:56.866Z</time>
      </trkpt>
      <trkpt lat="46.816579" lon="11.244689">
        <ele>726.641680</ele>
        <time>2026-08-14T17:34:58.215Z</time>
      </trkpt>
      <trkpt lat="46.816462" lon="11.244787">
        <ele>726.180515</ele>
        <time>2026-08-14T17:34:59.795Z</time>
      </trkpt>
      <trkpt lat="46.816285" lon="11.244858">
        <ele>725.552849</ele>
        <time>2026-08-14T17:35:02.022Z</time>
      </trkpt>
      <trkpt lat="46.816246" lon="11.244874">
        <ele>725.414327</ele>
        <time>2026-08-14T17:35:02.518Z</time>
      </trkpt>
      <trkpt lat="46.816159" lon="11.244911">
        <ele>725.104474</ele>
        <time>2026-08-14T17:35:03.726Z</time>
      </trkpt>
      <trkpt lat="46.815905" lon="11.245143">
        <ele>724.080164</ele>
        <time>2026-08-14T17:35:08.214Z</time>
      </trkpt>
      <trkpt lat="46.815791" lon="11.245210">
        <ele>723.659976</ele>
        <time>2026-08-14T17:35:10.822Z</time>
      </trkpt>
      <trkpt lat="46.815773" lon="11.245221">
        <ele>723.593256</ele>
        <time>2026-08-14T17:35:11.214Z</time>
      </trkpt>
      <trkpt lat="46.815778" lon="11.245314">
        <ele>723.374946</ele>
        <time>2026-08-14T17:35:12.568Z</time>
      </trkpt>
      <trkpt lat="46.815750" lon="11.245383">
        <ele>723.187217</ele>
        <time>2026-08-14T17:35:13.739Z</time>
      </trkpt>
      <trkpt lat="46.815675" lon="11.245450">
        <ele>722.886614</ele>
        <time>2026-08-14T17:35:15.462Z</time>
      </trkpt>
      <trkpt lat="46.815578" lon="11.245540">
        <ele>722.493691</ele>
        <time>2026-08-14T17:35:17.632Z</time>
      </trkpt>
      <trkpt lat="46.815458" lon="11.245644">
        <ele>721.811688</ele>
        <time>2026-08-14T17:35:20.821Z</time>
      </trkpt>
      <trkpt lat="46.815097" lon="11.245966">
        <ele>719.708729</ele>
        <time>2026-08-14T17:35:34.549Z</time>
      </trkpt>
      <trkpt lat="46.814928" lon="11.246077">
        <ele>718.787440</ele>
        <time>2026-08-14T17:35:39.287Z</time>
      </trkpt>
      <trkpt lat="46.814818" lon="11.246082">
        <ele>718.240232</ele>
        <time>2026-08-14T17:35:41.392Z</time>
      </trkpt>
      <trkpt lat="46.814546" lon="11.246049">
        <ele>716.883137</ele>
        <time>2026-08-14T17:35:44.550Z</time>
      </trkpt>
      <trkpt lat="46.814215" lon="11.246121">
        <ele>715.219198</ele>
        <time>2026-08-14T17:35:47.987Z</time>
      </trkpt>
      <trkpt lat="46.814062" lon="11.246169">
        <ele>714.441113</ele>
        <time>2026-08-14T17:35:49.580Z</time>
      </trkpt>
      <trkpt lat="46.813917" lon="11.246265">
        <ele>713.649587</ele>
        <time>2026-08-14T17:35:51.184Z</time>
      </trkpt>
      <trkpt lat="46.813841" lon="11.246268">
        <ele>712.876425</ele>
        <time>2026-08-14T17:35:52.076Z</time>
      </trkpt>
      <trkpt lat="46.813704" lon="11.246336">
        <ele>711.033816</ele>
        <time>2026-08-14T17:35:53.805Z</time>
      </trkpt>
      <trkpt lat="46.813643" lon="11.246263">
        <ele>710.029691</ele>
        <time>2026-08-14T17:35:54.746Z</time>
      </trkpt>
      <trkpt lat="46.813516" lon="11.246212">
        <ele>708.352375</ele>
        <time>2026-08-14T17:35:56.304Z</time>
      </trkpt>
      <trkpt lat="46.813436" lon="11.246116">
        <ele>707.034039</ele>
        <time>2026-08-14T17:35:57.538Z</time>
      </trkpt>
      <trkpt lat="46.813357" lon="11.245944">
        <ele>705.228659</ele>
        <time>2026-08-14T17:35:59.217Z</time>
      </trkpt>
      <trkpt lat="46.813269" lon="11.246006">
        <ele>703.984503</ele>
        <time>2026-08-14T17:36:01.192Z</time>
      </trkpt>
      <trkpt lat="46.813015" lon="11.246391">
        <ele>699.323745</ele>
        <time>2026-08-14T17:36:08.580Z</time>
      </trkpt>
      <trkpt lat="46.812801" lon="11.246609">
        <ele>696.001507</ele>
        <time>2026-08-14T17:36:13.900Z</time>
      </trkpt>
      <trkpt lat="46.812510" lon="11.246847">
        <ele>691.754569</ele>
        <time>2026-08-14T17:36:21.000Z</time>
      </trkpt>
      <trkpt lat="46.812397" lon="11.246885">
        <ele>690.618886</ele>
        <time>2026-08-14T17:36:23.622Z</time>
      </trkpt>
      <trkpt lat="46.812355" lon="11.246863">
        <ele>690.618886</ele>
        <time>2026-08-14T17:36:24.633Z</time>
      </trkpt>
      <trkpt lat="46.812272" lon="11.246974">
        <ele>690.618886</ele>
        <time>2026-08-14T17:36:25.861Z</time>
      </trkpt>
      <trkpt lat="46.812198" lon="11.247020">
        <ele>690.618886</ele>
        <time>2026-08-14T17:36:26.744Z</time>
      </trkpt>
      <trkpt lat="46.812183" lon="11.247031">
        <ele>690.618886</ele>
        <time>2026-08-14T17:36:26.929Z</time>
      </trkpt>
      <trkpt lat="46.812155" lon="11.246969">
        <ele>690.618886</ele>
        <time>2026-08-14T17:36:27.716Z</time>
      </trkpt>
      <trkpt lat="46.812057" lon="11.246717">
        <ele>690.618886</ele>
        <time>2026-08-14T17:36:30.818Z</time>
      </trkpt>
      <trkpt lat="46.811943" lon="11.246086">
        <ele>690.618886</ele>
        <time>2026-08-14T17:36:35.845Z</time>
      </trkpt>
      <trkpt lat="46.811864" lon="11.245693">
        <ele>690.618886</ele>
        <time>2026-08-14T17:36:39.174Z</time>
      </trkpt>
    </trkseg>
  </trk>
</gpx>