<?xml version='1.0' encoding='UTF-8'?>
<gpx version="1.1" creator="https://www.komoot.de" xmlns="http://www.topografix.com/GPX/1/1" xmlns:xsi="http://www.w3.org/2001/XMLSchema-instance" xsi:schemaLocation="http://www.topografix.com/GPX/1/1 http://www.topografix.com/GPX/1/1/gpx.xsd">
  <metadata>
    <name>Alpentour Tag 2: von Wallgau zur Sattelbergalm (Brennerpass)</name>
    <author>
      <link href="https://www.komoot.de">
        <text>komoot</text>
        <type>text/html</type>
      </link>
    </author>
  </metadata>
  <wpt lat="47.342730" lon="11.202427">
    <name>Schloss Seefeld</name>
    <sym>Flag, Blue</sym>
  </wpt>
  <wpt lat="47.259224" lon="11.397111">
    <name>Das Leopold</name>
    <sym>Restaurant</sym>
  </wpt>
  <wpt lat="47.020387" lon="11.493271">
    <name>Sattelbergalm</name>
    <sym>Fishing Hot Spot Facility</sym>
  </wpt>
  <trk>
    <name>Alpentour Tag 2: von Wallgau zur Sattelbergalm (Brennerpass)</name>
    <type>mtb_easy</type>
    <trkseg>
      <trkpt lat="47.521716" lon="11.281895">
        <ele>868.596099</ele>
        <time>2026-08-14T12:13:57.802Z</time>
      </trkpt>
      <trkpt lat="47.521481" lon="11.281760">
        <ele>868.596099</ele>
        <time>2026-08-14T12:14:02.032Z</time>
      </trkpt>
      <trkpt lat="47.521360" lon="11.281715">
        <ele>868.596099</ele>
        <time>2026-08-14T12:14:04.099Z</time>
      </trkpt>
      <trkpt lat="47.521274" lon="11.281684">
        <ele>868.596099</ele>
        <time>2026-08-14T12:14:05.555Z</time>
      </trkpt>
      <trkpt lat="47.521122" lon="11.281630">
        <ele>868.596099</ele>
        <time>2026-08-14T12:14:08.114Z</time>
      </trkpt>
      <trkpt lat="47.521037" lon="11.281622">
        <ele>868.596099</ele>
        <time>2026-08-14T12:14:09.517Z</time>
      </trkpt>
      <trkpt lat="47.520924" lon="11.281644">
        <ele>868.596099</ele>
        <time>2026-08-14T12:14:11.388Z</time>
      </trkpt>
      <trkpt lat="47.520744" lon="11.281759">
        <ele>868.558810</ele>
        <time>2026-08-14T12:14:14.611Z</time>
      </trkpt>
      <trkpt lat="47.520040" lon="11.282317">
        <ele>868.305419</ele>
        <time>2026-08-14T12:14:27.596Z</time>
      </trkpt>
      <trkpt lat="47.519706" lon="11.282547">
        <ele>868.188530</ele>
        <time>2026-08-14T12:14:33.860Z</time>
      </trkpt>
      <trkpt lat="47.519682" lon="11.282562">
        <ele>868.180264</ele>
        <time>2026-08-14T12:14:34.301Z</time>
      </trkpt>
      <trkpt lat="47.519355" lon="11.282751">
        <ele>868.068872</ele>
        <time>2026-08-14T12:14:40.156Z</time>
      </trkpt>
      <trkpt lat="47.518866" lon="11.283038">
        <ele>867.572436</ele>
        <time>2026-08-14T12:14:48.770Z</time>
      </trkpt>
      <trkpt lat="47.518665" lon="11.283185">
        <ele>867.311308</ele>
        <time>2026-08-14T12:14:52.142Z</time>
      </trkpt>
      <trkpt lat="47.518269" lon="11.283471">
        <ele>866.798098</ele>
        <time>2026-08-14T12:14:58.676Z</time>
      </trkpt>
      <trkpt lat="47.518118" lon="11.283556">
        <ele>866.609929</ele>
        <time>2026-08-14T12:15:01.104Z</time>
      </trkpt>
      <trkpt lat="47.517850" lon="11.283670">
        <ele>866.285133</ele>
        <time>2026-08-14T12:15:05.240Z</time>
      </trkpt>
      <trkpt lat="47.517605" lon="11.283668">
        <ele>865.999749</ele>
        <time>2026-08-14T12:15:08.822Z</time>
      </trkpt>
      <trkpt lat="47.517416" lon="11.283546">
        <ele>865.929878</ele>
        <time>2026-08-14T12:15:11.826Z</time>
      </trkpt>
      <trkpt lat="47.517053" lon="11.283153">
        <ele>865.928734</ele>
        <time>2026-08-14T12:15:18.765Z</time>
      </trkpt>
      <trkpt lat="47.516851" lon="11.282942">
        <ele>865.928105</ele>
        <time>2026-08-14T12:15:22.927Z</time>
      </trkpt>
      <trkpt lat="47.516503" lon="11.282546">
        <ele>865.926988</ele>
        <time>2026-08-14T12:15:31.927Z</time>
      </trkpt>
      <trkpt lat="47.516123" lon="11.281951">
        <ele>865.962624</ele>
        <time>2026-08-14T12:15:42.626Z</time>
      </trkpt>
      <trkpt lat="47.515978" lon="11.281817">
        <ele>866.134567</ele>
        <time>2026-08-14T12:15:46.237Z</time>
      </trkpt>
      <trkpt lat="47.515852" lon="11.281737">
        <ele>866.272479</ele>
        <time>2026-08-14T12:15:49.315Z</time>
      </trkpt>
      <trkpt lat="47.515439" lon="11.281530">
        <ele>866.711097</ele>
        <time>2026-08-14T12:15:58.992Z</time>
      </trkpt>
      <trkpt lat="47.515377" lon="11.281498">
        <ele>866.777147</ele>
        <time>2026-08-14T12:16:00.437Z</time>
      </trkpt>
      <trkpt lat="47.515120" lon="11.281383">
        <ele>867.047226</ele>
        <time>2026-08-14T12:16:06.263Z</time>
      </trkpt>
      <trkpt lat="47.514879" lon="11.281277">
        <ele>867.300132</ele>
        <time>2026-08-14T12:16:11.781Z</time>
      </trkpt>
      <trkpt lat="47.514808" lon="11.281244">
        <ele>867.374991</ele>
        <time>2026-08-14T12:16:13.351Z</time>
      </trkpt>
      <trkpt lat="47.514325" lon="11.281021">
        <ele>867.857630</ele>
        <time>2026-08-14T12:16:24.492Z</time>
      </trkpt>
      <trkpt lat="47.514305" lon="11.281066">
        <ele>867.887763</ele>
        <time>2026-08-14T12:16:25.288Z</time>
      </trkpt>
      <trkpt lat="47.514258" lon="11.281085">
        <ele>867.928114</ele>
        <time>2026-08-14T12:16:26.365Z</time>
      </trkpt>
      <trkpt lat="47.514049" lon="11.281016">
        <ele>868.105461</ele>
        <time>2026-08-14T12:16:31.362Z</time>
      </trkpt>
      <trkpt lat="47.513085" lon="11.280620">
        <ele>868.934016</ele>
        <time>2026-08-14T12:16:51.701Z</time>
      </trkpt>
      <trkpt lat="47.509963" lon="11.279438">
        <ele>871.253440</ele>
        <time>2026-08-14T12:17:56.585Z</time>
      </trkpt>
      <trkpt lat="47.509705" lon="11.279314">
        <ele>871.469008</ele>
        <time>2026-08-14T12:18:02.426Z</time>
      </trkpt>
      <trkpt lat="47.509639" lon="11.279261">
        <ele>871.528678</ele>
        <time>2026-08-14T12:18:04.013Z</time>
      </trkpt>
      <trkpt lat="47.509586" lon="11.279168">
        <ele>871.593995</ele>
        <time>2026-08-14T12:18:05.804Z</time>
      </trkpt>
      <trkpt lat="47.508846" lon="11.278945">
        <ele>872.132434</ele>
        <time>2026-08-14T12:18:22.523Z</time>
      </trkpt>
      <trkpt lat="47.507654" lon="11.278527">
        <ele>872.940877</ele>
        <time>2026-08-14T12:18:47.382Z</time>
      </trkpt>
      <trkpt lat="47.507239" lon="11.278427">
        <ele>873.195960</ele>
        <time>2026-08-14T12:18:55.976Z</time>
      </trkpt>
      <trkpt lat="47.506509" lon="11.278272">
        <ele>873.628439</ele>
        <time>2026-08-14T12:19:11.716Z</time>
      </trkpt>
      <trkpt lat="47.506282" lon="11.278262">
        <ele>873.761618</ele>
        <time>2026-08-14T12:19:16.415Z</time>
      </trkpt>
      <trkpt lat="47.505732" lon="11.278397">
        <ele>874.076066</ele>
        <time>2026-08-14T12:19:27.801Z</time>
      </trkpt>
      <trkpt lat="47.505707" lon="11.278402">
        <ele>874.079669</ele>
        <time>2026-08-14T12:19:28.315Z</time>
      </trkpt>
      <trkpt lat="47.505814" lon="11.277750">
        <ele>874.144403</ele>
        <time>2026-08-14T12:19:36.585Z</time>
      </trkpt>
      <trkpt lat="47.505912" lon="11.277322">
        <ele>874.188003</ele>
        <time>2026-08-14T12:19:41.772Z</time>
      </trkpt>
      <trkpt lat="47.505940" lon="11.277098">
        <ele>874.209981</ele>
        <time>2026-08-14T12:19:44.365Z</time>
      </trkpt>
      <trkpt lat="47.505933" lon="11.276912">
        <ele>874.227954</ele>
        <time>2026-08-14T12:19:46.477Z</time>
      </trkpt>
      <trkpt lat="47.505901" lon="11.276768">
        <ele>874.242579</ele>
        <time>2026-08-14T12:19:48.183Z</time>
      </trkpt>
      <trkpt lat="47.505765" lon="11.276282">
        <ele>874.293332</ele>
        <time>2026-08-14T12:19:54.207Z</time>
      </trkpt>
      <trkpt lat="47.505749" lon="11.276143">
        <ele>874.306935</ele>
        <time>2026-08-14T12:19:55.905Z</time>
      </trkpt>
      <trkpt lat="47.505763" lon="11.275985">
        <ele>874.322309</ele>
        <time>2026-08-14T12:19:57.828Z</time>
      </trkpt>
      <trkpt lat="47.505819" lon="11.275855">
        <ele>874.359544</ele>
        <time>2026-08-14T12:19:59.723Z</time>
      </trkpt>
      <trkpt lat="47.505998" lon="11.275326">
        <ele>874.571217</ele>
        <time>2026-08-14T12:20:07.126Z</time>
      </trkpt>
      <trkpt lat="47.506108" lon="11.274684">
        <ele>874.808173</ele>
        <time>2026-08-14T12:20:15.936Z</time>
      </trkpt>
      <trkpt lat="47.506200" lon="11.273896">
        <ele>875.094269</ele>
        <time>2026-08-14T12:20:27.029Z</time>
      </trkpt>
      <trkpt lat="47.506389" lon="11.273032">
        <ele>875.543111</ele>
        <time>2026-08-14T12:20:39.078Z</time>
      </trkpt>
      <trkpt lat="47.505727" lon="11.272362">
        <ele>876.350193</ele>
        <time>2026-08-14T12:20:55.491Z</time>
      </trkpt>
      <trkpt lat="47.505697" lon="11.272332">
        <ele>876.386629</ele>
        <time>2026-08-14T12:20:56.232Z</time>
      </trkpt>
      <trkpt lat="47.505277" lon="11.271845">
        <ele>876.923563</ele>
        <time>2026-08-14T12:21:07.915Z</time>
      </trkpt>
      <trkpt lat="47.504955" lon="11.271502">
        <ele>877.746484</ele>
        <time>2026-08-14T12:21:17.743Z</time>
      </trkpt>
      <trkpt lat="47.504739" lon="11.271273">
        <ele>878.504100</ele>
        <time>2026-08-14T12:21:25.075Z</time>
      </trkpt>
      <trkpt lat="47.504256" lon="11.270740">
        <ele>880.222008</ele>
        <time>2026-08-14T12:21:43.493Z</time>
      </trkpt>
      <trkpt lat="47.503772" lon="11.270416">
        <ele>881.736744</ele>
        <time>2026-08-14T12:22:01.217Z</time>
      </trkpt>
      <trkpt lat="47.503651" lon="11.270395">
        <ele>882.084150</ele>
        <time>2026-08-14T12:22:05.457Z</time>
      </trkpt>
      <trkpt lat="47.503550" lon="11.270376">
        <ele>882.385887</ele>
        <time>2026-08-14T12:22:09.316Z</time>
      </trkpt>
      <trkpt lat="47.502737" lon="11.269715">
        <ele>885.227182</ele>
        <time>2026-08-14T12:22:41.620Z</time>
      </trkpt>
      <trkpt lat="47.502504" lon="11.269567">
        <ele>886.003842</ele>
        <time>2026-08-14T12:22:49.461Z</time>
      </trkpt>
      <trkpt lat="47.502387" lon="11.269554">
        <ele>886.363244</ele>
        <time>2026-08-14T12:22:53.071Z</time>
      </trkpt>
      <trkpt lat="47.502217" lon="11.269616">
        <ele>886.899560</ele>
        <time>2026-08-14T12:22:58.394Z</time>
      </trkpt>
      <trkpt lat="47.501749" lon="11.269841">
        <ele>888.862763</ele>
        <time>2026-08-14T12:23:13.779Z</time>
      </trkpt>
      <trkpt lat="47.501631" lon="11.269852">
        <ele>889.469003</ele>
        <time>2026-08-14T12:23:17.836Z</time>
      </trkpt>
      <trkpt lat="47.501433" lon="11.269798">
        <ele>890.501330</ele>
        <time>2026-08-14T12:23:25.037Z</time>
      </trkpt>
      <trkpt lat="47.501126" lon="11.269588">
        <ele>892.235416</ele>
        <time>2026-08-14T12:23:38.415Z</time>
      </trkpt>
      <trkpt lat="47.500988" lon="11.269491">
        <ele>893.018733</ele>
        <time>2026-08-14T12:23:45.177Z</time>
      </trkpt>
      <trkpt lat="47.500877" lon="11.269456">
        <ele>893.600652</ele>
        <time>2026-08-14T12:23:50.493Z</time>
      </trkpt>
      <trkpt lat="47.500488" lon="11.269585">
        <ele>895.644679</ele>
        <time>2026-08-14T12:24:09.927Z</time>
      </trkpt>
      <trkpt lat="47.500259" lon="11.269600">
        <ele>896.820018</ele>
        <time>2026-08-14T12:24:21.341Z</time>
      </trkpt>
      <trkpt lat="47.500081" lon="11.269573">
        <ele>897.965400</ele>
        <time>2026-08-14T12:24:30.334Z</time>
      </trkpt>
      <trkpt lat="47.499883" lon="11.269493">
        <ele>899.323449</ele>
        <time>2026-08-14T12:24:40.770Z</time>
      </trkpt>
      <trkpt lat="47.499623" lon="11.269331">
        <ele>901.190013</ele>
        <time>2026-08-14T12:24:55.371Z</time>
      </trkpt>
      <trkpt lat="47.499091" lon="11.268771">
        <ele>905.509500</ele>
        <time>2026-08-14T12:25:27.395Z</time>
      </trkpt>
      <trkpt lat="47.498469" lon="11.267876">
        <ele>910.250094</ele>
        <time>2026-08-14T12:26:03.324Z</time>
      </trkpt>
      <trkpt lat="47.497824" lon="11.267172">
        <ele>913.340713</ele>
        <time>2026-08-14T12:26:31.299Z</time>
      </trkpt>
      <trkpt lat="47.497425" lon="11.266822">
        <ele>915.129387</ele>
        <time>2026-08-14T12:26:44.837Z</time>
      </trkpt>
      <trkpt lat="47.496546" lon="11.266115">
        <ele>918.921252</ele>
        <time>2026-08-14T12:27:13.423Z</time>
      </trkpt>
      <trkpt lat="47.496018" lon="11.265642">
        <ele>921.252132</ele>
        <time>2026-08-14T12:27:35.566Z</time>
      </trkpt>
      <trkpt lat="47.495914" lon="11.265538">
        <ele>921.726149</ele>
        <time>2026-08-14T12:27:40.510Z</time>
      </trkpt>
      <trkpt lat="47.495411" lon="11.264885">
        <ele>925.059565</ele>
        <time>2026-08-14T12:28:09.081Z</time>
      </trkpt>
      <trkpt lat="47.495225" lon="11.264766">
        <ele>926.194506</ele>
        <time>2026-08-14T12:28:18.204Z</time>
      </trkpt>
      <trkpt lat="47.494379" lon="11.264343">
        <ele>931.195986</ele>
        <time>2026-08-14T12:28:57.574Z</time>
      </trkpt>
      <trkpt lat="47.493870" lon="11.264147">
        <ele>933.749326</ele>
        <time>2026-08-14T12:29:18.541Z</time>
      </trkpt>
      <trkpt lat="47.493278" lon="11.263985">
        <ele>936.229793</ele>
        <time>2026-08-14T12:29:40.820Z</time>
      </trkpt>
      <trkpt lat="47.492927" lon="11.264045">
        <ele>937.685577</ele>
        <time>2026-08-14T12:29:52.984Z</time>
      </trkpt>
      <trkpt lat="47.492502" lon="11.264237">
        <ele>939.516400</ele>
        <time>2026-08-14T12:30:07.637Z</time>
      </trkpt>
      <trkpt lat="47.492313" lon="11.264251">
        <ele>940.227351</ele>
        <time>2026-08-14T12:30:13.711Z</time>
      </trkpt>
      <trkpt lat="47.490301" lon="11.263705">
        <ele>946.007307</ele>
        <time>2026-08-14T12:31:14.484Z</time>
      </trkpt>
      <trkpt lat="47.489451" lon="11.263467">
        <ele>948.188880</ele>
        <time>2026-08-14T12:31:39.585Z</time>
      </trkpt>
      <trkpt lat="47.488569" lon="11.263212">
        <ele>950.313666</ele>
        <time>2026-08-14T12:32:04.397Z</time>
      </trkpt>
      <trkpt lat="47.488317" lon="11.263178">
        <ele>950.817871</ele>
        <time>2026-08-14T12:32:10.657Z</time>
      </trkpt>
      <trkpt lat="47.488246" lon="11.263187">
        <ele>950.959859</ele>
        <time>2026-08-14T12:32:12.370Z</time>
      </trkpt>
      <trkpt lat="47.487402" lon="11.263374">
        <ele>952.660313</ele>
        <time>2026-08-14T12:32:32.542Z</time>
      </trkpt>
      <trkpt lat="47.487114" lon="11.263390">
        <ele>953.234570</ele>
        <time>2026-08-14T12:32:40.217Z</time>
      </trkpt>
      <trkpt lat="47.486906" lon="11.263329">
        <ele>954.020721</ele>
        <time>2026-08-14T12:32:46.339Z</time>
      </trkpt>
      <trkpt lat="47.486674" lon="11.263148">
        <ele>955.193518</ele>
        <time>2026-08-14T12:32:54.596Z</time>
      </trkpt>
      <trkpt lat="47.486400" lon="11.263067">
        <ele>956.442988</ele>
        <time>2026-08-14T12:33:04.200Z</time>
      </trkpt>
      <trkpt lat="47.485945" lon="11.263119">
        <ele>958.483694</ele>
        <time>2026-08-14T12:33:21.775Z</time>
      </trkpt>
      <trkpt lat="47.483074" lon="11.263836">
        <ele>973.883879</ele>
        <time>2026-08-14T12:35:29.558Z</time>
      </trkpt>
      <trkpt lat="47.482462" lon="11.263980">
        <ele>976.444458</ele>
        <time>2026-08-14T12:35:52.512Z</time>
      </trkpt>
      <trkpt lat="47.481473" lon="11.264065">
        <ele>979.872759</ele>
        <time>2026-08-14T12:36:22.155Z</time>
      </trkpt>
      <trkpt lat="47.478544" lon="11.264264">
        <ele>984.464456</ele>
        <time>2026-08-14T12:37:30.087Z</time>
      </trkpt>
      <trkpt lat="47.477865" lon="11.264392">
        <ele>984.928765</ele>
        <time>2026-08-14T12:37:47.700Z</time>
      </trkpt>
      <trkpt lat="47.477076" lon="11.264590">
        <ele>984.634715</ele>
        <time>2026-08-14T12:38:06.001Z</time>
      </trkpt>
      <trkpt lat="47.476427" lon="11.264754">
        <ele>984.392793</ele>
        <time>2026-08-14T12:38:15.098Z</time>
      </trkpt>
      <trkpt lat="47.475029" lon="11.265843">
        <ele>976.078945</ele>
        <time>2026-08-14T12:38:33.086Z</time>
      </trkpt>
      <trkpt lat="47.474857" lon="11.265942">
        <ele>975.078282</ele>
        <time>2026-08-14T12:38:35.136Z</time>
      </trkpt>
      <trkpt lat="47.474701" lon="11.265968">
        <ele>974.297233</ele>
        <time>2026-08-14T12:38:36.894Z</time>
      </trkpt>
      <trkpt lat="47.474038" lon="11.265550">
        <ele>971.083072</ele>
        <time>2026-08-14T12:38:45.114Z</time>
      </trkpt>
      <trkpt lat="47.473628" lon="11.265058">
        <ele>968.728661</ele>
        <time>2026-08-14T12:38:51.512Z</time>
      </trkpt>
      <trkpt lat="47.473503" lon="11.264993">
        <ele>968.137748</ele>
        <time>2026-08-14T12:38:53.200Z</time>
      </trkpt>
      <trkpt lat="47.473352" lon="11.265006">
        <ele>967.463174</ele>
        <time>2026-08-14T12:38:55.144Z</time>
      </trkpt>
      <trkpt lat="47.473210" lon="11.265065">
        <ele>966.805376</ele>
        <time>2026-08-14T12:38:57.055Z</time>
      </trkpt>
      <trkpt lat="47.472702" lon="11.265362">
        <ele>965.191216</ele>
        <time>2026-08-14T12:39:04.250Z</time>
      </trkpt>
      <trkpt lat="47.472514" lon="11.265427">
        <ele>964.647343</ele>
        <time>2026-08-14T12:39:06.809Z</time>
      </trkpt>
      <trkpt lat="47.472305" lon="11.265433">
        <ele>964.058472</ele>
        <time>2026-08-14T12:39:09.605Z</time>
      </trkpt>
      <trkpt lat="47.469815" lon="11.265206">
        <ele>956.507488</ele>
        <time>2026-08-14T12:39:41.146Z</time>
      </trkpt>
      <trkpt lat="47.469644" lon="11.265244">
        <ele>955.963767</ele>
        <time>2026-08-14T12:39:43.356Z</time>
      </trkpt>
      <trkpt lat="47.469180" lon="11.265500">
        <ele>953.964660</ele>
        <time>2026-08-14T12:39:49.513Z</time>
      </trkpt>
      <trkpt lat="47.468920" lon="11.265542">
        <ele>952.895278</ele>
        <time>2026-08-14T12:39:52.728Z</time>
      </trkpt>
      <trkpt lat="47.468517" lon="11.265543">
        <ele>951.247529</ele>
        <time>2026-08-14T12:39:57.674Z</time>
      </trkpt>
      <trkpt lat="47.468356" lon="11.265534">
        <ele>950.588778</ele>
        <time>2026-08-14T12:39:59.604Z</time>
      </trkpt>
      <trkpt lat="47.468168" lon="11.265452">
        <ele>949.787385</ele>
        <time>2026-08-14T12:40:01.920Z</time>
      </trkpt>
      <trkpt lat="47.468074" lon="11.265363">
        <ele>949.331064</ele>
        <time>2026-08-14T12:40:03.243Z</time>
      </trkpt>
      <trkpt lat="47.467709" lon="11.264872">
        <ele>947.060900</ele>
        <time>2026-08-14T12:40:08.876Z</time>
      </trkpt>
      <trkpt lat="47.466458" lon="11.264988">
        <ele>940.864440</ele>
        <time>2026-08-14T12:40:23.275Z</time>
      </trkpt>
      <trkpt lat="47.465276" lon="11.265107">
        <ele>937.578636</ele>
        <time>2026-08-14T12:40:38.370Z</time>
      </trkpt>
      <trkpt lat="47.464047" lon="11.265368">
        <ele>935.612895</ele>
        <time>2026-08-14T12:40:56.733Z</time>
      </trkpt>
      <trkpt lat="47.461220" lon="11.266313">
        <ele>935.813252</ele>
        <time>2026-08-14T12:41:47.663Z</time>
      </trkpt>
      <trkpt lat="47.460867" lon="11.266400">
        <ele>936.018564</ele>
        <time>2026-08-14T12:41:54.977Z</time>
      </trkpt>
      <trkpt lat="47.460594" lon="11.266383">
        <ele>936.780782</ele>
        <time>2026-08-14T12:42:00.819Z</time>
      </trkpt>
      <trkpt lat="47.460137" lon="11.266236">
        <ele>938.085398</ele>
        <time>2026-08-14T12:42:12.112Z</time>
      </trkpt>
      <trkpt lat="47.459555" lon="11.266220">
        <ele>939.709189</ele>
        <time>2026-08-14T12:42:29.705Z</time>
      </trkpt>
      <trkpt lat="47.459370" lon="11.266127">
        <ele>940.254247</ele>
        <time>2026-08-14T12:42:36.790Z</time>
      </trkpt>
      <trkpt lat="47.458802" lon="11.265741">
        <ele>943.111644</ele>
        <time>2026-08-14T12:43:02.622Z</time>
      </trkpt>
      <trkpt lat="47.458550" lon="11.265672">
        <ele>944.573291</ele>
        <time>2026-08-14T12:43:14.573Z</time>
      </trkpt>
      <trkpt lat="47.458161" lon="11.265564">
        <ele>946.830615</ele>
        <time>2026-08-14T12:43:34.456Z</time>
      </trkpt>
      <trkpt lat="47.458075" lon="11.265462">
        <ele>947.459327</ele>
        <time>2026-08-14T12:43:39.661Z</time>
      </trkpt>
      <trkpt lat="47.457900" lon="11.265482">
        <ele>948.460376</ele>
        <time>2026-08-14T12:43:47.931Z</time>
      </trkpt>
      <trkpt lat="47.457641" lon="11.265510">
        <ele>949.941465</ele>
        <time>2026-08-14T12:43:59.334Z</time>
      </trkpt>
      <trkpt lat="47.457472" lon="11.265633">
        <ele>951.015702</ele>
        <time>2026-08-14T12:44:06.895Z</time>
      </trkpt>
      <trkpt lat="47.457398" lon="11.265770">
        <ele>951.197827</ele>
        <time>2026-08-14T12:44:11.206Z</time>
      </trkpt>
      <trkpt lat="47.457259" lon="11.266027">
        <ele>951.217882</ele>
        <time>2026-08-14T12:44:18.546Z</time>
      </trkpt>
      <trkpt lat="47.456842" lon="11.266592">
        <ele>951.268850</ele>
        <time>2026-08-14T12:44:33.882Z</time>
      </trkpt>
      <trkpt lat="47.456771" lon="11.266688">
        <ele>951.277520</ele>
        <time>2026-08-14T12:44:35.715Z</time>
      </trkpt>
      <trkpt lat="47.456499" lon="11.267103">
        <ele>951.312740</ele>
        <time>2026-08-14T12:44:41.193Z</time>
      </trkpt>
      <trkpt lat="47.456314" lon="11.267157">
        <ele>951.329735</ele>
        <time>2026-08-14T12:44:44.335Z</time>
      </trkpt>
      <trkpt lat="47.456343" lon="11.267296">
        <ele>951.338599</ele>
        <time>2026-08-14T12:44:45.927Z</time>
      </trkpt>
      <trkpt lat="47.456371" lon="11.267436">
        <ele>951.347496</ele>
        <time>2026-08-14T12:44:47.511Z</time>
      </trkpt>
      <trkpt lat="47.456343" lon="11.267517">
        <ele>951.274350</ele>
        <time>2026-08-14T12:44:48.235Z</time>
      </trkpt>
      <trkpt lat="47.456188" lon="11.267993">
        <ele>948.878654</ele>
        <time>2026-08-14T12:44:52.384Z</time>
      </trkpt>
      <trkpt lat="47.456078" lon="11.268198">
        <ele>947.691928</ele>
        <time>2026-08-14T12:44:54.397Z</time>
      </trkpt>
      <trkpt lat="47.455918" lon="11.268349">
        <ele>946.419057</ele>
        <time>2026-08-14T12:44:56.539Z</time>
      </trkpt>
      <trkpt lat="47.455655" lon="11.268457">
        <ele>944.588557</ele>
        <time>2026-08-14T12:44:59.554Z</time>
      </trkpt>
      <trkpt lat="47.455406" lon="11.268634">
        <ele>942.735800</ele>
        <time>2026-08-14T12:45:02.562Z</time>
      </trkpt>
      <trkpt lat="47.455294" lon="11.268790">
        <ele>941.704014</ele>
        <time>2026-08-14T12:45:04.222Z</time>
      </trkpt>
      <trkpt lat="47.454883" lon="11.269542">
        <ele>936.820810</ele>
        <time>2026-08-14T12:45:11.261Z</time>
      </trkpt>
      <trkpt lat="47.454837" lon="11.269628">
        <ele>936.197762</ele>
        <time>2026-08-14T12:45:12.055Z</time>
      </trkpt>
      <trkpt lat="47.454668" lon="11.269938">
        <ele>933.935181</ele>
        <time>2026-08-14T12:45:14.934Z</time>
      </trkpt>
      <trkpt lat="47.454461" lon="11.270228">
        <ele>931.539188</ele>
        <time>2026-08-14T12:45:17.959Z</time>
      </trkpt>
      <trkpt lat="47.454399" lon="11.270316">
        <ele>930.817076</ele>
        <time>2026-08-14T12:45:18.876Z</time>
      </trkpt>
      <trkpt lat="47.454194" lon="11.270459">
        <ele>928.912435</ele>
        <time>2026-08-14T12:45:21.286Z</time>
      </trkpt>
      <trkpt lat="47.453891" lon="11.270476">
        <ele>926.364468</ele>
        <time>2026-08-14T12:45:24.539Z</time>
      </trkpt>
      <trkpt lat="47.453744" lon="11.270378">
        <ele>925.009506</ele>
        <time>2026-08-14T12:45:26.283Z</time>
      </trkpt>
      <trkpt lat="47.453528" lon="11.270112">
        <ele>923.103887</ele>
        <time>2026-08-14T12:45:29.353Z</time>
      </trkpt>
      <trkpt lat="47.453213" lon="11.270031">
        <ele>921.219616</ele>
        <time>2026-08-14T12:45:32.889Z</time>
      </trkpt>
      <trkpt lat="47.453088" lon="11.269934">
        <ele>920.387685</ele>
        <time>2026-08-14T12:45:34.468Z</time>
      </trkpt>
      <trkpt lat="47.452895" lon="11.269678">
        <ele>918.859778</ele>
        <time>2026-08-14T12:45:37.410Z</time>
      </trkpt>
      <trkpt lat="47.452405" lon="11.269123">
        <ele>915.222344</ele>
        <time>2026-08-14T12:45:44.578Z</time>
      </trkpt>
      <trkpt lat="47.452350" lon="11.269078">
        <ele>914.851907</ele>
        <time>2026-08-14T12:45:45.314Z</time>
      </trkpt>
      <trkpt lat="47.451977" lon="11.268770">
        <ele>913.067843</ele>
        <time>2026-08-14T12:45:50.387Z</time>
      </trkpt>
      <trkpt lat="47.451472" lon="11.268100">
        <ele>911.432812</ele>
        <time>2026-08-14T12:45:58.791Z</time>
      </trkpt>
      <trkpt lat="47.450790" lon="11.267086">
        <ele>909.218989</ele>
        <time>2026-08-14T12:46:13.180Z</time>
      </trkpt>
      <trkpt lat="47.450545" lon="11.266763">
        <ele>909.094895</ele>
        <time>2026-08-14T12:46:18.442Z</time>
      </trkpt>
      <trkpt lat="47.450312" lon="11.266531">
        <ele>908.988695</ele>
        <time>2026-08-14T12:46:22.987Z</time>
      </trkpt>
      <trkpt lat="47.450168" lon="11.266432">
        <ele>908.928656</ele>
        <time>2026-08-14T12:46:25.566Z</time>
      </trkpt>
      <trkpt lat="47.450047" lon="11.266394">
        <ele>908.881889</ele>
        <time>2026-08-14T12:46:27.619Z</time>
      </trkpt>
      <trkpt lat="47.449993" lon="11.266427">
        <ele>908.859798</ele>
        <time>2026-08-14T12:46:28.615Z</time>
      </trkpt>
      <trkpt lat="47.449973" lon="11.266456">
        <ele>908.849208</ele>
        <time>2026-08-14T12:46:29.058Z</time>
      </trkpt>
      <trkpt lat="47.449919" lon="11.266683">
        <ele>908.787685</ele>
        <time>2026-08-14T12:46:31.888Z</time>
      </trkpt>
      <trkpt lat="47.449753" lon="11.266636">
        <ele>908.723785</ele>
        <time>2026-08-14T12:46:34.955Z</time>
      </trkpt>
      <trkpt lat="47.449624" lon="11.266600">
        <ele>908.674152</ele>
        <time>2026-08-14T12:46:37.105Z</time>
      </trkpt>
      <trkpt lat="47.449252" lon="11.266513">
        <ele>908.554356</ele>
        <time>2026-08-14T12:46:43.284Z</time>
      </trkpt>
      <trkpt lat="47.448881" lon="11.266433">
        <ele>908.523243</ele>
        <time>2026-08-14T12:46:49.458Z</time>
      </trkpt>
      <trkpt lat="47.448738" lon="11.266452">
        <ele>908.511329</ele>
        <time>2026-08-14T12:46:52.108Z</time>
      </trkpt>
      <trkpt lat="47.448639" lon="11.266721">
        <ele>908.494142</ele>
        <time>2026-08-14T12:46:55.820Z</time>
      </trkpt>
      <trkpt lat="47.448535" lon="11.266920">
        <ele>908.480029</ele>
        <time>2026-08-14T12:46:58.923Z</time>
      </trkpt>
      <trkpt lat="47.448102" lon="11.267389">
        <ele>908.435488</ele>
        <time>2026-08-14T12:47:08.970Z</time>
      </trkpt>
      <trkpt lat="47.447354" lon="11.267502">
        <ele>908.604672</ele>
        <time>2026-08-14T12:47:22.417Z</time>
      </trkpt>
      <trkpt lat="47.447026" lon="11.267474">
        <ele>908.742008</ele>
        <time>2026-08-14T12:47:28.866Z</time>
      </trkpt>
      <trkpt lat="47.446945" lon="11.267502">
        <ele>908.776780</ele>
        <time>2026-08-14T12:47:30.544Z</time>
      </trkpt>
      <trkpt lat="47.446854" lon="11.267717">
        <ele>908.848480</ele>
        <time>2026-08-14T12:47:34.242Z</time>
      </trkpt>
      <trkpt lat="47.446613" lon="11.268456">
        <ele>909.080410</ele>
        <time>2026-08-14T12:47:46.286Z</time>
      </trkpt>
      <trkpt lat="47.446471" lon="11.268862">
        <ele>909.213655</ele>
        <time>2026-08-14T12:47:53.007Z</time>
      </trkpt>
      <trkpt lat="47.446321" lon="11.268692">
        <ele>909.299531</ele>
        <time>2026-08-14T12:47:56.943Z</time>
      </trkpt>
      <trkpt lat="47.445975" lon="11.268680">
        <ele>909.456794</ele>
        <time>2026-08-14T12:48:04.116Z</time>
      </trkpt>
      <trkpt lat="47.445307" lon="11.268576">
        <ele>909.762006</ele>
        <time>2026-08-14T12:48:17.527Z</time>
      </trkpt>
      <trkpt lat="47.444233" lon="11.268130">
        <ele>910.282636</ele>
        <time>2026-08-14T12:48:38.394Z</time>
      </trkpt>
      <trkpt lat="47.443727" lon="11.267857">
        <ele>910.539044</ele>
        <time>2026-08-14T12:48:49.488Z</time>
      </trkpt>
      <trkpt lat="47.443355" lon="11.267708">
        <ele>910.722511</ele>
        <time>2026-08-14T12:48:57.502Z</time>
      </trkpt>
      <trkpt lat="47.442867" lon="11.267535">
        <ele>911.054117</ele>
        <time>2026-08-14T12:49:07.964Z</time>
      </trkpt>
      <trkpt lat="47.441789" lon="11.267209">
        <ele>911.967699</ele>
        <time>2026-08-14T12:49:32.259Z</time>
      </trkpt>
      <trkpt lat="47.441614" lon="11.267157">
        <ele>912.115905</ele>
        <time>2026-08-14T12:49:36.092Z</time>
      </trkpt>
      <trkpt lat="47.441615" lon="11.266928">
        <ele>912.244505</ele>
        <time>2026-08-14T12:49:39.333Z</time>
      </trkpt>
      <trkpt lat="47.441616" lon="11.266808">
        <ele>912.311897</ele>
        <time>2026-08-14T12:49:41.116Z</time>
      </trkpt>
      <trkpt lat="47.441617" lon="11.266636">
        <ele>912.403031</ele>
        <time>2026-08-14T12:49:43.663Z</time>
      </trkpt>
      <trkpt lat="47.441621" lon="11.266292">
        <ele>912.582767</ele>
        <time>2026-08-14T12:49:48.738Z</time>
      </trkpt>
      <trkpt lat="47.441665" lon="11.265763">
        <ele>912.861203</ele>
        <time>2026-08-14T12:49:56.514Z</time>
      </trkpt>
      <trkpt lat="47.441708" lon="11.265395">
        <ele>913.056297</ele>
        <time>2026-08-14T12:50:01.495Z</time>
      </trkpt>
      <trkpt lat="47.441838" lon="11.264388">
        <ele>913.591860</ele>
        <time>2026-08-14T12:50:16.561Z</time>
      </trkpt>
      <trkpt lat="47.441837" lon="11.264056">
        <ele>913.766005</ele>
        <time>2026-08-14T12:50:21.402Z</time>
      </trkpt>
      <trkpt lat="47.441758" lon="11.263811">
        <ele>913.909977</ele>
        <time>2026-08-14T12:50:25.321Z</time>
      </trkpt>
      <trkpt lat="47.441706" lon="11.263651">
        <ele>914.004138</ele>
        <time>2026-08-14T12:50:28.051Z</time>
      </trkpt>
      <trkpt lat="47.441503" lon="11.263311">
        <ele>914.244708</ele>
        <time>2026-08-14T12:50:34.388Z</time>
      </trkpt>
      <trkpt lat="47.441438" lon="11.263182">
        <ele>914.330038</ele>
        <time>2026-08-14T12:50:36.602Z</time>
      </trkpt>
      <trkpt lat="47.441150" lon="11.262774">
        <ele>914.642859</ele>
        <time>2026-08-14T12:50:45.398Z</time>
      </trkpt>
      <trkpt lat="47.441097" lon="11.262711">
        <ele>914.696194</ele>
        <time>2026-08-14T12:50:47.023Z</time>
      </trkpt>
      <trkpt lat="47.441019" lon="11.262622">
        <ele>914.773466</ele>
        <time>2026-08-14T12:50:49.343Z</time>
      </trkpt>
      <trkpt lat="47.440932" lon="11.262537">
        <ele>914.855250</ele>
        <time>2026-08-14T12:50:51.848Z</time>
      </trkpt>
      <trkpt lat="47.440739" lon="11.262341">
        <ele>915.038884</ele>
        <time>2026-08-14T12:50:56.795Z</time>
      </trkpt>
      <trkpt lat="47.440672" lon="11.262274">
        <ele>915.102321</ele>
        <time>2026-08-14T12:50:58.367Z</time>
      </trkpt>
      <trkpt lat="47.440446" lon="11.262044">
        <ele>915.242149</ele>
        <time>2026-08-14T12:51:03.543Z</time>
      </trkpt>
      <trkpt lat="47.440282" lon="11.261878">
        <ele>915.335339</ele>
        <time>2026-08-14T12:51:07.537Z</time>
      </trkpt>
      <trkpt lat="47.440216" lon="11.261811">
        <ele>915.372877</ele>
        <time>2026-08-14T12:51:09.078Z</time>
      </trkpt>
      <trkpt lat="47.440060" lon="11.261648">
        <ele>915.462444</ele>
        <time>2026-08-14T12:51:12.832Z</time>
      </trkpt>
      <trkpt lat="47.439984" lon="11.261511">
        <ele>915.518636</ele>
        <time>2026-08-14T12:51:21.162Z</time>
      </trkpt>
      <trkpt lat="47.439912" lon="11.261383">
        <ele>915.571432</ele>
        <time>2026-08-14T12:51:28.979Z</time>
      </trkpt>
      <trkpt lat="47.439865" lon="11.261343">
        <ele>915.596860</ele>
        <time>2026-08-14T12:51:30.009Z</time>
      </trkpt>
      <trkpt lat="47.439756" lon="11.261251">
        <ele>915.655709</ele>
        <time>2026-08-14T12:51:32.656Z</time>
      </trkpt>
      <trkpt lat="47.439510" lon="11.261027">
        <ele>915.791174</ele>
        <time>2026-08-14T12:51:38.673Z</time>
      </trkpt>
      <trkpt lat="47.439217" lon="11.260759">
        <ele>915.952720</ele>
        <time>2026-08-14T12:51:45.249Z</time>
      </trkpt>
      <trkpt lat="47.439025" lon="11.260549">
        <ele>916.114648</ele>
        <time>2026-08-14T12:51:50.058Z</time>
      </trkpt>
      <trkpt lat="47.438894" lon="11.260474">
        <ele>916.216580</ele>
        <time>2026-08-14T12:51:52.858Z</time>
      </trkpt>
      <trkpt lat="47.438792" lon="11.260413">
        <ele>916.296416</ele>
        <time>2026-08-14T12:51:55.047Z</time>
      </trkpt>
      <trkpt lat="47.438471" lon="11.260243">
        <ele>916.543825</ele>
        <time>2026-08-14T12:52:02.194Z</time>
      </trkpt>
      <trkpt lat="47.438380" lon="11.260195">
        <ele>916.613931</ele>
        <time>2026-08-14T12:52:04.196Z</time>
      </trkpt>
      <trkpt lat="47.438073" lon="11.260106">
        <ele>916.840932</ele>
        <time>2026-08-14T12:52:11.343Z</time>
      </trkpt>
      <trkpt lat="47.438061" lon="11.260105">
        <ele>916.849653</ele>
        <time>2026-08-14T12:52:11.631Z</time>
      </trkpt>
      <trkpt lat="47.437689" lon="11.260057">
        <ele>917.120601</ele>
        <time>2026-08-14T12:52:20.118Z</time>
      </trkpt>
      <trkpt lat="47.437088" lon="11.259979">
        <ele>917.530232</ele>
        <time>2026-08-14T12:52:32.886Z</time>
      </trkpt>
      <trkpt lat="47.436710" lon="11.259830">
        <ele>917.785551</ele>
        <time>2026-08-14T12:52:40.855Z</time>
      </trkpt>
      <trkpt lat="47.436451" lon="11.259731">
        <ele>917.960145</ele>
        <time>2026-08-14T12:52:46.547Z</time>
      </trkpt>
      <trkpt lat="47.436010" lon="11.259570">
        <ele>918.256609</ele>
        <time>2026-08-14T12:52:56.216Z</time>
      </trkpt>
      <trkpt lat="47.435896" lon="11.259555">
        <ele>918.331305</ele>
        <time>2026-08-14T12:52:58.523Z</time>
      </trkpt>
      <trkpt lat="47.435784" lon="11.259552">
        <ele>918.404413</ele>
        <time>2026-08-14T12:53:00.683Z</time>
      </trkpt>
      <trkpt lat="47.435596" lon="11.259651">
        <ele>918.482397</ele>
        <time>2026-08-14T12:53:04.332Z</time>
      </trkpt>
      <trkpt lat="47.435293" lon="11.259899">
        <ele>918.564737</ele>
        <time>2026-08-14T12:53:11.177Z</time>
      </trkpt>
      <trkpt lat="47.435136" lon="11.259962">
        <ele>918.603413</ele>
        <time>2026-08-14T12:53:14.812Z</time>
      </trkpt>
      <trkpt lat="47.434964" lon="11.259966">
        <ele>918.644310</ele>
        <time>2026-08-14T12:53:18.601Z</time>
      </trkpt>
      <trkpt lat="47.434610" lon="11.259888">
        <ele>918.729401</ele>
        <time>2026-08-14T12:53:25.429Z</time>
      </trkpt>
      <trkpt lat="47.434305" lon="11.259804">
        <ele>918.803161</ele>
        <time>2026-08-14T12:53:30.766Z</time>
      </trkpt>
      <trkpt lat="47.434049" lon="11.259736">
        <ele>918.864998</ele>
        <time>2026-08-14T12:53:35.303Z</time>
      </trkpt>
      <trkpt lat="47.433859" lon="11.259686">
        <ele>918.849096</ele>
        <time>2026-08-14T12:53:38.618Z</time>
      </trkpt>
      <trkpt lat="47.433600" lon="11.259671">
        <ele>918.787161</ele>
        <time>2026-08-14T12:53:43.078Z</time>
      </trkpt>
      <trkpt lat="47.433493" lon="11.259703">
        <ele>918.761076</ele>
        <time>2026-08-14T12:53:44.870Z</time>
      </trkpt>
      <trkpt lat="47.433440" lon="11.259719">
        <ele>918.748151</ele>
        <time>2026-08-14T12:53:45.830Z</time>
      </trkpt>
      <trkpt lat="47.433409" lon="11.259731">
        <ele>918.740494</ele>
        <time>2026-08-14T12:53:46.365Z</time>
      </trkpt>
      <trkpt lat="47.433286" lon="11.259802">
        <ele>918.708942</ele>
        <time>2026-08-14T12:53:48.512Z</time>
      </trkpt>
      <trkpt lat="47.433106" lon="11.259988">
        <ele>918.656466</ele>
        <time>2026-08-14T12:53:51.940Z</time>
      </trkpt>
      <trkpt lat="47.432997" lon="11.260127">
        <ele>918.622070</ele>
        <time>2026-08-14T12:53:54.096Z</time>
      </trkpt>
      <trkpt lat="47.432814" lon="11.260015">
        <ele>918.574743</ele>
        <time>2026-08-14T12:53:57.112Z</time>
      </trkpt>
      <trkpt lat="47.431964" lon="11.259762">
        <ele>918.589679</ele>
        <time>2026-08-14T12:54:12.854Z</time>
      </trkpt>
      <trkpt lat="47.431636" lon="11.259488">
        <ele>918.741369</ele>
        <time>2026-08-14T12:54:19.359Z</time>
      </trkpt>
      <trkpt lat="47.431378" lon="11.259436">
        <ele>918.846208</ele>
        <time>2026-08-14T12:54:24.053Z</time>
      </trkpt>
      <trkpt lat="47.431038" lon="11.259573">
        <ele>918.988096</ele>
        <time>2026-08-14T12:54:30.867Z</time>
      </trkpt>
      <trkpt lat="47.430758" lon="11.259744">
        <ele>919.110075</ele>
        <time>2026-08-14T12:54:37.197Z</time>
      </trkpt>
      <trkpt lat="47.430109" lon="11.259853">
        <ele>919.632093</ele>
        <time>2026-08-14T12:54:51.313Z</time>
      </trkpt>
      <trkpt lat="47.429062" lon="11.260072">
        <ele>920.613177</ele>
        <time>2026-08-14T12:55:16.100Z</time>
      </trkpt>
      <trkpt lat="47.428911" lon="11.260106">
        <ele>920.754891</ele>
        <time>2026-08-14T12:55:19.351Z</time>
      </trkpt>
      <trkpt lat="47.428821" lon="11.260126">
        <ele>920.839331</ele>
        <time>2026-08-14T12:55:21.273Z</time>
      </trkpt>
      <trkpt lat="47.428794" lon="11.260128">
        <ele>920.867546</ele>
        <time>2026-08-14T12:55:21.849Z</time>
      </trkpt>
      <trkpt lat="47.428735" lon="11.259609">
        <ele>921.246784</ele>
        <time>2026-08-14T12:55:29.360Z</time>
      </trkpt>
      <trkpt lat="47.428721" lon="11.259516">
        <ele>921.315439</ele>
        <time>2026-08-14T12:55:30.719Z</time>
      </trkpt>
      <trkpt lat="47.428660" lon="11.259319">
        <ele>921.471562</ele>
        <time>2026-08-14T12:55:33.756Z</time>
      </trkpt>
      <trkpt lat="47.428509" lon="11.259180">
        <ele>921.661044</ele>
        <time>2026-08-14T12:55:37.465Z</time>
      </trkpt>
      <trkpt lat="47.427864" lon="11.258919">
        <ele>922.373367</ele>
        <time>2026-08-14T12:55:52.250Z</time>
      </trkpt>
      <trkpt lat="47.427601" lon="11.258841">
        <ele>922.659094</ele>
        <time>2026-08-14T12:55:58.460Z</time>
      </trkpt>
      <trkpt lat="47.427245" lon="11.258679">
        <ele>923.062592</ele>
        <time>2026-08-14T12:56:07.112Z</time>
      </trkpt>
      <trkpt lat="47.426832" lon="11.258472">
        <ele>923.537651</ele>
        <time>2026-08-14T12:56:17.026Z</time>
      </trkpt>
      <trkpt lat="47.426628" lon="11.258329">
        <ele>923.783600</ele>
        <time>2026-08-14T12:56:22.051Z</time>
      </trkpt>
      <trkpt lat="47.425193" lon="11.257832">
        <ele>925.348477</ele>
        <time>2026-08-14T12:56:53.448Z</time>
      </trkpt>
      <trkpt lat="47.424525" lon="11.257397">
        <ele>926.095433</ele>
        <time>2026-08-14T12:57:09.311Z</time>
      </trkpt>
      <trkpt lat="47.424442" lon="11.257346">
        <ele>926.187412</ele>
        <time>2026-08-14T12:57:11.245Z</time>
      </trkpt>
      <trkpt lat="47.423911" lon="11.256995">
        <ele>926.777998</ele>
        <time>2026-08-14T12:57:25.183Z</time>
      </trkpt>
      <trkpt lat="47.423605" lon="11.256797">
        <ele>927.112719</ele>
        <time>2026-08-14T12:57:33.145Z</time>
      </trkpt>
      <trkpt lat="47.423090" lon="11.256562">
        <ele>927.652806</ele>
        <time>2026-08-14T12:57:45.949Z</time>
      </trkpt>
      <trkpt lat="47.422521" lon="11.256385">
        <ele>928.235460</ele>
        <time>2026-08-14T12:57:59.666Z</time>
      </trkpt>
      <trkpt lat="47.422410" lon="11.256307">
        <ele>928.358618</ele>
        <time>2026-08-14T12:58:02.582Z</time>
      </trkpt>
      <trkpt lat="47.422166" lon="11.255970">
        <ele>928.613381</ele>
        <time>2026-08-14T12:58:10.538Z</time>
      </trkpt>
      <trkpt lat="47.422060" lon="11.255873">
        <ele>928.708246</ele>
        <time>2026-08-14T12:58:13.460Z</time>
      </trkpt>
      <trkpt lat="47.421780" lon="11.255718">
        <ele>928.935757</ele>
        <time>2026-08-14T12:58:20.278Z</time>
      </trkpt>
      <trkpt lat="47.421666" lon="11.255693">
        <ele>929.023451</ele>
        <time>2026-08-14T12:58:22.814Z</time>
      </trkpt>
      <trkpt lat="47.421381" lon="11.255720">
        <ele>929.240757</ele>
        <time>2026-08-14T12:58:28.991Z</time>
      </trkpt>
      <trkpt lat="47.421202" lon="11.255701">
        <ele>929.377312</ele>
        <time>2026-08-14T12:58:32.784Z</time>
      </trkpt>
      <trkpt lat="47.420545" lon="11.255529">
        <ele>930.142313</ele>
        <time>2026-08-14T12:58:47.047Z</time>
      </trkpt>
      <trkpt lat="47.419908" lon="11.255442">
        <ele>931.436743</ele>
        <time>2026-08-14T12:59:03.341Z</time>
      </trkpt>
      <trkpt lat="47.419368" lon="11.255116">
        <ele>932.617050</ele>
        <time>2026-08-14T12:59:21.882Z</time>
      </trkpt>
      <trkpt lat="47.418940" lon="11.254535">
        <ele>933.543573</ele>
        <time>2026-08-14T12:59:41.656Z</time>
      </trkpt>
      <trkpt lat="47.418797" lon="11.254410">
        <ele>933.681806</ele>
        <time>2026-08-14T12:59:46.982Z</time>
      </trkpt>
      <trkpt lat="47.418614" lon="11.254346">
        <ele>933.838271</ele>
        <time>2026-08-14T12:59:52.655Z</time>
      </trkpt>
      <trkpt lat="47.418188" lon="11.254354">
        <ele>934.192741</ele>
        <time>2026-08-14T13:00:03.069Z</time>
      </trkpt>
      <trkpt lat="47.417493" lon="11.254288">
        <ele>934.772188</ele>
        <time>2026-08-14T13:00:15.516Z</time>
      </trkpt>
      <trkpt lat="47.417353" lon="11.254402">
        <ele>934.837425</ele>
        <time>2026-08-14T13:00:18.216Z</time>
      </trkpt>
      <trkpt lat="47.417245" lon="11.254497">
        <ele>934.761524</ele>
        <time>2026-08-14T13:00:20.308Z</time>
      </trkpt>
      <trkpt lat="47.417024" lon="11.254622">
        <ele>934.618618</ele>
        <time>2026-08-14T13:00:24.197Z</time>
      </trkpt>
      <trkpt lat="47.416576" lon="11.254745">
        <ele>934.343435</ele>
        <time>2026-08-14T13:00:31.836Z</time>
      </trkpt>
      <trkpt lat="47.416428" lon="11.254968">
        <ele>934.215791</ele>
        <time>2026-08-14T13:00:35.545Z</time>
      </trkpt>
      <trkpt lat="47.416279" lon="11.255057">
        <ele>934.118735</ele>
        <time>2026-08-14T13:00:38.603Z</time>
      </trkpt>
      <trkpt lat="47.415811" lon="11.255096">
        <ele>933.835655</ele>
        <time>2026-08-14T13:00:48.467Z</time>
      </trkpt>
      <trkpt lat="47.415707" lon="11.255105">
        <ele>933.793044</ele>
        <time>2026-08-14T13:00:50.806Z</time>
      </trkpt>
      <trkpt lat="47.415342" lon="11.255011">
        <ele>934.222374</ele>
        <time>2026-08-14T13:00:59.479Z</time>
      </trkpt>
      <trkpt lat="47.415096" lon="11.255116">
        <ele>934.519087</ele>
        <time>2026-08-14T13:01:05.754Z</time>
      </trkpt>
      <trkpt lat="47.414914" lon="11.255134">
        <ele>934.730457</ele>
        <time>2026-08-14T13:01:10.373Z</time>
      </trkpt>
      <trkpt lat="47.414607" lon="11.255152">
        <ele>935.086484</ele>
        <time>2026-08-14T13:01:18.385Z</time>
      </trkpt>
      <trkpt lat="47.414278" lon="11.255014">
        <ele>935.482783</ele>
        <time>2026-08-14T13:01:27.533Z</time>
      </trkpt>
      <trkpt lat="47.413881" lon="11.255094">
        <ele>935.936896</ele>
        <time>2026-08-14T13:01:38.296Z</time>
      </trkpt>
      <trkpt lat="47.413625" lon="11.255093">
        <ele>936.197218</ele>
        <time>2026-08-14T13:01:45.223Z</time>
      </trkpt>
      <trkpt lat="47.413317" lon="11.255039">
        <ele>936.512614</ele>
        <time>2026-08-14T13:01:53.326Z</time>
      </trkpt>
      <trkpt lat="47.413114" lon="11.254883">
        <ele>936.745284</ele>
        <time>2026-08-14T13:01:59.092Z</time>
      </trkpt>
      <trkpt lat="47.413049" lon="11.254902">
        <ele>936.812662</ele>
        <time>2026-08-14T13:02:00.718Z</time>
      </trkpt>
      <trkpt lat="47.412923" lon="11.255031">
        <ele>936.968535</ele>
        <time>2026-08-14T13:02:04.379Z</time>
      </trkpt>
      <trkpt lat="47.412825" lon="11.255017">
        <ele>937.068654</ele>
        <time>2026-08-14T13:02:06.618Z</time>
      </trkpt>
      <trkpt lat="47.412753" lon="11.254962">
        <ele>937.151073</ele>
        <time>2026-08-14T13:02:08.435Z</time>
      </trkpt>
      <trkpt lat="47.412522" lon="11.254781">
        <ele>937.416951</ele>
        <time>2026-08-14T13:02:14.172Z</time>
      </trkpt>
      <trkpt lat="47.412303" lon="11.254667">
        <ele>937.653061</ele>
        <time>2026-08-14T13:02:19.094Z</time>
      </trkpt>
      <trkpt lat="47.411633" lon="11.254589">
        <ele>938.089457</ele>
        <time>2026-08-14T13:02:33.305Z</time>
      </trkpt>
      <trkpt lat="47.411192" lon="11.254690">
        <ele>938.369065</ele>
        <time>2026-08-14T13:02:42.960Z</time>
      </trkpt>
      <trkpt lat="47.411070" lon="11.254689">
        <ele>938.445505</ele>
        <time>2026-08-14T13:02:45.652Z</time>
      </trkpt>
      <trkpt lat="47.410951" lon="11.254670">
        <ele>938.520498</ele>
        <time>2026-08-14T13:02:48.302Z</time>
      </trkpt>
      <trkpt lat="47.410606" lon="11.254697">
        <ele>938.736961</ele>
        <time>2026-08-14T13:02:56.164Z</time>
      </trkpt>
      <trkpt lat="47.410353" lon="11.254872">
        <ele>938.930276</ele>
        <time>2026-08-14T13:03:02.677Z</time>
      </trkpt>
      <trkpt lat="47.409692" lon="11.255204">
        <ele>939.454560</ele>
        <time>2026-08-14T13:03:18.902Z</time>
      </trkpt>
      <trkpt lat="47.409370" lon="11.255553">
        <ele>939.754449</ele>
        <time>2026-08-14T13:03:27.625Z</time>
      </trkpt>
      <trkpt lat="47.409119" lon="11.255732">
        <ele>939.963747</ele>
        <time>2026-08-14T13:03:33.664Z</time>
      </trkpt>
      <trkpt lat="47.408833" lon="11.256021">
        <ele>940.224374</ele>
        <time>2026-08-14T13:03:41.297Z</time>
      </trkpt>
      <trkpt lat="47.408790" lon="11.256103">
        <ele>940.277520</ele>
        <time>2026-08-14T13:03:42.870Z</time>
      </trkpt>
      <trkpt lat="47.408684" lon="11.256317">
        <ele>940.413386</ele>
        <time>2026-08-14T13:03:46.876Z</time>
      </trkpt>
      <trkpt lat="47.408471" lon="11.256451">
        <ele>940.588638</ele>
        <time>2026-08-14T13:03:52.151Z</time>
      </trkpt>
      <trkpt lat="47.408277" lon="11.256622">
        <ele>940.759646</ele>
        <time>2026-08-14T13:03:57.382Z</time>
      </trkpt>
      <trkpt lat="47.407751" lon="11.257250">
        <ele>941.271582</ele>
        <time>2026-08-14T13:04:13.037Z</time>
      </trkpt>
      <trkpt lat="47.407330" lon="11.257474">
        <ele>941.595483</ele>
        <time>2026-08-14T13:04:23.260Z</time>
      </trkpt>
      <trkpt lat="47.406650" lon="11.258266">
        <ele>942.126420</ele>
        <time>2026-08-14T13:04:41.823Z</time>
      </trkpt>
      <trkpt lat="47.406568" lon="11.258393">
        <ele>942.199263</ele>
        <time>2026-08-14T13:04:44.303Z</time>
      </trkpt>
      <trkpt lat="47.406450" lon="11.258473">
        <ele>942.278873</ele>
        <time>2026-08-14T13:04:47.025Z</time>
      </trkpt>
      <trkpt lat="47.406331" lon="11.258500">
        <ele>942.352698</ele>
        <time>2026-08-14T13:04:49.569Z</time>
      </trkpt>
      <trkpt lat="47.406228" lon="11.258604">
        <ele>942.429195</ele>
        <time>2026-08-14T13:04:52.234Z</time>
      </trkpt>
      <trkpt lat="47.406062" lon="11.258774">
        <ele>942.553044</ele>
        <time>2026-08-14T13:04:56.575Z</time>
      </trkpt>
      <trkpt lat="47.405588" lon="11.258903">
        <ele>943.094712</ele>
        <time>2026-08-14T13:05:07.510Z</time>
      </trkpt>
      <trkpt lat="47.405301" lon="11.259341">
        <ele>943.639455</ele>
        <time>2026-08-14T13:05:17.750Z</time>
      </trkpt>
      <trkpt lat="47.404789" lon="11.259602">
        <ele>944.354518</ele>
        <time>2026-08-14T13:05:32.448Z</time>
      </trkpt>
      <trkpt lat="47.404392" lon="11.260049">
        <ele>945.011667</ele>
        <time>2026-08-14T13:05:45.817Z</time>
      </trkpt>
      <trkpt lat="47.404009" lon="11.260067">
        <ele>945.269027</ele>
        <time>2026-08-14T13:05:55.440Z</time>
      </trkpt>
      <trkpt lat="47.403724" lon="11.260207">
        <ele>945.470740</ele>
        <time>2026-08-14T13:06:02.525Z</time>
      </trkpt>
      <trkpt lat="47.403133" lon="11.260572">
        <ele>945.900948</ele>
        <time>2026-08-14T13:06:16.249Z</time>
      </trkpt>
      <trkpt lat="47.402679" lon="11.260640">
        <ele>946.207425</ele>
        <time>2026-08-14T13:06:24.900Z</time>
      </trkpt>
      <trkpt lat="47.402346" lon="11.260967">
        <ele>946.378088</ele>
        <time>2026-08-14T13:06:32.412Z</time>
      </trkpt>
      <trkpt lat="47.401914" lon="11.261503">
        <ele>946.613337</ele>
        <time>2026-08-14T13:06:43.861Z</time>
      </trkpt>
      <trkpt lat="47.401755" lon="11.261683">
        <ele>946.696870</ele>
        <time>2026-08-14T13:06:48.139Z</time>
      </trkpt>
      <trkpt lat="47.401538" lon="11.261797">
        <ele>946.792912</ele>
        <time>2026-08-14T13:06:53.129Z</time>
      </trkpt>
      <trkpt lat="47.401483" lon="11.261817">
        <ele>946.816533</ele>
        <time>2026-08-14T13:06:54.372Z</time>
      </trkpt>
      <trkpt lat="47.401393" lon="11.261848">
        <ele>946.855070</ele>
        <time>2026-08-14T13:06:56.382Z</time>
      </trkpt>
      <trkpt lat="47.401307" lon="11.262000">
        <ele>946.910989</ele>
        <time>2026-08-14T13:06:59.314Z</time>
      </trkpt>
      <trkpt lat="47.401131" lon="11.262090">
        <ele>947.080006</ele>
        <time>2026-08-14T13:07:03.515Z</time>
      </trkpt>
      <trkpt lat="47.400900" lon="11.262361">
        <ele>947.742601</ele>
        <time>2026-08-14T13:07:10.633Z</time>
      </trkpt>
      <trkpt lat="47.400666" lon="11.262483">
        <ele>948.300009</ele>
        <time>2026-08-14T13:07:17.150Z</time>
      </trkpt>
      <trkpt lat="47.400382" lon="11.262512">
        <ele>948.939483</ele>
        <time>2026-08-14T13:07:25.047Z</time>
      </trkpt>
      <trkpt lat="47.400064" lon="11.262678">
        <ele>949.697090</ele>
        <time>2026-08-14T13:07:35.350Z</time>
      </trkpt>
      <trkpt lat="47.399671" lon="11.262864">
        <ele>950.624084</ele>
        <time>2026-08-14T13:07:50.092Z</time>
      </trkpt>
      <trkpt lat="47.399575" lon="11.262875">
        <ele>950.840378</ele>
        <time>2026-08-14T13:07:53.708Z</time>
      </trkpt>
      <trkpt lat="47.399504" lon="11.262940">
        <ele>951.024245</ele>
        <time>2026-08-14T13:07:56.906Z</time>
      </trkpt>
      <trkpt lat="47.399425" lon="11.263108">
        <ele>951.276390</ele>
        <time>2026-08-14T13:08:02.156Z</time>
      </trkpt>
      <trkpt lat="47.399240" lon="11.263296">
        <ele>951.685280</ele>
        <time>2026-08-14T13:08:09.900Z</time>
      </trkpt>
      <trkpt lat="47.399180" lon="11.263386">
        <ele>951.840986</ele>
        <time>2026-08-14T13:08:12.556Z</time>
      </trkpt>
      <trkpt lat="47.398930" lon="11.264129">
        <ele>952.863729</ele>
        <time>2026-08-14T13:08:27.341Z</time>
      </trkpt>
      <trkpt lat="47.398833" lon="11.264304">
        <ele>953.142532</ele>
        <time>2026-08-14T13:08:31.111Z</time>
      </trkpt>
      <trkpt lat="47.398726" lon="11.264601">
        <ele>953.557245</ele>
        <time>2026-08-14T13:08:36.607Z</time>
      </trkpt>
      <trkpt lat="47.398623" lon="11.264748">
        <ele>953.818036</ele>
        <time>2026-08-14T13:08:40.124Z</time>
      </trkpt>
      <trkpt lat="47.398558" lon="11.264793">
        <ele>953.948753</ele>
        <time>2026-08-14T13:08:41.780Z</time>
      </trkpt>
      <trkpt lat="47.398385" lon="11.264836">
        <ele>954.268214</ele>
        <time>2026-08-14T13:08:45.848Z</time>
      </trkpt>
      <trkpt lat="47.398286" lon="11.264911">
        <ele>954.364736</ele>
        <time>2026-08-14T13:08:48.335Z</time>
      </trkpt>
      <trkpt lat="47.398125" lon="11.264960">
        <ele>954.494573</ele>
        <time>2026-08-14T13:08:51.956Z</time>
      </trkpt>
      <trkpt lat="47.397890" lon="11.264961">
        <ele>954.680188</ele>
        <time>2026-08-14T13:08:56.606Z</time>
      </trkpt>
      <trkpt lat="47.397773" lon="11.265028">
        <ele>954.779301</ele>
        <time>2026-08-14T13:08:58.921Z</time>
      </trkpt>
      <trkpt lat="47.397620" lon="11.265126">
        <ele>954.911018</ele>
        <time>2026-08-14T13:09:02.207Z</time>
      </trkpt>
      <trkpt lat="47.397466" lon="11.265225">
        <ele>955.043672</ele>
        <time>2026-08-14T13:09:05.991Z</time>
      </trkpt>
      <trkpt lat="47.397092" lon="11.265494">
        <ele>955.372228</ele>
        <time>2026-08-14T13:09:15.941Z</time>
      </trkpt>
      <trkpt lat="47.396756" lon="11.265932">
        <ele>955.727010</ele>
        <time>2026-08-14T13:09:27.520Z</time>
      </trkpt>
      <trkpt lat="47.396732" lon="11.266003">
        <ele>955.771067</ele>
        <time>2026-08-14T13:09:28.808Z</time>
      </trkpt>
      <trkpt lat="47.396695" lon="11.266104">
        <ele>955.834821</ele>
        <time>2026-08-14T13:09:30.638Z</time>
      </trkpt>
      <trkpt lat="47.396582" lon="11.266339">
        <ele>955.994845</ele>
        <time>2026-08-14T13:09:38.483Z</time>
      </trkpt>
      <trkpt lat="47.396514" lon="11.266439">
        <ele>956.073534</ele>
        <time>2026-08-14T13:09:40.457Z</time>
      </trkpt>
      <trkpt lat="47.396412" lon="11.266452">
        <ele>956.157496</ele>
        <time>2026-08-14T13:09:42.482Z</time>
      </trkpt>
      <trkpt lat="47.396372" lon="11.266412">
        <ele>956.197109</ele>
        <time>2026-08-14T13:09:43.454Z</time>
      </trkpt>
      <trkpt lat="47.396263" lon="11.266142">
        <ele>956.371631</ele>
        <time>2026-08-14T13:09:47.393Z</time>
      </trkpt>
      <trkpt lat="47.396182" lon="11.266100">
        <ele>956.442033</ele>
        <time>2026-08-14T13:09:49.059Z</time>
      </trkpt>
      <trkpt lat="47.395999" lon="11.266131">
        <ele>956.593096</ele>
        <time>2026-08-14T13:09:52.592Z</time>
      </trkpt>
      <trkpt lat="47.395787" lon="11.266187">
        <ele>956.769717</ele>
        <time>2026-08-14T13:09:56.793Z</time>
      </trkpt>
      <trkpt lat="47.395436" lon="11.266264">
        <ele>957.060731</ele>
        <time>2026-08-14T13:10:04.667Z</time>
      </trkpt>
      <trkpt lat="47.395252" lon="11.266297">
        <ele>957.218059</ele>
        <time>2026-08-14T13:10:08.774Z</time>
      </trkpt>
      <trkpt lat="47.395024" lon="11.266414">
        <ele>957.447420</ele>
        <time>2026-08-14T13:10:13.956Z</time>
      </trkpt>
      <trkpt lat="47.394963" lon="11.266483">
        <ele>957.520428</ele>
        <time>2026-08-14T13:10:15.664Z</time>
      </trkpt>
      <trkpt lat="47.394876" lon="11.266511">
        <ele>957.605041</ele>
        <time>2026-08-14T13:10:17.668Z</time>
      </trkpt>
      <trkpt lat="47.394851" lon="11.266518">
        <ele>957.629220</ele>
        <time>2026-08-14T13:10:18.264Z</time>
      </trkpt>
      <trkpt lat="47.394738" lon="11.266512">
        <ele>957.736670</ele>
        <time>2026-08-14T13:10:20.778Z</time>
      </trkpt>
      <trkpt lat="47.394538" lon="11.266587">
        <ele>957.932751</ele>
        <time>2026-08-14T13:10:25.129Z</time>
      </trkpt>
      <trkpt lat="47.394512" lon="11.266589">
        <ele>957.957492</ele>
        <time>2026-08-14T13:10:25.702Z</time>
      </trkpt>
      <trkpt lat="47.394231" lon="11.266580">
        <ele>958.224579</ele>
        <time>2026-08-14T13:10:31.424Z</time>
      </trkpt>
      <trkpt lat="47.394023" lon="11.266562">
        <ele>958.422574</ele>
        <time>2026-08-14T13:10:35.758Z</time>
      </trkpt>
      <trkpt lat="47.393737" lon="11.266486">
        <ele>958.698712</ele>
        <time>2026-08-14T13:10:42.284Z</time>
      </trkpt>
      <trkpt lat="47.393505" lon="11.266382">
        <ele>958.930448</ele>
        <time>2026-08-14T13:10:47.994Z</time>
      </trkpt>
      <trkpt lat="47.393374" lon="11.266317">
        <ele>959.066111</ele>
        <time>2026-08-14T13:10:51.219Z</time>
      </trkpt>
      <trkpt lat="47.393020" lon="11.266124">
        <ele>959.436545</ele>
        <time>2026-08-14T13:11:00.032Z</time>
      </trkpt>
      <trkpt lat="47.392882" lon="11.266048">
        <ele>959.581127</ele>
        <time>2026-08-14T13:11:03.464Z</time>
      </trkpt>
      <trkpt lat="47.392627" lon="11.265909">
        <ele>959.847960</ele>
        <time>2026-08-14T13:11:09.453Z</time>
      </trkpt>
      <trkpt lat="47.392327" lon="11.265746">
        <ele>960.161759</ele>
        <time>2026-08-14T13:11:16.678Z</time>
      </trkpt>
      <trkpt lat="47.392198" lon="11.265674">
        <ele>960.297136</ele>
        <time>2026-08-14T13:11:19.813Z</time>
      </trkpt>
      <trkpt lat="47.392149" lon="11.265647">
        <ele>960.348477</ele>
        <time>2026-08-14T13:11:20.990Z</time>
      </trkpt>
      <trkpt lat="47.392070" lon="11.265605">
        <ele>960.430901</ele>
        <time>2026-08-14T13:11:22.849Z</time>
      </trkpt>
      <trkpt lat="47.391965" lon="11.265548">
        <ele>960.540719</ele>
        <time>2026-08-14T13:11:25.358Z</time>
      </trkpt>
      <trkpt lat="47.391363" lon="11.265199">
        <ele>961.048190</ele>
        <time>2026-08-14T13:11:38.650Z</time>
      </trkpt>
      <trkpt lat="47.390952" lon="11.264964">
        <ele>961.375140</ele>
        <time>2026-08-14T13:11:47.565Z</time>
      </trkpt>
      <trkpt lat="47.390636" lon="11.264786">
        <ele>961.626034</ele>
        <time>2026-08-14T13:11:54.835Z</time>
      </trkpt>
      <trkpt lat="47.390534" lon="11.264733">
        <ele>961.706249</ele>
        <time>2026-08-14T13:11:57.234Z</time>
      </trkpt>
      <trkpt lat="47.390315" lon="11.264668">
        <ele>961.871964</ele>
        <time>2026-08-14T13:12:02.157Z</time>
      </trkpt>
      <trkpt lat="47.390153" lon="11.264664">
        <ele>961.994766</ele>
        <time>2026-08-14T13:12:05.694Z</time>
      </trkpt>
      <trkpt lat="47.390121" lon="11.264667">
        <ele>962.035337</ele>
        <time>2026-08-14T13:12:06.397Z</time>
      </trkpt>
      <trkpt lat="47.389609" lon="11.264836">
        <ele>962.699146</ele>
        <time>2026-08-14T13:12:17.847Z</time>
      </trkpt>
      <trkpt lat="47.389401" lon="11.264838">
        <ele>962.962333</ele>
        <time>2026-08-14T13:12:22.794Z</time>
      </trkpt>
      <trkpt lat="47.389321" lon="11.264810">
        <ele>963.066360</ele>
        <time>2026-08-14T13:12:24.858Z</time>
      </trkpt>
      <trkpt lat="47.389273" lon="11.264789">
        <ele>963.129702</ele>
        <time>2026-08-14T13:12:26.203Z</time>
      </trkpt>
      <trkpt lat="47.389112" lon="11.264659">
        <ele>963.361866</ele>
        <time>2026-08-14T13:12:31.144Z</time>
      </trkpt>
      <trkpt lat="47.389027" lon="11.264548">
        <ele>963.505422</ele>
        <time>2026-08-14T13:12:34.404Z</time>
      </trkpt>
      <trkpt lat="47.389011" lon="11.264522">
        <ele>963.535520</ele>
        <time>2026-08-14T13:12:35.029Z</time>
      </trkpt>
      <trkpt lat="47.388960" lon="11.264416">
        <ele>963.646916</ele>
        <time>2026-08-14T13:12:37.369Z</time>
      </trkpt>
      <trkpt lat="47.388832" lon="11.264043">
        <ele>964.005141</ele>
        <time>2026-08-14T13:12:44.518Z</time>
      </trkpt>
      <trkpt lat="47.388812" lon="11.263972">
        <ele>964.071016</ele>
        <time>2026-08-14T13:12:45.798Z</time>
      </trkpt>
      <trkpt lat="47.388680" lon="11.263506">
        <ele>964.289233</ele>
        <time>2026-08-14T13:12:53.014Z</time>
      </trkpt>
      <trkpt lat="47.388578" lon="11.263130">
        <ele>964.325387</ele>
        <time>2026-08-14T13:12:58.400Z</time>
      </trkpt>
      <trkpt lat="47.388964" lon="11.262903">
        <ele>964.380160</ele>
        <time>2026-08-14T13:13:06.531Z</time>
      </trkpt>
      <trkpt lat="47.389302" lon="11.262182">
        <ele>964.458433</ele>
        <time>2026-08-14T13:13:16.226Z</time>
      </trkpt>
      <trkpt lat="47.389486" lon="11.261695">
        <ele>964.522171</ele>
        <time>2026-08-14T13:13:21.833Z</time>
      </trkpt>
      <trkpt lat="47.389480" lon="11.261606">
        <ele>964.546533</ele>
        <time>2026-08-14T13:13:22.743Z</time>
      </trkpt>
      <trkpt lat="47.389368" lon="11.261351">
        <ele>964.629329</ele>
        <time>2026-08-14T13:13:25.916Z</time>
      </trkpt>
      <trkpt lat="47.389063" lon="11.260638">
        <ele>964.859062</ele>
        <time>2026-08-14T13:13:35.894Z</time>
      </trkpt>
      <trkpt lat="47.388766" lon="11.259837">
        <ele>965.107827</ele>
        <time>2026-08-14T13:13:48.836Z</time>
      </trkpt>
      <trkpt lat="47.388712" lon="11.259660">
        <ele>965.160710</ele>
        <time>2026-08-14T13:13:51.865Z</time>
      </trkpt>
      <trkpt lat="47.388634" lon="11.259408">
        <ele>965.261889</ele>
        <time>2026-08-14T13:13:56.273Z</time>
      </trkpt>
      <trkpt lat="47.388547" lon="11.259124">
        <ele>965.543149</ele>
        <time>2026-08-14T13:14:01.425Z</time>
      </trkpt>
      <trkpt lat="47.388447" lon="11.258793">
        <ele>965.870193</ele>
        <time>2026-08-14T13:14:07.358Z</time>
      </trkpt>
      <trkpt lat="47.388371" lon="11.258540">
        <ele>966.119933</ele>
        <time>2026-08-14T13:14:11.786Z</time>
      </trkpt>
      <trkpt lat="47.388287" lon="11.258261">
        <ele>966.395441</ele>
        <time>2026-08-14T13:14:16.650Z</time>
      </trkpt>
      <trkpt lat="47.388262" lon="11.258177">
        <ele>966.478234</ele>
        <time>2026-08-14T13:14:18.076Z</time>
      </trkpt>
      <trkpt lat="47.388179" lon="11.257901">
        <ele>966.750728</ele>
        <time>2026-08-14T13:14:22.769Z</time>
      </trkpt>
      <trkpt lat="47.388384" lon="11.257722">
        <ele>967.068105</ele>
        <time>2026-08-14T13:14:28.126Z</time>
      </trkpt>
      <trkpt lat="47.388478" lon="11.257644">
        <ele>967.211797</ele>
        <time>2026-08-14T13:14:30.494Z</time>
      </trkpt>
      <trkpt lat="47.388518" lon="11.257616">
        <ele>967.270789</ele>
        <time>2026-08-14T13:14:31.441Z</time>
      </trkpt>
      <trkpt lat="47.388597" lon="11.257554">
        <ele>967.390014</ele>
        <time>2026-08-14T13:14:33.348Z</time>
      </trkpt>
      <trkpt lat="47.388755" lon="11.257486">
        <ele>967.609341</ele>
        <time>2026-08-14T13:14:37.017Z</time>
      </trkpt>
      <trkpt lat="47.388661" lon="11.256815">
        <ele>968.375745</ele>
        <time>2026-08-14T13:14:47.771Z</time>
      </trkpt>
      <trkpt lat="47.389108" lon="11.256626">
        <ele>969.147029</ele>
        <time>2026-08-14T13:14:58.865Z</time>
      </trkpt>
      <trkpt lat="47.389100" lon="11.256546">
        <ele>969.237849</ele>
        <time>2026-08-14T13:15:00.256Z</time>
      </trkpt>
      <trkpt lat="47.389054" lon="11.256007">
        <ele>969.847970</ele>
        <time>2026-08-14T13:15:09.513Z</time>
      </trkpt>
      <trkpt lat="47.388925" lon="11.254286">
        <ele>972.728103</ele>
        <time>2026-08-14T13:15:40.618Z</time>
      </trkpt>
      <trkpt lat="47.388887" lon="11.254064">
        <ele>973.187997</ele>
        <time>2026-08-14T13:15:45.220Z</time>
      </trkpt>
      <trkpt lat="47.388703" lon="11.253523">
        <ele>974.403943</ele>
        <time>2026-08-14T13:15:59.224Z</time>
      </trkpt>
      <trkpt lat="47.388674" lon="11.253345">
        <ele>974.771645</ele>
        <time>2026-08-14T13:16:03.682Z</time>
      </trkpt>
      <trkpt lat="47.388669" lon="11.253092">
        <ele>975.279989</ele>
        <time>2026-08-14T13:16:09.236Z</time>
      </trkpt>
      <trkpt lat="47.388725" lon="11.252728">
        <ele>976.044550</ele>
        <time>2026-08-14T13:16:17.169Z</time>
      </trkpt>
      <trkpt lat="47.388714" lon="11.252258">
        <ele>977.148385</ele>
        <time>2026-08-14T13:16:27.766Z</time>
      </trkpt>
      <trkpt lat="47.388667" lon="11.251814">
        <ele>978.203197</ele>
        <time>2026-08-14T13:16:38.865Z</time>
      </trkpt>
      <trkpt lat="47.388588" lon="11.251399">
        <ele>979.215052</ele>
        <time>2026-08-14T13:16:50.570Z</time>
      </trkpt>
      <trkpt lat="47.388318" lon="11.250004">
        <ele>982.345290</ele>
        <time>2026-08-14T13:17:23.478Z</time>
      </trkpt>
      <trkpt lat="47.388208" lon="11.249765">
        <ele>982.602341</ele>
        <time>2026-08-14T13:17:29.362Z</time>
      </trkpt>
      <trkpt lat="47.388187" lon="11.249721">
        <ele>982.650224</ele>
        <time>2026-08-14T13:17:30.454Z</time>
      </trkpt>
      <trkpt lat="47.388142" lon="11.249542">
        <ele>982.820059</ele>
        <time>2026-08-14T13:17:34.256Z</time>
      </trkpt>
      <trkpt lat="47.388148" lon="11.249099">
        <ele>983.214169</ele>
        <time>2026-08-14T13:17:42.146Z</time>
      </trkpt>
      <trkpt lat="47.387887" lon="11.247468">
        <ele>984.723579</ele>
        <time>2026-08-14T13:18:05.917Z</time>
      </trkpt>
      <trkpt lat="47.387906" lon="11.247180">
        <ele>985.010251</ele>
        <time>2026-08-14T13:18:10.095Z</time>
      </trkpt>
      <trkpt lat="47.387862" lon="11.246947">
        <ele>985.249895</ele>
        <time>2026-08-14T13:18:13.824Z</time>
      </trkpt>
      <trkpt lat="47.387859" lon="11.246807">
        <ele>985.388662</ele>
        <time>2026-08-14T13:18:16.067Z</time>
      </trkpt>
      <trkpt lat="47.387935" lon="11.246517">
        <ele>985.696737</ele>
        <time>2026-08-14T13:18:21.323Z</time>
      </trkpt>
      <trkpt lat="47.387943" lon="11.246360">
        <ele>985.852716</ele>
        <time>2026-08-14T13:18:24.120Z</time>
      </trkpt>
      <trkpt lat="47.387707" lon="11.244801">
        <ele>987.504585</ele>
        <time>2026-08-14T13:18:55.420Z</time>
      </trkpt>
      <trkpt lat="47.387629" lon="11.244476">
        <ele>987.936099</ele>
        <time>2026-08-14T13:19:01.755Z</time>
      </trkpt>
      <trkpt lat="47.387467" lon="11.243996">
        <ele>988.607286</ele>
        <time>2026-08-14T13:19:11.133Z</time>
      </trkpt>
      <trkpt lat="47.387405" lon="11.243881">
        <ele>988.791256</ele>
        <time>2026-08-14T13:19:13.847Z</time>
      </trkpt>
      <trkpt lat="47.387081" lon="11.243521">
        <ele>989.540674</ele>
        <time>2026-08-14T13:19:25.134Z</time>
      </trkpt>
      <trkpt lat="47.386783" lon="11.243090">
        <ele>990.311603</ele>
        <time>2026-08-14T13:19:37.149Z</time>
      </trkpt>
      <trkpt lat="47.386381" lon="11.242363">
        <ele>991.294096</ele>
        <time>2026-08-14T13:19:53.764Z</time>
      </trkpt>
      <trkpt lat="47.386270" lon="11.242138">
        <ele>991.574819</ele>
        <time>2026-08-14T13:19:58.762Z</time>
      </trkpt>
      <trkpt lat="47.386098" lon="11.241934">
        <ele>991.903356</ele>
        <time>2026-08-14T13:20:04.691Z</time>
      </trkpt>
      <trkpt lat="47.385968" lon="11.241779">
        <ele>992.152184</ele>
        <time>2026-08-14T13:20:09.246Z</time>
      </trkpt>
      <trkpt lat="47.385785" lon="11.241665">
        <ele>992.447984</ele>
        <time>2026-08-14T13:20:14.408Z</time>
      </trkpt>
      <trkpt lat="47.385225" lon="11.241424">
        <ele>993.356313</ele>
        <time>2026-08-14T13:20:28.062Z</time>
      </trkpt>
      <trkpt lat="47.384937" lon="11.241369">
        <ele>993.910316</ele>
        <time>2026-08-14T13:20:34.481Z</time>
      </trkpt>
      <trkpt lat="47.384646" lon="11.241269">
        <ele>994.480298</ele>
        <time>2026-08-14T13:20:42.170Z</time>
      </trkpt>
      <trkpt lat="47.383920" lon="11.240582">
        <ele>996.125211</ele>
        <time>2026-08-14T13:21:07.652Z</time>
      </trkpt>
      <trkpt lat="47.383226" lon="11.239666">
        <ele>997.719603</ele>
        <time>2026-08-14T13:21:36.900Z</time>
      </trkpt>
      <trkpt lat="47.382778" lon="11.239215">
        <ele>998.609041</ele>
        <time>2026-08-14T13:21:51.251Z</time>
      </trkpt>
      <trkpt lat="47.381973" lon="11.238514">
        <ele>1000.007908</ele>
        <time>2026-08-14T13:22:11.307Z</time>
      </trkpt>
      <trkpt lat="47.381639" lon="11.238174">
        <ele>1000.520565</ele>
        <time>2026-08-14T13:22:19.759Z</time>
      </trkpt>
      <trkpt lat="47.381392" lon="11.237960">
        <ele>1000.882467</ele>
        <time>2026-08-14T13:22:26.333Z</time>
      </trkpt>
      <trkpt lat="47.381248" lon="11.237883">
        <ele>1001.076012</ele>
        <time>2026-08-14T13:22:30.098Z</time>
      </trkpt>
      <trkpt lat="47.381117" lon="11.237810">
        <ele>1001.252960</ele>
        <time>2026-08-14T13:22:33.831Z</time>
      </trkpt>
      <trkpt lat="47.380179" lon="11.237341">
        <ele>1003.371224</ele>
        <time>2026-08-14T13:23:16.780Z</time>
      </trkpt>
      <trkpt lat="47.380038" lon="11.237137">
        <ele>1003.941619</ele>
        <time>2026-08-14T13:23:25.735Z</time>
      </trkpt>
      <trkpt lat="47.379880" lon="11.236738">
        <ele>1004.846052</ele>
        <time>2026-08-14T13:23:40.167Z</time>
      </trkpt>
      <trkpt lat="47.379820" lon="11.236664">
        <ele>1005.071945</ele>
        <time>2026-08-14T13:23:43.813Z</time>
      </trkpt>
      <trkpt lat="47.379759" lon="11.236618">
        <ele>1005.269868</ele>
        <time>2026-08-14T13:23:47.083Z</time>
      </trkpt>
      <trkpt lat="47.379559" lon="11.236566">
        <ele>1005.856698</ele>
        <time>2026-08-14T13:23:56.909Z</time>
      </trkpt>
      <trkpt lat="47.379328" lon="11.236779">
        <ele>1006.643652</ele>
        <time>2026-08-14T13:24:09.605Z</time>
      </trkpt>
      <trkpt lat="47.379091" lon="11.236913">
        <ele>1007.274470</ele>
        <time>2026-08-14T13:24:20.810Z</time>
      </trkpt>
      <trkpt lat="47.378888" lon="11.237300">
        <ele>1007.950695</ele>
        <time>2026-08-14T13:24:34.558Z</time>
      </trkpt>
      <trkpt lat="47.378786" lon="11.237383">
        <ele>1008.188271</ele>
        <time>2026-08-14T13:24:39.330Z</time>
      </trkpt>
      <trkpt lat="47.378695" lon="11.237236">
        <ele>1008.463401</ele>
        <time>2026-08-14T13:24:42.767Z</time>
      </trkpt>
      <trkpt lat="47.378640" lon="11.237085">
        <ele>1008.700251</ele>
        <time>2026-08-14T13:24:45.565Z</time>
      </trkpt>
      <trkpt lat="47.378234" lon="11.236693">
        <ele>1009.689796</ele>
        <time>2026-08-14T13:24:56.814Z</time>
      </trkpt>
      <trkpt lat="47.377800" lon="11.236317">
        <ele>1010.751162</ele>
        <time>2026-08-14T13:25:08.940Z</time>
      </trkpt>
      <trkpt lat="47.377355" lon="11.235986">
        <ele>1013.663623</ele>
        <time>2026-08-14T13:25:23.392Z</time>
      </trkpt>
      <trkpt lat="47.377195" lon="11.236485">
        <ele>1015.849004</ele>
        <time>2026-08-14T13:25:37.075Z</time>
      </trkpt>
      <trkpt lat="47.377045" lon="11.236727">
        <ele>1017.147585</ele>
        <time>2026-08-14T13:25:47.580Z</time>
      </trkpt>
      <trkpt lat="47.376956" lon="11.236821">
        <ele>1017.787175</ele>
        <time>2026-08-14T13:25:53.217Z</time>
      </trkpt>
      <trkpt lat="47.376392" lon="11.237491">
        <ele>1022.115272</ele>
        <time>2026-08-14T13:26:36.874Z</time>
      </trkpt>
      <trkpt lat="47.376354" lon="11.237667">
        <ele>1022.934416</ele>
        <time>2026-08-14T13:26:44.536Z</time>
      </trkpt>
      <trkpt lat="47.376212" lon="11.238152">
        <ele>1025.277455</ele>
        <time>2026-08-14T13:27:05.715Z</time>
      </trkpt>
      <trkpt lat="47.376139" lon="11.238099">
        <ele>1025.810122</ele>
        <time>2026-08-14T13:27:11.373Z</time>
      </trkpt>
      <trkpt lat="47.375939" lon="11.237723">
        <ele>1027.930275</ele>
        <time>2026-08-14T13:27:33.955Z</time>
      </trkpt>
      <trkpt lat="47.375782" lon="11.237741">
        <ele>1028.961432</ele>
        <time>2026-08-14T13:27:44.886Z</time>
      </trkpt>
      <trkpt lat="47.374971" lon="11.237303">
        <ele>1033.301966</ele>
        <time>2026-08-14T13:28:44.963Z</time>
      </trkpt>
      <trkpt lat="47.374643" lon="11.237294">
        <ele>1033.715272</ele>
        <time>2026-08-14T13:29:07.756Z</time>
      </trkpt>
      <trkpt lat="47.374159" lon="11.237217">
        <ele>1034.328575</ele>
        <time>2026-08-14T13:29:41.568Z</time>
      </trkpt>
      <trkpt lat="47.373864" lon="11.237257">
        <ele>1034.701798</ele>
        <time>2026-08-14T13:30:02.128Z</time>
      </trkpt>
      <trkpt lat="47.373570" lon="11.237257">
        <ele>1035.072197</ele>
        <time>2026-08-14T13:30:22.609Z</time>
      </trkpt>
      <trkpt lat="47.373206" lon="11.237187">
        <ele>1035.476090</ele>
        <time>2026-08-14T13:30:48.104Z</time>
      </trkpt>
      <trkpt lat="47.373061" lon="11.237232">
        <ele>1035.623672</ele>
        <time>2026-08-14T13:30:58.386Z</time>
      </trkpt>
      <trkpt lat="47.372507" lon="11.237085">
        <ele>1036.184321</ele>
        <time>2026-08-14T13:31:37.479Z</time>
      </trkpt>
      <trkpt lat="47.371955" lon="11.236848">
        <ele>1036.756911</ele>
        <time>2026-08-14T13:32:17.481Z</time>
      </trkpt>
      <trkpt lat="47.371749" lon="11.236681">
        <ele>1036.990987</ele>
        <time>2026-08-14T13:32:33.756Z</time>
      </trkpt>
      <trkpt lat="47.371254" lon="11.236604">
        <ele>1038.169374</ele>
        <time>2026-08-14T13:33:08.400Z</time>
      </trkpt>
      <trkpt lat="47.370485" lon="11.236148">
        <ele>1040.274558</ele>
        <time>2026-08-14T13:34:06.021Z</time>
      </trkpt>
      <trkpt lat="47.369912" lon="11.235750">
        <ele>1041.842689</ele>
        <time>2026-08-14T13:34:50.011Z</time>
      </trkpt>
      <trkpt lat="47.369764" lon="11.235591">
        <ele>1042.237236</ele>
        <time>2026-08-14T13:35:02.747Z</time>
      </trkpt>
      <trkpt lat="47.369644" lon="11.235568">
        <ele>1042.498082</ele>
        <time>2026-08-14T13:35:11.152Z</time>
      </trkpt>
      <trkpt lat="47.369241" lon="11.235322">
        <ele>1043.438116</ele>
        <time>2026-08-14T13:35:41.460Z</time>
      </trkpt>
      <trkpt lat="47.369055" lon="11.235301">
        <ele>1043.840236</ele>
        <time>2026-08-14T13:35:54.434Z</time>
      </trkpt>
      <trkpt lat="47.368772" lon="11.235077">
        <ele>1044.532409</ele>
        <time>2026-08-14T13:36:16.799Z</time>
      </trkpt>
      <trkpt lat="47.368672" lon="11.234971">
        <ele>1044.797772</ele>
        <time>2026-08-14T13:36:25.315Z</time>
      </trkpt>
      <trkpt lat="47.368295" lon="11.234789">
        <ele>1045.640828</ele>
        <time>2026-08-14T13:36:52.856Z</time>
      </trkpt>
      <trkpt lat="47.368167" lon="11.234845">
        <ele>1045.907085</ele>
        <time>2026-08-14T13:37:02.169Z</time>
      </trkpt>
      <trkpt lat="47.368063" lon="11.234682">
        <ele>1046.209578</ele>
        <time>2026-08-14T13:37:12.671Z</time>
      </trkpt>
      <trkpt lat="47.367070" lon="11.234241">
        <ele>1048.277691</ele>
        <time>2026-08-14T13:38:24.762Z</time>
      </trkpt>
      <trkpt lat="47.366968" lon="11.234256">
        <ele>1048.482128</ele>
        <time>2026-08-14T13:38:31.922Z</time>
      </trkpt>
      <trkpt lat="47.366843" lon="11.234171">
        <ele>1048.756601</ele>
        <time>2026-08-14T13:38:41.486Z</time>
      </trkpt>
      <trkpt lat="47.366548" lon="11.234051">
        <ele>1049.643057</ele>
        <time>2026-08-14T13:39:02.774Z</time>
      </trkpt>
      <trkpt lat="47.366314" lon="11.234078">
        <ele>1050.562098</ele>
        <time>2026-08-14T13:39:19.048Z</time>
      </trkpt>
      <trkpt lat="47.366214" lon="11.233941">
        <ele>1051.096261</ele>
        <time>2026-08-14T13:39:28.558Z</time>
      </trkpt>
      <trkpt lat="47.365584" lon="11.233672">
        <ele>1053.664170</ele>
        <time>2026-08-14T13:40:14.146Z</time>
      </trkpt>
      <trkpt lat="47.365443" lon="11.233716">
        <ele>1054.228466</ele>
        <time>2026-08-14T13:40:24.212Z</time>
      </trkpt>
      <trkpt lat="47.365268" lon="11.233592">
        <ele>1054.988523</ele>
        <time>2026-08-14T13:40:37.734Z</time>
      </trkpt>
      <trkpt lat="47.365167" lon="11.233656">
        <ele>1055.418884</ele>
        <time>2026-08-14T13:40:45.379Z</time>
      </trkpt>
      <trkpt lat="47.365072" lon="11.233535">
        <ele>1055.910158</ele>
        <time>2026-08-14T13:40:54.075Z</time>
      </trkpt>
      <trkpt lat="47.364579" lon="11.233296">
        <ele>1057.321559</ele>
        <time>2026-08-14T13:41:30.175Z</time>
      </trkpt>
      <trkpt lat="47.364340" lon="11.233365">
        <ele>1057.949896</ele>
        <time>2026-08-14T13:41:47.083Z</time>
      </trkpt>
      <trkpt lat="47.364213" lon="11.233133">
        <ele>1058.471207</ele>
        <time>2026-08-14T13:42:01.139Z</time>
      </trkpt>
      <trkpt lat="47.364021" lon="11.232998">
        <ele>1059.019910</ele>
        <time>2026-08-14T13:42:15.915Z</time>
      </trkpt>
      <trkpt lat="47.363664" lon="11.232846">
        <ele>1059.978567</ele>
        <time>2026-08-14T13:42:41.728Z</time>
      </trkpt>
      <trkpt lat="47.363526" lon="11.232662">
        <ele>1060.458345</ele>
        <time>2026-08-14T13:42:54.656Z</time>
      </trkpt>
      <trkpt lat="47.363314" lon="11.232627">
        <ele>1060.903610</ele>
        <time>2026-08-14T13:43:09.494Z</time>
      </trkpt>
      <trkpt lat="47.363210" lon="11.232503">
        <ele>1061.100539</ele>
        <time>2026-08-14T13:43:18.820Z</time>
      </trkpt>
      <trkpt lat="47.363031" lon="11.232399">
        <ele>1061.383915</ele>
        <time>2026-08-14T13:43:32.165Z</time>
      </trkpt>
      <trkpt lat="47.362909" lon="11.232429">
        <ele>1061.566113</ele>
        <time>2026-08-14T13:43:40.748Z</time>
      </trkpt>
      <trkpt lat="47.362846" lon="11.232384">
        <ele>1061.669212</ele>
        <time>2026-08-14T13:43:45.639Z</time>
      </trkpt>
      <trkpt lat="47.362770" lon="11.232242">
        <ele>1061.849798</ele>
        <time>2026-08-14T13:43:54.129Z</time>
      </trkpt>
      <trkpt lat="47.362432" lon="11.231906">
        <ele>1062.450073</ele>
        <time>2026-08-14T13:44:22.473Z</time>
      </trkpt>
      <trkpt lat="47.362320" lon="11.231867">
        <ele>1062.619591</ele>
        <time>2026-08-14T13:44:30.424Z</time>
      </trkpt>
      <trkpt lat="47.362102" lon="11.231946">
        <ele>1062.950267</ele>
        <time>2026-08-14T13:44:46.031Z</time>
      </trkpt>
      <trkpt lat="47.361902" lon="11.232217">
        <ele>1063.350179</ele>
        <time>2026-08-14T13:45:04.951Z</time>
      </trkpt>
      <trkpt lat="47.361850" lon="11.232187">
        <ele>1063.460465</ele>
        <time>2026-08-14T13:45:08.803Z</time>
      </trkpt>
      <trkpt lat="47.361780" lon="11.231886">
        <ele>1064.244671</ele>
        <time>2026-08-14T13:45:23.835Z</time>
      </trkpt>
      <trkpt lat="47.361711" lon="11.231742">
        <ele>1064.679316</ele>
        <time>2026-08-14T13:45:32.126Z</time>
      </trkpt>
      <trkpt lat="47.361616" lon="11.231655">
        <ele>1065.086004</ele>
        <time>2026-08-14T13:45:39.873Z</time>
      </trkpt>
      <trkpt lat="47.361479" lon="11.231613">
        <ele>1065.595021</ele>
        <time>2026-08-14T13:45:49.621Z</time>
      </trkpt>
      <trkpt lat="47.361111" lon="11.231499">
        <ele>1066.962901</ele>
        <time>2026-08-14T13:46:15.779Z</time>
      </trkpt>
      <trkpt lat="47.360923" lon="11.231527">
        <ele>1067.650287</ele>
        <time>2026-08-14T13:46:28.927Z</time>
      </trkpt>
      <trkpt lat="47.360500" lon="11.231308">
        <ele>1069.280979</ele>
        <time>2026-08-14T13:47:00.123Z</time>
      </trkpt>
      <trkpt lat="47.360245" lon="11.231140">
        <ele>1069.982410</ele>
        <time>2026-08-14T13:47:19.484Z</time>
      </trkpt>
      <trkpt lat="47.360060" lon="11.230897">
        <ele>1070.050960</ele>
        <time>2026-08-14T13:47:36.725Z</time>
      </trkpt>
      <trkpt lat="47.359570" lon="11.230028">
        <ele>1070.262981</ele>
        <time>2026-08-14T13:48:29.958Z</time>
      </trkpt>
      <trkpt lat="47.359195" lon="11.229477">
        <ele>1070.409446</ele>
        <time>2026-08-14T13:49:06.723Z</time>
      </trkpt>
      <trkpt lat="47.358975" lon="11.229276">
        <ele>1070.829145</ele>
        <time>2026-08-14T13:49:24.712Z</time>
      </trkpt>
      <trkpt lat="47.358598" lon="11.229171">
        <ele>1072.322737</ele>
        <time>2026-08-14T13:49:51.365Z</time>
      </trkpt>
      <trkpt lat="47.358314" lon="11.229024">
        <ele>1073.494373</ele>
        <time>2026-08-14T13:50:12.334Z</time>
      </trkpt>
      <trkpt lat="47.358127" lon="11.229057">
        <ele>1074.227566</ele>
        <time>2026-08-14T13:50:25.373Z</time>
      </trkpt>
      <trkpt lat="47.357997" lon="11.229147">
        <ele>1074.786562</ele>
        <time>2026-08-14T13:50:35.361Z</time>
      </trkpt>
      <trkpt lat="47.357761" lon="11.229279">
        <ele>1075.769072</ele>
        <time>2026-08-14T13:50:52.966Z</time>
      </trkpt>
      <trkpt lat="47.357640" lon="11.229307">
        <ele>1076.245890</ele>
        <time>2026-08-14T13:51:01.460Z</time>
      </trkpt>
      <trkpt lat="47.357507" lon="11.229422">
        <ele>1076.845957</ele>
        <time>2026-08-14T13:51:12.185Z</time>
      </trkpt>
      <trkpt lat="47.357421" lon="11.229459">
        <ele>1077.194694</ele>
        <time>2026-08-14T13:51:18.395Z</time>
      </trkpt>
      <trkpt lat="47.357260" lon="11.229383">
        <ele>1078.031591</ele>
        <time>2026-08-14T13:51:30.157Z</time>
      </trkpt>
      <trkpt lat="47.357143" lon="11.229256">
        <ele>1078.852288</ele>
        <time>2026-08-14T13:51:40.261Z</time>
      </trkpt>
      <trkpt lat="47.357064" lon="11.229053">
        <ele>1079.748529</ele>
        <time>2026-08-14T13:51:51.342Z</time>
      </trkpt>
      <trkpt lat="47.357014" lon="11.228998">
        <ele>1080.100910</ele>
        <time>2026-08-14T13:51:55.719Z</time>
      </trkpt>
      <trkpt lat="47.356839" lon="11.228953">
        <ele>1081.104755</ele>
        <time>2026-08-14T13:52:08.051Z</time>
      </trkpt>
      <trkpt lat="47.356668" lon="11.229012">
        <ele>1082.097149</ele>
        <time>2026-08-14T13:52:20.243Z</time>
      </trkpt>
      <trkpt lat="47.356590" lon="11.229002">
        <ele>1082.539599</ele>
        <time>2026-08-14T13:52:25.737Z</time>
      </trkpt>
      <trkpt lat="47.356543" lon="11.228806">
        <ele>1083.335566</ele>
        <time>2026-08-14T13:52:35.531Z</time>
      </trkpt>
      <trkpt lat="47.356235" lon="11.228569">
        <ele>1085.298407</ele>
        <time>2026-08-14T13:52:59.690Z</time>
      </trkpt>
      <trkpt lat="47.356137" lon="11.228446">
        <ele>1086.025346</ele>
        <time>2026-08-14T13:53:08.645Z</time>
      </trkpt>
      <trkpt lat="47.355938" lon="11.228379">
        <ele>1087.178808</ele>
        <time>2026-08-14T13:53:22.842Z</time>
      </trkpt>
      <trkpt lat="47.355776" lon="11.228126">
        <ele>1087.793863</ele>
        <time>2026-08-14T13:53:39.244Z</time>
      </trkpt>
      <trkpt lat="47.355613" lon="11.227673">
        <ele>1088.174769</ele>
        <time>2026-08-14T13:54:03.407Z</time>
      </trkpt>
      <trkpt lat="47.355459" lon="11.227052">
        <ele>1088.665853</ele>
        <time>2026-08-14T13:54:34.553Z</time>
      </trkpt>
      <trkpt lat="47.355071" lon="11.226445">
        <ele>1089.285598</ele>
        <time>2026-08-14T13:55:13.844Z</time>
      </trkpt>
      <trkpt lat="47.355067" lon="11.226355">
        <ele>1089.352576</ele>
        <time>2026-08-14T13:55:18.089Z</time>
      </trkpt>
      <trkpt lat="47.355219" lon="11.225871">
        <ele>1089.659691</ele>
        <time>2026-08-14T13:55:43.184Z</time>
      </trkpt>
      <trkpt lat="47.355204" lon="11.225715">
        <ele>1089.709889</ele>
        <time>2026-08-14T13:55:50.640Z</time>
      </trkpt>
      <trkpt lat="47.355134" lon="11.225513">
        <ele>1089.782175</ele>
        <time>2026-08-14T13:56:01.256Z</time>
      </trkpt>
      <trkpt lat="47.354839" lon="11.224527">
        <ele>1090.125578</ele>
        <time>2026-08-14T13:56:52.043Z</time>
      </trkpt>
      <trkpt lat="47.354579" lon="11.224025">
        <ele>1090.326897</ele>
        <time>2026-08-14T13:57:21.812Z</time>
      </trkpt>
      <trkpt lat="47.354005" lon="11.223284">
        <ele>1091.984790</ele>
        <time>2026-08-14T13:58:14.781Z</time>
      </trkpt>
      <trkpt lat="47.353756" lon="11.223187">
        <ele>1092.743315</ele>
        <time>2026-08-14T13:58:32.718Z</time>
      </trkpt>
      <trkpt lat="47.353659" lon="11.222854">
        <ele>1093.466619</ele>
        <time>2026-08-14T13:58:49.797Z</time>
      </trkpt>
      <trkpt lat="47.353580" lon="11.222794">
        <ele>1093.728304</ele>
        <time>2026-08-14T13:58:55.960Z</time>
      </trkpt>
      <trkpt lat="47.353135" lon="11.222451">
        <ele>1095.206969</ele>
        <time>2026-08-14T13:59:30.867Z</time>
      </trkpt>
      <trkpt lat="47.353076" lon="11.222364">
        <ele>1095.452608</ele>
        <time>2026-08-14T13:59:36.658Z</time>
      </trkpt>
      <trkpt lat="47.352936" lon="11.221966">
        <ele>1096.572659</ele>
        <time>2026-08-14T13:59:57.804Z</time>
      </trkpt>
      <trkpt lat="47.352683" lon="11.221758">
        <ele>1097.739991</ele>
        <time>2026-08-14T14:00:17.938Z</time>
      </trkpt>
      <trkpt lat="47.352490" lon="11.221661">
        <ele>1098.561813</ele>
        <time>2026-08-14T14:00:32.086Z</time>
      </trkpt>
      <trkpt lat="47.351951" lon="11.221472">
        <ele>1100.794927</ele>
        <time>2026-08-14T14:01:10.647Z</time>
      </trkpt>
      <trkpt lat="47.351855" lon="11.221503">
        <ele>1101.191044</ele>
        <time>2026-08-14T14:01:17.487Z</time>
      </trkpt>
      <trkpt lat="47.351802" lon="11.221465">
        <ele>1101.428551</ele>
        <time>2026-08-14T14:01:19.432Z</time>
      </trkpt>
      <trkpt lat="47.351259" lon="11.221143">
        <ele>1103.609840</ele>
        <time>2026-08-14T14:02:00.079Z</time>
      </trkpt>
      <trkpt lat="47.350650" lon="11.220117">
        <ele>1106.509226</ele>
        <time>2026-08-14T14:03:04.382Z</time>
      </trkpt>
      <trkpt lat="47.350606" lon="11.219771">
        <ele>1107.257514</ele>
        <time>2026-08-14T14:03:20.950Z</time>
      </trkpt>
      <trkpt lat="47.350351" lon="11.218814">
        <ele>1109.571122</ele>
        <time>2026-08-14T14:04:09.357Z</time>
      </trkpt>
      <trkpt lat="47.349975" lon="11.217636">
        <ele>1112.773559</ele>
        <time>2026-08-14T14:05:10.701Z</time>
      </trkpt>
      <trkpt lat="47.349869" lon="11.217570">
        <ele>1113.191160</ele>
        <time>2026-08-14T14:05:18.685Z</time>
      </trkpt>
      <trkpt lat="47.349746" lon="11.217368">
        <ele>1113.859088</ele>
        <time>2026-08-14T14:05:31.519Z</time>
      </trkpt>
      <trkpt lat="47.349346" lon="11.216473">
        <ele>1119.438047</ele>
        <time>2026-08-14T14:06:22.132Z</time>
      </trkpt>
      <trkpt lat="47.349266" lon="11.216361">
        <ele>1120.718628</ele>
        <time>2026-08-14T14:06:29.809Z</time>
      </trkpt>
      <trkpt lat="47.348945" lon="11.216124">
        <ele>1124.887055</ele>
        <time>2026-08-14T14:06:54.943Z</time>
      </trkpt>
      <trkpt lat="47.348791" lon="11.215964">
        <ele>1127.074254</ele>
        <time>2026-08-14T14:07:08.102Z</time>
      </trkpt>
      <trkpt lat="47.348642" lon="11.215930">
        <ele>1128.825260</ele>
        <time>2026-08-14T14:07:18.711Z</time>
      </trkpt>
      <trkpt lat="47.348400" lon="11.215985">
        <ele>1131.668909</ele>
        <time>2026-08-14T14:07:35.882Z</time>
      </trkpt>
      <trkpt lat="47.348327" lon="11.215927">
        <ele>1132.631748</ele>
        <time>2026-08-14T14:07:41.673Z</time>
      </trkpt>
      <trkpt lat="47.348013" lon="11.215427">
        <ele>1137.057345</ele>
        <time>2026-08-14T14:08:13.989Z</time>
      </trkpt>
      <trkpt lat="47.347916" lon="11.215350">
        <ele>1137.720267</ele>
        <time>2026-08-14T14:08:21.728Z</time>
      </trkpt>
      <trkpt lat="47.347794" lon="11.215179">
        <ele>1138.732941</ele>
        <time>2026-08-14T14:08:33.486Z</time>
      </trkpt>
      <trkpt lat="47.347743" lon="11.214926">
        <ele>1139.809394</ele>
        <time>2026-08-14T14:08:45.917Z</time>
      </trkpt>
      <trkpt lat="47.347624" lon="11.214530">
        <ele>1141.576030</ele>
        <time>2026-08-14T14:09:06.357Z</time>
      </trkpt>
      <trkpt lat="47.347463" lon="11.214199">
        <ele>1143.237703</ele>
        <time>2026-08-14T14:09:25.540Z</time>
      </trkpt>
      <trkpt lat="47.347352" lon="11.213655">
        <ele>1145.554617</ele>
        <time>2026-08-14T14:09:52.277Z</time>
      </trkpt>
      <trkpt lat="47.347259" lon="11.213432">
        <ele>1146.622502</ele>
        <time>2026-08-14T14:10:04.617Z</time>
      </trkpt>
      <trkpt lat="47.347134" lon="11.213205">
        <ele>1147.375940</ele>
        <time>2026-08-14T14:10:18.371Z</time>
      </trkpt>
      <trkpt lat="47.346992" lon="11.213040">
        <ele>1147.956387</ele>
        <time>2026-08-14T14:10:30.982Z</time>
      </trkpt>
      <trkpt lat="47.346843" lon="11.212801">
        <ele>1148.663143</ele>
        <time>2026-08-14T14:10:46.206Z</time>
      </trkpt>
      <trkpt lat="47.346679" lon="11.212687">
        <ele>1149.245362</ele>
        <time>2026-08-14T14:10:58.833Z</time>
      </trkpt>
      <trkpt lat="47.346238" lon="11.211968">
        <ele>1151.355864</ele>
        <time>2026-08-14T14:11:44.525Z</time>
      </trkpt>
      <trkpt lat="47.346109" lon="11.211679">
        <ele>1152.108978</ele>
        <time>2026-08-14T14:12:00.852Z</time>
      </trkpt>
      <trkpt lat="47.346041" lon="11.211329">
        <ele>1153.052523</ele>
        <time>2026-08-14T14:12:18.030Z</time>
      </trkpt>
      <trkpt lat="47.345708" lon="11.210832">
        <ele>1155.488156</ele>
        <time>2026-08-14T14:12:50.936Z</time>
      </trkpt>
      <trkpt lat="47.345316" lon="11.209337">
        <ele>1161.074229</ele>
        <time>2026-08-14T14:14:06.500Z</time>
      </trkpt>
      <trkpt lat="47.345302" lon="11.209284">
        <ele>1161.272456</ele>
        <time>2026-08-14T14:14:09.183Z</time>
      </trkpt>
      <trkpt lat="47.345073" lon="11.208953">
        <ele>1163.357128</ele>
        <time>2026-08-14T14:14:31.531Z</time>
      </trkpt>
      <trkpt lat="47.344918" lon="11.208506">
        <ele>1165.854593</ele>
        <time>2026-08-14T14:14:55.212Z</time>
      </trkpt>
      <trkpt lat="47.344842" lon="11.208075">
        <ele>1168.069669</ele>
        <time>2026-08-14T14:15:16.240Z</time>
      </trkpt>
      <trkpt lat="47.344731" lon="11.207863">
        <ele>1169.402221</ele>
        <time>2026-08-14T14:15:28.916Z</time>
      </trkpt>
      <trkpt lat="47.344416" lon="11.207506">
        <ele>1172.317564</ele>
        <time>2026-08-14T14:15:56.569Z</time>
      </trkpt>
      <trkpt lat="47.344273" lon="11.207133">
        <ele>1174.449147</ele>
        <time>2026-08-14T14:16:16.787Z</time>
      </trkpt>
      <trkpt lat="47.344255" lon="11.206881">
        <ele>1175.321716</ele>
        <time>2026-08-14T14:16:28.753Z</time>
      </trkpt>
      <trkpt lat="47.344445" lon="11.206537">
        <ele>1176.118263</ele>
        <time>2026-08-14T14:16:49.678Z</time>
      </trkpt>
      <trkpt lat="47.344447" lon="11.206453">
        <ele>1176.269120</ele>
        <time>2026-08-14T14:16:53.626Z</time>
      </trkpt>
      <trkpt lat="47.344411" lon="11.206380">
        <ele>1176.431168</ele>
        <time>2026-08-14T14:16:57.879Z</time>
      </trkpt>
      <trkpt lat="47.344322" lon="11.206336">
        <ele>1176.679788</ele>
        <time>2026-08-14T14:17:04.413Z</time>
      </trkpt>
      <trkpt lat="47.344251" lon="11.206192">
        <ele>1176.999423</ele>
        <time>2026-08-14T14:17:12.793Z</time>
      </trkpt>
      <trkpt lat="47.344227" lon="11.206054">
        <ele>1177.255136</ele>
        <time>2026-08-14T14:17:19.496Z</time>
      </trkpt>
      <trkpt lat="47.344181" lon="11.205947">
        <ele>1177.482574</ele>
        <time>2026-08-14T14:17:25.453Z</time>
      </trkpt>
      <trkpt lat="47.344118" lon="11.205872">
        <ele>1177.696974</ele>
        <time>2026-08-14T14:17:31.071Z</time>
      </trkpt>
      <trkpt lat="47.343930" lon="11.205781">
        <ele>1178.221052</ele>
        <time>2026-08-14T14:17:44.856Z</time>
      </trkpt>
      <trkpt lat="47.343904" lon="11.205716">
        <ele>1178.356527</ele>
        <time>2026-08-14T14:17:48.402Z</time>
      </trkpt>
      <trkpt lat="47.343894" lon="11.205560">
        <ele>1178.637770</ele>
        <time>2026-08-14T14:17:55.795Z</time>
      </trkpt>
      <trkpt lat="47.343875" lon="11.204960">
        <ele>1179.715842</ele>
        <time>2026-08-14T14:18:24.053Z</time>
      </trkpt>
      <trkpt lat="47.343839" lon="11.204795">
        <ele>1179.966406</ele>
        <time>2026-08-14T14:18:32.198Z</time>
      </trkpt>
      <trkpt lat="47.343693" lon="11.204537">
        <ele>1180.341244</ele>
        <time>2026-08-14T14:18:48.059Z</time>
      </trkpt>
      <trkpt lat="47.343685" lon="11.204310">
        <ele>1180.594720</ele>
        <time>2026-08-14T14:18:58.760Z</time>
      </trkpt>
      <trkpt lat="47.343682" lon="11.204250">
        <ele>1180.661809</ele>
        <time>2026-08-14T14:19:01.601Z</time>
      </trkpt>
      <trkpt lat="47.343382" lon="11.203477">
        <ele>1181.655180</ele>
        <time>2026-08-14T14:19:43.560Z</time>
      </trkpt>
      <trkpt lat="47.343189" lon="11.203076">
        <ele>1182.203671</ele>
        <time>2026-08-14T14:20:06.734Z</time>
      </trkpt>
      <trkpt lat="47.342766" lon="11.202552">
        <ele>1182.909436</ele>
        <time>2026-08-14T14:20:19.632Z</time>
      </trkpt>
      <trkpt lat="47.342669" lon="11.202484">
        <ele>1182.960420</ele>
        <time>2026-08-14T14:20:22.067Z</time>
      </trkpt>
      <trkpt lat="47.342735" lon="11.202469">
        <ele>1182.992123</ele>
        <time>2026-08-14T14:20:26.670Z</time>
      </trkpt>
      <trkpt lat="47.342669" lon="11.202484">
        <ele>1183.023826</ele>
        <time>2026-08-14T14:20:31.273Z</time>
      </trkpt>
      <trkpt lat="47.342513" lon="11.202364">
        <ele>1183.107346</ele>
        <time>2026-08-14T14:20:34.247Z</time>
      </trkpt>
      <trkpt lat="47.342352" lon="11.202201">
        <ele>1183.200040</ele>
        <time>2026-08-14T14:20:37.556Z</time>
      </trkpt>
      <trkpt lat="47.342221" lon="11.201974">
        <ele>1183.295961</ele>
        <time>2026-08-14T14:20:41.393Z</time>
      </trkpt>
      <trkpt lat="47.341980" lon="11.201085">
        <ele>1183.603995</ele>
        <time>2026-08-14T14:20:51.717Z</time>
      </trkpt>
      <trkpt lat="47.341935" lon="11.200994">
        <ele>1183.640237</ele>
        <time>2026-08-14T14:20:52.874Z</time>
      </trkpt>
      <trkpt lat="47.341530" lon="11.200406">
        <ele>1185.034652</ele>
        <time>2026-08-14T14:21:04.914Z</time>
      </trkpt>
      <trkpt lat="47.340904" lon="11.199567">
        <ele>1187.408247</ele>
        <time>2026-08-14T14:21:36.395Z</time>
      </trkpt>
      <trkpt lat="47.340206" lon="11.198854">
        <ele>1189.165817</ele>
        <time>2026-08-14T14:22:01.785Z</time>
      </trkpt>
      <trkpt lat="47.340097" lon="11.198657">
        <ele>1189.364635</ele>
        <time>2026-08-14T14:22:06.859Z</time>
      </trkpt>
      <trkpt lat="47.339926" lon="11.198230">
        <ele>1189.752372</ele>
        <time>2026-08-14T14:22:16.942Z</time>
      </trkpt>
      <trkpt lat="47.340096" lon="11.198031">
        <ele>1190.002696</ele>
        <time>2026-08-14T14:22:21.006Z</time>
      </trkpt>
      <trkpt lat="47.340052" lon="11.197963">
        <ele>1190.076197</ele>
        <time>2026-08-14T14:22:22.396Z</time>
      </trkpt>
      <trkpt lat="47.339775" lon="11.197584">
        <ele>1190.511967</ele>
        <time>2026-08-14T14:22:27.855Z</time>
      </trkpt>
      <trkpt lat="47.339580" lon="11.197371">
        <ele>1190.791845</ele>
        <time>2026-08-14T14:22:31.332Z</time>
      </trkpt>
      <trkpt lat="47.339472" lon="11.197147">
        <ele>1190.773170</ele>
        <time>2026-08-14T14:22:34.005Z</time>
      </trkpt>
      <trkpt lat="47.339332" lon="11.196958">
        <ele>1190.739258</ele>
        <time>2026-08-14T14:22:36.881Z</time>
      </trkpt>
      <trkpt lat="47.339202" lon="11.196845">
        <ele>1190.712292</ele>
        <time>2026-08-14T14:22:40.554Z</time>
      </trkpt>
      <trkpt lat="47.338844" lon="11.196517">
        <ele>1190.636980</ele>
        <time>2026-08-14T14:22:48.444Z</time>
      </trkpt>
      <trkpt lat="47.338518" lon="11.196315">
        <ele>1190.573788</ele>
        <time>2026-08-14T14:22:53.481Z</time>
      </trkpt>
      <trkpt lat="47.338026" lon="11.196081">
        <ele>1190.474859</ele>
        <time>2026-08-14T14:23:03.267Z</time>
      </trkpt>
      <trkpt lat="47.337777" lon="11.195948">
        <ele>1190.238941</ele>
        <time>2026-08-14T14:23:09.841Z</time>
      </trkpt>
      <trkpt lat="47.337508" lon="11.195747">
        <ele>1189.970318</ele>
        <time>2026-08-14T14:23:15.731Z</time>
      </trkpt>
      <trkpt lat="47.336968" lon="11.195504">
        <ele>1189.467363</ele>
        <time>2026-08-14T14:23:23.695Z</time>
      </trkpt>
      <trkpt lat="47.336753" lon="11.195345">
        <ele>1189.253112</ele>
        <time>2026-08-14T14:23:27.183Z</time>
      </trkpt>
      <trkpt lat="47.336625" lon="11.195173">
        <ele>1189.098879</ele>
        <time>2026-08-14T14:23:29.628Z</time>
      </trkpt>
      <trkpt lat="47.336438" lon="11.194809">
        <ele>1188.750388</ele>
        <time>2026-08-14T14:23:33.878Z</time>
      </trkpt>
      <trkpt lat="47.336274" lon="11.194438">
        <ele>1188.144974</ele>
        <time>2026-08-14T14:23:37.854Z</time>
      </trkpt>
      <trkpt lat="47.336101" lon="11.194193">
        <ele>1187.661373</ele>
        <time>2026-08-14T14:23:40.952Z</time>
      </trkpt>
      <trkpt lat="47.335611" lon="11.193630">
        <ele>1186.408874</ele>
        <time>2026-08-14T14:23:49.118Z</time>
      </trkpt>
      <trkpt lat="47.335597" lon="11.193612">
        <ele>1186.371424</ele>
        <time>2026-08-14T14:23:49.370Z</time>
      </trkpt>
      <trkpt lat="47.335497" lon="11.193474">
        <ele>1186.095286</ele>
        <time>2026-08-14T14:23:51.356Z</time>
      </trkpt>
      <trkpt lat="47.334890" lon="11.192602">
        <ele>1184.707147</ele>
        <time>2026-08-14T14:24:03.469Z</time>
      </trkpt>
      <trkpt lat="47.334510" lon="11.191785">
        <ele>1183.853669</ele>
        <time>2026-08-14T14:24:13.138Z</time>
      </trkpt>
      <trkpt lat="47.334470" lon="11.191695">
        <ele>1183.760968</ele>
        <time>2026-08-14T14:24:14.240Z</time>
      </trkpt>
      <trkpt lat="47.334202" lon="11.191358">
        <ele>1183.313457</ele>
        <time>2026-08-14T14:24:19.696Z</time>
      </trkpt>
      <trkpt lat="47.333951" lon="11.191040">
        <ele>1182.901184</ele>
        <time>2026-08-14T14:24:24.842Z</time>
      </trkpt>
      <trkpt lat="47.333749" lon="11.190785">
        <ele>1182.600581</ele>
        <time>2026-08-14T14:24:28.889Z</time>
      </trkpt>
      <trkpt lat="47.333685" lon="11.190704">
        <ele>1182.505237</ele>
        <time>2026-08-14T14:24:30.165Z</time>
      </trkpt>
      <trkpt lat="47.333558" lon="11.190544">
        <ele>1182.316404</ele>
        <time>2026-08-14T14:24:32.744Z</time>
      </trkpt>
      <trkpt lat="47.333250" lon="11.190156">
        <ele>1181.858461</ele>
        <time>2026-08-14T14:24:38.944Z</time>
      </trkpt>
      <trkpt lat="47.333098" lon="11.189965">
        <ele>1181.632702</ele>
        <time>2026-08-14T14:24:42.037Z</time>
      </trkpt>
      <trkpt lat="47.333035" lon="11.189887">
        <ele>1181.539707</ele>
        <time>2026-08-14T14:24:43.326Z</time>
      </trkpt>
      <trkpt lat="47.332885" lon="11.189698">
        <ele>1181.316663</ele>
        <time>2026-08-14T14:24:46.449Z</time>
      </trkpt>
      <trkpt lat="47.332732" lon="11.189498">
        <ele>1181.085526</ele>
        <time>2026-08-14T14:24:49.682Z</time>
      </trkpt>
      <trkpt lat="47.332624" lon="11.189363">
        <ele>1180.928487</ele>
        <time>2026-08-14T14:24:51.892Z</time>
      </trkpt>
      <trkpt lat="47.332511" lon="11.189222">
        <ele>1180.825191</ele>
        <time>2026-08-14T14:24:54.175Z</time>
      </trkpt>
      <trkpt lat="47.331870" lon="11.188406">
        <ele>1180.234269</ele>
        <time>2026-08-14T14:25:07.460Z</time>
      </trkpt>
      <trkpt lat="47.331794" lon="11.188322">
        <ele>1180.167988</ele>
        <time>2026-08-14T14:25:08.980Z</time>
      </trkpt>
      <trkpt lat="47.331725" lon="11.188257">
        <ele>1180.110848</ele>
        <time>2026-08-14T14:25:10.254Z</time>
      </trkpt>
      <trkpt lat="47.331623" lon="11.188161">
        <ele>1180.026401</ele>
        <time>2026-08-14T14:25:12.192Z</time>
      </trkpt>
      <trkpt lat="47.331547" lon="11.188098">
        <ele>1179.965555</ele>
        <time>2026-08-14T14:25:13.622Z</time>
      </trkpt>
      <trkpt lat="47.331521" lon="11.188077">
        <ele>1179.944866</ele>
        <time>2026-08-14T14:25:14.097Z</time>
      </trkpt>
      <trkpt lat="47.331422" lon="11.187995">
        <ele>1179.865621</ele>
        <time>2026-08-14T14:25:15.997Z</time>
      </trkpt>
      <trkpt lat="47.331328" lon="11.187937">
        <ele>1179.794503</ele>
        <time>2026-08-14T14:25:17.726Z</time>
      </trkpt>
      <trkpt lat="47.331272" lon="11.187921">
        <ele>1179.754690</ele>
        <time>2026-08-14T14:25:18.740Z</time>
      </trkpt>
      <trkpt lat="47.331151" lon="11.187876">
        <ele>1179.693475</ele>
        <time>2026-08-14T14:25:20.961Z</time>
      </trkpt>
      <trkpt lat="47.331052" lon="11.187821">
        <ele>1179.804825</ele>
        <time>2026-08-14T14:25:22.923Z</time>
      </trkpt>
      <trkpt lat="47.331000" lon="11.187776">
        <ele>1179.868280</ele>
        <time>2026-08-14T14:25:24.062Z</time>
      </trkpt>
      <trkpt lat="47.330945" lon="11.187787">
        <ele>1179.926702</ele>
        <time>2026-08-14T14:25:25.090Z</time>
      </trkpt>
      <trkpt lat="47.330862" lon="11.187721">
        <ele>1180.025948</ele>
        <time>2026-08-14T14:25:26.978Z</time>
      </trkpt>
      <trkpt lat="47.330769" lon="11.187689">
        <ele>1180.126467</ele>
        <time>2026-08-14T14:25:28.898Z</time>
      </trkpt>
      <trkpt lat="47.330695" lon="11.187648">
        <ele>1180.209670</ele>
        <time>2026-08-14T14:25:30.526Z</time>
      </trkpt>
      <trkpt lat="47.330120" lon="11.187475">
        <ele>1180.827371</ele>
        <time>2026-08-14T14:25:44.053Z</time>
      </trkpt>
      <trkpt lat="47.329917" lon="11.187383">
        <ele>1181.050902</ele>
        <time>2026-08-14T14:25:49.527Z</time>
      </trkpt>
      <trkpt lat="47.329465" lon="11.187374">
        <ele>1181.526720</ele>
        <time>2026-08-14T14:26:01.679Z</time>
      </trkpt>
      <trkpt lat="47.329279" lon="11.187340">
        <ele>1181.555329</ele>
        <time>2026-08-14T14:26:06.460Z</time>
      </trkpt>
      <trkpt lat="47.329228" lon="11.187322">
        <ele>1181.549610</ele>
        <time>2026-08-14T14:26:07.749Z</time>
      </trkpt>
      <trkpt lat="47.329190" lon="11.187321">
        <ele>1181.545466</ele>
        <time>2026-08-14T14:26:08.658Z</time>
      </trkpt>
      <trkpt lat="47.328914" lon="11.187312">
        <ele>1181.515361</ele>
        <time>2026-08-14T14:26:14.733Z</time>
      </trkpt>
      <trkpt lat="47.328891" lon="11.187312">
        <ele>1181.512853</ele>
        <time>2026-08-14T14:26:15.159Z</time>
      </trkpt>
      <trkpt lat="47.328454" lon="11.187285">
        <ele>1181.465158</ele>
        <time>2026-08-14T14:26:22.444Z</time>
      </trkpt>
      <trkpt lat="47.328446" lon="11.187289">
        <ele>1181.464237</ele>
        <time>2026-08-14T14:26:22.575Z</time>
      </trkpt>
      <trkpt lat="47.328042" lon="11.187465">
        <ele>1181.418302</ele>
        <time>2026-08-14T14:26:28.832Z</time>
      </trkpt>
      <trkpt lat="47.327948" lon="11.187443">
        <ele>1181.407923</ele>
        <time>2026-08-14T14:26:30.224Z</time>
      </trkpt>
      <trkpt lat="47.327844" lon="11.187471">
        <ele>1181.396395</ele>
        <time>2026-08-14T14:26:31.778Z</time>
      </trkpt>
      <trkpt lat="47.327789" lon="11.187533">
        <ele>1181.388847</ele>
        <time>2026-08-14T14:26:32.772Z</time>
      </trkpt>
      <trkpt lat="47.327317" lon="11.187717">
        <ele>1181.052436</ele>
        <time>2026-08-14T14:26:39.636Z</time>
      </trkpt>
      <trkpt lat="47.327159" lon="11.187901">
        <ele>1180.872787</ele>
        <time>2026-08-14T14:26:42.395Z</time>
      </trkpt>
      <trkpt lat="47.327093" lon="11.187928">
        <ele>1180.811660</ele>
        <time>2026-08-14T14:26:43.324Z</time>
      </trkpt>
      <trkpt lat="47.327065" lon="11.187926">
        <ele>1180.786642</ele>
        <time>2026-08-14T14:26:43.713Z</time>
      </trkpt>
      <trkpt lat="47.326966" lon="11.187954">
        <ele>1180.696677</ele>
        <time>2026-08-14T14:26:45.121Z</time>
      </trkpt>
      <trkpt lat="47.326891" lon="11.188004">
        <ele>1180.623224</ele>
        <time>2026-08-14T14:26:46.268Z</time>
      </trkpt>
      <trkpt lat="47.326771" lon="11.188166">
        <ele>1180.478056</ele>
        <time>2026-08-14T14:26:48.679Z</time>
      </trkpt>
      <trkpt lat="47.326714" lon="11.188180">
        <ele>1180.426484</ele>
        <time>2026-08-14T14:26:49.638Z</time>
      </trkpt>
      <trkpt lat="47.326635" lon="11.188232">
        <ele>1180.349279</ele>
        <time>2026-08-14T14:26:51.115Z</time>
      </trkpt>
      <trkpt lat="47.326548" lon="11.188300">
        <ele>1180.261410</ele>
        <time>2026-08-14T14:26:52.776Z</time>
      </trkpt>
      <trkpt lat="47.326396" lon="11.188379">
        <ele>1180.117581</ele>
        <time>2026-08-14T14:26:55.540Z</time>
      </trkpt>
      <trkpt lat="47.326376" lon="11.188442">
        <ele>1180.075497</ele>
        <time>2026-08-14T14:26:56.381Z</time>
      </trkpt>
      <trkpt lat="47.326307" lon="11.188522">
        <ele>1179.997174</ele>
        <time>2026-08-14T14:26:57.919Z</time>
      </trkpt>
      <trkpt lat="47.326206" lon="11.188616">
        <ele>1179.890596</ele>
        <time>2026-08-14T14:27:00.186Z</time>
      </trkpt>
      <trkpt lat="47.326099" lon="11.188717">
        <ele>1179.777227</ele>
        <time>2026-08-14T14:27:02.718Z</time>
      </trkpt>
      <trkpt lat="47.326079" lon="11.188734">
        <ele>1179.766487</ele>
        <time>2026-08-14T14:27:03.192Z</time>
      </trkpt>
      <trkpt lat="47.326000" lon="11.188806">
        <ele>1179.745781</ele>
        <time>2026-08-14T14:27:04.979Z</time>
      </trkpt>
      <trkpt lat="47.325738" lon="11.189043">
        <ele>1179.677251</ele>
        <time>2026-08-14T14:27:10.422Z</time>
      </trkpt>
      <trkpt lat="47.325448" lon="11.189307">
        <ele>1179.601264</ele>
        <time>2026-08-14T14:27:16.370Z</time>
      </trkpt>
      <trkpt lat="47.325265" lon="11.189472">
        <ele>1179.553441</ele>
        <time>2026-08-14T14:27:20.201Z</time>
      </trkpt>
      <trkpt lat="47.325138" lon="11.189594">
        <ele>1179.519647</ele>
        <time>2026-08-14T14:27:22.801Z</time>
      </trkpt>
      <trkpt lat="47.325042" lon="11.189681">
        <ele>1179.494524</ele>
        <time>2026-08-14T14:27:24.641Z</time>
      </trkpt>
      <trkpt lat="47.325034" lon="11.189689">
        <ele>1179.492369</ele>
        <time>2026-08-14T14:27:24.800Z</time>
      </trkpt>
      <trkpt lat="47.324683" lon="11.190036">
        <ele>1179.398152</ele>
        <time>2026-08-14T14:27:31.525Z</time>
      </trkpt>
      <trkpt lat="47.324648" lon="11.190070">
        <ele>1179.388808</ele>
        <time>2026-08-14T14:27:32.206Z</time>
      </trkpt>
      <trkpt lat="47.324399" lon="11.190314">
        <ele>1179.296702</ele>
        <time>2026-08-14T14:27:36.983Z</time>
      </trkpt>
      <trkpt lat="47.324267" lon="11.190449">
        <ele>1179.241304</ele>
        <time>2026-08-14T14:27:39.471Z</time>
      </trkpt>
      <trkpt lat="47.323811" lon="11.190915">
        <ele>1179.049977</ele>
        <time>2026-08-14T14:27:48.051Z</time>
      </trkpt>
      <trkpt lat="47.323770" lon="11.190956">
        <ele>1179.032893</ele>
        <time>2026-08-14T14:27:48.845Z</time>
      </trkpt>
      <trkpt lat="47.323741" lon="11.190986">
        <ele>1179.020677</ele>
        <time>2026-08-14T14:27:49.419Z</time>
      </trkpt>
      <trkpt lat="47.323635" lon="11.191100">
        <ele>1178.975433</ele>
        <time>2026-08-14T14:27:51.597Z</time>
      </trkpt>
      <trkpt lat="47.323495" lon="11.191252">
        <ele>1178.915479</ele>
        <time>2026-08-14T14:27:54.501Z</time>
      </trkpt>
      <trkpt lat="47.323276" lon="11.191508">
        <ele>1178.819106</ele>
        <time>2026-08-14T14:27:59.348Z</time>
      </trkpt>
      <trkpt lat="47.323261" lon="11.191527">
        <ele>1178.812287</ele>
        <time>2026-08-14T14:27:59.680Z</time>
      </trkpt>
      <trkpt lat="47.323031" lon="11.191827">
        <ele>1178.742327</ele>
        <time>2026-08-14T14:28:04.824Z</time>
      </trkpt>
      <trkpt lat="47.322892" lon="11.192048">
        <ele>1178.732226</ele>
        <time>2026-08-14T14:28:08.217Z</time>
      </trkpt>
      <trkpt lat="47.322632" lon="11.192557">
        <ele>1178.710874</ele>
        <time>2026-08-14T14:28:15.520Z</time>
      </trkpt>
      <trkpt lat="47.322589" lon="11.192657">
        <ele>1178.706906</ele>
        <time>2026-08-14T14:28:16.902Z</time>
      </trkpt>
      <trkpt lat="47.322578" lon="11.192682">
        <ele>1178.705908</ele>
        <time>2026-08-14T14:28:17.251Z</time>
      </trkpt>
      <trkpt lat="47.322530" lon="11.192803">
        <ele>1178.701211</ele>
        <time>2026-08-14T14:28:18.913Z</time>
      </trkpt>
      <trkpt lat="47.322446" lon="11.193053">
        <ele>1178.691862</ele>
        <time>2026-08-14T14:28:22.274Z</time>
      </trkpt>
      <trkpt lat="47.322308" lon="11.193464">
        <ele>1178.676496</ele>
        <time>2026-08-14T14:28:27.628Z</time>
      </trkpt>
      <trkpt lat="47.322275" lon="11.193586">
        <ele>1178.672095</ele>
        <time>2026-08-14T14:28:29.108Z</time>
      </trkpt>
      <trkpt lat="47.322242" lon="11.193704">
        <ele>1178.667819</ele>
        <time>2026-08-14T14:28:30.545Z</time>
      </trkpt>
      <trkpt lat="47.322234" lon="11.193734">
        <ele>1178.666738</ele>
        <time>2026-08-14T14:28:30.918Z</time>
      </trkpt>
      <trkpt lat="47.322035" lon="11.194491">
        <ele>1178.788469</ele>
        <time>2026-08-14T14:28:40.105Z</time>
      </trkpt>
      <trkpt lat="47.321885" lon="11.194965">
        <ele>1178.902081</ele>
        <time>2026-08-14T14:28:46.390Z</time>
      </trkpt>
      <trkpt lat="47.321771" lon="11.195272">
        <ele>1178.978106</ele>
        <time>2026-08-14T14:28:50.744Z</time>
      </trkpt>
      <trkpt lat="47.321504" lon="11.195844">
        <ele>1179.128942</ele>
        <time>2026-08-14T14:28:59.673Z</time>
      </trkpt>
      <trkpt lat="47.321448" lon="11.195946">
        <ele>1179.157450</ele>
        <time>2026-08-14T14:29:01.410Z</time>
      </trkpt>
      <trkpt lat="47.321270" lon="11.196243">
        <ele>1179.270241</ele>
        <time>2026-08-14T14:29:06.842Z</time>
      </trkpt>
      <trkpt lat="47.321021" lon="11.196590">
        <ele>1179.753715</ele>
        <time>2026-08-14T14:29:14.157Z</time>
      </trkpt>
      <trkpt lat="47.320747" lon="11.196903">
        <ele>1180.242850</ele>
        <time>2026-08-14T14:29:22.087Z</time>
      </trkpt>
      <trkpt lat="47.320476" lon="11.197149">
        <ele>1180.691970</ele>
        <time>2026-08-14T14:29:29.904Z</time>
      </trkpt>
      <trkpt lat="47.320000" lon="11.197504">
        <ele>1181.444802</ele>
        <time>2026-08-14T14:29:43.548Z</time>
      </trkpt>
      <trkpt lat="47.319752" lon="11.197625">
        <ele>1181.791903</ele>
        <time>2026-08-14T14:29:50.171Z</time>
      </trkpt>
      <trkpt lat="47.319260" lon="11.197797">
        <ele>1182.111496</ele>
        <time>2026-08-14T14:30:02.482Z</time>
      </trkpt>
      <trkpt lat="47.318974" lon="11.197855">
        <ele>1182.293969</ele>
        <time>2026-08-14T14:30:09.024Z</time>
      </trkpt>
      <trkpt lat="47.318376" lon="11.197856">
        <ele>1182.671948</ele>
        <time>2026-08-14T14:30:20.821Z</time>
      </trkpt>
      <trkpt lat="47.317255" lon="11.197782">
        <ele>1181.176316</ele>
        <time>2026-08-14T14:30:37.574Z</time>
      </trkpt>
      <trkpt lat="47.316985" lon="11.197804">
        <ele>1180.545308</ele>
        <time>2026-08-14T14:30:41.257Z</time>
      </trkpt>
      <trkpt lat="47.316936" lon="11.197820">
        <ele>1180.428198</ele>
        <time>2026-08-14T14:30:41.917Z</time>
      </trkpt>
      <trkpt lat="47.316501" lon="11.197963">
        <ele>1179.388218</ele>
        <time>2026-08-14T14:30:47.529Z</time>
      </trkpt>
      <trkpt lat="47.316055" lon="11.198181">
        <ele>1177.554830</ele>
        <time>2026-08-14T14:30:53.144Z</time>
      </trkpt>
      <trkpt lat="47.316038" lon="11.198189">
        <ele>1177.440521</ele>
        <time>2026-08-14T14:30:53.360Z</time>
      </trkpt>
      <trkpt lat="47.315551" lon="11.198414">
        <ele>1174.171377</ele>
        <time>2026-08-14T14:30:59.195Z</time>
      </trkpt>
      <trkpt lat="47.315335" lon="11.198514">
        <ele>1172.721139</ele>
        <time>2026-08-14T14:31:01.689Z</time>
      </trkpt>
      <trkpt lat="47.315029" lon="11.198590">
        <ele>1170.733329</ele>
        <time>2026-08-14T14:31:05.123Z</time>
      </trkpt>
      <trkpt lat="47.314787" lon="11.198636">
        <ele>1169.170274</ele>
        <time>2026-08-14T14:31:07.810Z</time>
      </trkpt>
      <trkpt lat="47.314588" lon="11.198799">
        <ele>1167.712121</ele>
        <time>2026-08-14T14:31:10.302Z</time>
      </trkpt>
      <trkpt lat="47.314533" lon="11.198869">
        <ele>1167.246764</ele>
        <time>2026-08-14T14:31:11.098Z</time>
      </trkpt>
      <trkpt lat="47.314439" lon="11.199131">
        <ele>1165.319783</ele>
        <time>2026-08-14T14:31:13.270Z</time>
      </trkpt>
      <trkpt lat="47.314435" lon="11.199151">
        <ele>1165.182234</ele>
        <time>2026-08-14T14:31:13.420Z</time>
      </trkpt>
      <trkpt lat="47.314269" lon="11.199070">
        <ele>1163.481044</ele>
        <time>2026-08-14T14:31:15.303Z</time>
      </trkpt>
      <trkpt lat="47.314234" lon="11.199053">
        <ele>1163.122521</ele>
        <time>2026-08-14T14:31:15.696Z</time>
      </trkpt>
      <trkpt lat="47.314113" lon="11.199058">
        <ele>1161.944784</ele>
        <time>2026-08-14T14:31:16.988Z</time>
      </trkpt>
      <trkpt lat="47.314057" lon="11.199069">
        <ele>1161.395119</ele>
        <time>2026-08-14T14:31:17.583Z</time>
      </trkpt>
      <trkpt lat="47.313641" lon="11.199162">
        <ele>1157.301401</ele>
        <time>2026-08-14T14:31:22.029Z</time>
      </trkpt>
      <trkpt lat="47.313279" lon="11.199291">
        <ele>1153.677968</ele>
        <time>2026-08-14T14:31:25.976Z</time>
      </trkpt>
      <trkpt lat="47.312067" lon="11.199784">
        <ele>1139.566734</ele>
        <time>2026-08-14T14:31:38.842Z</time>
      </trkpt>
      <trkpt lat="47.311665" lon="11.199958">
        <ele>1134.561841</ele>
        <time>2026-08-14T14:31:43.106Z</time>
      </trkpt>
      <trkpt lat="47.311431" lon="11.199977">
        <ele>1131.762199</ele>
        <time>2026-08-14T14:31:45.494Z</time>
      </trkpt>
      <trkpt lat="47.309845" lon="11.199762">
        <ele>1116.106166</ele>
        <time>2026-08-14T14:32:02.047Z</time>
      </trkpt>
      <trkpt lat="47.309679" lon="11.199765">
        <ele>1114.555050</ele>
        <time>2026-08-14T14:32:03.886Z</time>
      </trkpt>
      <trkpt lat="47.309452" lon="11.199826">
        <ele>1112.399188</ele>
        <time>2026-08-14T14:32:06.493Z</time>
      </trkpt>
      <trkpt lat="47.309298" lon="11.199881">
        <ele>1111.153206</ele>
        <time>2026-08-14T14:32:08.304Z</time>
      </trkpt>
      <trkpt lat="47.308861" lon="11.198784">
        <ele>1107.021295</ele>
        <time>2026-08-14T14:32:18.430Z</time>
      </trkpt>
      <trkpt lat="47.308739" lon="11.198622">
        <ele>1106.235020</ele>
        <time>2026-08-14T14:32:20.449Z</time>
      </trkpt>
      <trkpt lat="47.308565" lon="11.198458">
        <ele>1105.245980</ele>
        <time>2026-08-14T14:32:23.083Z</time>
      </trkpt>
      <trkpt lat="47.308223" lon="11.198168">
        <ele>1103.356492</ele>
        <time>2026-08-14T14:32:27.945Z</time>
      </trkpt>
      <trkpt lat="47.307575" lon="11.197680">
        <ele>1098.839754</ele>
        <time>2026-08-14T14:32:36.306Z</time>
      </trkpt>
      <trkpt lat="47.307000" lon="11.197294">
        <ele>1094.742165</ele>
        <time>2026-08-14T14:32:43.233Z</time>
      </trkpt>
      <trkpt lat="47.306785" lon="11.197079">
        <ele>1093.057344</ele>
        <time>2026-08-14T14:32:46.050Z</time>
      </trkpt>
      <trkpt lat="47.306269" lon="11.197422">
        <ele>1089.284210</ele>
        <time>2026-08-14T14:32:52.252Z</time>
      </trkpt>
      <trkpt lat="47.305925" lon="11.197761">
        <ele>1086.442591</ele>
        <time>2026-08-14T14:32:56.940Z</time>
      </trkpt>
      <trkpt lat="47.305716" lon="11.197720">
        <ele>1084.994488</ele>
        <time>2026-08-14T14:32:59.288Z</time>
      </trkpt>
      <trkpt lat="47.305575" lon="11.197871">
        <ele>1083.797663</ele>
        <time>2026-08-14T14:33:01.241Z</time>
      </trkpt>
      <trkpt lat="47.305535" lon="11.197910">
        <ele>1083.468321</ele>
        <time>2026-08-14T14:33:01.788Z</time>
      </trkpt>
      <trkpt lat="47.305470" lon="11.197937">
        <ele>1083.004515</ele>
        <time>2026-08-14T14:33:02.538Z</time>
      </trkpt>
      <trkpt lat="47.305379" lon="11.197919">
        <ele>1082.373909</ele>
        <time>2026-08-14T14:33:03.586Z</time>
      </trkpt>
      <trkpt lat="47.305083" lon="11.197817">
        <ele>1080.286152</ele>
        <time>2026-08-14T14:33:06.985Z</time>
      </trkpt>
      <trkpt lat="47.305073" lon="11.197777">
        <ele>1080.087602</ele>
        <time>2026-08-14T14:33:07.288Z</time>
      </trkpt>
      <trkpt lat="47.304926" lon="11.197633">
        <ele>1078.875527</ele>
        <time>2026-08-14T14:33:09.230Z</time>
      </trkpt>
      <trkpt lat="47.304818" lon="11.197312">
        <ele>1076.569630</ele>
        <time>2026-08-14T14:33:11.907Z</time>
      </trkpt>
      <trkpt lat="47.304639" lon="11.197187">
        <ele>1074.653588</ele>
        <time>2026-08-14T14:33:14.043Z</time>
      </trkpt>
      <trkpt lat="47.304430" lon="11.196992">
        <ele>1072.260968</ele>
        <time>2026-08-14T14:33:16.648Z</time>
      </trkpt>
      <trkpt lat="47.304276" lon="11.196710">
        <ele>1069.885673</ele>
        <time>2026-08-14T14:33:19.560Z</time>
      </trkpt>
      <trkpt lat="47.303995" lon="11.196461">
        <ele>1066.714170</ele>
        <time>2026-08-14T14:33:23.422Z</time>
      </trkpt>
      <trkpt lat="47.303438" lon="11.196261">
        <ele>1061.136060</ele>
        <time>2026-08-14T14:33:30.225Z</time>
      </trkpt>
      <trkpt lat="47.303206" lon="11.196221">
        <ele>1058.508185</ele>
        <time>2026-08-14T14:33:33.011Z</time>
      </trkpt>
      <trkpt lat="47.302775" lon="11.196281">
        <ele>1053.637698</ele>
        <time>2026-08-14T14:33:38.127Z</time>
      </trkpt>
      <trkpt lat="47.302602" lon="11.196358">
        <ele>1051.604655</ele>
        <time>2026-08-14T14:33:40.248Z</time>
      </trkpt>
      <trkpt lat="47.302441" lon="11.196378">
        <ele>1049.786923</ele>
        <time>2026-08-14T14:33:42.133Z</time>
      </trkpt>
      <trkpt lat="47.302123" lon="11.196232">
        <ele>1046.039903</ele>
        <time>2026-08-14T14:33:46.008Z</time>
      </trkpt>
      <trkpt lat="47.301865" lon="11.196182">
        <ele>1043.112337</ele>
        <time>2026-08-14T14:33:49.055Z</time>
      </trkpt>
      <trkpt lat="47.301391" lon="11.195865">
        <ele>1037.480823</ele>
        <time>2026-08-14T14:33:55.192Z</time>
      </trkpt>
      <trkpt lat="47.301285" lon="11.195822">
        <ele>1036.315509</ele>
        <time>2026-08-14T14:33:56.497Z</time>
      </trkpt>
      <trkpt lat="47.301077" lon="11.195792">
        <ele>1034.100238</ele>
        <time>2026-08-14T14:33:58.968Z</time>
      </trkpt>
      <trkpt lat="47.300649" lon="11.195861">
        <ele>1029.536509</ele>
        <time>2026-08-14T14:34:04.129Z</time>
      </trkpt>
      <trkpt lat="47.300383" lon="11.196036">
        <ele>1026.449082</ele>
        <time>2026-08-14T14:34:07.655Z</time>
      </trkpt>
      <trkpt lat="47.299389" lon="11.197035">
        <ele>1010.715080</ele>
        <time>2026-08-14T14:34:21.825Z</time>
      </trkpt>
      <trkpt lat="47.299237" lon="11.197199">
        <ele>1008.006750</ele>
        <time>2026-08-14T14:34:23.968Z</time>
      </trkpt>
      <trkpt lat="47.299116" lon="11.197397">
        <ele>1005.407594</ele>
        <time>2026-08-14T14:34:26.012Z</time>
      </trkpt>
      <trkpt lat="47.298965" lon="11.197520">
        <ele>1002.926989</ele>
        <time>2026-08-14T14:34:27.954Z</time>
      </trkpt>
      <trkpt lat="47.298637" lon="11.197656">
        <ele>998.027549</ele>
        <time>2026-08-14T14:34:31.766Z</time>
      </trkpt>
      <trkpt lat="47.298434" lon="11.197683">
        <ele>994.764975</ele>
        <time>2026-08-14T14:34:34.046Z</time>
      </trkpt>
      <trkpt lat="47.297542" lon="11.198170">
        <ele>976.978339</ele>
        <time>2026-08-14T14:34:44.621Z</time>
      </trkpt>
      <trkpt lat="47.297028" lon="11.198401">
        <ele>966.930253</ele>
        <time>2026-08-14T14:34:50.601Z</time>
      </trkpt>
      <trkpt lat="47.296762" lon="11.198488">
        <ele>961.858533</ele>
        <time>2026-08-14T14:34:53.639Z</time>
      </trkpt>
      <trkpt lat="47.296607" lon="11.198608">
        <ele>958.688909</ele>
        <time>2026-08-14T14:34:55.593Z</time>
      </trkpt>
      <trkpt lat="47.295698" lon="11.199502">
        <ele>938.906078</ele>
        <time>2026-08-14T14:35:07.793Z</time>
      </trkpt>
      <trkpt lat="47.295328" lon="11.199794">
        <ele>931.307931</ele>
        <time>2026-08-14T14:35:12.476Z</time>
      </trkpt>
      <trkpt lat="47.294910" lon="11.200266">
        <ele>923.721163</ele>
        <time>2026-08-14T14:35:18.374Z</time>
      </trkpt>
      <trkpt lat="47.294637" lon="11.200757">
        <ele>917.768758</ele>
        <time>2026-08-14T14:35:23.237Z</time>
      </trkpt>
      <trkpt lat="47.293997" lon="11.201532">
        <ele>906.320600</ele>
        <time>2026-08-14T14:35:32.888Z</time>
      </trkpt>
      <trkpt lat="47.293774" lon="11.202058">
        <ele>902.778397</ele>
        <time>2026-08-14T14:35:38.110Z</time>
      </trkpt>
      <trkpt lat="47.293730" lon="11.202383">
        <ele>901.195614</ele>
        <time>2026-08-14T14:35:40.962Z</time>
      </trkpt>
      <trkpt lat="47.293588" lon="11.202370">
        <ele>900.193783</ele>
        <time>2026-08-14T14:35:42.811Z</time>
      </trkpt>
      <trkpt lat="47.293333" lon="11.202172">
        <ele>898.164395</ele>
        <time>2026-08-14T14:35:46.667Z</time>
      </trkpt>
      <trkpt lat="47.293250" lon="11.202168">
        <ele>897.579631</ele>
        <time>2026-08-14T14:35:47.799Z</time>
      </trkpt>
      <trkpt lat="47.293112" lon="11.202226">
        <ele>896.569181</ele>
        <time>2026-08-14T14:35:49.734Z</time>
      </trkpt>
      <trkpt lat="47.293025" lon="11.202312">
        <ele>895.831617</ele>
        <time>2026-08-14T14:35:51.114Z</time>
      </trkpt>
      <trkpt lat="47.292963" lon="11.202505">
        <ele>894.811695</ele>
        <time>2026-08-14T14:35:52.995Z</time>
      </trkpt>
      <trkpt lat="47.292883" lon="11.202532">
        <ele>894.233797</ele>
        <time>2026-08-14T14:35:54.069Z</time>
      </trkpt>
      <trkpt lat="47.292805" lon="11.202519">
        <ele>893.681055</ele>
        <time>2026-08-14T14:35:55.064Z</time>
      </trkpt>
      <trkpt lat="47.292422" lon="11.202258">
        <ele>889.860819</ele>
        <time>2026-08-14T14:36:00.330Z</time>
      </trkpt>
      <trkpt lat="47.292327" lon="11.202235">
        <ele>888.856517</ele>
        <time>2026-08-14T14:36:01.496Z</time>
      </trkpt>
      <trkpt lat="47.292232" lon="11.202240">
        <ele>887.864857</ele>
        <time>2026-08-14T14:36:02.620Z</time>
      </trkpt>
      <trkpt lat="47.292064" lon="11.202310">
        <ele>886.043659</ele>
        <time>2026-08-14T14:36:04.681Z</time>
      </trkpt>
      <trkpt lat="47.291753" lon="11.202287">
        <ele>882.795264</ele>
        <time>2026-08-14T14:36:08.332Z</time>
      </trkpt>
      <trkpt lat="47.291513" lon="11.202222">
        <ele>880.249720</ele>
        <time>2026-08-14T14:36:11.168Z</time>
      </trkpt>
      <trkpt lat="47.291353" lon="11.202162">
        <ele>878.527474</ele>
        <time>2026-08-14T14:36:13.079Z</time>
      </trkpt>
      <trkpt lat="47.291079" lon="11.201931">
        <ele>875.234815</ele>
        <time>2026-08-14T14:36:16.750Z</time>
      </trkpt>
      <trkpt lat="47.290815" lon="11.201842">
        <ele>872.703890</ele>
        <time>2026-08-14T14:36:19.943Z</time>
      </trkpt>
      <trkpt lat="47.290598" lon="11.201699">
        <ele>870.785105</ele>
        <time>2026-08-14T14:36:22.764Z</time>
      </trkpt>
      <trkpt lat="47.289659" lon="11.200894">
        <ele>862.016524</ele>
        <time>2026-08-14T14:36:36.314Z</time>
      </trkpt>
      <trkpt lat="47.289776" lon="11.200862">
        <ele>861.055913</ele>
        <time>2026-08-14T14:36:39.124Z</time>
      </trkpt>
      <trkpt lat="47.289976" lon="11.200713">
        <ele>859.246959</ele>
        <time>2026-08-14T14:36:44.370Z</time>
      </trkpt>
      <trkpt lat="47.290164" lon="11.200600">
        <ele>857.440451</ele>
        <time>2026-08-14T14:36:49.160Z</time>
      </trkpt>
      <trkpt lat="47.290284" lon="11.200569">
        <ele>856.352846</ele>
        <time>2026-08-14T14:36:52.124Z</time>
      </trkpt>
      <trkpt lat="47.290508" lon="11.200561">
        <ele>854.352532</ele>
        <time>2026-08-14T14:36:57.419Z</time>
      </trkpt>
      <trkpt lat="47.290649" lon="11.200496">
        <ele>853.033675</ele>
        <time>2026-08-14T14:37:00.758Z</time>
      </trkpt>
      <trkpt lat="47.290891" lon="11.200463">
        <ele>850.864033</ele>
        <time>2026-08-14T14:37:06.094Z</time>
      </trkpt>
      <trkpt lat="47.291071" lon="11.200531">
        <ele>849.205194</ele>
        <time>2026-08-14T14:37:10.065Z</time>
      </trkpt>
      <trkpt lat="47.291204" lon="11.200696">
        <ele>847.653426</ele>
        <time>2026-08-14T14:37:13.738Z</time>
      </trkpt>
      <trkpt lat="47.291267" lon="11.200698">
        <ele>847.090872</ele>
        <time>2026-08-14T14:37:15.048Z</time>
      </trkpt>
      <trkpt lat="47.291319" lon="11.200687">
        <ele>846.621895</ele>
        <time>2026-08-14T14:37:16.151Z</time>
      </trkpt>
      <trkpt lat="47.291348" lon="11.200627">
        <ele>846.175779</ele>
        <time>2026-08-14T14:37:17.189Z</time>
      </trkpt>
      <trkpt lat="47.291316" lon="11.200209">
        <ele>843.628649</ele>
        <time>2026-08-14T14:37:23.151Z</time>
      </trkpt>
      <trkpt lat="47.291207" lon="11.199689">
        <ele>840.239455</ele>
        <time>2026-08-14T14:37:30.942Z</time>
      </trkpt>
      <trkpt lat="47.291186" lon="11.199393">
        <ele>838.377133</ele>
        <time>2026-08-14T14:37:35.198Z</time>
      </trkpt>
      <trkpt lat="47.291205" lon="11.199028">
        <ele>836.086432</ele>
        <time>2026-08-14T14:37:40.398Z</time>
      </trkpt>
      <trkpt lat="47.291007" lon="11.198026">
        <ele>829.555746</ele>
        <time>2026-08-14T14:37:55.640Z</time>
      </trkpt>
      <trkpt lat="47.290825" lon="11.196812">
        <ele>825.296086</ele>
        <time>2026-08-14T14:38:16.243Z</time>
      </trkpt>
      <trkpt lat="47.290947" lon="11.195743">
        <ele>823.525051</ele>
        <time>2026-08-14T14:38:37.038Z</time>
      </trkpt>
      <trkpt lat="47.290994" lon="11.195399">
        <ele>822.951752</ele>
        <time>2026-08-14T14:38:44.299Z</time>
      </trkpt>
      <trkpt lat="47.291046" lon="11.195317">
        <ele>822.768353</ele>
        <time>2026-08-14T14:38:46.635Z</time>
      </trkpt>
      <trkpt lat="47.291104" lon="11.195071">
        <ele>822.342861</ele>
        <time>2026-08-14T14:38:52.165Z</time>
      </trkpt>
      <trkpt lat="47.291110" lon="11.194388">
        <ele>821.165856</ele>
        <time>2026-08-14T14:39:06.262Z</time>
      </trkpt>
      <trkpt lat="47.291081" lon="11.194315">
        <ele>821.019036</ele>
        <time>2026-08-14T14:39:07.949Z</time>
      </trkpt>
      <trkpt lat="47.290825" lon="11.194088">
        <ele>820.254674</ele>
        <time>2026-08-14T14:39:16.308Z</time>
      </trkpt>
      <trkpt lat="47.290759" lon="11.193981">
        <ele>820.003674</ele>
        <time>2026-08-14T14:39:18.935Z</time>
      </trkpt>
      <trkpt lat="47.290622" lon="11.193575">
        <ele>819.216686</ele>
        <time>2026-08-14T14:39:27.041Z</time>
      </trkpt>
      <trkpt lat="47.290544" lon="11.193215">
        <ele>818.560807</ele>
        <time>2026-08-14T14:39:33.613Z</time>
      </trkpt>
      <trkpt lat="47.290385" lon="11.192968">
        <ele>817.969821</ele>
        <time>2026-08-14T14:39:39.536Z</time>
      </trkpt>
      <trkpt lat="47.290311" lon="11.192936">
        <ele>817.772503</ele>
        <time>2026-08-14T14:39:40.636Z</time>
      </trkpt>
      <trkpt lat="47.290208" lon="11.192822">
        <ele>817.043879</ele>
        <time>2026-08-14T14:39:42.462Z</time>
      </trkpt>
      <trkpt lat="47.290101" lon="11.192578">
        <ele>815.301193</ele>
        <time>2026-08-14T14:39:45.173Z</time>
      </trkpt>
      <trkpt lat="47.289798" lon="11.191598">
        <ele>808.841454</ele>
        <time>2026-08-14T14:39:54.711Z</time>
      </trkpt>
      <trkpt lat="47.289437" lon="11.190678">
        <ele>802.466590</ele>
        <time>2026-08-14T14:40:03.640Z</time>
      </trkpt>
      <trkpt lat="47.289315" lon="11.190292">
        <ele>798.137312</ele>
        <time>2026-08-14T14:40:07.081Z</time>
      </trkpt>
      <trkpt lat="47.289282" lon="11.189535">
        <ele>789.071522</ele>
        <time>2026-08-14T14:40:13.093Z</time>
      </trkpt>
      <trkpt lat="47.289148" lon="11.188254">
        <ele>773.580912</ele>
        <time>2026-08-14T14:40:23.234Z</time>
      </trkpt>
      <trkpt lat="47.289170" lon="11.187587">
        <ele>765.608435</ele>
        <time>2026-08-14T14:40:28.444Z</time>
      </trkpt>
      <trkpt lat="47.289237" lon="11.187121">
        <ele>759.926322</ele>
        <time>2026-08-14T14:40:32.181Z</time>
      </trkpt>
      <trkpt lat="47.289452" lon="11.186305">
        <ele>749.484267</ele>
        <time>2026-08-14T14:40:39.080Z</time>
      </trkpt>
      <trkpt lat="47.289518" lon="11.185878">
        <ele>744.260321</ele>
        <time>2026-08-14T14:40:42.576Z</time>
      </trkpt>
      <trkpt lat="47.289532" lon="11.185467">
        <ele>739.351622</ele>
        <time>2026-08-14T14:40:45.876Z</time>
      </trkpt>
      <trkpt lat="47.289585" lon="11.185109">
        <ele>735.482116</ele>
        <time>2026-08-14T14:40:48.823Z</time>
      </trkpt>
      <trkpt lat="47.289968" lon="11.184024">
        <ele>723.044700</ele>
        <time>2026-08-14T14:40:58.610Z</time>
      </trkpt>
      <trkpt lat="47.290094" lon="11.183454">
        <ele>716.948670</ele>
        <time>2026-08-14T14:41:03.396Z</time>
      </trkpt>
      <trkpt lat="47.290164" lon="11.182883">
        <ele>711.090983</ele>
        <time>2026-08-14T14:41:08.101Z</time>
      </trkpt>
      <trkpt lat="47.290188" lon="11.182553">
        <ele>708.107799</ele>
        <time>2026-08-14T14:41:10.803Z</time>
      </trkpt>
      <trkpt lat="47.290273" lon="11.182089">
        <ele>703.787741</ele>
        <time>2026-08-14T14:41:14.685Z</time>
      </trkpt>
      <trkpt lat="47.290352" lon="11.181806">
        <ele>701.037019</ele>
        <time>2026-08-14T14:41:17.162Z</time>
      </trkpt>
      <trkpt lat="47.290399" lon="11.181615">
        <ele>699.210749</ele>
        <time>2026-08-14T14:41:18.809Z</time>
      </trkpt>
      <trkpt lat="47.290430" lon="11.181413">
        <ele>697.349201</ele>
        <time>2026-08-14T14:41:20.433Z</time>
      </trkpt>
      <trkpt lat="47.290426" lon="11.181251">
        <ele>695.892117</ele>
        <time>2026-08-14T14:41:21.713Z</time>
      </trkpt>
      <trkpt lat="47.290381" lon="11.180914">
        <ele>692.804889</ele>
        <time>2026-08-14T14:41:24.424Z</time>
      </trkpt>
      <trkpt lat="47.290297" lon="11.180609">
        <ele>689.846054</ele>
        <time>2026-08-14T14:41:27.034Z</time>
      </trkpt>
      <trkpt lat="47.290114" lon="11.180193">
        <ele>685.279163</ele>
        <time>2026-08-14T14:41:30.956Z</time>
      </trkpt>
      <trkpt lat="47.290092" lon="11.180061">
        <ele>683.995955</ele>
        <time>2026-08-14T14:41:32.021Z</time>
      </trkpt>
      <trkpt lat="47.290073" lon="11.179037">
        <ele>674.325308</ele>
        <time>2026-08-14T14:41:39.957Z</time>
      </trkpt>
      <trkpt lat="47.290096" lon="11.178396">
        <ele>668.265512</ele>
        <time>2026-08-14T14:41:44.944Z</time>
      </trkpt>
      <trkpt lat="47.290048" lon="11.177530">
        <ele>660.293510</ele>
        <time>2026-08-14T14:41:51.662Z</time>
      </trkpt>
      <trkpt lat="47.290002" lon="11.177445">
        <ele>659.362314</ele>
        <time>2026-08-14T14:41:52.399Z</time>
      </trkpt>
      <trkpt lat="47.289994" lon="11.177347">
        <ele>658.517029</ele>
        <time>2026-08-14T14:41:53.073Z</time>
      </trkpt>
      <trkpt lat="47.289925" lon="11.175985">
        <ele>646.820969</ele>
        <time>2026-08-14T14:42:02.424Z</time>
      </trkpt>
      <trkpt lat="47.289811" lon="11.175243">
        <ele>640.305827</ele>
        <time>2026-08-14T14:42:07.782Z</time>
      </trkpt>
      <trkpt lat="47.289779" lon="11.174736">
        <ele>637.454885</ele>
        <time>2026-08-14T14:42:11.461Z</time>
      </trkpt>
      <trkpt lat="47.289808" lon="11.174486">
        <ele>636.125192</ele>
        <time>2026-08-14T14:42:13.355Z</time>
      </trkpt>
      <trkpt lat="47.289998" lon="11.173772">
        <ele>632.104178</ele>
        <time>2026-08-14T14:42:19.155Z</time>
      </trkpt>
      <trkpt lat="47.290017" lon="11.173708">
        <ele>631.737918</ele>
        <time>2026-08-14T14:42:19.658Z</time>
      </trkpt>
      <trkpt lat="47.290189" lon="11.173176">
        <ele>628.648206</ele>
        <time>2026-08-14T14:42:24.079Z</time>
      </trkpt>
      <trkpt lat="47.290290" lon="11.172779">
        <ele>626.425303</ele>
        <time>2026-08-14T14:42:27.258Z</time>
      </trkpt>
      <trkpt lat="47.290252" lon="11.172492">
        <ele>624.809008</ele>
        <time>2026-08-14T14:42:29.499Z</time>
      </trkpt>
      <trkpt lat="47.290139" lon="11.172298">
        <ele>623.361423</ele>
        <time>2026-08-14T14:42:31.421Z</time>
      </trkpt>
      <trkpt lat="47.290049" lon="11.172223">
        <ele>622.498602</ele>
        <time>2026-08-14T14:42:32.566Z</time>
      </trkpt>
      <trkpt lat="47.289998" lon="11.172182">
        <ele>622.013791</ele>
        <time>2026-08-14T14:42:33.190Z</time>
      </trkpt>
      <trkpt lat="47.289862" lon="11.172078">
        <ele>620.735142</ele>
        <time>2026-08-14T14:42:34.833Z</time>
      </trkpt>
      <trkpt lat="47.289828" lon="11.172014">
        <ele>620.274944</ele>
        <time>2026-08-14T14:42:35.413Z</time>
      </trkpt>
      <trkpt lat="47.289799" lon="11.171834">
        <ele>619.227621</ele>
        <time>2026-08-14T14:42:36.733Z</time>
      </trkpt>
      <trkpt lat="47.289800" lon="11.171501">
        <ele>617.342502</ele>
        <time>2026-08-14T14:42:39.092Z</time>
      </trkpt>
      <trkpt lat="47.289883" lon="11.171286">
        <ele>615.942074</ele>
        <time>2026-08-14T14:42:40.849Z</time>
      </trkpt>
      <trkpt lat="47.289797" lon="11.171285">
        <ele>615.224302</ele>
        <time>2026-08-14T14:42:41.747Z</time>
      </trkpt>
      <trkpt lat="47.289770" lon="11.171280">
        <ele>614.997191</ele>
        <time>2026-08-14T14:42:42.036Z</time>
      </trkpt>
      <trkpt lat="47.289410" lon="11.171234">
        <ele>611.981394</ele>
        <time>2026-08-14T14:42:45.911Z</time>
      </trkpt>
      <trkpt lat="47.289295" lon="11.171160">
        <ele>610.934174</ele>
        <time>2026-08-14T14:42:47.277Z</time>
      </trkpt>
      <trkpt lat="47.288834" lon="11.170566">
        <ele>608.401783</ele>
        <time>2026-08-14T14:42:54.051Z</time>
      </trkpt>
      <trkpt lat="47.288763" lon="11.170507">
        <ele>608.065326</ele>
        <time>2026-08-14T14:42:55.158Z</time>
      </trkpt>
      <trkpt lat="47.288524" lon="11.170431">
        <ele>607.055997</ele>
        <time>2026-08-14T14:42:58.565Z</time>
      </trkpt>
      <trkpt lat="47.288568" lon="11.170200">
        <ele>606.384136</ele>
        <time>2026-08-14T14:43:00.641Z</time>
      </trkpt>
      <trkpt lat="47.288609" lon="11.169986">
        <ele>605.761453</ele>
        <time>2026-08-14T14:43:02.710Z</time>
      </trkpt>
      <trkpt lat="47.288656" lon="11.169776">
        <ele>605.142233</ele>
        <time>2026-08-14T14:43:04.838Z</time>
      </trkpt>
      <trkpt lat="47.288690" lon="11.169650">
        <ele>604.762517</ele>
        <time>2026-08-14T14:43:06.198Z</time>
      </trkpt>
      <trkpt lat="47.288887" lon="11.168977">
        <ele>603.527459</ele>
        <time>2026-08-14T14:43:13.904Z</time>
      </trkpt>
      <trkpt lat="47.288592" lon="11.168776">
        <ele>603.575197</ele>
        <time>2026-08-14T14:43:19.423Z</time>
      </trkpt>
      <trkpt lat="47.288232" lon="11.168670">
        <ele>603.629124</ele>
        <time>2026-08-14T14:43:25.896Z</time>
      </trkpt>
      <trkpt lat="47.287486" lon="11.168734">
        <ele>603.738893</ele>
        <time>2026-08-14T14:43:39.663Z</time>
      </trkpt>
      <trkpt lat="47.287279" lon="11.168762">
        <ele>603.810703</ele>
        <time>2026-08-14T14:43:44.111Z</time>
      </trkpt>
      <trkpt lat="47.287162" lon="11.168777">
        <ele>603.949773</ele>
        <time>2026-08-14T14:43:46.739Z</time>
      </trkpt>
      <trkpt lat="47.287125" lon="11.168781">
        <ele>603.993705</ele>
        <time>2026-08-14T14:43:47.574Z</time>
      </trkpt>
      <trkpt lat="47.285332" lon="11.169021">
        <ele>605.758760</ele>
        <time>2026-08-14T14:44:30.352Z</time>
      </trkpt>
      <trkpt lat="47.284693" lon="11.169160">
        <ele>605.314943</ele>
        <time>2026-08-14T14:44:40.332Z</time>
      </trkpt>
      <trkpt lat="47.284536" lon="11.169204">
        <ele>605.205135</ele>
        <time>2026-08-14T14:44:42.692Z</time>
      </trkpt>
      <trkpt lat="47.284440" lon="11.169234">
        <ele>605.137707</ele>
        <time>2026-08-14T14:44:44.130Z</time>
      </trkpt>
      <trkpt lat="47.284176" lon="11.169318">
        <ele>604.952132</ele>
        <time>2026-08-14T14:44:48.013Z</time>
      </trkpt>
      <trkpt lat="47.283899" lon="11.169404">
        <ele>604.757628</ele>
        <time>2026-08-14T14:44:51.997Z</time>
      </trkpt>
      <trkpt lat="47.283218" lon="11.169615">
        <ele>604.104524</ele>
        <time>2026-08-14T14:45:01.586Z</time>
      </trkpt>
      <trkpt lat="47.282708" lon="11.169773">
        <ele>603.580762</ele>
        <time>2026-08-14T14:45:09.460Z</time>
      </trkpt>
      <trkpt lat="47.282481" lon="11.169833">
        <ele>603.348982</ele>
        <time>2026-08-14T14:45:13.003Z</time>
      </trkpt>
      <trkpt lat="47.282492" lon="11.169886">
        <ele>603.311194</ele>
        <time>2026-08-14T14:45:13.601Z</time>
      </trkpt>
      <trkpt lat="47.281965" lon="11.169968">
        <ele>602.859934</ele>
        <time>2026-08-14T14:45:22.008Z</time>
      </trkpt>
      <trkpt lat="47.281860" lon="11.170010">
        <ele>602.875275</ele>
        <time>2026-08-14T14:45:23.776Z</time>
      </trkpt>
      <trkpt lat="47.281844" lon="11.170122">
        <ele>602.886224</ele>
        <time>2026-08-14T14:45:25.007Z</time>
      </trkpt>
      <trkpt lat="47.281848" lon="11.170209">
        <ele>602.894565</ele>
        <time>2026-08-14T14:45:25.978Z</time>
      </trkpt>
      <trkpt lat="47.281879" lon="11.170275">
        <ele>602.902244</ele>
        <time>2026-08-14T14:45:26.833Z</time>
      </trkpt>
      <trkpt lat="47.282043" lon="11.170379">
        <ele>602.927418</ele>
        <time>2026-08-14T14:45:29.684Z</time>
      </trkpt>
      <trkpt lat="47.282231" lon="11.170523">
        <ele>602.957293</ele>
        <time>2026-08-14T14:45:33.091Z</time>
      </trkpt>
      <trkpt lat="47.282503" lon="11.170755">
        <ele>603.001604</ele>
        <time>2026-08-14T14:45:38.400Z</time>
      </trkpt>
      <trkpt lat="47.282661" lon="11.170935">
        <ele>603.029761</ele>
        <time>2026-08-14T14:45:42.274Z</time>
      </trkpt>
      <trkpt lat="47.282880" lon="11.171220">
        <ele>603.070953</ele>
        <time>2026-08-14T14:45:48.692Z</time>
      </trkpt>
      <trkpt lat="47.282984" lon="11.171377">
        <ele>603.091943</ele>
        <time>2026-08-14T14:45:52.103Z</time>
      </trkpt>
      <trkpt lat="47.283059" lon="11.171492">
        <ele>603.105146</ele>
        <time>2026-08-14T14:45:54.528Z</time>
      </trkpt>
      <trkpt lat="47.283074" lon="11.171515">
        <ele>603.106481</ele>
        <time>2026-08-14T14:45:54.980Z</time>
      </trkpt>
      <trkpt lat="47.283105" lon="11.171563">
        <ele>603.109255</ele>
        <time>2026-08-14T14:45:55.932Z</time>
      </trkpt>
      <trkpt lat="47.283179" lon="11.171727">
        <ele>603.117498</ele>
        <time>2026-08-14T14:45:58.667Z</time>
      </trkpt>
      <trkpt lat="47.283228" lon="11.172011">
        <ele>603.129761</ele>
        <time>2026-08-14T14:46:02.556Z</time>
      </trkpt>
      <trkpt lat="47.283237" lon="11.172144">
        <ele>603.135355</ele>
        <time>2026-08-14T14:46:04.214Z</time>
      </trkpt>
      <trkpt lat="47.283362" lon="11.172140">
        <ele>603.143068</ele>
        <time>2026-08-14T14:46:06.547Z</time>
      </trkpt>
      <trkpt lat="47.283583" lon="11.172135">
        <ele>603.156703</ele>
        <time>2026-08-14T14:46:10.558Z</time>
      </trkpt>
      <trkpt lat="47.283642" lon="11.172170">
        <ele>603.160626</ele>
        <time>2026-08-14T14:46:11.723Z</time>
      </trkpt>
      <trkpt lat="47.283690" lon="11.172250">
        <ele>603.165096</ele>
        <time>2026-08-14T14:46:13.001Z</time>
      </trkpt>
      <trkpt lat="47.284099" lon="11.173877">
        <ele>603.065412</ele>
        <time>2026-08-14T14:46:31.786Z</time>
      </trkpt>
      <trkpt lat="47.284276" lon="11.174718">
        <ele>602.828630</ele>
        <time>2026-08-14T14:46:40.733Z</time>
      </trkpt>
      <trkpt lat="47.284723" lon="11.178232">
        <ele>602.528546</ele>
        <time>2026-08-14T14:47:22.133Z</time>
      </trkpt>
      <trkpt lat="47.284841" lon="11.179755">
        <ele>602.433274</ele>
        <time>2026-08-14T14:47:40.129Z</time>
      </trkpt>
      <trkpt lat="47.284866" lon="11.181009">
        <ele>602.333511</ele>
        <time>2026-08-14T14:47:54.225Z</time>
      </trkpt>
      <trkpt lat="47.284837" lon="11.181736">
        <ele>602.170147</ele>
        <time>2026-08-14T14:48:02.187Z</time>
      </trkpt>
      <trkpt lat="47.284760" lon="11.182631">
        <ele>601.931951</ele>
        <time>2026-08-14T14:48:11.963Z</time>
      </trkpt>
      <trkpt lat="47.284641" lon="11.183501">
        <ele>601.697626</ele>
        <time>2026-08-14T14:48:21.607Z</time>
      </trkpt>
      <trkpt lat="47.284421" lon="11.184610">
        <ele>601.436946</ele>
        <time>2026-08-14T14:48:34.275Z</time>
      </trkpt>
      <trkpt lat="47.284151" lon="11.185595">
        <ele>601.210956</ele>
        <time>2026-08-14T14:48:45.963Z</time>
      </trkpt>
      <trkpt lat="47.283930" lon="11.186276">
        <ele>601.060019</ele>
        <time>2026-08-14T14:48:54.322Z</time>
      </trkpt>
      <trkpt lat="47.283698" lon="11.186855">
        <ele>601.126118</ele>
        <time>2026-08-14T14:49:01.868Z</time>
      </trkpt>
      <trkpt lat="47.283269" lon="11.187804">
        <ele>601.238214</ele>
        <time>2026-08-14T14:49:15.227Z</time>
      </trkpt>
      <trkpt lat="47.282782" lon="11.188676">
        <ele>601.449634</ele>
        <time>2026-08-14T14:49:30.378Z</time>
      </trkpt>
      <trkpt lat="47.282483" lon="11.189144">
        <ele>601.713283</ele>
        <time>2026-08-14T14:49:39.041Z</time>
      </trkpt>
      <trkpt lat="47.282173" lon="11.189529">
        <ele>601.958338</ele>
        <time>2026-08-14T14:49:46.979Z</time>
      </trkpt>
      <trkpt lat="47.281850" lon="11.189871">
        <ele>602.198757</ele>
        <time>2026-08-14T14:49:54.727Z</time>
      </trkpt>
      <trkpt lat="47.281342" lon="11.190235">
        <ele>602.482693</ele>
        <time>2026-08-14T14:50:07.859Z</time>
      </trkpt>
      <trkpt lat="47.281040" lon="11.190452">
        <ele>602.599425</ele>
        <time>2026-08-14T14:50:15.743Z</time>
      </trkpt>
      <trkpt lat="47.280655" lon="11.190919">
        <ele>602.772660</ele>
        <time>2026-08-14T14:50:27.148Z</time>
      </trkpt>
      <trkpt lat="47.280348" lon="11.191354">
        <ele>602.920617</ele>
        <time>2026-08-14T14:50:36.112Z</time>
      </trkpt>
      <trkpt lat="47.280285" lon="11.191453">
        <ele>602.952612</ele>
        <time>2026-08-14T14:50:37.857Z</time>
      </trkpt>
      <trkpt lat="47.280207" lon="11.191570">
        <ele>602.991277</ele>
        <time>2026-08-14T14:50:40.082Z</time>
      </trkpt>
      <trkpt lat="47.280186" lon="11.191635">
        <ele>603.008247</ele>
        <time>2026-08-14T14:50:40.984Z</time>
      </trkpt>
      <trkpt lat="47.280145" lon="11.191747">
        <ele>603.007651</ele>
        <time>2026-08-14T14:50:44.185Z</time>
      </trkpt>
      <trkpt lat="47.280112" lon="11.191833">
        <ele>602.945807</ele>
        <time>2026-08-14T14:50:45.208Z</time>
      </trkpt>
      <trkpt lat="47.279831" lon="11.192662">
        <ele>602.365747</ele>
        <time>2026-08-14T14:50:54.600Z</time>
      </trkpt>
      <trkpt lat="47.279756" lon="11.193116">
        <ele>602.073270</ele>
        <time>2026-08-14T14:50:59.095Z</time>
      </trkpt>
      <trkpt lat="47.279738" lon="11.193673">
        <ele>601.724231</ele>
        <time>2026-08-14T14:51:04.492Z</time>
      </trkpt>
      <trkpt lat="47.279828" lon="11.197495">
        <ele>600.521888</ele>
        <time>2026-08-14T14:51:45.281Z</time>
      </trkpt>
      <trkpt lat="47.279864" lon="11.198305">
        <ele>600.692733</ele>
        <time>2026-08-14T14:51:55.983Z</time>
      </trkpt>
      <trkpt lat="47.279962" lon="11.198716">
        <ele>600.784423</ele>
        <time>2026-08-14T14:52:02.118Z</time>
      </trkpt>
      <trkpt lat="47.280043" lon="11.199522">
        <ele>600.947746</ele>
        <time>2026-08-14T14:52:13.504Z</time>
      </trkpt>
      <trkpt lat="47.280023" lon="11.199775">
        <ele>600.890195</ele>
        <time>2026-08-14T14:52:16.931Z</time>
      </trkpt>
      <trkpt lat="47.279862" lon="11.200335">
        <ele>600.752773</ele>
        <time>2026-08-14T14:52:24.709Z</time>
      </trkpt>
      <trkpt lat="47.279706" lon="11.204065">
        <ele>599.515163</ele>
        <time>2026-08-14T14:53:03.250Z</time>
      </trkpt>
      <trkpt lat="47.279635" lon="11.204961">
        <ele>599.193640</ele>
        <time>2026-08-14T14:53:13.346Z</time>
      </trkpt>
      <trkpt lat="47.279541" lon="11.205666">
        <ele>599.093684</ele>
        <time>2026-08-14T14:53:21.646Z</time>
      </trkpt>
      <trkpt lat="47.279442" lon="11.206296">
        <ele>599.003717</ele>
        <time>2026-08-14T14:53:29.140Z</time>
      </trkpt>
      <trkpt lat="47.279276" lon="11.207054">
        <ele>598.892905</ele>
        <time>2026-08-14T14:53:38.049Z</time>
      </trkpt>
      <trkpt lat="47.278732" lon="11.208870">
        <ele>598.454189</ele>
        <time>2026-08-14T14:53:59.365Z</time>
      </trkpt>
      <trkpt lat="47.278380" lon="11.209899">
        <ele>598.260007</ele>
        <time>2026-08-14T14:54:12.202Z</time>
      </trkpt>
      <trkpt lat="47.278065" lon="11.210659">
        <ele>598.363824</ele>
        <time>2026-08-14T14:54:23.119Z</time>
      </trkpt>
      <trkpt lat="47.277244" lon="11.212064">
        <ele>598.505488</ele>
        <time>2026-08-14T14:54:46.502Z</time>
      </trkpt>
      <trkpt lat="47.276664" lon="11.213472">
        <ele>598.300356</ele>
        <time>2026-08-14T14:55:04.748Z</time>
      </trkpt>
      <trkpt lat="47.276216" lon="11.214561">
        <ele>598.130128</ele>
        <time>2026-08-14T14:55:18.851Z</time>
      </trkpt>
      <trkpt lat="47.275807" lon="11.215629">
        <ele>597.952756</ele>
        <time>2026-08-14T14:55:33.087Z</time>
      </trkpt>
      <trkpt lat="47.275689" lon="11.216133">
        <ele>597.875644</ele>
        <time>2026-08-14T14:55:39.029Z</time>
      </trkpt>
      <trkpt lat="47.275616" lon="11.216997">
        <ele>597.606198</ele>
        <time>2026-08-14T14:55:48.335Z</time>
      </trkpt>
      <trkpt lat="47.275585" lon="11.217122">
        <ele>597.552707</ele>
        <time>2026-08-14T14:55:49.726Z</time>
      </trkpt>
      <trkpt lat="47.275351" lon="11.218146">
        <ele>597.118424</ele>
        <time>2026-08-14T14:56:01.033Z</time>
      </trkpt>
      <trkpt lat="47.275336" lon="11.218935">
        <ele>596.801184</ele>
        <time>2026-08-14T14:56:09.317Z</time>
      </trkpt>
      <trkpt lat="47.275254" lon="11.219338">
        <ele>596.710582</ele>
        <time>2026-08-14T14:56:13.855Z</time>
      </trkpt>
      <trkpt lat="47.274845" lon="11.220264">
        <ele>596.528953</ele>
        <time>2026-08-14T14:56:26.093Z</time>
      </trkpt>
      <trkpt lat="47.274290" lon="11.221279">
        <ele>596.321480</ele>
        <time>2026-08-14T14:56:40.914Z</time>
      </trkpt>
      <trkpt lat="47.273424" lon="11.223436">
        <ele>596.103535</ele>
        <time>2026-08-14T14:57:10.012Z</time>
      </trkpt>
      <trkpt lat="47.273067" lon="11.224767">
        <ele>595.528038</ele>
        <time>2026-08-14T14:57:24.820Z</time>
      </trkpt>
      <trkpt lat="47.272888" lon="11.225605">
        <ele>595.163373</ele>
        <time>2026-08-14T14:57:33.823Z</time>
      </trkpt>
      <trkpt lat="47.272731" lon="11.226022">
        <ele>595.010548</ele>
        <time>2026-08-14T14:57:38.946Z</time>
      </trkpt>
      <trkpt lat="47.272456" lon="11.226566">
        <ele>595.115587</ele>
        <time>2026-08-14T14:57:46.699Z</time>
      </trkpt>
      <trkpt lat="47.272230" lon="11.227157">
        <ele>595.220630</ele>
        <time>2026-08-14T14:57:55.236Z</time>
      </trkpt>
      <trkpt lat="47.271649" lon="11.228343">
        <ele>595.367592</ele>
        <time>2026-08-14T14:58:15.061Z</time>
      </trkpt>
      <trkpt lat="47.271096" lon="11.229594">
        <ele>595.119767</ele>
        <time>2026-08-14T14:58:32.568Z</time>
      </trkpt>
      <trkpt lat="47.270611" lon="11.230244">
        <ele>594.936845</ele>
        <time>2026-08-14T14:58:42.443Z</time>
      </trkpt>
      <trkpt lat="47.270526" lon="11.230396">
        <ele>594.825239</ele>
        <time>2026-08-14T14:58:44.377Z</time>
      </trkpt>
      <trkpt lat="47.270044" lon="11.231694">
        <ele>593.986834</ele>
        <time>2026-08-14T14:58:58.939Z</time>
      </trkpt>
      <trkpt lat="47.269896" lon="11.231925">
        <ele>593.806816</ele>
        <time>2026-08-14T14:59:02.250Z</time>
      </trkpt>
      <trkpt lat="47.269749" lon="11.231749">
        <ele>593.648659</ele>
        <time>2026-08-14T14:59:05.242Z</time>
      </trkpt>
      <trkpt lat="47.269420" lon="11.232289">
        <ele>593.558123</ele>
        <time>2026-08-14T14:59:13.417Z</time>
      </trkpt>
      <trkpt lat="47.268929" lon="11.231675">
        <ele>593.772293</ele>
        <time>2026-08-14T14:59:25.330Z</time>
      </trkpt>
      <trkpt lat="47.268698" lon="11.232275">
        <ele>593.927979</ele>
        <time>2026-08-14T14:59:34.523Z</time>
      </trkpt>
      <trkpt lat="47.268474" lon="11.232989">
        <ele>594.090129</ele>
        <time>2026-08-14T14:59:45.790Z</time>
      </trkpt>
      <trkpt lat="47.268261" lon="11.234151">
        <ele>594.258669</ele>
        <time>2026-08-14T15:00:01.873Z</time>
      </trkpt>
      <trkpt lat="47.268091" lon="11.234221">
        <ele>594.295092</ele>
        <time>2026-08-14T15:00:04.698Z</time>
      </trkpt>
      <trkpt lat="47.267926" lon="11.234297">
        <ele>594.330765</ele>
        <time>2026-08-14T15:00:07.521Z</time>
      </trkpt>
      <trkpt lat="47.268081" lon="11.234840">
        <ele>594.413252</ele>
        <time>2026-08-14T15:00:14.414Z</time>
      </trkpt>
      <trkpt lat="47.268166" lon="11.235136">
        <ele>594.471915</ele>
        <time>2026-08-14T15:00:18.011Z</time>
      </trkpt>
      <trkpt lat="47.267943" lon="11.235233">
        <ele>594.549529</ele>
        <time>2026-08-14T15:00:21.851Z</time>
      </trkpt>
      <trkpt lat="47.267742" lon="11.235255">
        <ele>594.616809</ele>
        <time>2026-08-14T15:00:25.103Z</time>
      </trkpt>
      <trkpt lat="47.266328" lon="11.235614">
        <ele>595.173011</ele>
        <time>2026-08-14T15:00:52.942Z</time>
      </trkpt>
      <trkpt lat="47.265752" lon="11.235797">
        <ele>595.626263</ele>
        <time>2026-08-14T15:01:06.512Z</time>
      </trkpt>
      <trkpt lat="47.264744" lon="11.236221">
        <ele>596.411105</ele>
        <time>2026-08-14T15:01:28.336Z</time>
      </trkpt>
      <trkpt lat="47.264490" lon="11.236410">
        <ele>596.253570</ele>
        <time>2026-08-14T15:01:33.327Z</time>
      </trkpt>
      <trkpt lat="47.264264" lon="11.236654">
        <ele>596.098459</ele>
        <time>2026-08-14T15:01:37.904Z</time>
      </trkpt>
      <trkpt lat="47.264066" lon="11.237020">
        <ele>595.922602</ele>
        <time>2026-08-14T15:01:42.858Z</time>
      </trkpt>
      <trkpt lat="47.264056" lon="11.237144">
        <ele>595.875687</ele>
        <time>2026-08-14T15:01:44.135Z</time>
      </trkpt>
      <trkpt lat="47.264077" lon="11.237231">
        <ele>595.840994</ele>
        <time>2026-08-14T15:01:45.072Z</time>
      </trkpt>
      <trkpt lat="47.264197" lon="11.237510">
        <ele>595.716890</ele>
        <time>2026-08-14T15:01:48.359Z</time>
      </trkpt>
      <trkpt lat="47.264217" lon="11.237623">
        <ele>595.673015</ele>
        <time>2026-08-14T15:01:49.509Z</time>
      </trkpt>
      <trkpt lat="47.264217" lon="11.237736">
        <ele>595.630560</ele>
        <time>2026-08-14T15:01:50.620Z</time>
      </trkpt>
      <trkpt lat="47.264187" lon="11.237818">
        <ele>595.595560</ele>
        <time>2026-08-14T15:01:51.530Z</time>
      </trkpt>
      <trkpt lat="47.263702" lon="11.238546">
        <ele>595.142322</ele>
        <time>2026-08-14T15:02:01.767Z</time>
      </trkpt>
      <trkpt lat="47.263492" lon="11.238912">
        <ele>594.902845</ele>
        <time>2026-08-14T15:02:06.674Z</time>
      </trkpt>
      <trkpt lat="47.263028" lon="11.239890">
        <ele>594.306602</ele>
        <time>2026-08-14T15:02:19.133Z</time>
      </trkpt>
      <trkpt lat="47.262608" lon="11.240983">
        <ele>594.113704</ele>
        <time>2026-08-14T15:02:33.047Z</time>
      </trkpt>
      <trkpt lat="47.262387" lon="11.241802">
        <ele>594.128022</ele>
        <time>2026-08-14T15:02:43.760Z</time>
      </trkpt>
      <trkpt lat="47.262067" lon="11.243230">
        <ele>593.990197</ele>
        <time>2026-08-14T15:03:02.553Z</time>
      </trkpt>
      <trkpt lat="47.261873" lon="11.244560">
        <ele>593.630040</ele>
        <time>2026-08-14T15:03:17.537Z</time>
      </trkpt>
      <trkpt lat="47.261748" lon="11.246012">
        <ele>593.129146</ele>
        <time>2026-08-14T15:03:32.251Z</time>
      </trkpt>
      <trkpt lat="47.261745" lon="11.246977">
        <ele>592.727969</ele>
        <time>2026-08-14T15:03:42.187Z</time>
      </trkpt>
      <trkpt lat="47.261800" lon="11.247925">
        <ele>592.345478</ele>
        <time>2026-08-14T15:03:52.709Z</time>
      </trkpt>
      <trkpt lat="47.261893" lon="11.248712">
        <ele>592.617532</ele>
        <time>2026-08-14T15:04:02.507Z</time>
      </trkpt>
      <trkpt lat="47.262182" lon="11.250218">
        <ele>593.150526</ele>
        <time>2026-08-14T15:04:24.181Z</time>
      </trkpt>
      <trkpt lat="47.262467" lon="11.251253">
        <ele>593.554819</ele>
        <time>2026-08-14T15:04:39.709Z</time>
      </trkpt>
      <trkpt lat="47.262553" lon="11.251803">
        <ele>593.762948</ele>
        <time>2026-08-14T15:04:47.317Z</time>
      </trkpt>
      <trkpt lat="47.262833" lon="11.252607">
        <ele>594.096186</ele>
        <time>2026-08-14T15:04:59.026Z</time>
      </trkpt>
      <trkpt lat="47.263900" lon="11.255401">
        <ele>594.789249</ele>
        <time>2026-08-14T15:05:38.679Z</time>
      </trkpt>
      <trkpt lat="47.263976" lon="11.255415">
        <ele>594.829140</ele>
        <time>2026-08-14T15:05:40.147Z</time>
      </trkpt>
      <trkpt lat="47.264014" lon="11.255476">
        <ele>594.858406</ele>
        <time>2026-08-14T15:05:41.238Z</time>
      </trkpt>
      <trkpt lat="47.264045" lon="11.255593">
        <ele>594.902799</ele>
        <time>2026-08-14T15:05:42.842Z</time>
      </trkpt>
      <trkpt lat="47.264098" lon="11.255780">
        <ele>594.974425</ele>
        <time>2026-08-14T15:05:45.495Z</time>
      </trkpt>
      <trkpt lat="47.264201" lon="11.256076">
        <ele>595.091994</ele>
        <time>2026-08-14T15:05:49.887Z</time>
      </trkpt>
      <trkpt lat="47.264533" lon="11.256718">
        <ele>595.377276</ele>
        <time>2026-08-14T15:06:00.580Z</time>
      </trkpt>
      <trkpt lat="47.264601" lon="11.256894">
        <ele>595.448856</ele>
        <time>2026-08-14T15:06:03.292Z</time>
      </trkpt>
      <trkpt lat="47.264923" lon="11.257917">
        <ele>595.774727</ele>
        <time>2026-08-14T15:06:18.729Z</time>
      </trkpt>
      <trkpt lat="47.265037" lon="11.258363">
        <ele>595.881808</ele>
        <time>2026-08-14T15:06:25.096Z</time>
      </trkpt>
      <trkpt lat="47.265288" lon="11.259981">
        <ele>596.172853</ele>
        <time>2026-08-14T15:06:46.960Z</time>
      </trkpt>
      <trkpt lat="47.265455" lon="11.260366">
        <ele>595.533764</ele>
        <time>2026-08-14T15:06:51.633Z</time>
      </trkpt>
      <trkpt lat="47.265610" lon="11.260490">
        <ele>595.170256</ele>
        <time>2026-08-14T15:06:54.059Z</time>
      </trkpt>
      <trkpt lat="47.265906" lon="11.260569">
        <ele>594.550253</ele>
        <time>2026-08-14T15:06:57.958Z</time>
      </trkpt>
      <trkpt lat="47.265976" lon="11.260651">
        <ele>594.365947</ele>
        <time>2026-08-14T15:06:59.115Z</time>
      </trkpt>
      <trkpt lat="47.266407" lon="11.261858">
        <ele>592.508777</ele>
        <time>2026-08-14T15:07:10.933Z</time>
      </trkpt>
      <trkpt lat="47.266429" lon="11.261926">
        <ele>592.471621</ele>
        <time>2026-08-14T15:07:11.578Z</time>
      </trkpt>
      <trkpt lat="47.266445" lon="11.262071">
        <ele>592.399166</ele>
        <time>2026-08-14T15:07:14.709Z</time>
      </trkpt>
      <trkpt lat="47.266445" lon="11.262136">
        <ele>592.367107</ele>
        <time>2026-08-14T15:07:15.274Z</time>
      </trkpt>
      <trkpt lat="47.266443" lon="11.262833">
        <ele>592.023331</ele>
        <time>2026-08-14T15:07:21.697Z</time>
      </trkpt>
      <trkpt lat="47.266422" lon="11.263430">
        <ele>591.728486</ele>
        <time>2026-08-14T15:07:28.312Z</time>
      </trkpt>
      <trkpt lat="47.266417" lon="11.263608">
        <ele>591.640618</ele>
        <time>2026-08-14T15:07:30.782Z</time>
      </trkpt>
      <trkpt lat="47.266351" lon="11.263866">
        <ele>591.504626</ele>
        <time>2026-08-14T15:07:34.768Z</time>
      </trkpt>
      <trkpt lat="47.266051" lon="11.265602">
        <ele>591.466151</ele>
        <time>2026-08-14T15:07:59.914Z</time>
      </trkpt>
      <trkpt lat="47.265858" lon="11.265947">
        <ele>591.552203</ele>
        <time>2026-08-14T15:08:05.449Z</time>
      </trkpt>
      <trkpt lat="47.265772" lon="11.266165">
        <ele>591.600734</ele>
        <time>2026-08-14T15:08:08.440Z</time>
      </trkpt>
      <trkpt lat="47.265222" lon="11.268819">
        <ele>590.995739</ele>
        <time>2026-08-14T15:08:38.294Z</time>
      </trkpt>
      <trkpt lat="47.265190" lon="11.269750">
        <ele>590.632981</ele>
        <time>2026-08-14T15:08:48.110Z</time>
      </trkpt>
      <trkpt lat="47.265262" lon="11.272592">
        <ele>589.384395</ele>
        <time>2026-08-14T15:09:18.036Z</time>
      </trkpt>
      <trkpt lat="47.265560" lon="11.276105">
        <ele>587.897066</ele>
        <time>2026-08-14T15:09:55.224Z</time>
      </trkpt>
      <trkpt lat="47.265672" lon="11.278366">
        <ele>587.298042</ele>
        <time>2026-08-14T15:10:19.878Z</time>
      </trkpt>
      <trkpt lat="47.265675" lon="11.278937">
        <ele>587.227920</ele>
        <time>2026-08-14T15:10:26.434Z</time>
      </trkpt>
      <trkpt lat="47.265583" lon="11.281590">
        <ele>587.146990</ele>
        <time>2026-08-14T15:10:57.466Z</time>
      </trkpt>
      <trkpt lat="47.265564" lon="11.282355">
        <ele>587.169273</ele>
        <time>2026-08-14T15:11:06.516Z</time>
      </trkpt>
      <trkpt lat="47.265532" lon="11.282512">
        <ele>587.174045</ele>
        <time>2026-08-14T15:11:08.421Z</time>
      </trkpt>
      <trkpt lat="47.265458" lon="11.282708">
        <ele>587.179350</ele>
        <time>2026-08-14T15:11:11.067Z</time>
      </trkpt>
      <trkpt lat="47.265338" lon="11.283053">
        <ele>587.186609</ele>
        <time>2026-08-14T15:11:15.673Z</time>
      </trkpt>
      <trkpt lat="47.265239" lon="11.283351">
        <ele>587.192822</ele>
        <time>2026-08-14T15:11:19.600Z</time>
      </trkpt>
      <trkpt lat="47.264603" lon="11.284871">
        <ele>587.226261</ele>
        <time>2026-08-14T15:11:40.845Z</time>
      </trkpt>
      <trkpt lat="47.264200" lon="11.285970">
        <ele>587.061462</ele>
        <time>2026-08-14T15:11:54.606Z</time>
      </trkpt>
      <trkpt lat="47.263840" lon="11.287107">
        <ele>586.891699</ele>
        <time>2026-08-14T15:12:08.494Z</time>
      </trkpt>
      <trkpt lat="47.263619" lon="11.287972">
        <ele>586.867073</ele>
        <time>2026-08-14T15:12:19.194Z</time>
      </trkpt>
      <trkpt lat="47.263465" lon="11.288680">
        <ele>586.866000</ele>
        <time>2026-08-14T15:12:28.132Z</time>
      </trkpt>
      <trkpt lat="47.263317" lon="11.289582">
        <ele>586.864660</ele>
        <time>2026-08-14T15:12:39.228Z</time>
      </trkpt>
      <trkpt lat="47.263173" lon="11.290937">
        <ele>586.577942</ele>
        <time>2026-08-14T15:12:54.598Z</time>
      </trkpt>
      <trkpt lat="47.263130" lon="11.291797">
        <ele>586.361848</ele>
        <time>2026-08-14T15:13:03.851Z</time>
      </trkpt>
      <trkpt lat="47.263122" lon="11.292883">
        <ele>586.045424</ele>
        <time>2026-08-14T15:13:15.302Z</time>
      </trkpt>
      <trkpt lat="47.263170" lon="11.294335">
        <ele>585.535167</ele>
        <time>2026-08-14T15:13:30.783Z</time>
      </trkpt>
      <trkpt lat="47.263485" lon="11.299045">
        <ele>584.461553</ele>
        <time>2026-08-14T15:14:23.294Z</time>
      </trkpt>
      <trkpt lat="47.264217" lon="11.309061">
        <ele>582.455241</ele>
        <time>2026-08-14T15:16:13.584Z</time>
      </trkpt>
      <trkpt lat="47.264599" lon="11.312689">
        <ele>583.714146</ele>
        <time>2026-08-14T15:17:04.605Z</time>
      </trkpt>
      <trkpt lat="47.264650" lon="11.313528">
        <ele>584.056168</ele>
        <time>2026-08-14T15:17:15.652Z</time>
      </trkpt>
      <trkpt lat="47.264655" lon="11.314063">
        <ele>583.916180</ele>
        <time>2026-08-14T15:17:22.078Z</time>
      </trkpt>
      <trkpt lat="47.264563" lon="11.314915">
        <ele>583.690463</ele>
        <time>2026-08-14T15:17:31.676Z</time>
      </trkpt>
      <trkpt lat="47.264578" lon="11.316020">
        <ele>583.401298</ele>
        <time>2026-08-14T15:17:43.246Z</time>
      </trkpt>
      <trkpt lat="47.264489" lon="11.316897">
        <ele>582.973305</ele>
        <time>2026-08-14T15:17:52.062Z</time>
      </trkpt>
      <trkpt lat="47.264412" lon="11.317400">
        <ele>582.703815</ele>
        <time>2026-08-14T15:17:57.191Z</time>
      </trkpt>
      <trkpt lat="47.264241" lon="11.318360">
        <ele>582.185090</ele>
        <time>2026-08-14T15:18:07.427Z</time>
      </trkpt>
      <trkpt lat="47.264032" lon="11.319212">
        <ele>582.094609</ele>
        <time>2026-08-14T15:18:17.654Z</time>
      </trkpt>
      <trkpt lat="47.263805" lon="11.320006">
        <ele>582.285602</ele>
        <time>2026-08-14T15:18:28.766Z</time>
      </trkpt>
      <trkpt lat="47.263552" lon="11.320767">
        <ele>582.473454</ele>
        <time>2026-08-14T15:18:40.241Z</time>
      </trkpt>
      <trkpt lat="47.263301" lon="11.321407">
        <ele>582.733104</ele>
        <time>2026-08-14T15:18:50.092Z</time>
      </trkpt>
      <trkpt lat="47.262670" lon="11.322740">
        <ele>583.591832</ele>
        <time>2026-08-14T15:19:12.162Z</time>
      </trkpt>
      <trkpt lat="47.262439" lon="11.322955">
        <ele>583.804555</ele>
        <time>2026-08-14T15:19:18.303Z</time>
      </trkpt>
      <trkpt lat="47.262129" lon="11.323396">
        <ele>583.953891</ele>
        <time>2026-08-14T15:19:28.067Z</time>
      </trkpt>
      <trkpt lat="47.261874" lon="11.323754">
        <ele>583.930613</ele>
        <time>2026-08-14T15:19:35.691Z</time>
      </trkpt>
      <trkpt lat="47.261604" lon="11.324050">
        <ele>583.908372</ele>
        <time>2026-08-14T15:19:41.883Z</time>
      </trkpt>
      <trkpt lat="47.261391" lon="11.324201">
        <ele>583.892750</ele>
        <time>2026-08-14T15:19:45.559Z</time>
      </trkpt>
      <trkpt lat="47.261237" lon="11.324270">
        <ele>583.882112</ele>
        <time>2026-08-14T15:19:47.971Z</time>
      </trkpt>
      <trkpt lat="47.261165" lon="11.324416">
        <ele>583.874018</ele>
        <time>2026-08-14T15:19:49.811Z</time>
      </trkpt>
      <trkpt lat="47.261145" lon="11.324570">
        <ele>583.866985</ele>
        <time>2026-08-14T15:19:51.405Z</time>
      </trkpt>
      <trkpt lat="47.261224" lon="11.324998">
        <ele>583.832965</ele>
        <time>2026-08-14T15:19:55.808Z</time>
      </trkpt>
      <trkpt lat="47.261199" lon="11.325110">
        <ele>583.797710</ele>
        <time>2026-08-14T15:19:56.945Z</time>
      </trkpt>
      <trkpt lat="47.260908" lon="11.325421">
        <ele>583.639321</ele>
        <time>2026-08-14T15:20:02.165Z</time>
      </trkpt>
      <trkpt lat="47.260746" lon="11.325083">
        <ele>583.515588</ele>
        <time>2026-08-14T15:20:06.336Z</time>
      </trkpt>
      <trkpt lat="47.260784" lon="11.324995">
        <ele>583.484400</ele>
        <time>2026-08-14T15:20:07.478Z</time>
      </trkpt>
      <trkpt lat="47.260726" lon="11.324711">
        <ele>583.395716</ele>
        <time>2026-08-14T15:20:10.645Z</time>
      </trkpt>
      <trkpt lat="47.260668" lon="11.324603">
        <ele>583.354534</ele>
        <time>2026-08-14T15:20:12.154Z</time>
      </trkpt>
      <trkpt lat="47.260523" lon="11.324428">
        <ele>583.271951</ele>
        <time>2026-08-14T15:20:15.240Z</time>
      </trkpt>
      <trkpt lat="47.260460" lon="11.324229">
        <ele>583.206290</ele>
        <time>2026-08-14T15:20:17.956Z</time>
      </trkpt>
      <trkpt lat="47.260459" lon="11.324078">
        <ele>583.161135</ele>
        <time>2026-08-14T15:20:19.951Z</time>
      </trkpt>
      <trkpt lat="47.260527" lon="11.323792">
        <ele>583.070519</ele>
        <time>2026-08-14T15:20:24.110Z</time>
      </trkpt>
      <trkpt lat="47.260499" lon="11.323571">
        <ele>583.065921</ele>
        <time>2026-08-14T15:20:27.165Z</time>
      </trkpt>
      <trkpt lat="47.260545" lon="11.323514">
        <ele>583.070264</ele>
        <time>2026-08-14T15:20:28.418Z</time>
      </trkpt>
      <trkpt lat="47.260609" lon="11.323803">
        <ele>583.085172</ele>
        <time>2026-08-14T15:20:32.312Z</time>
      </trkpt>
      <trkpt lat="47.260545" lon="11.324054">
        <ele>583.098321</ele>
        <time>2026-08-14T15:20:35.730Z</time>
      </trkpt>
      <trkpt lat="47.260556" lon="11.324203">
        <ele>583.105671</ele>
        <time>2026-08-14T15:20:37.636Z</time>
      </trkpt>
      <trkpt lat="47.260631" lon="11.324350">
        <ele>583.114690</ele>
        <time>2026-08-14T15:20:39.898Z</time>
      </trkpt>
      <trkpt lat="47.260799" lon="11.324480">
        <ele>583.128402</ele>
        <time>2026-08-14T15:20:43.132Z</time>
      </trkpt>
      <trkpt lat="47.260987" lon="11.325053">
        <ele>583.159613</ele>
        <time>2026-08-14T15:20:49.983Z</time>
      </trkpt>
      <trkpt lat="47.261259" lon="11.325994">
        <ele>583.287241</ele>
        <time>2026-08-14T15:21:01.458Z</time>
      </trkpt>
      <trkpt lat="47.261436" lon="11.326693">
        <ele>583.448668</ele>
        <time>2026-08-14T15:21:11.481Z</time>
      </trkpt>
      <trkpt lat="47.261568" lon="11.327451">
        <ele>583.617988</ele>
        <time>2026-08-14T15:21:22.902Z</time>
      </trkpt>
      <trkpt lat="47.261626" lon="11.328192">
        <ele>583.675254</ele>
        <time>2026-08-14T15:21:32.086Z</time>
      </trkpt>
      <trkpt lat="47.261587" lon="11.328747">
        <ele>583.129820</ele>
        <time>2026-08-14T15:21:38.447Z</time>
      </trkpt>
      <trkpt lat="47.261362" lon="11.328824">
        <ele>582.797102</ele>
        <time>2026-08-14T15:21:41.866Z</time>
      </trkpt>
      <trkpt lat="47.260627" lon="11.328061">
        <ele>581.502045</ele>
        <time>2026-08-14T15:21:53.919Z</time>
      </trkpt>
      <trkpt lat="47.260550" lon="11.328004">
        <ele>581.377923</ele>
        <time>2026-08-14T15:21:55.017Z</time>
      </trkpt>
      <trkpt lat="47.260494" lon="11.328009">
        <ele>581.297112</ele>
        <time>2026-08-14T15:21:55.737Z</time>
      </trkpt>
      <trkpt lat="47.260062" lon="11.328195">
        <ele>580.649215</ele>
        <time>2026-08-14T15:22:01.741Z</time>
      </trkpt>
      <trkpt lat="47.259807" lon="11.328130">
        <ele>580.276728</ele>
        <time>2026-08-14T15:22:05.286Z</time>
      </trkpt>
      <trkpt lat="47.259633" lon="11.328194">
        <ele>580.018595</ele>
        <time>2026-08-14T15:22:07.786Z</time>
      </trkpt>
      <trkpt lat="47.259250" lon="11.328512">
        <ele>579.385823</ele>
        <time>2026-08-14T15:22:14.132Z</time>
      </trkpt>
      <trkpt lat="47.258503" lon="11.329311">
        <ele>578.525435</ele>
        <time>2026-08-14T15:22:28.312Z</time>
      </trkpt>
      <trkpt lat="47.258249" lon="11.329520">
        <ele>578.481132</ele>
        <time>2026-08-14T15:22:33.059Z</time>
      </trkpt>
      <trkpt lat="47.258131" lon="11.329687">
        <ele>578.456215</ele>
        <time>2026-08-14T15:22:35.757Z</time>
      </trkpt>
      <trkpt lat="47.257403" lon="11.331016">
        <ele>578.373478</ele>
        <time>2026-08-14T15:22:56.174Z</time>
      </trkpt>
      <trkpt lat="47.257300" lon="11.331307">
        <ele>578.456366</ele>
        <time>2026-08-14T15:23:00.462Z</time>
      </trkpt>
      <trkpt lat="47.257308" lon="11.331495">
        <ele>578.503941</ele>
        <time>2026-08-14T15:23:02.979Z</time>
      </trkpt>
      <trkpt lat="47.257326" lon="11.331653">
        <ele>578.544403</ele>
        <time>2026-08-14T15:23:05.136Z</time>
      </trkpt>
      <trkpt lat="47.257461" lon="11.332874">
        <ele>578.856843</ele>
        <time>2026-08-14T15:23:21.635Z</time>
      </trkpt>
      <trkpt lat="47.257439" lon="11.333017">
        <ele>578.893875</ele>
        <time>2026-08-14T15:23:23.624Z</time>
      </trkpt>
      <trkpt lat="47.255853" lon="11.335277">
        <ele>579.045605</ele>
        <time>2026-08-14T15:24:01.845Z</time>
      </trkpt>
      <trkpt lat="47.255475" lon="11.335716">
        <ele>578.870725</ele>
        <time>2026-08-14T15:24:09.726Z</time>
      </trkpt>
      <trkpt lat="47.254903" lon="11.336238">
        <ele>578.626256</ele>
        <time>2026-08-14T15:24:20.643Z</time>
      </trkpt>
      <trkpt lat="47.254166" lon="11.337290">
        <ele>577.939224</ele>
        <time>2026-08-14T15:24:36.471Z</time>
      </trkpt>
      <trkpt lat="47.253991" lon="11.337504">
        <ele>577.730813</ele>
        <time>2026-08-14T15:24:39.855Z</time>
      </trkpt>
      <trkpt lat="47.253783" lon="11.337908">
        <ele>577.415415</ele>
        <time>2026-08-14T15:24:44.932Z</time>
      </trkpt>
      <trkpt lat="47.253540" lon="11.338710">
        <ele>576.869127</ele>
        <time>2026-08-14T15:24:53.619Z</time>
      </trkpt>
      <trkpt lat="47.253318" lon="11.339644">
        <ele>576.525356</ele>
        <time>2026-08-14T15:25:03.861Z</time>
      </trkpt>
      <trkpt lat="47.253188" lon="11.340518">
        <ele>576.239882</ele>
        <time>2026-08-14T15:25:13.695Z</time>
      </trkpt>
      <trkpt lat="47.253124" lon="11.341468">
        <ele>575.944934</ele>
        <time>2026-08-14T15:25:24.709Z</time>
      </trkpt>
      <trkpt lat="47.253076" lon="11.342788">
        <ele>575.655185</ele>
        <time>2026-08-14T15:25:39.597Z</time>
      </trkpt>
      <trkpt lat="47.253186" lon="11.344088">
        <ele>575.370794</ele>
        <time>2026-08-14T15:25:53.583Z</time>
      </trkpt>
      <trkpt lat="47.253328" lon="11.344921">
        <ele>575.212729</ele>
        <time>2026-08-14T15:26:02.761Z</time>
      </trkpt>
      <trkpt lat="47.253597" lon="11.346070">
        <ele>574.989043</ele>
        <time>2026-08-14T15:26:16.335Z</time>
      </trkpt>
      <trkpt lat="47.254458" lon="11.349098">
        <ele>575.205588</ele>
        <time>2026-08-14T15:26:56.103Z</time>
      </trkpt>
      <trkpt lat="47.254945" lon="11.350743">
        <ele>575.534681</ele>
        <time>2026-08-14T15:27:17.582Z</time>
      </trkpt>
      <trkpt lat="47.255116" lon="11.351515">
        <ele>575.677881</ele>
        <time>2026-08-14T15:27:28.697Z</time>
      </trkpt>
      <trkpt lat="47.255253" lon="11.351904">
        <ele>575.731287</ele>
        <time>2026-08-14T15:27:34.419Z</time>
      </trkpt>
      <trkpt lat="47.255315" lon="11.352022">
        <ele>575.749472</ele>
        <time>2026-08-14T15:27:36.374Z</time>
      </trkpt>
      <trkpt lat="47.255432" lon="11.352631">
        <ele>575.826602</ele>
        <time>2026-08-14T15:27:44.053Z</time>
      </trkpt>
      <trkpt lat="47.255538" lon="11.354039">
        <ele>576.005355</ele>
        <time>2026-08-14T15:28:00.353Z</time>
      </trkpt>
      <trkpt lat="47.255607" lon="11.356350">
        <ele>576.464467</ele>
        <time>2026-08-14T15:28:29.258Z</time>
      </trkpt>
      <trkpt lat="47.255649" lon="11.357492">
        <ele>576.732845</ele>
        <time>2026-08-14T15:28:44.330Z</time>
      </trkpt>
      <trkpt lat="47.255690" lon="11.358631">
        <ele>577.012461</ele>
        <time>2026-08-14T15:28:58.761Z</time>
      </trkpt>
      <trkpt lat="47.255652" lon="11.358963">
        <ele>577.094999</ele>
        <time>2026-08-14T15:29:02.798Z</time>
      </trkpt>
      <trkpt lat="47.255537" lon="11.359603">
        <ele>577.263202</ele>
        <time>2026-08-14T15:29:10.645Z</time>
      </trkpt>
      <trkpt lat="47.255597" lon="11.359644">
        <ele>577.288620</ele>
        <time>2026-08-14T15:29:11.986Z</time>
      </trkpt>
      <trkpt lat="47.255890" lon="11.359846">
        <ele>577.412942</ele>
        <time>2026-08-14T15:29:18.364Z</time>
      </trkpt>
      <trkpt lat="47.255963" lon="11.359896">
        <ele>577.443880</ele>
        <time>2026-08-14T15:29:19.953Z</time>
      </trkpt>
      <trkpt lat="47.255929" lon="11.359981">
        <ele>577.469616</ele>
        <time>2026-08-14T15:29:21.419Z</time>
      </trkpt>
      <trkpt lat="47.255891" lon="11.360280">
        <ele>577.548963</ele>
        <time>2026-08-14T15:29:25.524Z</time>
      </trkpt>
      <trkpt lat="47.255867" lon="11.360571">
        <ele>577.625427</ele>
        <time>2026-08-14T15:29:29.847Z</time>
      </trkpt>
      <trkpt lat="47.255843" lon="11.360840">
        <ele>577.696198</ele>
        <time>2026-08-14T15:29:33.889Z</time>
      </trkpt>
      <trkpt lat="47.255778" lon="11.361609">
        <ele>577.822901</ele>
        <time>2026-08-14T15:29:44.868Z</time>
      </trkpt>
      <trkpt lat="47.255772" lon="11.361683">
        <ele>577.807417</ele>
        <time>2026-08-14T15:29:45.883Z</time>
      </trkpt>
      <trkpt lat="47.255757" lon="11.362008">
        <ele>577.739741</ele>
        <time>2026-08-14T15:29:50.562Z</time>
      </trkpt>
      <trkpt lat="47.255762" lon="11.362123">
        <ele>577.715801</ele>
        <time>2026-08-14T15:29:52.189Z</time>
      </trkpt>
      <trkpt lat="47.255815" lon="11.362570">
        <ele>577.621528</ele>
        <time>2026-08-14T15:29:58.339Z</time>
      </trkpt>
      <trkpt lat="47.255838" lon="11.362654">
        <ele>577.602710</ele>
        <time>2026-08-14T15:29:59.337Z</time>
      </trkpt>
      <trkpt lat="47.255853" lon="11.362706">
        <ele>577.590972</ele>
        <time>2026-08-14T15:29:59.957Z</time>
      </trkpt>
      <trkpt lat="47.255914" lon="11.362923">
        <ele>577.542175</ele>
        <time>2026-08-14T15:30:02.439Z</time>
      </trkpt>
      <trkpt lat="47.255988" lon="11.363188">
        <ele>577.482643</ele>
        <time>2026-08-14T15:30:05.354Z</time>
      </trkpt>
      <trkpt lat="47.256061" lon="11.363451">
        <ele>577.423611</ele>
        <time>2026-08-14T15:30:08.263Z</time>
      </trkpt>
      <trkpt lat="47.256099" lon="11.363585">
        <ele>577.393440</ele>
        <time>2026-08-14T15:30:09.798Z</time>
      </trkpt>
      <trkpt lat="47.256229" lon="11.364047">
        <ele>577.277156</ele>
        <time>2026-08-14T15:30:15.242Z</time>
      </trkpt>
      <trkpt lat="47.256314" lon="11.364349">
        <ele>577.157495</ele>
        <time>2026-08-14T15:30:18.756Z</time>
      </trkpt>
      <trkpt lat="47.256362" lon="11.364525">
        <ele>577.088073</ele>
        <time>2026-08-14T15:30:20.740Z</time>
      </trkpt>
      <trkpt lat="47.256402" lon="11.364666">
        <ele>577.032140</ele>
        <time>2026-08-14T15:30:22.295Z</time>
      </trkpt>
      <trkpt lat="47.256511" lon="11.365055">
        <ele>576.878109</ele>
        <time>2026-08-14T15:30:26.620Z</time>
      </trkpt>
      <trkpt lat="47.256522" lon="11.365094">
        <ele>576.862651</ele>
        <time>2026-08-14T15:30:27.052Z</time>
      </trkpt>
      <trkpt lat="47.256617" lon="11.365436">
        <ele>576.727401</ele>
        <time>2026-08-14T15:30:30.875Z</time>
      </trkpt>
      <trkpt lat="47.256727" lon="11.365827">
        <ele>576.572488</ele>
        <time>2026-08-14T15:30:35.393Z</time>
      </trkpt>
      <trkpt lat="47.256742" lon="11.365881">
        <ele>576.551132</ele>
        <time>2026-08-14T15:30:36.028Z</time>
      </trkpt>
      <trkpt lat="47.256784" lon="11.366031">
        <ele>576.491744</ele>
        <time>2026-08-14T15:30:37.944Z</time>
      </trkpt>
      <trkpt lat="47.256791" lon="11.366056">
        <ele>576.481846</ele>
        <time>2026-08-14T15:30:38.254Z</time>
      </trkpt>
      <trkpt lat="47.256811" lon="11.366127">
        <ele>576.453711</ele>
        <time>2026-08-14T15:30:39.135Z</time>
      </trkpt>
      <trkpt lat="47.257085" lon="11.367106">
        <ele>576.288298</ele>
        <time>2026-08-14T15:30:51.111Z</time>
      </trkpt>
      <trkpt lat="47.257110" lon="11.367194">
        <ele>576.282141</ele>
        <time>2026-08-14T15:30:52.161Z</time>
      </trkpt>
      <trkpt lat="47.257202" lon="11.367532">
        <ele>576.258638</ele>
        <time>2026-08-14T15:30:56.191Z</time>
      </trkpt>
      <trkpt lat="47.257208" lon="11.367556">
        <ele>576.256987</ele>
        <time>2026-08-14T15:30:56.479Z</time>
      </trkpt>
      <trkpt lat="47.257371" lon="11.368156">
        <ele>576.215277</ele>
        <time>2026-08-14T15:31:04.077Z</time>
      </trkpt>
      <trkpt lat="47.257401" lon="11.368267">
        <ele>576.207566</ele>
        <time>2026-08-14T15:31:05.560Z</time>
      </trkpt>
      <trkpt lat="47.257476" lon="11.368540">
        <ele>576.188558</ele>
        <time>2026-08-14T15:31:09.175Z</time>
      </trkpt>
      <trkpt lat="47.257373" lon="11.368598">
        <ele>576.178073</ele>
        <time>2026-08-14T15:31:12.238Z</time>
      </trkpt>
      <trkpt lat="47.257476" lon="11.368540">
        <ele>576.167588</ele>
        <time>2026-08-14T15:31:15.190Z</time>
      </trkpt>
      <trkpt lat="47.257488" lon="11.368583">
        <ele>576.164042</ele>
        <time>2026-08-14T15:31:15.714Z</time>
      </trkpt>
      <trkpt lat="47.257552" lon="11.368817">
        <ele>576.110797</ele>
        <time>2026-08-14T15:31:18.522Z</time>
      </trkpt>
      <trkpt lat="47.257565" lon="11.368865">
        <ele>576.099890</ele>
        <time>2026-08-14T15:31:19.085Z</time>
      </trkpt>
      <trkpt lat="47.257582" lon="11.368923">
        <ele>576.086556</ele>
        <time>2026-08-14T15:31:19.774Z</time>
      </trkpt>
      <trkpt lat="47.257701" lon="11.369342">
        <ele>575.990695</ele>
        <time>2026-08-14T15:31:24.998Z</time>
      </trkpt>
      <trkpt lat="47.257759" lon="11.369539">
        <ele>575.945375</ele>
        <time>2026-08-14T15:31:27.481Z</time>
      </trkpt>
      <trkpt lat="47.257843" lon="11.369858">
        <ele>575.873160</ele>
        <time>2026-08-14T15:31:31.474Z</time>
      </trkpt>
      <trkpt lat="47.257871" lon="11.369976">
        <ele>575.846778</ele>
        <time>2026-08-14T15:31:32.917Z</time>
      </trkpt>
      <trkpt lat="47.258051" lon="11.370658">
        <ele>575.692341</ele>
        <time>2026-08-14T15:31:41.423Z</time>
      </trkpt>
      <trkpt lat="47.258069" lon="11.370731">
        <ele>575.675949</ele>
        <time>2026-08-14T15:31:42.325Z</time>
      </trkpt>
      <trkpt lat="47.258142" lon="11.371015">
        <ele>575.611857</ele>
        <time>2026-08-14T15:31:45.707Z</time>
      </trkpt>
      <trkpt lat="47.258187" lon="11.371231">
        <ele>575.601662</ele>
        <time>2026-08-14T15:31:48.174Z</time>
      </trkpt>
      <trkpt lat="47.258216" lon="11.371389">
        <ele>575.598442</ele>
        <time>2026-08-14T15:31:49.995Z</time>
      </trkpt>
      <trkpt lat="47.258285" lon="11.371749">
        <ele>575.591083</ele>
        <time>2026-08-14T15:31:54.246Z</time>
      </trkpt>
      <trkpt lat="47.258330" lon="11.371990">
        <ele>575.586166</ele>
        <time>2026-08-14T15:31:57.162Z</time>
      </trkpt>
      <trkpt lat="47.258350" lon="11.372098">
        <ele>575.583964</ele>
        <time>2026-08-14T15:31:58.476Z</time>
      </trkpt>
      <trkpt lat="47.258373" lon="11.372237">
        <ele>575.581149</ele>
        <time>2026-08-14T15:32:00.183Z</time>
      </trkpt>
      <trkpt lat="47.258462" lon="11.372683">
        <ele>575.572004</ele>
        <time>2026-08-14T15:32:05.769Z</time>
      </trkpt>
      <trkpt lat="47.258580" lon="11.373275">
        <ele>575.559866</ele>
        <time>2026-08-14T15:32:13.745Z</time>
      </trkpt>
      <trkpt lat="47.258660" lon="11.373700">
        <ele>575.558939</ele>
        <time>2026-08-14T15:32:19.813Z</time>
      </trkpt>
      <trkpt lat="47.258687" lon="11.373839">
        <ele>575.566152</ele>
        <time>2026-08-14T15:32:21.835Z</time>
      </trkpt>
      <trkpt lat="47.258815" lon="11.374519">
        <ele>575.601356</ele>
        <time>2026-08-14T15:32:32.449Z</time>
      </trkpt>
      <trkpt lat="47.258828" lon="11.374586">
        <ele>575.604833</ele>
        <time>2026-08-14T15:32:33.528Z</time>
      </trkpt>
      <trkpt lat="47.258223" lon="11.374950">
        <ele>575.652869</ele>
        <time>2026-08-14T15:32:45.300Z</time>
      </trkpt>
      <trkpt lat="47.257852" lon="11.375317">
        <ele>575.685419</ele>
        <time>2026-08-14T15:32:51.772Z</time>
      </trkpt>
      <trkpt lat="47.257700" lon="11.375534">
        <ele>575.663387</ele>
        <time>2026-08-14T15:32:54.989Z</time>
      </trkpt>
      <trkpt lat="47.257334" lon="11.376215">
        <ele>575.602014</ele>
        <time>2026-08-14T15:33:04.477Z</time>
      </trkpt>
      <trkpt lat="47.257383" lon="11.376277">
        <ele>575.595291</ele>
        <time>2026-08-14T15:33:05.491Z</time>
      </trkpt>
      <trkpt lat="47.256813" lon="11.377267">
        <ele>575.503567</ele>
        <time>2026-08-14T15:33:37.430Z</time>
      </trkpt>
      <trkpt lat="47.256840" lon="11.377298">
        <ele>575.500004</ele>
        <time>2026-08-14T15:33:38.175Z</time>
      </trkpt>
      <trkpt lat="47.257366" lon="11.377842">
        <ele>575.837973</ele>
        <time>2026-08-14T15:33:55.494Z</time>
      </trkpt>
      <trkpt lat="47.257463" lon="11.377942">
        <ele>575.902115</ele>
        <time>2026-08-14T15:33:58.275Z</time>
      </trkpt>
      <trkpt lat="47.257717" lon="11.378214">
        <ele>576.072241</ele>
        <time>2026-08-14T15:34:04.429Z</time>
      </trkpt>
      <trkpt lat="47.258102" lon="11.378624">
        <ele>576.329616</ele>
        <time>2026-08-14T15:34:12.339Z</time>
      </trkpt>
      <trkpt lat="47.258717" lon="11.379299">
        <ele>575.980063</ele>
        <time>2026-08-14T15:34:24.819Z</time>
      </trkpt>
      <trkpt lat="47.258861" lon="11.379396">
        <ele>575.824776</ele>
        <time>2026-08-14T15:34:27.152Z</time>
      </trkpt>
      <trkpt lat="47.259046" lon="11.379544">
        <ele>575.618320</ele>
        <time>2026-08-14T15:34:30.147Z</time>
      </trkpt>
      <trkpt lat="47.259193" lon="11.379680">
        <ele>575.448086</ele>
        <time>2026-08-14T15:34:32.571Z</time>
      </trkpt>
      <trkpt lat="47.259390" lon="11.379896">
        <ele>575.207256</ele>
        <time>2026-08-14T15:34:36.695Z</time>
      </trkpt>
      <trkpt lat="47.259432" lon="11.380019">
        <ele>575.115607</ele>
        <time>2026-08-14T15:34:38.035Z</time>
      </trkpt>
      <trkpt lat="47.259699" lon="11.380207">
        <ele>574.825385</ele>
        <time>2026-08-14T15:34:42.226Z</time>
      </trkpt>
      <trkpt lat="47.260244" lon="11.380657">
        <ele>575.000621</ele>
        <time>2026-08-14T15:34:51.539Z</time>
      </trkpt>
      <trkpt lat="47.260704" lon="11.381019">
        <ele>575.301371</ele>
        <time>2026-08-14T15:35:00.394Z</time>
      </trkpt>
      <trkpt lat="47.261446" lon="11.381808">
        <ele>575.944767</ele>
        <time>2026-08-14T15:35:24.564Z</time>
      </trkpt>
      <trkpt lat="47.261256" lon="11.382217">
        <ele>576.409370</ele>
        <time>2026-08-14T15:35:34.329Z</time>
      </trkpt>
      <trkpt lat="47.261185" lon="11.382235">
        <ele>576.508877</ele>
        <time>2026-08-14T15:35:36.167Z</time>
      </trkpt>
      <trkpt lat="47.260919" lon="11.382751">
        <ele>577.116282</ele>
        <time>2026-08-14T15:35:47.279Z</time>
      </trkpt>
      <trkpt lat="47.260845" lon="11.382849">
        <ele>577.253708</ele>
        <time>2026-08-14T15:35:49.710Z</time>
      </trkpt>
      <trkpt lat="47.260704" lon="11.383157">
        <ele>577.601967</ele>
        <time>2026-08-14T15:35:55.404Z</time>
      </trkpt>
      <trkpt lat="47.260594" lon="11.383473">
        <ele>577.934873</ele>
        <time>2026-08-14T15:36:00.117Z</time>
      </trkpt>
      <trkpt lat="47.260569" lon="11.383544">
        <ele>578.009853</ele>
        <time>2026-08-14T15:36:01.037Z</time>
      </trkpt>
      <trkpt lat="47.260566" lon="11.383558">
        <ele>578.023615</ele>
        <time>2026-08-14T15:36:01.213Z</time>
      </trkpt>
      <trkpt lat="47.260511" lon="11.383804">
        <ele>578.264127</ele>
        <time>2026-08-14T15:36:04.283Z</time>
      </trkpt>
      <trkpt lat="47.260461" lon="11.384047">
        <ele>578.487079</ele>
        <time>2026-08-14T15:36:07.469Z</time>
      </trkpt>
      <trkpt lat="47.260407" lon="11.384163">
        <ele>578.610588</ele>
        <time>2026-08-14T15:36:09.201Z</time>
      </trkpt>
      <trkpt lat="47.260302" lon="11.384699">
        <ele>579.100426</ele>
        <time>2026-08-14T15:36:16.413Z</time>
      </trkpt>
      <trkpt lat="47.260289" lon="11.385006">
        <ele>579.370506</ele>
        <time>2026-08-14T15:36:20.772Z</time>
      </trkpt>
      <trkpt lat="47.260292" lon="11.385108">
        <ele>579.460149</ele>
        <time>2026-08-14T15:36:22.358Z</time>
      </trkpt>
      <trkpt lat="47.260310" lon="11.385717">
        <ele>579.995377</ele>
        <time>2026-08-14T15:36:33.157Z</time>
      </trkpt>
      <trkpt lat="47.260343" lon="11.386537">
        <ele>580.766537</ele>
        <time>2026-08-14T15:36:49.033Z</time>
      </trkpt>
      <trkpt lat="47.260331" lon="11.386685">
        <ele>580.938451</ele>
        <time>2026-08-14T15:36:51.699Z</time>
      </trkpt>
      <trkpt lat="47.260313" lon="11.386776">
        <ele>581.047776</ele>
        <time>2026-08-14T15:36:53.382Z</time>
      </trkpt>
      <trkpt lat="47.260279" lon="11.387096">
        <ele>581.421353</ele>
        <time>2026-08-14T15:36:59.071Z</time>
      </trkpt>
      <trkpt lat="47.260287" lon="11.387467">
        <ele>581.849474</ele>
        <time>2026-08-14T15:37:05.798Z</time>
      </trkpt>
      <trkpt lat="47.260301" lon="11.388010">
        <ele>582.476211</ele>
        <time>2026-08-14T15:37:15.959Z</time>
      </trkpt>
      <trkpt lat="47.260318" lon="11.388574">
        <ele>583.127359</ele>
        <time>2026-08-14T15:37:26.040Z</time>
      </trkpt>
      <trkpt lat="47.260344" lon="11.389491">
        <ele>583.752364</ele>
        <time>2026-08-14T15:37:38.059Z</time>
      </trkpt>
      <trkpt lat="47.260353" lon="11.389833">
        <ele>583.847747</ele>
        <time>2026-08-14T15:37:42.880Z</time>
      </trkpt>
      <trkpt lat="47.260331" lon="11.390407">
        <ele>584.007970</ele>
        <time>2026-08-14T15:37:51.473Z</time>
      </trkpt>
      <trkpt lat="47.260329" lon="11.390454">
        <ele>584.021094</ele>
        <time>2026-08-14T15:37:52.168Z</time>
      </trkpt>
      <trkpt lat="47.260317" lon="11.390784">
        <ele>584.113193</ele>
        <time>2026-08-14T15:37:56.634Z</time>
      </trkpt>
      <trkpt lat="47.260303" lon="11.391146">
        <ele>584.214242</ele>
        <time>2026-08-14T15:38:00.990Z</time>
      </trkpt>
      <trkpt lat="47.260301" lon="11.391210">
        <ele>584.232097</ele>
        <time>2026-08-14T15:38:01.720Z</time>
      </trkpt>
      <trkpt lat="47.260277" lon="11.391806">
        <ele>584.333375</ele>
        <time>2026-08-14T15:38:08.515Z</time>
      </trkpt>
      <trkpt lat="47.260242" lon="11.391906">
        <ele>584.320025</ele>
        <time>2026-08-14T15:38:09.850Z</time>
      </trkpt>
      <trkpt lat="47.260012" lon="11.392319">
        <ele>584.256632</ele>
        <time>2026-08-14T15:38:16.526Z</time>
      </trkpt>
      <trkpt lat="47.259967" lon="11.392397">
        <ele>584.244484</ele>
        <time>2026-08-14T15:38:17.767Z</time>
      </trkpt>
      <trkpt lat="47.259677" lon="11.392915">
        <ele>584.164805</ele>
        <time>2026-08-14T15:38:26.023Z</time>
      </trkpt>
      <trkpt lat="47.259653" lon="11.392952">
        <ele>584.158732</ele>
        <time>2026-08-14T15:38:26.632Z</time>
      </trkpt>
      <trkpt lat="47.259240" lon="11.393512">
        <ele>584.060602</ele>
        <time>2026-08-14T15:38:36.106Z</time>
      </trkpt>
      <trkpt lat="47.259076" lon="11.393780">
        <ele>584.043181</ele>
        <time>2026-08-14T15:38:40.157Z</time>
      </trkpt>
      <trkpt lat="47.259060" lon="11.393795">
        <ele>584.043960</ele>
        <time>2026-08-14T15:38:40.480Z</time>
      </trkpt>
      <trkpt lat="47.259053" lon="11.393801">
        <ele>584.044293</ele>
        <time>2026-08-14T15:38:40.619Z</time>
      </trkpt>
      <trkpt lat="47.258753" lon="11.394066">
        <ele>584.058667</ele>
        <time>2026-08-14T15:38:46.575Z</time>
      </trkpt>
      <trkpt lat="47.258744" lon="11.394073">
        <ele>584.059085</ele>
        <time>2026-08-14T15:38:46.773Z</time>
      </trkpt>
      <trkpt lat="47.258538" lon="11.394229">
        <ele>584.068603</ele>
        <time>2026-08-14T15:38:51.114Z</time>
      </trkpt>
      <trkpt lat="47.258452" lon="11.394287">
        <ele>584.072490</ele>
        <time>2026-08-14T15:38:52.917Z</time>
      </trkpt>
      <trkpt lat="47.258335" lon="11.394379">
        <ele>584.077940</ele>
        <time>2026-08-14T15:38:55.639Z</time>
      </trkpt>
      <trkpt lat="47.258298" lon="11.394642">
        <ele>584.085431</ele>
        <time>2026-08-14T15:38:59.540Z</time>
      </trkpt>
      <trkpt lat="47.258292" lon="11.394873">
        <ele>584.091879</ele>
        <time>2026-08-14T15:39:02.733Z</time>
      </trkpt>
      <trkpt lat="47.258288" lon="11.395020">
        <ele>584.095982</ele>
        <time>2026-08-14T15:39:04.602Z</time>
      </trkpt>
      <trkpt lat="47.258287" lon="11.395424">
        <ele>584.107250</ele>
        <time>2026-08-14T15:39:09.209Z</time>
      </trkpt>
      <trkpt lat="47.258304" lon="11.395835">
        <ele>584.122182</ele>
        <time>2026-08-14T15:39:14.086Z</time>
      </trkpt>
      <trkpt lat="47.258315" lon="11.396047">
        <ele>584.131271</ele>
        <time>2026-08-14T15:39:16.771Z</time>
      </trkpt>
      <trkpt lat="47.258341" lon="11.396158">
        <ele>584.136291</ele>
        <time>2026-08-14T15:39:18.249Z</time>
      </trkpt>
      <trkpt lat="47.258437" lon="11.396328">
        <ele>584.145744</ele>
        <time>2026-08-14T15:39:21.000Z</time>
      </trkpt>
      <trkpt lat="47.258491" lon="11.396371">
        <ele>584.149610</ele>
        <time>2026-08-14T15:39:22.128Z</time>
      </trkpt>
      <trkpt lat="47.258644" lon="11.396491">
        <ele>584.160527</ele>
        <time>2026-08-14T15:39:25.567Z</time>
      </trkpt>
      <trkpt lat="47.258758" lon="11.396581">
        <ele>584.168673</ele>
        <time>2026-08-14T15:39:28.009Z</time>
      </trkpt>
      <trkpt lat="47.258875" lon="11.396685">
        <ele>584.177280</ele>
        <time>2026-08-14T15:39:30.511Z</time>
      </trkpt>
      <trkpt lat="47.258999" lon="11.396802">
        <ele>584.186554</ele>
        <time>2026-08-14T15:39:33.084Z</time>
      </trkpt>
      <trkpt lat="47.259111" lon="11.396801">
        <ele>584.193609</ele>
        <time>2026-08-14T15:39:35.085Z</time>
      </trkpt>
      <trkpt lat="47.259222" lon="11.396796">
        <ele>584.200603</ele>
        <time>2026-08-14T15:39:36.981Z</time>
      </trkpt>
      <trkpt lat="47.259405" lon="11.396773">
        <ele>584.212171</ele>
        <time>2026-08-14T15:39:40.057Z</time>
      </trkpt>
      <trkpt lat="47.259412" lon="11.396844">
        <ele>584.215238</ele>
        <time>2026-08-14T15:39:40.830Z</time>
      </trkpt>
      <trkpt lat="47.259481" lon="11.397020">
        <ele>584.223927</ele>
        <time>2026-08-14T15:39:43.064Z</time>
      </trkpt>
      <trkpt lat="47.259221" lon="11.397047">
        <ele>584.309492</ele>
        <time>2026-08-14T15:40:01.185Z</time>
      </trkpt>
      <trkpt lat="47.259481" lon="11.397020">
        <ele>584.402643</ele>
        <time>2026-08-14T15:40:19.307Z</time>
      </trkpt>
      <trkpt lat="47.259412" lon="11.396844">
        <ele>584.451943</ele>
        <time>2026-08-14T15:40:21.878Z</time>
      </trkpt>
      <trkpt lat="47.259405" lon="11.396773">
        <ele>584.469345</ele>
        <time>2026-08-14T15:40:22.805Z</time>
      </trkpt>
      <trkpt lat="47.259222" lon="11.396796">
        <ele>584.534984</ele>
        <time>2026-08-14T15:40:26.469Z</time>
      </trkpt>
      <trkpt lat="47.259111" lon="11.396801">
        <ele>584.574673</ele>
        <time>2026-08-14T15:40:28.610Z</time>
      </trkpt>
      <trkpt lat="47.258999" lon="11.396802">
        <ele>584.614701</ele>
        <time>2026-08-14T15:40:30.669Z</time>
      </trkpt>
      <trkpt lat="47.258875" lon="11.396685">
        <ele>584.667325</ele>
        <time>2026-08-14T15:40:33.341Z</time>
      </trkpt>
      <trkpt lat="47.258758" lon="11.396581">
        <ele>584.716159</ele>
        <time>2026-08-14T15:40:35.919Z</time>
      </trkpt>
      <trkpt lat="47.258644" lon="11.396491">
        <ele>584.762381</ele>
        <time>2026-08-14T15:40:38.476Z</time>
      </trkpt>
      <trkpt lat="47.258491" lon="11.396371">
        <ele>584.824326</ele>
        <time>2026-08-14T15:40:41.959Z</time>
      </trkpt>
      <trkpt lat="47.258437" lon="11.396328">
        <ele>584.846263</ele>
        <time>2026-08-14T15:40:43.357Z</time>
      </trkpt>
      <trkpt lat="47.258341" lon="11.396158">
        <ele>584.933422</ele>
        <time>2026-08-14T15:40:46.726Z</time>
      </trkpt>
      <trkpt lat="47.258315" lon="11.396047">
        <ele>584.992170</ele>
        <time>2026-08-14T15:40:48.477Z</time>
      </trkpt>
      <trkpt lat="47.258304" lon="11.395835">
        <ele>585.098545</ele>
        <time>2026-08-14T15:40:51.843Z</time>
      </trkpt>
      <trkpt lat="47.257891" lon="11.395861">
        <ele>585.403272</ele>
        <time>2026-08-14T15:41:01.322Z</time>
      </trkpt>
      <trkpt lat="47.257728" lon="11.395890">
        <ele>585.524302</ele>
        <time>2026-08-14T15:41:04.879Z</time>
      </trkpt>
      <trkpt lat="47.257299" lon="11.395990">
        <ele>585.844478</ele>
        <time>2026-08-14T15:41:13.298Z</time>
      </trkpt>
      <trkpt lat="47.257269" lon="11.395998">
        <ele>585.866953</ele>
        <time>2026-08-14T15:41:13.873Z</time>
      </trkpt>
      <trkpt lat="47.256916" lon="11.396096">
        <ele>586.131750</ele>
        <time>2026-08-14T15:41:21.828Z</time>
      </trkpt>
      <trkpt lat="47.256592" lon="11.396176">
        <ele>586.196025</ele>
        <time>2026-08-14T15:41:28.769Z</time>
      </trkpt>
      <trkpt lat="47.256372" lon="11.396230">
        <ele>586.197644</ele>
        <time>2026-08-14T15:41:33.192Z</time>
      </trkpt>
      <trkpt lat="47.256241" lon="11.396253">
        <ele>586.198601</ele>
        <time>2026-08-14T15:41:35.438Z</time>
      </trkpt>
      <trkpt lat="47.256038" lon="11.396302">
        <ele>586.200094</ele>
        <time>2026-08-14T15:41:38.603Z</time>
      </trkpt>
      <trkpt lat="47.255938" lon="11.396324">
        <ele>586.200827</ele>
        <time>2026-08-14T15:41:40.220Z</time>
      </trkpt>
      <trkpt lat="47.255856" lon="11.396344">
        <ele>586.201430</ele>
        <time>2026-08-14T15:41:41.532Z</time>
      </trkpt>
      <trkpt lat="47.255545" lon="11.396419">
        <ele>586.203717</ele>
        <time>2026-08-14T15:41:46.791Z</time>
      </trkpt>
      <trkpt lat="47.255322" lon="11.396455">
        <ele>586.205345</ele>
        <time>2026-08-14T15:41:50.792Z</time>
      </trkpt>
      <trkpt lat="47.255189" lon="11.396473">
        <ele>586.206314</ele>
        <time>2026-08-14T15:41:53.332Z</time>
      </trkpt>
      <trkpt lat="47.255022" lon="11.396487">
        <ele>586.231306</ele>
        <time>2026-08-14T15:41:56.570Z</time>
      </trkpt>
      <trkpt lat="47.254802" lon="11.396501">
        <ele>586.405857</ele>
        <time>2026-08-14T15:42:00.673Z</time>
      </trkpt>
      <trkpt lat="47.254455" lon="11.396504">
        <ele>586.680920</ele>
        <time>2026-08-14T15:42:07.259Z</time>
      </trkpt>
      <trkpt lat="47.254016" lon="11.396513">
        <ele>587.028938</ele>
        <time>2026-08-14T15:42:16.040Z</time>
      </trkpt>
      <trkpt lat="47.253938" lon="11.396549">
        <ele>587.093730</ele>
        <time>2026-08-14T15:42:17.894Z</time>
      </trkpt>
      <trkpt lat="47.253854" lon="11.396632">
        <ele>587.173903</ele>
        <time>2026-08-14T15:42:20.235Z</time>
      </trkpt>
      <trkpt lat="47.253761" lon="11.396820">
        <ele>587.299065</ele>
        <time>2026-08-14T15:42:24.206Z</time>
      </trkpt>
      <trkpt lat="47.253718" lon="11.396923">
        <ele>587.364125</ele>
        <time>2026-08-14T15:42:26.198Z</time>
      </trkpt>
      <trkpt lat="47.253712" lon="11.396969">
        <ele>587.389328</ele>
        <time>2026-08-14T15:42:26.991Z</time>
      </trkpt>
      <trkpt lat="47.253704" lon="11.397482">
        <ele>587.713523</ele>
        <time>2026-08-14T15:42:35.463Z</time>
      </trkpt>
      <trkpt lat="47.253700" lon="11.397608">
        <ele>587.882284</ele>
        <time>2026-08-14T15:42:37.494Z</time>
      </trkpt>
      <trkpt lat="47.253684" lon="11.397910">
        <ele>588.287561</ele>
        <time>2026-08-14T15:42:42.569Z</time>
      </trkpt>
      <trkpt lat="47.253683" lon="11.397995">
        <ele>588.401300</ele>
        <time>2026-08-14T15:42:44.004Z</time>
      </trkpt>
      <trkpt lat="47.253692" lon="11.398371">
        <ele>588.904666</ele>
        <time>2026-08-14T15:42:50.129Z</time>
      </trkpt>
      <trkpt lat="47.253710" lon="11.398521">
        <ele>589.108464</ele>
        <time>2026-08-14T15:42:52.498Z</time>
      </trkpt>
      <trkpt lat="47.253740" lon="11.398768">
        <ele>589.444176</ele>
        <time>2026-08-14T15:42:56.486Z</time>
      </trkpt>
      <trkpt lat="47.253732" lon="11.399041">
        <ele>589.809765</ele>
        <time>2026-08-14T15:43:00.883Z</time>
      </trkpt>
      <trkpt lat="47.253719" lon="11.399247">
        <ele>590.086563</ele>
        <time>2026-08-14T15:43:03.988Z</time>
      </trkpt>
      <trkpt lat="47.253652" lon="11.399465">
        <ele>590.406733</ele>
        <time>2026-08-14T15:43:07.811Z</time>
      </trkpt>
      <trkpt lat="47.253551" lon="11.399595">
        <ele>590.671091</ele>
        <time>2026-08-14T15:43:11.095Z</time>
      </trkpt>
      <trkpt lat="47.252867" lon="11.400162">
        <ele>592.398409</ele>
        <time>2026-08-14T15:43:38.340Z</time>
      </trkpt>
      <trkpt lat="47.252612" lon="11.400381">
        <ele>593.081109</ele>
        <time>2026-08-14T15:43:49.800Z</time>
      </trkpt>
      <trkpt lat="47.252439" lon="11.400526">
        <ele>593.541473</ele>
        <time>2026-08-14T15:43:56.546Z</time>
      </trkpt>
      <trkpt lat="47.252251" lon="11.400723">
        <ele>594.075081</ele>
        <time>2026-08-14T15:44:02.333Z</time>
      </trkpt>
      <trkpt lat="47.252174" lon="11.400880">
        <ele>594.379176</ele>
        <time>2026-08-14T15:44:05.019Z</time>
      </trkpt>
      <trkpt lat="47.252070" lon="11.401185">
        <ele>594.915041</ele>
        <time>2026-08-14T15:44:09.193Z</time>
      </trkpt>
      <trkpt lat="47.252056" lon="11.401261">
        <ele>595.038675</ele>
        <time>2026-08-14T15:44:10.183Z</time>
      </trkpt>
      <trkpt lat="47.252036" lon="11.401367">
        <ele>595.211402</ele>
        <time>2026-08-14T15:44:11.379Z</time>
      </trkpt>
      <trkpt lat="47.252033" lon="11.401884">
        <ele>595.473906</ele>
        <time>2026-08-14T15:44:17.113Z</time>
      </trkpt>
      <trkpt lat="47.252096" lon="11.402261">
        <ele>595.594414</ele>
        <time>2026-08-14T15:44:21.097Z</time>
      </trkpt>
      <trkpt lat="47.252119" lon="11.402362">
        <ele>595.627480</ele>
        <time>2026-08-14T15:44:22.126Z</time>
      </trkpt>
      <trkpt lat="47.252141" lon="11.402441">
        <ele>595.653984</ele>
        <time>2026-08-14T15:44:22.869Z</time>
      </trkpt>
      <trkpt lat="47.252145" lon="11.402456">
        <ele>595.658986</ele>
        <time>2026-08-14T15:44:23.009Z</time>
      </trkpt>
      <trkpt lat="47.252322" lon="11.402928">
        <ele>595.826356</ele>
        <time>2026-08-14T15:44:27.673Z</time>
      </trkpt>
      <trkpt lat="47.252405" lon="11.403132">
        <ele>595.900177</ele>
        <time>2026-08-14T15:44:29.777Z</time>
      </trkpt>
      <trkpt lat="47.252753" lon="11.404090">
        <ele>597.822268</ele>
        <time>2026-08-14T15:44:50.762Z</time>
      </trkpt>
      <trkpt lat="47.252829" lon="11.404261">
        <ele>599.201944</ele>
        <time>2026-08-14T15:44:58.450Z</time>
      </trkpt>
      <trkpt lat="47.252935" lon="11.404331">
        <ele>600.357119</ele>
        <time>2026-08-14T15:45:05.447Z</time>
      </trkpt>
      <trkpt lat="47.252989" lon="11.404562">
        <ele>602.006247</ele>
        <time>2026-08-14T15:45:17.022Z</time>
      </trkpt>
      <trkpt lat="47.253077" lon="11.404511">
        <ele>602.946641</ele>
        <time>2026-08-14T15:45:28.779Z</time>
      </trkpt>
      <trkpt lat="47.253092" lon="11.404568">
        <ele>603.359294</ele>
        <time>2026-08-14T15:45:33.923Z</time>
      </trkpt>
      <trkpt lat="47.253004" lon="11.404622">
        <ele>604.307289</ele>
        <time>2026-08-14T15:45:45.735Z</time>
      </trkpt>
      <trkpt lat="47.252492" lon="11.404917">
        <ele>609.774421</ele>
        <time>2026-08-14T15:46:24.191Z</time>
      </trkpt>
      <trkpt lat="47.252451" lon="11.404942">
        <ele>610.215689</ele>
        <time>2026-08-14T15:46:27.254Z</time>
      </trkpt>
      <trkpt lat="47.252443" lon="11.405055">
        <ele>610.982583</ele>
        <time>2026-08-14T15:46:32.633Z</time>
      </trkpt>
      <trkpt lat="47.252462" lon="11.405337">
        <ele>612.895451</ele>
        <time>2026-08-14T15:46:46.107Z</time>
      </trkpt>
      <trkpt lat="47.252411" lon="11.407009">
        <ele>624.714657</ele>
        <time>2026-08-14T15:48:05.274Z</time>
      </trkpt>
      <trkpt lat="47.252438" lon="11.407356">
        <ele>627.193507</ele>
        <time>2026-08-14T15:48:19.097Z</time>
      </trkpt>
      <trkpt lat="47.252427" lon="11.407579">
        <ele>628.780352</ele>
        <time>2026-08-14T15:48:27.942Z</time>
      </trkpt>
      <trkpt lat="47.252370" lon="11.407731">
        <ele>630.012810</ele>
        <time>2026-08-14T15:48:34.829Z</time>
      </trkpt>
      <trkpt lat="47.252283" lon="11.407804">
        <ele>631.059671</ele>
        <time>2026-08-14T15:48:40.531Z</time>
      </trkpt>
      <trkpt lat="47.252230" lon="11.407841">
        <ele>631.672906</ele>
        <time>2026-08-14T15:48:43.872Z</time>
      </trkpt>
      <trkpt lat="47.252156" lon="11.407544">
        <ele>633.422123</ele>
        <time>2026-08-14T15:48:55.777Z</time>
      </trkpt>
      <trkpt lat="47.251998" lon="11.406608">
        <ele>637.075429</ele>
        <time>2026-08-14T15:49:29.861Z</time>
      </trkpt>
      <trkpt lat="47.251898" lon="11.406172">
        <ele>638.818616</ele>
        <time>2026-08-14T15:49:43.770Z</time>
      </trkpt>
      <trkpt lat="47.251740" lon="11.405730">
        <ele>640.710773</ele>
        <time>2026-08-14T15:49:56.033Z</time>
      </trkpt>
      <trkpt lat="47.251581" lon="11.405426">
        <ele>642.164437</ele>
        <time>2026-08-14T15:50:04.568Z</time>
      </trkpt>
      <trkpt lat="47.251343" lon="11.405096">
        <ele>643.271460</ele>
        <time>2026-08-14T15:50:13.291Z</time>
      </trkpt>
      <trkpt lat="47.251015" lon="11.404802">
        <ele>644.014174</ele>
        <time>2026-08-14T15:50:19.527Z</time>
      </trkpt>
      <trkpt lat="47.250662" lon="11.404637">
        <ele>644.730584</ele>
        <time>2026-08-14T15:50:24.795Z</time>
      </trkpt>
      <trkpt lat="47.250447" lon="11.404606">
        <ele>645.148480</ele>
        <time>2026-08-14T15:50:29.418Z</time>
      </trkpt>
      <trkpt lat="47.250208" lon="11.404675">
        <ele>645.619609</ele>
        <time>2026-08-14T15:50:35.708Z</time>
      </trkpt>
      <trkpt lat="47.249965" lon="11.404879">
        <ele>646.160650</ele>
        <time>2026-08-14T15:50:44.579Z</time>
      </trkpt>
      <trkpt lat="47.249806" lon="11.405047">
        <ele>647.311037</ele>
        <time>2026-08-14T15:50:52.181Z</time>
      </trkpt>
      <trkpt lat="47.249592" lon="11.405209">
        <ele>649.906935</ele>
        <time>2026-08-14T15:51:03.396Z</time>
      </trkpt>
      <trkpt lat="47.249488" lon="11.405332">
        <ele>651.345880</ele>
        <time>2026-08-14T15:51:10.526Z</time>
      </trkpt>
      <trkpt lat="47.249298" lon="11.405764">
        <ele>655.115835</ele>
        <time>2026-08-14T15:51:32.660Z</time>
      </trkpt>
      <trkpt lat="47.249161" lon="11.405955">
        <ele>657.150942</ele>
        <time>2026-08-14T15:51:47.154Z</time>
      </trkpt>
      <trkpt lat="47.248606" lon="11.406302">
        <ele>663.655957</ele>
        <time>2026-08-14T15:52:38.255Z</time>
      </trkpt>
      <trkpt lat="47.248479" lon="11.406344">
        <ele>665.060295</ele>
        <time>2026-08-14T15:52:48.346Z</time>
      </trkpt>
      <trkpt lat="47.248085" lon="11.406362">
        <ele>668.962592</ele>
        <time>2026-08-14T15:53:19.369Z</time>
      </trkpt>
      <trkpt lat="47.247952" lon="11.406320">
        <ele>670.284635</ele>
        <time>2026-08-14T15:53:29.503Z</time>
      </trkpt>
      <trkpt lat="47.247768" lon="11.406190">
        <ele>672.268045</ele>
        <time>2026-08-14T15:53:43.409Z</time>
      </trkpt>
      <trkpt lat="47.247316" lon="11.406106">
        <ele>676.696021</ele>
        <time>2026-08-14T15:54:10.136Z</time>
      </trkpt>
      <trkpt lat="47.247057" lon="11.405963">
        <ele>679.384341</ele>
        <time>2026-08-14T15:54:24.901Z</time>
      </trkpt>
      <trkpt lat="47.246924" lon="11.405825">
        <ele>680.965492</ele>
        <time>2026-08-14T15:54:32.390Z</time>
      </trkpt>
      <trkpt lat="47.246633" lon="11.405482">
        <ele>684.633829</ele>
        <time>2026-08-14T15:54:48.488Z</time>
      </trkpt>
      <trkpt lat="47.246545" lon="11.405416">
        <ele>685.626841</ele>
        <time>2026-08-14T15:54:52.891Z</time>
      </trkpt>
      <trkpt lat="47.246150" lon="11.405255">
        <ele>689.748176</ele>
        <time>2026-08-14T15:55:11.140Z</time>
      </trkpt>
      <trkpt lat="47.245882" lon="11.405094">
        <ele>692.658655</ele>
        <time>2026-08-14T15:55:24.547Z</time>
      </trkpt>
      <trkpt lat="47.245267" lon="11.404512">
        <ele>700.009284</ele>
        <time>2026-08-14T15:56:13.821Z</time>
      </trkpt>
      <trkpt lat="47.244378" lon="11.403918">
        <ele>714.320946</ele>
        <time>2026-08-14T15:57:58.978Z</time>
      </trkpt>
      <trkpt lat="47.243961" lon="11.403480">
        <ele>722.201142</ele>
        <time>2026-08-14T15:58:48.563Z</time>
      </trkpt>
      <trkpt lat="47.243650" lon="11.402995">
        <ele>729.094687</ele>
        <time>2026-08-14T15:59:18.194Z</time>
      </trkpt>
      <trkpt lat="47.243547" lon="11.402633">
        <ele>731.142917</ele>
        <time>2026-08-14T15:59:31.829Z</time>
      </trkpt>
      <trkpt lat="47.243537" lon="11.402462">
        <ele>732.038553</ele>
        <time>2026-08-14T15:59:37.562Z</time>
      </trkpt>
      <trkpt lat="47.243572" lon="11.401977">
        <ele>734.583693</ele>
        <time>2026-08-14T15:59:52.588Z</time>
      </trkpt>
      <trkpt lat="47.243555" lon="11.401719">
        <ele>735.936343</ele>
        <time>2026-08-14T15:59:59.481Z</time>
      </trkpt>
      <trkpt lat="47.243471" lon="11.401523">
        <ele>737.145887</ele>
        <time>2026-08-14T16:00:05.388Z</time>
      </trkpt>
      <trkpt lat="47.243391" lon="11.401428">
        <ele>737.935758</ele>
        <time>2026-08-14T16:00:09.066Z</time>
      </trkpt>
      <trkpt lat="47.243308" lon="11.401370">
        <ele>738.641898</ele>
        <time>2026-08-14T16:00:12.321Z</time>
      </trkpt>
      <trkpt lat="47.243111" lon="11.401314">
        <ele>740.184100</ele>
        <time>2026-08-14T16:00:21.116Z</time>
      </trkpt>
      <trkpt lat="47.242771" lon="11.401292">
        <ele>742.800068</ele>
        <time>2026-08-14T16:00:39.490Z</time>
      </trkpt>
      <trkpt lat="47.242550" lon="11.401209">
        <ele>745.570081</ele>
        <time>2026-08-14T16:00:54.580Z</time>
      </trkpt>
      <trkpt lat="47.242463" lon="11.401131">
        <ele>746.819063</ele>
        <time>2026-08-14T16:01:02.219Z</time>
      </trkpt>
      <trkpt lat="47.242291" lon="11.400789">
        <ele>750.362516</ele>
        <time>2026-08-14T16:01:25.489Z</time>
      </trkpt>
      <trkpt lat="47.242156" lon="11.400591">
        <ele>752.698775</ele>
        <time>2026-08-14T16:01:40.502Z</time>
      </trkpt>
      <trkpt lat="47.241969" lon="11.400417">
        <ele>755.411215</ele>
        <time>2026-08-14T16:01:56.989Z</time>
      </trkpt>
      <trkpt lat="47.241674" lon="11.400248">
        <ele>759.292825</ele>
        <time>2026-08-14T16:02:20.237Z</time>
      </trkpt>
      <trkpt lat="47.241403" lon="11.400185">
        <ele>762.657271</ele>
        <time>2026-08-14T16:02:41.107Z</time>
      </trkpt>
      <trkpt lat="47.241059" lon="11.400157">
        <ele>767.105243</ele>
        <time>2026-08-14T16:03:07.590Z</time>
      </trkpt>
      <trkpt lat="47.240895" lon="11.400084">
        <ele>769.442863</ele>
        <time>2026-08-14T16:03:21.532Z</time>
      </trkpt>
      <trkpt lat="47.240539" lon="11.399855">
        <ele>774.743263</ele>
        <time>2026-08-14T16:03:53.657Z</time>
      </trkpt>
      <trkpt lat="47.239849" lon="11.399873">
        <ele>784.159343</ele>
        <time>2026-08-14T16:04:49.955Z</time>
      </trkpt>
      <trkpt lat="47.239688" lon="11.399832">
        <ele>786.388676</ele>
        <time>2026-08-14T16:05:02.788Z</time>
      </trkpt>
      <trkpt lat="47.239435" lon="11.399626">
        <ele>790.106326</ele>
        <time>2026-08-14T16:05:24.666Z</time>
      </trkpt>
      <trkpt lat="47.239317" lon="11.399583">
        <ele>791.342181</ele>
        <time>2026-08-14T16:05:33.766Z</time>
      </trkpt>
      <trkpt lat="47.239199" lon="11.399578">
        <ele>792.542361</ele>
        <time>2026-08-14T16:05:42.481Z</time>
      </trkpt>
      <trkpt lat="47.239021" lon="11.399645">
        <ele>794.410214</ele>
        <time>2026-08-14T16:05:55.902Z</time>
      </trkpt>
      <trkpt lat="47.238694" lon="11.399795">
        <ele>797.892264</ele>
        <time>2026-08-14T16:06:19.362Z</time>
      </trkpt>
      <trkpt lat="47.238315" lon="11.400034">
        <ele>802.083804</ele>
        <time>2026-08-14T16:06:44.946Z</time>
      </trkpt>
      <trkpt lat="47.238025" lon="11.400278">
        <ele>805.479347</ele>
        <time>2026-08-14T16:07:04.017Z</time>
      </trkpt>
      <trkpt lat="47.237941" lon="11.400357">
        <ele>806.492615</ele>
        <time>2026-08-14T16:07:09.145Z</time>
      </trkpt>
      <trkpt lat="47.237899" lon="11.400310">
        <ele>807.028890</ele>
        <time>2026-08-14T16:07:12.596Z</time>
      </trkpt>
      <trkpt lat="47.237758" lon="11.400299">
        <ele>808.034604</ele>
        <time>2026-08-14T16:07:21.529Z</time>
      </trkpt>
      <trkpt lat="47.237584" lon="11.400431">
        <ele>808.860000</ele>
        <time>2026-08-14T16:07:33.196Z</time>
      </trkpt>
      <trkpt lat="47.237522" lon="11.400536">
        <ele>809.258432</ele>
        <time>2026-08-14T16:07:38.509Z</time>
      </trkpt>
      <trkpt lat="47.237448" lon="11.400889">
        <ele>810.316244</ele>
        <time>2026-08-14T16:07:51.274Z</time>
      </trkpt>
      <trkpt lat="47.237387" lon="11.400998">
        <ele>810.720693</ele>
        <time>2026-08-14T16:07:55.834Z</time>
      </trkpt>
      <trkpt lat="47.237192" lon="11.401231">
        <ele>811.779617</ele>
        <time>2026-08-14T16:08:03.460Z</time>
      </trkpt>
      <trkpt lat="47.236975" lon="11.401537">
        <ele>813.046544</ele>
        <time>2026-08-14T16:08:12.528Z</time>
      </trkpt>
      <trkpt lat="47.236562" lon="11.402179">
        <ele>815.596458</ele>
        <time>2026-08-14T16:08:30.791Z</time>
      </trkpt>
      <trkpt lat="47.236400" lon="11.402394">
        <ele>816.577484</ele>
        <time>2026-08-14T16:08:37.641Z</time>
      </trkpt>
      <trkpt lat="47.236327" lon="11.402489">
        <ele>817.015723</ele>
        <time>2026-08-14T16:08:40.747Z</time>
      </trkpt>
      <trkpt lat="47.236169" lon="11.402683">
        <ele>817.941127</ele>
        <time>2026-08-14T16:08:47.631Z</time>
      </trkpt>
      <trkpt lat="47.236052" lon="11.402752">
        <ele>818.508104</ele>
        <time>2026-08-14T16:08:52.064Z</time>
      </trkpt>
      <trkpt lat="47.235917" lon="11.402744">
        <ele>819.115920</ele>
        <time>2026-08-14T16:08:56.983Z</time>
      </trkpt>
      <trkpt lat="47.235103" lon="11.402433">
        <ele>822.899072</ele>
        <time>2026-08-14T16:09:30.326Z</time>
      </trkpt>
      <trkpt lat="47.235000" lon="11.402396">
        <ele>823.376022</ele>
        <time>2026-08-14T16:09:35.039Z</time>
      </trkpt>
      <trkpt lat="47.234893" lon="11.402359">
        <ele>824.226927</ele>
        <time>2026-08-14T16:09:40.170Z</time>
      </trkpt>
      <trkpt lat="47.234677" lon="11.402305">
        <ele>825.969939</ele>
        <time>2026-08-14T16:09:50.651Z</time>
      </trkpt>
      <trkpt lat="47.234347" lon="11.402312">
        <ele>828.595590</ele>
        <time>2026-08-14T16:10:07.244Z</time>
      </trkpt>
      <trkpt lat="47.234190" lon="11.402348">
        <ele>829.859682</ele>
        <time>2026-08-14T16:10:15.719Z</time>
      </trkpt>
      <trkpt lat="47.234104" lon="11.402375">
        <ele>830.559245</ele>
        <time>2026-08-14T16:10:20.530Z</time>
      </trkpt>
      <trkpt lat="47.234009" lon="11.402412">
        <ele>831.341018</ele>
        <time>2026-08-14T16:10:26.103Z</time>
      </trkpt>
      <trkpt lat="47.233729" lon="11.402564">
        <ele>833.715124</ele>
        <time>2026-08-14T16:10:43.180Z</time>
      </trkpt>
      <trkpt lat="47.233531" lon="11.402724">
        <ele>835.511896</ele>
        <time>2026-08-14T16:10:56.458Z</time>
      </trkpt>
      <trkpt lat="47.233059" lon="11.403232">
        <ele>840.456949</ele>
        <time>2026-08-14T16:11:30.464Z</time>
      </trkpt>
      <trkpt lat="47.232829" lon="11.403413">
        <ele>842.780975</ele>
        <time>2026-08-14T16:11:45.748Z</time>
      </trkpt>
      <trkpt lat="47.232500" lon="11.403514">
        <ele>845.776017</ele>
        <time>2026-08-14T16:12:04.813Z</time>
      </trkpt>
      <trkpt lat="47.231953" lon="11.403494">
        <ele>850.652330</ele>
        <time>2026-08-14T16:12:36.266Z</time>
      </trkpt>
      <trkpt lat="47.231726" lon="11.403554">
        <ele>852.707658</ele>
        <time>2026-08-14T16:12:49.830Z</time>
      </trkpt>
      <trkpt lat="47.231581" lon="11.403635">
        <ele>853.985332</ele>
        <time>2026-08-14T16:12:58.920Z</time>
      </trkpt>
      <trkpt lat="47.231390" lon="11.403811">
        <ele>855.384488</ele>
        <time>2026-08-14T16:13:11.611Z</time>
      </trkpt>
      <trkpt lat="47.231196" lon="11.404114">
        <ele>857.140588</ele>
        <time>2026-08-14T16:13:27.031Z</time>
      </trkpt>
      <trkpt lat="47.231145" lon="11.404245">
        <ele>857.777341</ele>
        <time>2026-08-14T16:13:32.461Z</time>
      </trkpt>
      <trkpt lat="47.231022" lon="11.404680">
        <ele>859.764342</ele>
        <time>2026-08-14T16:13:48.166Z</time>
      </trkpt>
      <trkpt lat="47.230956" lon="11.404943">
        <ele>860.946682</ele>
        <time>2026-08-14T16:13:56.468Z</time>
      </trkpt>
      <trkpt lat="47.230914" lon="11.405107">
        <ele>861.685793</ele>
        <time>2026-08-14T16:14:01.495Z</time>
      </trkpt>
      <trkpt lat="47.230764" lon="11.405910">
        <ele>865.024152</ele>
        <time>2026-08-14T16:14:21.957Z</time>
      </trkpt>
      <trkpt lat="47.230621" lon="11.405613">
        <ele>865.617223</ele>
        <time>2026-08-14T16:14:29.173Z</time>
      </trkpt>
      <trkpt lat="47.230274" lon="11.405236">
        <ele>866.651647</ele>
        <time>2026-08-14T16:14:40.568Z</time>
      </trkpt>
      <trkpt lat="47.230221" lon="11.405197">
        <ele>866.793776</ele>
        <time>2026-08-14T16:14:42.149Z</time>
      </trkpt>
      <trkpt lat="47.230192" lon="11.405179">
        <ele>866.869269</ele>
        <time>2026-08-14T16:14:42.962Z</time>
      </trkpt>
      <trkpt lat="47.229934" lon="11.405035">
        <ele>867.531136</ele>
        <time>2026-08-14T16:14:50.263Z</time>
      </trkpt>
      <trkpt lat="47.229704" lon="11.404917">
        <ele>868.115399</ele>
        <time>2026-08-14T16:14:56.419Z</time>
      </trkpt>
      <trkpt lat="47.229666" lon="11.404897">
        <ele>868.212203</ele>
        <time>2026-08-14T16:14:57.425Z</time>
      </trkpt>
      <trkpt lat="47.229405" lon="11.404768">
        <ele>868.872629</ele>
        <time>2026-08-14T16:15:04.495Z</time>
      </trkpt>
      <trkpt lat="47.229228" lon="11.404680">
        <ele>869.305245</ele>
        <time>2026-08-14T16:15:09.583Z</time>
      </trkpt>
      <trkpt lat="47.228972" lon="11.404553">
        <ele>869.842901</ele>
        <time>2026-08-14T16:15:17.174Z</time>
      </trkpt>
      <trkpt lat="47.228894" lon="11.404515">
        <ele>870.006420</ele>
        <time>2026-08-14T16:15:19.387Z</time>
      </trkpt>
      <trkpt lat="47.228802" lon="11.404468">
        <ele>870.200235</ele>
        <time>2026-08-14T16:15:21.950Z</time>
      </trkpt>
      <trkpt lat="47.228528" lon="11.404353">
        <ele>870.767298</ele>
        <time>2026-08-14T16:15:29.456Z</time>
      </trkpt>
      <trkpt lat="47.228409" lon="11.404302">
        <ele>871.013972</ele>
        <time>2026-08-14T16:15:32.700Z</time>
      </trkpt>
      <trkpt lat="47.228180" lon="11.404205">
        <ele>871.488234</ele>
        <time>2026-08-14T16:15:38.863Z</time>
      </trkpt>
      <trkpt lat="47.227817" lon="11.404109">
        <ele>872.222277</ele>
        <time>2026-08-14T16:15:48.101Z</time>
      </trkpt>
      <trkpt lat="47.227234" lon="11.404012">
        <ele>873.306398</ele>
        <time>2026-08-14T16:16:03.308Z</time>
      </trkpt>
      <trkpt lat="47.226500" lon="11.403898">
        <ele>874.563817</ele>
        <time>2026-08-14T16:16:21.946Z</time>
      </trkpt>
      <trkpt lat="47.226077" lon="11.403897">
        <ele>875.284464</ele>
        <time>2026-08-14T16:16:32.030Z</time>
      </trkpt>
      <trkpt lat="47.225468" lon="11.404734">
        <ele>877.497007</ele>
        <time>2026-08-14T16:16:51.435Z</time>
      </trkpt>
      <trkpt lat="47.225237" lon="11.404961">
        <ele>878.422373</ele>
        <time>2026-08-14T16:16:58.959Z</time>
      </trkpt>
      <trkpt lat="47.224894" lon="11.405202">
        <ele>879.688713</ele>
        <time>2026-08-14T16:17:11.248Z</time>
      </trkpt>
      <trkpt lat="47.224498" lon="11.405313">
        <ele>881.031903</ele>
        <time>2026-08-14T16:17:25.991Z</time>
      </trkpt>
      <trkpt lat="47.223864" lon="11.405451">
        <ele>884.799667</ele>
        <time>2026-08-14T16:17:53.412Z</time>
      </trkpt>
      <trkpt lat="47.223416" lon="11.405701">
        <ele>888.399713</ele>
        <time>2026-08-14T16:18:16.813Z</time>
      </trkpt>
      <trkpt lat="47.222043" lon="11.406220">
        <ele>899.667726</ele>
        <time>2026-08-14T16:19:37.126Z</time>
      </trkpt>
      <trkpt lat="47.221175" lon="11.406713">
        <ele>907.832960</ele>
        <time>2026-08-14T16:20:34.964Z</time>
      </trkpt>
      <trkpt lat="47.220944" lon="11.406795">
        <ele>909.918444</ele>
        <time>2026-08-14T16:20:47.941Z</time>
      </trkpt>
      <trkpt lat="47.220483" lon="11.406764">
        <ele>912.414344</ele>
        <time>2026-08-14T16:21:09.800Z</time>
      </trkpt>
      <trkpt lat="47.220218" lon="11.406792">
        <ele>913.451831</ele>
        <time>2026-08-14T16:21:20.800Z</time>
      </trkpt>
      <trkpt lat="47.220039" lon="11.406864">
        <ele>914.176442</ele>
        <time>2026-08-14T16:21:27.426Z</time>
      </trkpt>
      <trkpt lat="47.219859" lon="11.406982">
        <ele>914.945868</ele>
        <time>2026-08-14T16:21:33.614Z</time>
      </trkpt>
      <trkpt lat="47.219447" lon="11.407340">
        <ele>916.814020</ele>
        <time>2026-08-14T16:21:47.442Z</time>
      </trkpt>
      <trkpt lat="47.219194" lon="11.407517">
        <ele>917.907848</ele>
        <time>2026-08-14T16:21:55.354Z</time>
      </trkpt>
      <trkpt lat="47.218113" lon="11.408068">
        <ele>920.690767</ele>
        <time>2026-08-14T16:22:28.390Z</time>
      </trkpt>
      <trkpt lat="47.217863" lon="11.408156">
        <ele>921.290370</ele>
        <time>2026-08-14T16:22:35.566Z</time>
      </trkpt>
      <trkpt lat="47.216430" lon="11.408292">
        <ele>925.309042</ele>
        <time>2026-08-14T16:23:21.447Z</time>
      </trkpt>
      <trkpt lat="47.215649" lon="11.408318">
        <ele>927.672618</ele>
        <time>2026-08-14T16:23:48.346Z</time>
      </trkpt>
      <trkpt lat="47.214542" lon="11.408209">
        <ele>930.946462</ele>
        <time>2026-08-14T16:24:22.814Z</time>
      </trkpt>
      <trkpt lat="47.214280" lon="11.408224">
        <ele>931.719196</ele>
        <time>2026-08-14T16:24:30.370Z</time>
      </trkpt>
      <trkpt lat="47.213371" lon="11.408392">
        <ele>934.746318</ele>
        <time>2026-08-14T16:24:56.974Z</time>
      </trkpt>
      <trkpt lat="47.213166" lon="11.408392">
        <ele>935.503861</ele>
        <time>2026-08-14T16:25:02.994Z</time>
      </trkpt>
      <trkpt lat="47.212018" lon="11.408242">
        <ele>939.762776</ele>
        <time>2026-08-14T16:25:42.346Z</time>
      </trkpt>
      <trkpt lat="47.211786" lon="11.408281">
        <ele>941.441433</ele>
        <time>2026-08-14T16:25:52.350Z</time>
      </trkpt>
      <trkpt lat="47.211652" lon="11.408323">
        <ele>942.434430</ele>
        <time>2026-08-14T16:25:58.573Z</time>
      </trkpt>
      <trkpt lat="47.211524" lon="11.408406">
        <ele>943.448182</ele>
        <time>2026-08-14T16:26:05.281Z</time>
      </trkpt>
      <trkpt lat="47.211311" lon="11.408608">
        <ele>945.284618</ele>
        <time>2026-08-14T16:26:18.119Z</time>
      </trkpt>
      <trkpt lat="47.210852" lon="11.409171">
        <ele>949.614908</ele>
        <time>2026-08-14T16:26:51.330Z</time>
      </trkpt>
      <trkpt lat="47.210648" lon="11.409365">
        <ele>951.375182</ele>
        <time>2026-08-14T16:27:05.177Z</time>
      </trkpt>
      <trkpt lat="47.210105" lon="11.409779">
        <ele>955.150234</ele>
        <time>2026-08-14T16:27:38.217Z</time>
      </trkpt>
      <trkpt lat="47.209502" lon="11.410433">
        <ele>959.387291</ele>
        <time>2026-08-14T16:28:10.490Z</time>
      </trkpt>
      <trkpt lat="47.209149" lon="11.410879">
        <ele>962.018898</ele>
        <time>2026-08-14T16:28:26.871Z</time>
      </trkpt>
      <trkpt lat="47.209106" lon="11.410935">
        <ele>962.343682</ele>
        <time>2026-08-14T16:28:28.763Z</time>
      </trkpt>
      <trkpt lat="47.208924" lon="11.411058">
        <ele>963.327566</ele>
        <time>2026-08-14T16:28:35.119Z</time>
      </trkpt>
      <trkpt lat="47.208280" lon="11.411680">
        <ele>966.354292</ele>
        <time>2026-08-14T16:28:58.239Z</time>
      </trkpt>
      <trkpt lat="47.207365" lon="11.412162">
        <ele>970.244073</ele>
        <time>2026-08-14T16:29:34.729Z</time>
      </trkpt>
      <trkpt lat="47.206851" lon="11.412566">
        <ele>973.926004</ele>
        <time>2026-08-14T16:29:57.783Z</time>
      </trkpt>
      <trkpt lat="47.206602" lon="11.412786">
        <ele>975.761082</ele>
        <time>2026-08-14T16:30:09.195Z</time>
      </trkpt>
      <trkpt lat="47.206548" lon="11.412825">
        <ele>976.141162</ele>
        <time>2026-08-14T16:30:11.667Z</time>
      </trkpt>
      <trkpt lat="47.205809" lon="11.413256">
        <ele>981.164011</ele>
        <time>2026-08-14T16:30:50.444Z</time>
      </trkpt>
      <trkpt lat="47.205569" lon="11.413312">
        <ele>983.809123</ele>
        <time>2026-08-14T16:31:05.059Z</time>
      </trkpt>
      <trkpt lat="47.205594" lon="11.413495">
        <ele>985.306429</ele>
        <time>2026-08-14T16:31:12.995Z</time>
      </trkpt>
      <trkpt lat="47.205685" lon="11.413788">
        <ele>987.890658</ele>
        <time>2026-08-14T16:31:27.607Z</time>
      </trkpt>
      <trkpt lat="47.205703" lon="11.413957">
        <ele>989.262834</ele>
        <time>2026-08-14T16:31:36.024Z</time>
      </trkpt>
      <trkpt lat="47.205692" lon="11.414059">
        <ele>990.091263</ele>
        <time>2026-08-14T16:31:41.530Z</time>
      </trkpt>
      <trkpt lat="47.205589" lon="11.414439">
        <ele>993.373052</ele>
        <time>2026-08-14T16:32:03.545Z</time>
      </trkpt>
      <trkpt lat="47.205474" lon="11.414752">
        <ele>996.227406</ele>
        <time>2026-08-14T16:32:23.387Z</time>
      </trkpt>
      <trkpt lat="47.205432" lon="11.415007">
        <ele>998.332130</ele>
        <time>2026-08-14T16:32:37.961Z</time>
      </trkpt>
      <trkpt lat="47.205409" lon="11.415359">
        <ele>1001.168710</ele>
        <time>2026-08-14T16:32:57.118Z</time>
      </trkpt>
      <trkpt lat="47.205348" lon="11.415588">
        <ele>1002.948616</ele>
        <time>2026-08-14T16:33:11.498Z</time>
      </trkpt>
      <trkpt lat="47.205278" lon="11.415704">
        <ele>1003.695466</ele>
        <time>2026-08-14T16:33:19.960Z</time>
      </trkpt>
      <trkpt lat="47.205239" lon="11.416009">
        <ele>1005.189406</ele>
        <time>2026-08-14T16:33:35.835Z</time>
      </trkpt>
      <trkpt lat="47.205253" lon="11.416081">
        <ele>1005.549905</ele>
        <time>2026-08-14T16:33:39.272Z</time>
      </trkpt>
      <trkpt lat="47.204942" lon="11.416368">
        <ele>1008.150729</ele>
        <time>2026-08-14T16:33:59.447Z</time>
      </trkpt>
      <trkpt lat="47.204624" lon="11.416648">
        <ele>1010.776255</ele>
        <time>2026-08-14T16:34:15.503Z</time>
      </trkpt>
      <trkpt lat="47.204423" lon="11.416896">
        <ele>1012.634591</ele>
        <time>2026-08-14T16:34:24.791Z</time>
      </trkpt>
      <trkpt lat="47.204204" lon="11.417141">
        <ele>1014.583613</ele>
        <time>2026-08-14T16:34:33.875Z</time>
      </trkpt>
      <trkpt lat="47.204191" lon="11.417150">
        <ele>1014.685403</ele>
        <time>2026-08-14T16:34:34.331Z</time>
      </trkpt>
      <trkpt lat="47.204010" lon="11.417280">
        <ele>1015.746911</ele>
        <time>2026-08-14T16:34:40.668Z</time>
      </trkpt>
      <trkpt lat="47.203859" lon="11.417359">
        <ele>1016.297473</ele>
        <time>2026-08-14T16:34:45.440Z</time>
      </trkpt>
      <trkpt lat="47.203112" lon="11.417737">
        <ele>1019.011245</ele>
        <time>2026-08-14T16:35:08.899Z</time>
      </trkpt>
      <trkpt lat="47.202678" lon="11.417973">
        <ele>1020.600769</ele>
        <time>2026-08-14T16:35:24.519Z</time>
      </trkpt>
      <trkpt lat="47.202469" lon="11.418086">
        <ele>1021.365707</ele>
        <time>2026-08-14T16:35:32.325Z</time>
      </trkpt>
      <trkpt lat="47.202028" lon="11.418353">
        <ele>1024.141892</ele>
        <time>2026-08-14T16:35:49.341Z</time>
      </trkpt>
      <trkpt lat="47.201718" lon="11.418545">
        <ele>1026.222168</ele>
        <time>2026-08-14T16:36:03.303Z</time>
      </trkpt>
      <trkpt lat="47.201427" lon="11.418762">
        <ele>1028.239907</ele>
        <time>2026-08-14T16:36:18.792Z</time>
      </trkpt>
      <trkpt lat="47.201265" lon="11.418887">
        <ele>1029.371264</ele>
        <time>2026-08-14T16:36:27.904Z</time>
      </trkpt>
      <trkpt lat="47.200721" lon="11.419369">
        <ele>1033.217466</ele>
        <time>2026-08-14T16:37:01.008Z</time>
      </trkpt>
      <trkpt lat="47.200628" lon="11.419466">
        <ele>1033.825662</ele>
        <time>2026-08-14T16:37:07.183Z</time>
      </trkpt>
      <trkpt lat="47.200018" lon="11.420096">
        <ele>1037.801886</ele>
        <time>2026-08-14T16:37:46.464Z</time>
      </trkpt>
      <trkpt lat="47.199561" lon="11.420583">
        <ele>1040.812406</ele>
        <time>2026-08-14T16:38:07.496Z</time>
      </trkpt>
      <trkpt lat="47.198967" lon="11.421486">
        <ele>1044.092063</ele>
        <time>2026-08-14T16:38:23.092Z</time>
      </trkpt>
      <trkpt lat="47.198894" lon="11.421657">
        <ele>1044.519144</ele>
        <time>2026-08-14T16:38:25.302Z</time>
      </trkpt>
      <trkpt lat="47.198885" lon="11.421684">
        <ele>1044.582744</ele>
        <time>2026-08-14T16:38:25.638Z</time>
      </trkpt>
      <trkpt lat="47.198817" lon="11.422031">
        <ele>1045.346484</ele>
        <time>2026-08-14T16:38:29.608Z</time>
      </trkpt>
      <trkpt lat="47.198771" lon="11.422447">
        <ele>1046.237806</ele>
        <time>2026-08-14T16:38:35.488Z</time>
      </trkpt>
      <trkpt lat="47.198369" lon="11.424056">
        <ele>1052.548408</ele>
        <time>2026-08-14T16:39:39.875Z</time>
      </trkpt>
      <trkpt lat="47.198305" lon="11.424233">
        <ele>1053.553145</ele>
        <time>2026-08-14T16:39:49.915Z</time>
      </trkpt>
      <trkpt lat="47.198234" lon="11.424485">
        <ele>1054.920205</ele>
        <time>2026-08-14T16:40:01.519Z</time>
      </trkpt>
      <trkpt lat="47.198227" lon="11.424683">
        <ele>1055.913747</ele>
        <time>2026-08-14T16:40:09.172Z</time>
      </trkpt>
      <trkpt lat="47.198264" lon="11.424874">
        <ele>1056.909009</ele>
        <time>2026-08-14T16:40:16.226Z</time>
      </trkpt>
      <trkpt lat="47.198390" lon="11.425182">
        <ele>1058.710584</ele>
        <time>2026-08-14T16:40:28.097Z</time>
      </trkpt>
      <trkpt lat="47.198402" lon="11.425303">
        <ele>1059.323351</ele>
        <time>2026-08-14T16:40:31.856Z</time>
      </trkpt>
      <trkpt lat="47.198338" lon="11.425402">
        <ele>1060.008117</ele>
        <time>2026-08-14T16:40:36.477Z</time>
      </trkpt>
      <trkpt lat="47.198213" lon="11.425374">
        <ele>1060.940621</ele>
        <time>2026-08-14T16:40:42.439Z</time>
      </trkpt>
      <trkpt lat="47.197981" lon="11.425253">
        <ele>1059.950450</ele>
        <time>2026-08-14T16:40:52.193Z</time>
      </trkpt>
      <trkpt lat="47.197499" lon="11.425168">
        <ele>1057.206073</ele>
        <time>2026-08-14T16:40:58.819Z</time>
      </trkpt>
      <trkpt lat="47.197252" lon="11.425065">
        <ele>1055.754740</ele>
        <time>2026-08-14T16:41:01.602Z</time>
      </trkpt>
      <trkpt lat="47.197097" lon="11.424896">
        <ele>1054.664207</ele>
        <time>2026-08-14T16:41:03.594Z</time>
      </trkpt>
      <trkpt lat="47.196961" lon="11.424573">
        <ele>1053.204564</ele>
        <time>2026-08-14T16:41:06.269Z</time>
      </trkpt>
      <trkpt lat="47.196810" lon="11.423935">
        <ele>1050.394587</ele>
        <time>2026-08-14T16:41:11.025Z</time>
      </trkpt>
      <trkpt lat="47.196718" lon="11.423764">
        <ele>1049.095443</ele>
        <time>2026-08-14T16:41:12.541Z</time>
      </trkpt>
      <trkpt lat="47.196420" lon="11.423485">
        <ele>1045.999414</ele>
        <time>2026-08-14T16:41:16.125Z</time>
      </trkpt>
      <trkpt lat="47.195971" lon="11.423355">
        <ele>1041.988079</ele>
        <time>2026-08-14T16:41:20.838Z</time>
      </trkpt>
      <trkpt lat="47.195811" lon="11.423384">
        <ele>1040.574938</ele>
        <time>2026-08-14T16:41:22.551Z</time>
      </trkpt>
      <trkpt lat="47.195432" lon="11.423619">
        <ele>1036.969824</ele>
        <time>2026-08-14T16:41:27.236Z</time>
      </trkpt>
      <trkpt lat="47.195062" lon="11.423979">
        <ele>1035.402163</ele>
        <time>2026-08-14T16:41:33.060Z</time>
      </trkpt>
      <trkpt lat="47.194956" lon="11.424144">
        <ele>1035.508641</ele>
        <time>2026-08-14T16:41:35.273Z</time>
      </trkpt>
      <trkpt lat="47.194895" lon="11.424290">
        <ele>1035.589011</ele>
        <time>2026-08-14T16:41:36.999Z</time>
      </trkpt>
      <trkpt lat="47.194782" lon="11.424865">
        <ele>1035.869694</ele>
        <time>2026-08-14T16:41:44.453Z</time>
      </trkpt>
      <trkpt lat="47.194725" lon="11.425014">
        <ele>1035.949877</ele>
        <time>2026-08-14T16:41:47.595Z</time>
      </trkpt>
      <trkpt lat="47.194626" lon="11.425121">
        <ele>1036.034642</ele>
        <time>2026-08-14T16:41:51.908Z</time>
      </trkpt>
      <trkpt lat="47.194537" lon="11.425155">
        <ele>1036.098096</ele>
        <time>2026-08-14T16:41:55.762Z</time>
      </trkpt>
      <trkpt lat="47.194144" lon="11.425083">
        <ele>1036.371399</ele>
        <time>2026-08-14T16:42:09.335Z</time>
      </trkpt>
      <trkpt lat="47.194043" lon="11.425116">
        <ele>1036.442796</ele>
        <time>2026-08-14T16:42:12.813Z</time>
      </trkpt>
      <trkpt lat="47.193937" lon="11.425335">
        <ele>1036.590122</ele>
        <time>2026-08-14T16:42:17.708Z</time>
      </trkpt>
      <trkpt lat="47.193812" lon="11.425921">
        <ele>1036.942653</ele>
        <time>2026-08-14T16:42:28.039Z</time>
      </trkpt>
      <trkpt lat="47.193784" lon="11.425996">
        <ele>1036.991770</ele>
        <time>2026-08-14T16:42:29.317Z</time>
      </trkpt>
      <trkpt lat="47.193732" lon="11.426082">
        <ele>1037.057845</ele>
        <time>2026-08-14T16:42:31.459Z</time>
      </trkpt>
      <trkpt lat="47.193582" lon="11.426203">
        <ele>1037.202332</ele>
        <time>2026-08-14T16:42:35.867Z</time>
      </trkpt>
      <trkpt lat="47.193437" lon="11.426258">
        <ele>1037.328813</ele>
        <time>2026-08-14T16:42:39.675Z</time>
      </trkpt>
      <trkpt lat="47.193106" lon="11.426286">
        <ele>1037.608862</ele>
        <time>2026-08-14T16:42:47.943Z</time>
      </trkpt>
      <trkpt lat="47.192884" lon="11.426413">
        <ele>1037.810050</ele>
        <time>2026-08-14T16:42:51.565Z</time>
      </trkpt>
      <trkpt lat="47.192720" lon="11.426563">
        <ele>1037.973153</ele>
        <time>2026-08-14T16:42:53.982Z</time>
      </trkpt>
      <trkpt lat="47.192436" lon="11.426952">
        <ele>1036.831731</ele>
        <time>2026-08-14T16:42:58.894Z</time>
      </trkpt>
      <trkpt lat="47.192322" lon="11.427063">
        <ele>1036.395633</ele>
        <time>2026-08-14T16:43:00.660Z</time>
      </trkpt>
      <trkpt lat="47.192179" lon="11.427143">
        <ele>1035.907565</ele>
        <time>2026-08-14T16:43:02.610Z</time>
      </trkpt>
      <trkpt lat="47.191286" lon="11.427384">
        <ele>1033.011111</ele>
        <time>2026-08-14T16:43:14.068Z</time>
      </trkpt>
      <trkpt lat="47.190688" lon="11.427599">
        <ele>1032.327049</ele>
        <time>2026-08-14T16:43:21.271Z</time>
      </trkpt>
      <trkpt lat="47.190258" lon="11.427713">
        <ele>1032.410067</ele>
        <time>2026-08-14T16:43:26.458Z</time>
      </trkpt>
      <trkpt lat="47.190019" lon="11.427845">
        <ele>1032.458572</ele>
        <time>2026-08-14T16:43:30.048Z</time>
      </trkpt>
      <trkpt lat="47.189764" lon="11.428051">
        <ele>1032.513844</ele>
        <time>2026-08-14T16:43:36.074Z</time>
      </trkpt>
      <trkpt lat="47.189689" lon="11.428122">
        <ele>1032.530789</ele>
        <time>2026-08-14T16:43:38.625Z</time>
      </trkpt>
      <trkpt lat="47.189499" lon="11.428262">
        <ele>1032.571163</ele>
        <time>2026-08-14T16:43:46.112Z</time>
      </trkpt>
      <trkpt lat="47.188275" lon="11.428938">
        <ele>1046.211531</ele>
        <time>2026-08-14T16:45:18.397Z</time>
      </trkpt>
      <trkpt lat="47.187959" lon="11.428957">
        <ele>1049.885063</ele>
        <time>2026-08-14T16:45:46.753Z</time>
      </trkpt>
      <trkpt lat="47.187816" lon="11.428920">
        <ele>1051.571550</ele>
        <time>2026-08-14T16:45:58.840Z</time>
      </trkpt>
      <trkpt lat="47.187506" lon="11.428838">
        <ele>1054.015524</ele>
        <time>2026-08-14T16:46:22.969Z</time>
      </trkpt>
      <trkpt lat="47.187208" lon="11.428884">
        <ele>1055.068283</ele>
        <time>2026-08-14T16:46:43.079Z</time>
      </trkpt>
      <trkpt lat="47.186879" lon="11.429047">
        <ele>1056.287979</ele>
        <time>2026-08-14T16:47:02.165Z</time>
      </trkpt>
      <trkpt lat="47.186639" lon="11.429220">
        <ele>1057.226959</ele>
        <time>2026-08-14T16:47:12.507Z</time>
      </trkpt>
      <trkpt lat="47.186470" lon="11.429341">
        <ele>1057.887297</ele>
        <time>2026-08-14T16:47:16.684Z</time>
      </trkpt>
      <trkpt lat="47.186138" lon="11.429602">
        <ele>1059.209817</ele>
        <time>2026-08-14T16:47:21.372Z</time>
      </trkpt>
      <trkpt lat="47.185901" lon="11.429944">
        <ele>1058.103206</ele>
        <time>2026-08-14T16:47:24.954Z</time>
      </trkpt>
      <trkpt lat="47.185743" lon="11.430338">
        <ele>1054.822849</ele>
        <time>2026-08-14T16:47:28.156Z</time>
      </trkpt>
      <trkpt lat="47.185603" lon="11.430639">
        <ele>1052.207450</ele>
        <time>2026-08-14T16:47:30.709Z</time>
      </trkpt>
      <trkpt lat="47.185431" lon="11.430852">
        <ele>1049.835523</ele>
        <time>2026-08-14T16:47:33.020Z</time>
      </trkpt>
      <trkpt lat="47.185258" lon="11.431027">
        <ele>1047.620495</ele>
        <time>2026-08-14T16:47:35.159Z</time>
      </trkpt>
      <trkpt lat="47.185071" lon="11.431270">
        <ele>1044.988210</ele>
        <time>2026-08-14T16:47:37.691Z</time>
      </trkpt>
      <trkpt lat="47.185017" lon="11.431434">
        <ele>1043.681474</ele>
        <time>2026-08-14T16:47:38.951Z</time>
      </trkpt>
      <trkpt lat="47.185028" lon="11.431550">
        <ele>1042.841619</ele>
        <time>2026-08-14T16:47:39.773Z</time>
      </trkpt>
      <trkpt lat="47.185096" lon="11.431771">
        <ele>1041.102059</ele>
        <time>2026-08-14T16:47:41.451Z</time>
      </trkpt>
      <trkpt lat="47.185151" lon="11.431953">
        <ele>1040.172439</ele>
        <time>2026-08-14T16:47:42.846Z</time>
      </trkpt>
      <trkpt lat="47.185572" lon="11.433278">
        <ele>1034.202912</ele>
        <time>2026-08-14T16:47:53.612Z</time>
      </trkpt>
      <trkpt lat="47.185651" lon="11.433625">
        <ele>1032.709357</ele>
        <time>2026-08-14T16:47:56.504Z</time>
      </trkpt>
      <trkpt lat="47.185694" lon="11.434097">
        <ele>1030.765763</ele>
        <time>2026-08-14T16:48:00.687Z</time>
      </trkpt>
      <trkpt lat="47.185676" lon="11.434579">
        <ele>1031.336301</ele>
        <time>2026-08-14T16:48:06.651Z</time>
      </trkpt>
      <trkpt lat="47.185803" lon="11.435861">
        <ele>1036.931986</ele>
        <time>2026-08-14T16:48:43.944Z</time>
      </trkpt>
      <trkpt lat="47.185765" lon="11.436385">
        <ele>1039.208075</ele>
        <time>2026-08-14T16:49:06.818Z</time>
      </trkpt>
      <trkpt lat="47.185794" lon="11.437093">
        <ele>1042.208808</ele>
        <time>2026-08-14T16:49:38.892Z</time>
      </trkpt>
      <trkpt lat="47.185781" lon="11.437138">
        <ele>1042.403648</ele>
        <time>2026-08-14T16:49:41.426Z</time>
      </trkpt>
      <trkpt lat="47.185712" lon="11.437236">
        <ele>1042.965927</ele>
        <time>2026-08-14T16:49:48.894Z</time>
      </trkpt>
      <trkpt lat="47.185615" lon="11.437266">
        <ele>1043.547078</ele>
        <time>2026-08-14T16:49:56.471Z</time>
      </trkpt>
      <trkpt lat="47.185412" lon="11.437161">
        <ele>1044.808692</ele>
        <time>2026-08-14T16:50:11.703Z</time>
      </trkpt>
      <trkpt lat="47.185244" lon="11.437121">
        <ele>1045.806510</ele>
        <time>2026-08-14T16:50:22.005Z</time>
      </trkpt>
      <trkpt lat="47.185082" lon="11.437125">
        <ele>1046.756471</ele>
        <time>2026-08-14T16:50:30.370Z</time>
      </trkpt>
      <trkpt lat="47.185071" lon="11.437125">
        <ele>1046.820966</ele>
        <time>2026-08-14T16:50:30.881Z</time>
      </trkpt>
      <trkpt lat="47.185051" lon="11.437126">
        <ele>1046.938296</ele>
        <time>2026-08-14T16:50:31.744Z</time>
      </trkpt>
      <trkpt lat="47.184781" lon="11.437073">
        <ele>1048.535366</ele>
        <time>2026-08-14T16:50:42.022Z</time>
      </trkpt>
      <trkpt lat="47.184685" lon="11.436973">
        <ele>1049.225003</ele>
        <time>2026-08-14T16:50:45.455Z</time>
      </trkpt>
      <trkpt lat="47.184585" lon="11.436755">
        <ele>1050.273040</ele>
        <time>2026-08-14T16:50:49.574Z</time>
      </trkpt>
      <trkpt lat="47.184246" lon="11.435856">
        <ele>1051.561054</ele>
        <time>2026-08-14T16:50:59.632Z</time>
      </trkpt>
      <trkpt lat="47.183933" lon="11.434919">
        <ele>1050.776989</ele>
        <time>2026-08-14T16:51:08.282Z</time>
      </trkpt>
      <trkpt lat="47.183810" lon="11.434719">
        <ele>1050.574430</ele>
        <time>2026-08-14T16:51:10.915Z</time>
      </trkpt>
      <trkpt lat="47.183615" lon="11.434596">
        <ele>1050.339998</ele>
        <time>2026-08-14T16:51:14.286Z</time>
      </trkpt>
      <trkpt lat="47.183382" lon="11.434527">
        <ele>1050.077381</ele>
        <time>2026-08-14T16:51:18.919Z</time>
      </trkpt>
      <trkpt lat="47.183016" lon="11.434487">
        <ele>1051.467455</ele>
        <time>2026-08-14T16:51:27.861Z</time>
      </trkpt>
      <trkpt lat="47.182942" lon="11.434426">
        <ele>1051.858470</ele>
        <time>2026-08-14T16:51:31.192Z</time>
      </trkpt>
      <trkpt lat="47.182882" lon="11.434330">
        <ele>1052.267088</ele>
        <time>2026-08-14T16:51:35.226Z</time>
      </trkpt>
      <trkpt lat="47.182635" lon="11.433957">
        <ele>1053.898712</ele>
        <time>2026-08-14T16:51:52.864Z</time>
      </trkpt>
      <trkpt lat="47.182438" lon="11.433778">
        <ele>1054.966060</ele>
        <time>2026-08-14T16:52:03.996Z</time>
      </trkpt>
      <trkpt lat="47.182348" lon="11.433731">
        <ele>1055.406300</ele>
        <time>2026-08-14T16:52:08.503Z</time>
      </trkpt>
      <trkpt lat="47.182136" lon="11.433666">
        <ele>1056.404572</ele>
        <time>2026-08-14T16:52:18.131Z</time>
      </trkpt>
      <trkpt lat="47.181931" lon="11.433721">
        <ele>1057.365165</ele>
        <time>2026-08-14T16:52:25.916Z</time>
      </trkpt>
      <trkpt lat="47.181858" lon="11.433780">
        <ele>1057.749111</ele>
        <time>2026-08-14T16:52:28.852Z</time>
      </trkpt>
      <trkpt lat="47.181775" lon="11.433903">
        <ele>1058.292167</ele>
        <time>2026-08-14T16:52:32.929Z</time>
      </trkpt>
      <trkpt lat="47.181690" lon="11.434192">
        <ele>1058.262000</ele>
        <time>2026-08-14T16:52:40.579Z</time>
      </trkpt>
      <trkpt lat="47.181662" lon="11.434544">
        <ele>1058.206474</ele>
        <time>2026-08-14T16:52:49.150Z</time>
      </trkpt>
      <trkpt lat="47.181604" lon="11.434712">
        <ele>1058.176951</ele>
        <time>2026-08-14T16:52:54.105Z</time>
      </trkpt>
      <trkpt lat="47.181504" lon="11.434791">
        <ele>1058.150787</ele>
        <time>2026-08-14T16:52:57.452Z</time>
      </trkpt>
      <trkpt lat="47.181258" lon="11.434844">
        <ele>1058.093476</ele>
        <time>2026-08-14T16:53:01.793Z</time>
      </trkpt>
      <trkpt lat="47.181178" lon="11.434945">
        <ele>1058.069176</ele>
        <time>2026-08-14T16:53:03.214Z</time>
      </trkpt>
      <trkpt lat="47.181013" lon="11.435312">
        <ele>1058.000234</ele>
        <time>2026-08-14T16:53:06.927Z</time>
      </trkpt>
      <trkpt lat="47.180868" lon="11.436113">
        <ele>1057.583407</ele>
        <time>2026-08-14T16:53:13.550Z</time>
      </trkpt>
      <trkpt lat="47.180812" lon="11.436252">
        <ele>1057.272635</ele>
        <time>2026-08-14T16:53:14.842Z</time>
      </trkpt>
      <trkpt lat="47.180720" lon="11.436327">
        <ele>1056.975012</ele>
        <time>2026-08-14T16:53:16.096Z</time>
      </trkpt>
      <trkpt lat="47.180624" lon="11.436357">
        <ele>1056.697303</ele>
        <time>2026-08-14T16:53:17.287Z</time>
      </trkpt>
      <trkpt lat="47.180357" lon="11.436297">
        <ele>1055.933018</ele>
        <time>2026-08-14T16:53:20.634Z</time>
      </trkpt>
      <trkpt lat="47.180163" lon="11.436373">
        <ele>1055.364933</ele>
        <time>2026-08-14T16:53:23.247Z</time>
      </trkpt>
      <trkpt lat="47.179204" lon="11.437229">
        <ele>1052.176973</ele>
        <time>2026-08-14T16:53:38.764Z</time>
      </trkpt>
      <trkpt lat="47.178649" lon="11.437509">
        <ele>1050.479159</ele>
        <time>2026-08-14T16:53:46.506Z</time>
      </trkpt>
      <trkpt lat="47.177968" lon="11.438175">
        <ele>1048.112867</ele>
        <time>2026-08-14T16:53:56.517Z</time>
      </trkpt>
      <trkpt lat="47.177834" lon="11.438349">
        <ele>1047.598528</ele>
        <time>2026-08-14T16:53:58.734Z</time>
      </trkpt>
      <trkpt lat="47.177361" lon="11.438955">
        <ele>1046.676108</ele>
        <time>2026-08-14T16:54:06.824Z</time>
      </trkpt>
      <trkpt lat="47.177124" lon="11.439190">
        <ele>1046.255787</ele>
        <time>2026-08-14T16:54:10.748Z</time>
      </trkpt>
      <trkpt lat="47.176887" lon="11.439274">
        <ele>1045.897270</ele>
        <time>2026-08-14T16:54:14.208Z</time>
      </trkpt>
      <trkpt lat="47.176465" lon="11.439268">
        <ele>1045.276625</ele>
        <time>2026-08-14T16:54:20.565Z</time>
      </trkpt>
      <trkpt lat="47.176184" lon="11.439308">
        <ele>1045.087736</ele>
        <time>2026-08-14T16:54:26.007Z</time>
      </trkpt>
      <trkpt lat="47.175694" lon="11.439492">
        <ele>1046.118284</ele>
        <time>2026-08-14T16:54:38.667Z</time>
      </trkpt>
      <trkpt lat="47.175408" lon="11.439722">
        <ele>1046.782500</ele>
        <time>2026-08-14T16:54:48.256Z</time>
      </trkpt>
      <trkpt lat="47.175165" lon="11.440001">
        <ele>1047.410655</ele>
        <time>2026-08-14T16:54:57.754Z</time>
      </trkpt>
      <trkpt lat="47.174986" lon="11.440098">
        <ele>1047.799386</ele>
        <time>2026-08-14T16:55:03.677Z</time>
      </trkpt>
      <trkpt lat="47.174635" lon="11.440245">
        <ele>1048.543082</ele>
        <time>2026-08-14T16:55:15.152Z</time>
      </trkpt>
      <trkpt lat="47.173983" lon="11.440386">
        <ele>1047.209427</ele>
        <time>2026-08-14T16:55:31.458Z</time>
      </trkpt>
      <trkpt lat="47.173807" lon="11.440390">
        <ele>1046.808805</ele>
        <time>2026-08-14T16:55:33.574Z</time>
      </trkpt>
      <trkpt lat="47.173381" lon="11.440363">
        <ele>1045.838334</ele>
        <time>2026-08-14T16:55:38.587Z</time>
      </trkpt>
      <trkpt lat="47.172933" lon="11.440369">
        <ele>1044.818649</ele>
        <time>2026-08-14T16:55:44.014Z</time>
      </trkpt>
      <trkpt lat="47.172781" lon="11.440434">
        <ele>1044.407596</ele>
        <time>2026-08-14T16:55:45.899Z</time>
      </trkpt>
      <trkpt lat="47.172720" lon="11.440512">
        <ele>1044.089314</ele>
        <time>2026-08-14T16:55:46.809Z</time>
      </trkpt>
      <trkpt lat="47.172680" lon="11.440765">
        <ele>1043.393958</ele>
        <time>2026-08-14T16:55:48.874Z</time>
      </trkpt>
      <trkpt lat="47.172707" lon="11.441373">
        <ele>1041.762874</ele>
        <time>2026-08-14T16:55:53.448Z</time>
      </trkpt>
      <trkpt lat="47.172635" lon="11.441492">
        <ele>1041.336408</ele>
        <time>2026-08-14T16:55:54.669Z</time>
      </trkpt>
      <trkpt lat="47.172530" lon="11.441480">
        <ele>1040.921675</ele>
        <time>2026-08-14T16:55:55.868Z</time>
      </trkpt>
      <trkpt lat="47.172069" lon="11.441313">
        <ele>1039.052034</ele>
        <time>2026-08-14T16:56:01.908Z</time>
      </trkpt>
      <trkpt lat="47.171903" lon="11.441283">
        <ele>1038.393416</ele>
        <time>2026-08-14T16:56:04.316Z</time>
      </trkpt>
      <trkpt lat="47.171114" lon="11.441386">
        <ele>1038.469434</ele>
        <time>2026-08-14T16:56:15.605Z</time>
      </trkpt>
      <trkpt lat="47.171033" lon="11.441436">
        <ele>1038.632696</ele>
        <time>2026-08-14T16:56:17.459Z</time>
      </trkpt>
      <trkpt lat="47.170983" lon="11.441572">
        <ele>1038.828048</ele>
        <time>2026-08-14T16:56:19.987Z</time>
      </trkpt>
      <trkpt lat="47.171027" lon="11.441895">
        <ele>1039.244263</ele>
        <time>2026-08-14T16:56:26.302Z</time>
      </trkpt>
      <trkpt lat="47.170992" lon="11.442115">
        <ele>1039.529739</ele>
        <time>2026-08-14T16:56:31.247Z</time>
      </trkpt>
      <trkpt lat="47.170938" lon="11.442202">
        <ele>1039.678586</ele>
        <time>2026-08-14T16:56:34.005Z</time>
      </trkpt>
      <trkpt lat="47.170693" lon="11.442402">
        <ele>1040.199353</ele>
        <time>2026-08-14T16:56:44.032Z</time>
      </trkpt>
      <trkpt lat="47.170486" lon="11.442648">
        <ele>1040.693944</ele>
        <time>2026-08-14T16:56:54.357Z</time>
      </trkpt>
      <trkpt lat="47.170240" lon="11.442968">
        <ele>1041.748517</ele>
        <time>2026-08-14T16:57:07.134Z</time>
      </trkpt>
      <trkpt lat="47.169883" lon="11.443305">
        <ele>1043.215026</ele>
        <time>2026-08-14T16:57:23.139Z</time>
      </trkpt>
      <trkpt lat="47.169565" lon="11.443611">
        <ele>1044.528763</ele>
        <time>2026-08-14T16:57:35.846Z</time>
      </trkpt>
      <trkpt lat="47.169092" lon="11.444197">
        <ele>1046.666753</ele>
        <time>2026-08-14T16:57:52.943Z</time>
      </trkpt>
      <trkpt lat="47.168643" lon="11.444518">
        <ele>1047.722187</ele>
        <time>2026-08-14T16:58:06.323Z</time>
      </trkpt>
      <trkpt lat="47.167565" lon="11.445533">
        <ele>1050.007462</ele>
        <time>2026-08-14T16:58:39.397Z</time>
      </trkpt>
      <trkpt lat="47.167324" lon="11.445765">
        <ele>1050.556264</ele>
        <time>2026-08-14T16:58:45.103Z</time>
      </trkpt>
      <trkpt lat="47.167046" lon="11.446045">
        <ele>1051.226144</ele>
        <time>2026-08-14T16:58:51.527Z</time>
      </trkpt>
      <trkpt lat="47.167001" lon="11.446102">
        <ele>1051.344215</ele>
        <time>2026-08-14T16:58:52.463Z</time>
      </trkpt>
      <trkpt lat="47.166865" lon="11.446278">
        <ele>1051.704367</ele>
        <time>2026-08-14T16:58:55.888Z</time>
      </trkpt>
      <trkpt lat="47.166362" lon="11.447108">
        <ele>1053.207305</ele>
        <time>2026-08-14T16:59:12.894Z</time>
      </trkpt>
      <trkpt lat="47.166048" lon="11.447552">
        <ele>1054.369967</ele>
        <time>2026-08-14T16:59:28.391Z</time>
      </trkpt>
      <trkpt lat="47.165565" lon="11.448493">
        <ele>1057.653890</ele>
        <time>2026-08-14T17:00:10.259Z</time>
      </trkpt>
      <trkpt lat="47.165254" lon="11.449170">
        <ele>1059.929563</ele>
        <time>2026-08-14T17:00:34.258Z</time>
      </trkpt>
      <trkpt lat="47.165246" lon="11.449188">
        <ele>1059.989459</ele>
        <time>2026-08-14T17:00:34.724Z</time>
      </trkpt>
      <trkpt lat="47.165164" lon="11.449371">
        <ele>1060.599900</ele>
        <time>2026-08-14T17:00:38.413Z</time>
      </trkpt>
      <trkpt lat="47.165102" lon="11.449510">
        <ele>1061.062928</ele>
        <time>2026-08-14T17:00:40.233Z</time>
      </trkpt>
      <trkpt lat="47.164887" lon="11.450007">
        <ele>1058.576631</ele>
        <time>2026-08-14T17:00:45.029Z</time>
      </trkpt>
      <trkpt lat="47.164688" lon="11.450556">
        <ele>1055.670907</ele>
        <time>2026-08-14T17:00:49.560Z</time>
      </trkpt>
      <trkpt lat="47.164593" lon="11.450733">
        <ele>1054.617690</ele>
        <time>2026-08-14T17:00:51.158Z</time>
      </trkpt>
      <trkpt lat="47.164265" lon="11.451112">
        <ele>1051.752369</ele>
        <time>2026-08-14T17:00:55.447Z</time>
      </trkpt>
      <trkpt lat="47.164155" lon="11.451287">
        <ele>1050.639253</ele>
        <time>2026-08-14T17:00:57.157Z</time>
      </trkpt>
      <trkpt lat="47.164000" lon="11.451613">
        <ele>1048.789199</ele>
        <time>2026-08-14T17:01:00.144Z</time>
      </trkpt>
      <trkpt lat="47.163768" lon="11.452282">
        <ele>1046.390232</ele>
        <time>2026-08-14T17:01:06.076Z</time>
      </trkpt>
      <trkpt lat="47.163755" lon="11.452487">
        <ele>1045.732541</ele>
        <time>2026-08-14T17:01:07.758Z</time>
      </trkpt>
      <trkpt lat="47.163806" lon="11.452878">
        <ele>1044.460760</ele>
        <time>2026-08-14T17:01:11.156Z</time>
      </trkpt>
      <trkpt lat="47.163839" lon="11.453063">
        <ele>1043.849799</ele>
        <time>2026-08-14T17:01:12.782Z</time>
      </trkpt>
      <trkpt lat="47.163866" lon="11.453319">
        <ele>1043.022257</ele>
        <time>2026-08-14T17:01:15.024Z</time>
      </trkpt>
      <trkpt lat="47.163847" lon="11.453475">
        <ele>1042.516002</ele>
        <time>2026-08-14T17:01:16.357Z</time>
      </trkpt>
      <trkpt lat="47.163756" lon="11.453722">
        <ele>1041.618597</ele>
        <time>2026-08-14T17:01:18.720Z</time>
      </trkpt>
      <trkpt lat="47.163567" lon="11.454041">
        <ele>1040.298732</ele>
        <time>2026-08-14T17:01:22.222Z</time>
      </trkpt>
      <trkpt lat="47.163312" lon="11.454674">
        <ele>1038.789103</ele>
        <time>2026-08-14T17:01:27.962Z</time>
      </trkpt>
      <trkpt lat="47.163254" lon="11.454892">
        <ele>1038.308788</ele>
        <time>2026-08-14T17:01:29.805Z</time>
      </trkpt>
      <trkpt lat="47.163188" lon="11.455291">
        <ele>1037.466245</ele>
        <time>2026-08-14T17:01:33.341Z</time>
      </trkpt>
      <trkpt lat="47.163154" lon="11.455645">
        <ele>1036.732701</ele>
        <time>2026-08-14T17:01:36.720Z</time>
      </trkpt>
      <trkpt lat="47.163154" lon="11.455904">
        <ele>1036.201287</ele>
        <time>2026-08-14T17:01:39.340Z</time>
      </trkpt>
      <trkpt lat="47.163189" lon="11.456648">
        <ele>1035.077940</ele>
        <time>2026-08-14T17:01:46.299Z</time>
      </trkpt>
      <trkpt lat="47.163154" lon="11.456855">
        <ele>1035.333527</ele>
        <time>2026-08-14T17:01:48.337Z</time>
      </trkpt>
      <trkpt lat="47.163147" lon="11.456887">
        <ele>1035.373805</ele>
        <time>2026-08-14T17:01:48.667Z</time>
      </trkpt>
      <trkpt lat="47.163120" lon="11.457026">
        <ele>1035.547022</ele>
        <time>2026-08-14T17:01:50.083Z</time>
      </trkpt>
      <trkpt lat="47.162969" lon="11.457439">
        <ele>1036.108900</ele>
        <time>2026-08-14T17:01:55.209Z</time>
      </trkpt>
      <trkpt lat="47.162843" lon="11.457785">
        <ele>1036.579207</ele>
        <time>2026-08-14T17:01:59.526Z</time>
      </trkpt>
      <trkpt lat="47.162776" lon="11.458050">
        <ele>1036.917981</ele>
        <time>2026-08-14T17:02:02.790Z</time>
      </trkpt>
      <trkpt lat="47.162763" lon="11.458492">
        <ele>1037.448094</ele>
        <time>2026-08-14T17:02:11.924Z</time>
      </trkpt>
      <trkpt lat="47.162686" lon="11.459421">
        <ele>1039.618280</ele>
        <time>2026-08-14T17:02:44.345Z</time>
      </trkpt>
      <trkpt lat="47.162638" lon="11.459717">
        <ele>1040.793507</ele>
        <time>2026-08-14T17:02:54.417Z</time>
      </trkpt>
      <trkpt lat="47.162557" lon="11.459919">
        <ele>1041.699206</ele>
        <time>2026-08-14T17:03:03.528Z</time>
      </trkpt>
      <trkpt lat="47.162455" lon="11.459992">
        <ele>1042.343535</ele>
        <time>2026-08-14T17:03:09.642Z</time>
      </trkpt>
      <trkpt lat="47.162345" lon="11.460009">
        <ele>1042.971790</ele>
        <time>2026-08-14T17:03:16.025Z</time>
      </trkpt>
      <trkpt lat="47.162231" lon="11.459954">
        <ele>1043.653276</ele>
        <time>2026-08-14T17:03:22.669Z</time>
      </trkpt>
      <trkpt lat="47.162138" lon="11.459740">
        <ele>1044.634157</ele>
        <time>2026-08-14T17:03:30.951Z</time>
      </trkpt>
      <trkpt lat="47.162052" lon="11.459220">
        <ele>1046.700994</ele>
        <time>2026-08-14T17:03:46.433Z</time>
      </trkpt>
      <trkpt lat="47.161988" lon="11.458884">
        <ele>1048.048613</ele>
        <time>2026-08-14T17:03:55.284Z</time>
      </trkpt>
      <trkpt lat="47.161904" lon="11.458130">
        <ele>1048.419792</ele>
        <time>2026-08-14T17:04:02.336Z</time>
      </trkpt>
      <trkpt lat="47.161797" lon="11.457781">
        <ele>1048.477894</ele>
        <time>2026-08-14T17:04:06.408Z</time>
      </trkpt>
      <trkpt lat="47.161578" lon="11.457287">
        <ele>1048.567395</ele>
        <time>2026-08-14T17:04:14.646Z</time>
      </trkpt>
      <trkpt lat="47.161324" lon="11.456623">
        <ele>1048.683022</ele>
        <time>2026-08-14T17:04:23.031Z</time>
      </trkpt>
      <trkpt lat="47.161245" lon="11.456508">
        <ele>1048.707833</ele>
        <time>2026-08-14T17:04:24.909Z</time>
      </trkpt>
      <trkpt lat="47.160810" lon="11.456087">
        <ele>1049.149951</ele>
        <time>2026-08-14T17:04:33.586Z</time>
      </trkpt>
      <trkpt lat="47.160700" lon="11.455880">
        <ele>1049.309783</ele>
        <time>2026-08-14T17:04:36.736Z</time>
      </trkpt>
      <trkpt lat="47.160678" lon="11.455618">
        <ele>1049.470389</ele>
        <time>2026-08-14T17:04:40.261Z</time>
      </trkpt>
      <trkpt lat="47.160713" lon="11.454800">
        <ele>1049.969028</ele>
        <time>2026-08-14T17:04:54.529Z</time>
      </trkpt>
      <trkpt lat="47.160683" lon="11.454493">
        <ele>1050.157719</ele>
        <time>2026-08-14T17:05:00.238Z</time>
      </trkpt>
      <trkpt lat="47.160598" lon="11.454222">
        <ele>1050.355807</ele>
        <time>2026-08-14T17:05:05.374Z</time>
      </trkpt>
      <trkpt lat="47.160458" lon="11.453968">
        <ele>1050.786070</ele>
        <time>2026-08-14T17:05:10.007Z</time>
      </trkpt>
      <trkpt lat="47.160178" lon="11.453594">
        <ele>1051.518089</ele>
        <time>2026-08-14T17:05:17.604Z</time>
      </trkpt>
      <trkpt lat="47.160106" lon="11.453420">
        <ele>1051.786125</ele>
        <time>2026-08-14T17:05:20.220Z</time>
      </trkpt>
      <trkpt lat="47.160039" lon="11.453137">
        <ele>1052.180457</ele>
        <time>2026-08-14T17:05:24.052Z</time>
      </trkpt>
      <trkpt lat="47.159985" lon="11.452748">
        <ele>1052.702908</ele>
        <time>2026-08-14T17:05:30.253Z</time>
      </trkpt>
      <trkpt lat="47.159895" lon="11.452475">
        <ele>1053.102151</ele>
        <time>2026-08-14T17:05:35.777Z</time>
      </trkpt>
      <trkpt lat="47.159825" lon="11.452365">
        <ele>1053.300407</ele>
        <time>2026-08-14T17:05:39.051Z</time>
      </trkpt>
      <trkpt lat="47.159657" lon="11.452207">
        <ele>1053.686334</ele>
        <time>2026-08-14T17:05:45.758Z</time>
      </trkpt>
      <trkpt lat="47.159467" lon="11.452128">
        <ele>1054.434019</ele>
        <time>2026-08-14T17:05:53.046Z</time>
      </trkpt>
      <trkpt lat="47.159368" lon="11.452125">
        <ele>1054.892582</ele>
        <time>2026-08-14T17:05:56.855Z</time>
      </trkpt>
      <trkpt lat="47.159183" lon="11.452198">
        <ele>1055.779612</ele>
        <time>2026-08-14T17:06:04.299Z</time>
      </trkpt>
      <trkpt lat="47.158935" lon="11.452448">
        <ele>1057.171993</ele>
        <time>2026-08-14T17:06:18.339Z</time>
      </trkpt>
      <trkpt lat="47.158788" lon="11.452694">
        <ele>1058.203243</ele>
        <time>2026-08-14T17:06:29.380Z</time>
      </trkpt>
      <trkpt lat="47.158671" lon="11.452905">
        <ele>1059.060580</ele>
        <time>2026-08-14T17:06:38.460Z</time>
      </trkpt>
      <trkpt lat="47.158503" lon="11.453258">
        <ele>1060.417368</ele>
        <time>2026-08-14T17:06:51.359Z</time>
      </trkpt>
      <trkpt lat="47.158416" lon="11.453359">
        <ele>1060.930665</ele>
        <time>2026-08-14T17:06:55.470Z</time>
      </trkpt>
      <trkpt lat="47.158307" lon="11.453464">
        <ele>1061.534088</ele>
        <time>2026-08-14T17:06:59.874Z</time>
      </trkpt>
      <trkpt lat="47.158230" lon="11.453533">
        <ele>1061.951654</ele>
        <time>2026-08-14T17:07:02.868Z</time>
      </trkpt>
      <trkpt lat="47.157821" lon="11.453758">
        <ele>1060.636796</ele>
        <time>2026-08-14T17:07:11.613Z</time>
      </trkpt>
      <trkpt lat="47.157672" lon="11.453758">
        <ele>1060.074312</ele>
        <time>2026-08-14T17:07:13.507Z</time>
      </trkpt>
      <trkpt lat="47.157311" lon="11.453830">
        <ele>1058.699041</ele>
        <time>2026-08-14T17:07:17.844Z</time>
      </trkpt>
      <trkpt lat="47.157188" lon="11.453861">
        <ele>1058.227940</ele>
        <time>2026-08-14T17:07:19.273Z</time>
      </trkpt>
      <trkpt lat="47.156948" lon="11.453922">
        <ele>1057.308494</ele>
        <time>2026-08-14T17:07:21.983Z</time>
      </trkpt>
      <trkpt lat="47.156627" lon="11.453915">
        <ele>1056.096568</ele>
        <time>2026-08-14T17:07:25.470Z</time>
      </trkpt>
      <trkpt lat="47.156233" lon="11.453889">
        <ele>1054.290863</ele>
        <time>2026-08-14T17:07:29.835Z</time>
      </trkpt>
      <trkpt lat="47.156009" lon="11.453916">
        <ele>1053.078051</ele>
        <time>2026-08-14T17:07:32.335Z</time>
      </trkpt>
      <trkpt lat="47.155589" lon="11.454038">
        <ele>1050.767838</ele>
        <time>2026-08-14T17:07:37.095Z</time>
      </trkpt>
      <trkpt lat="47.155094" lon="11.454100">
        <ele>1048.087026</ele>
        <time>2026-08-14T17:07:42.901Z</time>
      </trkpt>
      <trkpt lat="47.154998" lon="11.454142">
        <ele>1047.546547</ele>
        <time>2026-08-14T17:07:44.158Z</time>
      </trkpt>
      <trkpt lat="47.154557" lon="11.454535">
        <ele>1044.649475</ele>
        <time>2026-08-14T17:07:50.995Z</time>
      </trkpt>
      <trkpt lat="47.154307" lon="11.454715">
        <ele>1042.951040</ele>
        <time>2026-08-14T17:07:54.325Z</time>
      </trkpt>
      <trkpt lat="47.153990" lon="11.454827">
        <ele>1040.961779</ele>
        <time>2026-08-14T17:07:58.012Z</time>
      </trkpt>
      <trkpt lat="47.153935" lon="11.454833">
        <ele>1040.625267</ele>
        <time>2026-08-14T17:07:58.622Z</time>
      </trkpt>
      <trkpt lat="47.153706" lon="11.454764">
        <ele>1039.198963</ele>
        <time>2026-08-14T17:08:01.192Z</time>
      </trkpt>
      <trkpt lat="47.153372" lon="11.454275">
        <ele>1036.323176</ele>
        <time>2026-08-14T17:08:06.490Z</time>
      </trkpt>
      <trkpt lat="47.153282" lon="11.454198">
        <ele>1035.687847</ele>
        <time>2026-08-14T17:08:07.709Z</time>
      </trkpt>
      <trkpt lat="47.153177" lon="11.454157">
        <ele>1035.024973</ele>
        <time>2026-08-14T17:08:08.928Z</time>
      </trkpt>
      <trkpt lat="47.152962" lon="11.454175">
        <ele>1033.425477</ele>
        <time>2026-08-14T17:08:11.244Z</time>
      </trkpt>
      <trkpt lat="47.152750" lon="11.454268">
        <ele>1031.671553</ele>
        <time>2026-08-14T17:08:13.533Z</time>
      </trkpt>
      <trkpt lat="47.152392" lon="11.454558">
        <ele>1028.431183</ele>
        <time>2026-08-14T17:08:17.715Z</time>
      </trkpt>
      <trkpt lat="47.152288" lon="11.454620">
        <ele>1027.541492</ele>
        <time>2026-08-14T17:08:18.897Z</time>
      </trkpt>
      <trkpt lat="47.152179" lon="11.454633">
        <ele>1026.674506</ele>
        <time>2026-08-14T17:08:20.054Z</time>
      </trkpt>
      <trkpt lat="47.151866" lon="11.454588">
        <ele>1024.181220</ele>
        <time>2026-08-14T17:08:23.497Z</time>
      </trkpt>
      <trkpt lat="47.151384" lon="11.454617">
        <ele>1020.385621</ele>
        <time>2026-08-14T17:08:29.039Z</time>
      </trkpt>
      <trkpt lat="47.150320" lon="11.455554">
        <ele>1016.398951</ele>
        <time>2026-08-14T17:08:44.811Z</time>
      </trkpt>
      <trkpt lat="47.150194" lon="11.455637">
        <ele>1015.955141</ele>
        <time>2026-08-14T17:08:46.881Z</time>
      </trkpt>
      <trkpt lat="47.150138" lon="11.455652">
        <ele>1015.772167</ele>
        <time>2026-08-14T17:08:47.634Z</time>
      </trkpt>
      <trkpt lat="47.150034" lon="11.455647">
        <ele>1015.437683</ele>
        <time>2026-08-14T17:08:49.116Z</time>
      </trkpt>
      <trkpt lat="47.149505" lon="11.455170">
        <ele>1013.967932</ele>
        <time>2026-08-14T17:08:56.985Z</time>
      </trkpt>
      <trkpt lat="47.149342" lon="11.455103">
        <ele>1013.665794</ele>
        <time>2026-08-14T17:08:59.068Z</time>
      </trkpt>
      <trkpt lat="47.149150" lon="11.455137">
        <ele>1013.320565</ele>
        <time>2026-08-14T17:09:01.428Z</time>
      </trkpt>
      <trkpt lat="47.148938" lon="11.455240">
        <ele>1012.921984</ele>
        <time>2026-08-14T17:09:04.119Z</time>
      </trkpt>
      <trkpt lat="47.148630" lon="11.455477">
        <ele>1012.301413</ele>
        <time>2026-08-14T17:09:08.723Z</time>
      </trkpt>
      <trkpt lat="47.148335" lon="11.455823">
        <ele>1011.627768</ele>
        <time>2026-08-14T17:09:15.717Z</time>
      </trkpt>
      <trkpt lat="47.147920" lon="11.456434">
        <ele>1011.641688</ele>
        <time>2026-08-14T17:09:31.445Z</time>
      </trkpt>
      <trkpt lat="47.147866" lon="11.456438">
        <ele>1011.668206</ele>
        <time>2026-08-14T17:09:32.911Z</time>
      </trkpt>
      <trkpt lat="47.147799" lon="11.456495">
        <ele>1011.706169</ele>
        <time>2026-08-14T17:09:35.100Z</time>
      </trkpt>
      <trkpt lat="47.147739" lon="11.456556">
        <ele>1011.741946</ele>
        <time>2026-08-14T17:09:37.126Z</time>
      </trkpt>
      <trkpt lat="47.147599" lon="11.456661">
        <ele>1011.819024</ele>
        <time>2026-08-14T17:09:41.205Z</time>
      </trkpt>
      <trkpt lat="47.147337" lon="11.456773">
        <ele>1011.952842</ele>
        <time>2026-08-14T17:09:47.405Z</time>
      </trkpt>
      <trkpt lat="47.146722" lon="11.456784">
        <ele>1012.254488</ele>
        <time>2026-08-14T17:09:56.986Z</time>
      </trkpt>
      <trkpt lat="47.146187" lon="11.456782">
        <ele>1011.642380</ele>
        <time>2026-08-14T17:10:04.374Z</time>
      </trkpt>
      <trkpt lat="47.145853" lon="11.456816">
        <ele>1011.159785</ele>
        <time>2026-08-14T17:10:08.775Z</time>
      </trkpt>
      <trkpt lat="47.145545" lon="11.456904">
        <ele>1010.707514</ele>
        <time>2026-08-14T17:10:12.867Z</time>
      </trkpt>
      <trkpt lat="47.145556" lon="11.456976">
        <ele>1010.635168</ele>
        <time>2026-08-14T17:10:13.567Z</time>
      </trkpt>
      <trkpt lat="47.145444" lon="11.457029">
        <ele>1010.465570</ele>
        <time>2026-08-14T17:10:15.104Z</time>
      </trkpt>
      <trkpt lat="47.145556" lon="11.456976">
        <ele>1010.295972</ele>
        <time>2026-08-14T17:10:16.724Z</time>
      </trkpt>
      <trkpt lat="47.145545" lon="11.456904">
        <ele>1010.223626</ele>
        <time>2026-08-14T17:10:17.379Z</time>
      </trkpt>
      <trkpt lat="47.145322" lon="11.456994">
        <ele>1009.890293</ele>
        <time>2026-08-14T17:10:20.807Z</time>
      </trkpt>
      <trkpt lat="47.145156" lon="11.457097">
        <ele>1009.850621</ele>
        <time>2026-08-14T17:10:23.807Z</time>
      </trkpt>
      <trkpt lat="47.144935" lon="11.457280">
        <ele>1010.607920</ele>
        <time>2026-08-14T17:10:29.194Z</time>
      </trkpt>
      <trkpt lat="47.144804" lon="11.457435">
        <ele>1011.109975</ele>
        <time>2026-08-14T17:10:33.469Z</time>
      </trkpt>
      <trkpt lat="47.144657" lon="11.457649">
        <ele>1011.727627</ele>
        <time>2026-08-14T17:10:38.941Z</time>
      </trkpt>
      <trkpt lat="47.144581" lon="11.457804">
        <ele>1012.115657</ele>
        <time>2026-08-14T17:10:42.572Z</time>
      </trkpt>
      <trkpt lat="47.144400" lon="11.458315">
        <ele>1013.285657</ele>
        <time>2026-08-14T17:10:55.306Z</time>
      </trkpt>
      <trkpt lat="47.144245" lon="11.458622">
        <ele>1014.062093</ele>
        <time>2026-08-14T17:11:04.851Z</time>
      </trkpt>
      <trkpt lat="47.144068" lon="11.458838">
        <ele>1014.748893</ele>
        <time>2026-08-14T17:11:14.481Z</time>
      </trkpt>
      <trkpt lat="47.143612" lon="11.459288">
        <ele>1016.706731</ele>
        <time>2026-08-14T17:11:39.400Z</time>
      </trkpt>
      <trkpt lat="47.143600" lon="11.459355">
        <ele>1016.881436</ele>
        <time>2026-08-14T17:11:41.600Z</time>
      </trkpt>
      <trkpt lat="47.143414" lon="11.459558">
        <ele>1017.740224</ele>
        <time>2026-08-14T17:11:51.294Z</time>
      </trkpt>
      <trkpt lat="47.143167" lon="11.460100">
        <ele>1019.385338</ele>
        <time>2026-08-14T17:12:08.495Z</time>
      </trkpt>
      <trkpt lat="47.143077" lon="11.460264">
        <ele>1019.916700</ele>
        <time>2026-08-14T17:12:13.443Z</time>
      </trkpt>
      <trkpt lat="47.142956" lon="11.460396">
        <ele>1020.475287</ele>
        <time>2026-08-14T17:12:18.179Z</time>
      </trkpt>
      <trkpt lat="47.142704" lon="11.460520">
        <ele>1021.460468</ele>
        <time>2026-08-14T17:12:24.852Z</time>
      </trkpt>
      <trkpt lat="47.142443" lon="11.460524">
        <ele>1021.212926</ele>
        <time>2026-08-14T17:12:28.802Z</time>
      </trkpt>
      <trkpt lat="47.142230" lon="11.460458">
        <ele>1020.593504</ele>
        <time>2026-08-14T17:12:31.585Z</time>
      </trkpt>
      <trkpt lat="47.142128" lon="11.460426">
        <ele>1020.296721</ele>
        <time>2026-08-14T17:12:32.891Z</time>
      </trkpt>
      <trkpt lat="47.141773" lon="11.460276">
        <ele>1019.245651</ele>
        <time>2026-08-14T17:12:37.406Z</time>
      </trkpt>
      <trkpt lat="47.141641" lon="11.460241">
        <ele>1018.863976</ele>
        <time>2026-08-14T17:12:39.023Z</time>
      </trkpt>
      <trkpt lat="47.141285" lon="11.460292">
        <ele>1017.846155</ele>
        <time>2026-08-14T17:12:43.274Z</time>
      </trkpt>
      <trkpt lat="47.141084" lon="11.460334">
        <ele>1017.268448</ele>
        <time>2026-08-14T17:12:45.680Z</time>
      </trkpt>
      <trkpt lat="47.140514" lon="11.460445">
        <ele>1016.254297</ele>
        <time>2026-08-14T17:12:52.746Z</time>
      </trkpt>
      <trkpt lat="47.140310" lon="11.460484">
        <ele>1016.036637</ele>
        <time>2026-08-14T17:12:55.578Z</time>
      </trkpt>
      <trkpt lat="47.140091" lon="11.460414">
        <ele>1015.799510</ele>
        <time>2026-08-14T17:12:59.706Z</time>
      </trkpt>
      <trkpt lat="47.139860" lon="11.460293">
        <ele>1015.540050</ele>
        <time>2026-08-14T17:13:04.135Z</time>
      </trkpt>
      <trkpt lat="47.139793" lon="11.460625">
        <ele>1015.290815</ele>
        <time>2026-08-14T17:13:10.985Z</time>
      </trkpt>
      <trkpt lat="47.139860" lon="11.460293">
        <ele>1015.041581</ele>
        <time>2026-08-14T17:13:17.114Z</time>
      </trkpt>
      <trkpt lat="47.140091" lon="11.460414">
        <ele>1014.782121</ele>
        <time>2026-08-14T17:13:21.208Z</time>
      </trkpt>
      <trkpt lat="47.140310" lon="11.460484">
        <ele>1014.886864</ele>
        <time>2026-08-14T17:13:24.708Z</time>
      </trkpt>
      <trkpt lat="47.140514" lon="11.460445">
        <ele>1015.095855</ele>
        <time>2026-08-14T17:13:28.413Z</time>
      </trkpt>
      <trkpt lat="47.140310" lon="11.460484">
        <ele>1015.304846</ele>
        <time>2026-08-14T17:13:31.661Z</time>
      </trkpt>
      <trkpt lat="47.140091" lon="11.460414">
        <ele>1015.532529</ele>
        <time>2026-08-14T17:13:35.160Z</time>
      </trkpt>
      <trkpt lat="47.139860" lon="11.460293">
        <ele>1015.781655</ele>
        <time>2026-08-14T17:13:40.380Z</time>
      </trkpt>
      <trkpt lat="47.139233" lon="11.459952">
        <ele>1016.460822</ele>
        <time>2026-08-14T17:13:56.595Z</time>
      </trkpt>
      <trkpt lat="47.139128" lon="11.459895">
        <ele>1016.756161</ele>
        <time>2026-08-14T17:13:59.693Z</time>
      </trkpt>
      <trkpt lat="47.138927" lon="11.459774">
        <ele>1018.414938</ele>
        <time>2026-08-14T17:14:06.713Z</time>
      </trkpt>
      <trkpt lat="47.138867" lon="11.459710">
        <ele>1018.981077</ele>
        <time>2026-08-14T17:14:09.244Z</time>
      </trkpt>
      <trkpt lat="47.138828" lon="11.459611">
        <ele>1019.575400</ele>
        <time>2026-08-14T17:14:12.288Z</time>
      </trkpt>
      <trkpt lat="47.138802" lon="11.459518">
        <ele>1020.097744</ele>
        <time>2026-08-14T17:14:14.914Z</time>
      </trkpt>
      <trkpt lat="47.138744" lon="11.458857">
        <ele>1023.560069</ele>
        <time>2026-08-14T17:14:35.508Z</time>
      </trkpt>
      <trkpt lat="47.138677" lon="11.459128">
        <ele>1025.058011</ele>
        <time>2026-08-14T17:14:47.137Z</time>
      </trkpt>
      <trkpt lat="47.138681" lon="11.459317">
        <ele>1026.040336</ele>
        <time>2026-08-14T17:14:55.554Z</time>
      </trkpt>
      <trkpt lat="47.138654" lon="11.459542">
        <ele>1027.227255</ele>
        <time>2026-08-14T17:15:06.014Z</time>
      </trkpt>
      <trkpt lat="47.138531" lon="11.460137">
        <ele>1030.539682</ele>
        <time>2026-08-14T17:15:36.519Z</time>
      </trkpt>
      <trkpt lat="47.138494" lon="11.460169">
        <ele>1031.021068</ele>
        <time>2026-08-14T17:15:39.922Z</time>
      </trkpt>
      <trkpt lat="47.138026" lon="11.459860">
        <ele>1036.774133</ele>
        <time>2026-08-14T17:16:20.893Z</time>
      </trkpt>
      <trkpt lat="47.137732" lon="11.459575">
        <ele>1040.723245</ele>
        <time>2026-08-14T17:16:48.587Z</time>
      </trkpt>
      <trkpt lat="47.137546" lon="11.459508">
        <ele>1042.870714</ele>
        <time>2026-08-14T17:17:03.306Z</time>
      </trkpt>
      <trkpt lat="47.137070" lon="11.459492">
        <ele>1048.209875</ele>
        <time>2026-08-14T17:17:36.717Z</time>
      </trkpt>
      <trkpt lat="47.136150" lon="11.459685">
        <ele>1052.074905</ele>
        <time>2026-08-14T17:18:24.389Z</time>
      </trkpt>
      <trkpt lat="47.135974" lon="11.459662">
        <ele>1052.467913</ele>
        <time>2026-08-14T17:18:30.341Z</time>
      </trkpt>
      <trkpt lat="47.135422" lon="11.459322">
        <ele>1053.799110</ele>
        <time>2026-08-14T17:18:43.134Z</time>
      </trkpt>
      <trkpt lat="47.135352" lon="11.459253">
        <ele>1053.986569</ele>
        <time>2026-08-14T17:18:44.449Z</time>
      </trkpt>
      <trkpt lat="47.135222" lon="11.458982">
        <ele>1054.298113</ele>
        <time>2026-08-14T17:18:47.738Z</time>
      </trkpt>
      <trkpt lat="47.135120" lon="11.458852">
        <ele>1052.964850</ele>
        <time>2026-08-14T17:18:49.535Z</time>
      </trkpt>
      <trkpt lat="47.134917" lon="11.458802">
        <ele>1050.932057</ele>
        <time>2026-08-14T17:18:52.188Z</time>
      </trkpt>
      <trkpt lat="47.134786" lon="11.458735">
        <ele>1049.562219</ele>
        <time>2026-08-14T17:18:53.951Z</time>
      </trkpt>
      <trkpt lat="47.134830" lon="11.458215">
        <ele>1046.041699</ele>
        <time>2026-08-14T17:18:58.331Z</time>
      </trkpt>
      <trkpt lat="47.134833" lon="11.458112">
        <ele>1045.349064</ele>
        <time>2026-08-14T17:18:59.185Z</time>
      </trkpt>
      <trkpt lat="47.134773" lon="11.457932">
        <ele>1044.002366</ele>
        <time>2026-08-14T17:19:00.839Z</time>
      </trkpt>
      <trkpt lat="47.134691" lon="11.457869">
        <ele>1043.088588</ele>
        <time>2026-08-14T17:19:01.959Z</time>
      </trkpt>
      <trkpt lat="47.134529" lon="11.457873">
        <ele>1041.488436</ele>
        <time>2026-08-14T17:19:03.917Z</time>
      </trkpt>
      <trkpt lat="47.134413" lon="11.457983">
        <ele>1040.125120</ele>
        <time>2026-08-14T17:19:05.591Z</time>
      </trkpt>
      <trkpt lat="47.134346" lon="11.458105">
        <ele>1039.071705</ele>
        <time>2026-08-14T17:19:06.876Z</time>
      </trkpt>
      <trkpt lat="47.134265" lon="11.458151">
        <ele>1038.214119</ele>
        <time>2026-08-14T17:19:07.920Z</time>
      </trkpt>
      <trkpt lat="47.134231" lon="11.458124">
        <ele>1037.832466</ele>
        <time>2026-08-14T17:19:08.395Z</time>
      </trkpt>
      <trkpt lat="47.134213" lon="11.458055">
        <ele>1037.335971</ele>
        <time>2026-08-14T17:19:09.003Z</time>
      </trkpt>
      <trkpt lat="47.134326" lon="11.457753">
        <ele>1034.666462</ele>
        <time>2026-08-14T17:19:11.842Z</time>
      </trkpt>
      <trkpt lat="47.134506" lon="11.457232">
        <ele>1029.908473</ele>
        <time>2026-08-14T17:19:16.690Z</time>
      </trkpt>
      <trkpt lat="47.134539" lon="11.457046">
        <ele>1028.343309</ele>
        <time>2026-08-14T17:19:18.308Z</time>
      </trkpt>
      <trkpt lat="47.134534" lon="11.456972">
        <ele>1027.737800</ele>
        <time>2026-08-14T17:19:18.929Z</time>
      </trkpt>
      <trkpt lat="47.134531" lon="11.456934">
        <ele>1027.426309</ele>
        <time>2026-08-14T17:19:19.242Z</time>
      </trkpt>
      <trkpt lat="47.134496" lon="11.456854">
        <ele>1026.651827</ele>
        <time>2026-08-14T17:19:20.046Z</time>
      </trkpt>
      <trkpt lat="47.134454" lon="11.456836">
        <ele>1026.128185</ele>
        <time>2026-08-14T17:19:20.581Z</time>
      </trkpt>
      <trkpt lat="47.134381" lon="11.456865">
        <ele>1025.223079</ele>
        <time>2026-08-14T17:19:21.511Z</time>
      </trkpt>
      <trkpt lat="47.134330" lon="11.456930">
        <ele>1024.415147</ele>
        <time>2026-08-14T17:19:22.332Z</time>
      </trkpt>
      <trkpt lat="47.134138" lon="11.457151">
        <ele>1021.496324</ele>
        <time>2026-08-14T17:19:25.309Z</time>
      </trkpt>
      <trkpt lat="47.134035" lon="11.457175">
        <ele>1020.248090</ele>
        <time>2026-08-14T17:19:26.577Z</time>
      </trkpt>
      <trkpt lat="47.133975" lon="11.457128">
        <ele>1019.434325</ele>
        <time>2026-08-14T17:19:27.403Z</time>
      </trkpt>
      <trkpt lat="47.133939" lon="11.456966">
        <ele>1018.046632</ele>
        <time>2026-08-14T17:19:28.800Z</time>
      </trkpt>
      <trkpt lat="47.133969" lon="11.456580">
        <ele>1014.910240</ele>
        <time>2026-08-14T17:19:31.949Z</time>
      </trkpt>
      <trkpt lat="47.133962" lon="11.456108">
        <ele>1011.440522</ele>
        <time>2026-08-14T17:19:35.817Z</time>
      </trkpt>
      <trkpt lat="47.133969" lon="11.455813">
        <ele>1009.271145</ele>
        <time>2026-08-14T17:19:38.274Z</time>
      </trkpt>
      <trkpt lat="47.134016" lon="11.455613">
        <ele>1007.716046</ele>
        <time>2026-08-14T17:19:40.040Z</time>
      </trkpt>
      <trkpt lat="47.134077" lon="11.455492">
        <ele>1006.609211</ele>
        <time>2026-08-14T17:19:41.293Z</time>
      </trkpt>
      <trkpt lat="47.134138" lon="11.455410">
        <ele>1005.716202</ele>
        <time>2026-08-14T17:19:42.312Z</time>
      </trkpt>
      <trkpt lat="47.134159" lon="11.455315">
        <ele>1004.982081</ele>
        <time>2026-08-14T17:19:43.148Z</time>
      </trkpt>
      <trkpt lat="47.134142" lon="11.455216">
        <ele>1004.231676</ele>
        <time>2026-08-14T17:19:44.008Z</time>
      </trkpt>
      <trkpt lat="47.134046" lon="11.455149">
        <ele>1003.083601</ele>
        <time>2026-08-14T17:19:45.310Z</time>
      </trkpt>
      <trkpt lat="47.133929" lon="11.455180">
        <ele>1001.799244</ele>
        <time>2026-08-14T17:19:46.780Z</time>
      </trkpt>
      <trkpt lat="47.133697" lon="11.455177">
        <ele>999.292777</ele>
        <time>2026-08-14T17:19:49.628Z</time>
      </trkpt>
      <trkpt lat="47.133523" lon="11.455117">
        <ele>997.361972</ele>
        <time>2026-08-14T17:19:51.852Z</time>
      </trkpt>
      <trkpt lat="47.133261" lon="11.454874">
        <ele>994.933171</ele>
        <time>2026-08-14T17:19:55.762Z</time>
      </trkpt>
      <trkpt lat="47.132968" lon="11.454738">
        <ele>993.390813</ele>
        <time>2026-08-14T17:19:59.894Z</time>
      </trkpt>
      <trkpt lat="47.132965" lon="11.454688">
        <ele>993.219405</ele>
        <time>2026-08-14T17:20:00.345Z</time>
      </trkpt>
      <trkpt lat="47.132952" lon="11.454463">
        <ele>992.448286</ele>
        <time>2026-08-14T17:20:02.445Z</time>
      </trkpt>
      <trkpt lat="47.132882" lon="11.454349">
        <ele>991.923861</ele>
        <time>2026-08-14T17:20:03.660Z</time>
      </trkpt>
      <trkpt lat="47.132766" lon="11.454286">
        <ele>991.303102</ele>
        <time>2026-08-14T17:20:05.071Z</time>
      </trkpt>
      <trkpt lat="47.132574" lon="11.454233">
        <ele>990.322471</ele>
        <time>2026-08-14T17:20:07.345Z</time>
      </trkpt>
      <trkpt lat="47.132194" lon="11.454206">
        <ele>988.412755</ele>
        <time>2026-08-14T17:20:11.905Z</time>
      </trkpt>
      <trkpt lat="47.132113" lon="11.454140">
        <ele>987.947868</ele>
        <time>2026-08-14T17:20:13.077Z</time>
      </trkpt>
      <trkpt lat="47.131917" lon="11.453723">
        <ele>986.720923</ele>
        <time>2026-08-14T17:20:17.895Z</time>
      </trkpt>
      <trkpt lat="47.131811" lon="11.453463">
        <ele>986.762967</ele>
        <time>2026-08-14T17:20:21.330Z</time>
      </trkpt>
      <trkpt lat="47.131803" lon="11.453445">
        <ele>986.765950</ele>
        <time>2026-08-14T17:20:21.605Z</time>
      </trkpt>
      <trkpt lat="47.131595" lon="11.453656">
        <ele>986.817478</ele>
        <time>2026-08-14T17:20:26.310Z</time>
      </trkpt>
      <trkpt lat="47.131188" lon="11.454179">
        <ele>986.927700</ele>
        <time>2026-08-14T17:20:37.902Z</time>
      </trkpt>
      <trkpt lat="47.131059" lon="11.454326">
        <ele>986.960980</ele>
        <time>2026-08-14T17:20:41.460Z</time>
      </trkpt>
      <trkpt lat="47.130892" lon="11.454328">
        <ele>986.995031</ele>
        <time>2026-08-14T17:20:45.039Z</time>
      </trkpt>
      <trkpt lat="47.129998" lon="11.454088">
        <ele>987.457770</ele>
        <time>2026-08-14T17:21:03.462Z</time>
      </trkpt>
      <trkpt lat="47.129487" lon="11.453844">
        <ele>987.837857</ele>
        <time>2026-08-14T17:21:14.784Z</time>
      </trkpt>
      <trkpt lat="47.129469" lon="11.453926">
        <ele>987.879326</ele>
        <time>2026-08-14T17:21:15.945Z</time>
      </trkpt>
      <trkpt lat="47.129411" lon="11.454140">
        <ele>987.990193</ele>
        <time>2026-08-14T17:21:18.985Z</time>
      </trkpt>
      <trkpt lat="47.129381" lon="11.454253">
        <ele>988.048573</ele>
        <time>2026-08-14T17:21:20.505Z</time>
      </trkpt>
      <trkpt lat="47.129334" lon="11.454372">
        <ele>988.114797</ele>
        <time>2026-08-14T17:21:22.055Z</time>
      </trkpt>
      <trkpt lat="47.128963" lon="11.454247">
        <ele>988.443104</ele>
        <time>2026-08-14T17:21:28.978Z</time>
      </trkpt>
      <trkpt lat="47.128560" lon="11.454062">
        <ele>989.145465</ele>
        <time>2026-08-14T17:21:38.449Z</time>
      </trkpt>
      <trkpt lat="47.128514" lon="11.454669">
        <ele>989.836734</ele>
        <time>2026-08-14T17:21:49.349Z</time>
      </trkpt>
      <trkpt lat="47.128501" lon="11.454987">
        <ele>990.197305</ele>
        <time>2026-08-14T17:21:59.889Z</time>
      </trkpt>
      <trkpt lat="47.128479" lon="11.455082">
        <ele>990.310887</ele>
        <time>2026-08-14T17:22:01.712Z</time>
      </trkpt>
      <trkpt lat="47.127941" lon="11.455066">
        <ele>991.206079</ele>
        <time>2026-08-14T17:22:16.297Z</time>
      </trkpt>
      <trkpt lat="47.127208" lon="11.454950">
        <ele>991.409604</ele>
        <time>2026-08-14T17:22:33.707Z</time>
      </trkpt>
      <trkpt lat="47.127119" lon="11.454904">
        <ele>991.420596</ele>
        <time>2026-08-14T17:22:35.271Z</time>
      </trkpt>
      <trkpt lat="47.127004" lon="11.454797">
        <ele>991.436454</ele>
        <time>2026-08-14T17:22:37.433Z</time>
      </trkpt>
      <trkpt lat="47.126863" lon="11.454586">
        <ele>991.459900</ele>
        <time>2026-08-14T17:22:40.488Z</time>
      </trkpt>
      <trkpt lat="47.126405" lon="11.453637">
        <ele>991.530045</ele>
        <time>2026-08-14T17:22:52.169Z</time>
      </trkpt>
      <trkpt lat="47.126006" lon="11.453089">
        <ele>991.453159</ele>
        <time>2026-08-14T17:23:00.561Z</time>
      </trkpt>
      <trkpt lat="47.125870" lon="11.452941">
        <ele>991.429334</ele>
        <time>2026-08-14T17:23:03.286Z</time>
      </trkpt>
      <trkpt lat="47.125673" lon="11.452782">
        <ele>991.397691</ele>
        <time>2026-08-14T17:23:07.064Z</time>
      </trkpt>
      <trkpt lat="47.125553" lon="11.452730">
        <ele>991.380077</ele>
        <time>2026-08-14T17:23:09.305Z</time>
      </trkpt>
      <trkpt lat="47.124967" lon="11.452384">
        <ele>991.291164</ele>
        <time>2026-08-14T17:23:21.446Z</time>
      </trkpt>
      <trkpt lat="47.124419" lon="11.452109">
        <ele>991.973044</ele>
        <time>2026-08-14T17:23:33.120Z</time>
      </trkpt>
      <trkpt lat="47.123226" lon="11.451860">
        <ele>993.437379</ele>
        <time>2026-08-14T17:24:01.398Z</time>
      </trkpt>
      <trkpt lat="47.123115" lon="11.451866">
        <ele>993.600091</ele>
        <time>2026-08-14T17:24:04.319Z</time>
      </trkpt>
      <trkpt lat="47.123018" lon="11.451915">
        <ele>993.760126</ele>
        <time>2026-08-14T17:24:07.013Z</time>
      </trkpt>
      <trkpt lat="47.122958" lon="11.451987">
        <ele>993.880984</ele>
        <time>2026-08-14T17:24:08.985Z</time>
      </trkpt>
      <trkpt lat="47.122889" lon="11.451777">
        <ele>994.128561</ele>
        <time>2026-08-14T17:24:13.168Z</time>
      </trkpt>
      <trkpt lat="47.122837" lon="11.451495">
        <ele>994.438742</ele>
        <time>2026-08-14T17:24:22.294Z</time>
      </trkpt>
      <trkpt lat="47.122798" lon="11.451425">
        <ele>994.534791</ele>
        <time>2026-08-14T17:24:23.874Z</time>
      </trkpt>
      <trkpt lat="47.122416" lon="11.451538">
        <ele>995.142762</ele>
        <time>2026-08-14T17:24:33.402Z</time>
      </trkpt>
      <trkpt lat="47.122374" lon="11.451578">
        <ele>995.220849</ele>
        <time>2026-08-14T17:24:34.761Z</time>
      </trkpt>
      <trkpt lat="47.122022" lon="11.451701">
        <ele>995.785369</ele>
        <time>2026-08-14T17:24:44.503Z</time>
      </trkpt>
      <trkpt lat="47.121339" lon="11.451837">
        <ele>996.901907</ele>
        <time>2026-08-14T17:25:01.578Z</time>
      </trkpt>
      <trkpt lat="47.121084" lon="11.451889">
        <ele>997.332094</ele>
        <time>2026-08-14T17:25:08.022Z</time>
      </trkpt>
      <trkpt lat="47.121057" lon="11.451894">
        <ele>997.377568</ele>
        <time>2026-08-14T17:25:08.718Z</time>
      </trkpt>
      <trkpt lat="47.120875" lon="11.451966">
        <ele>997.692515</ele>
        <time>2026-08-14T17:25:13.378Z</time>
      </trkpt>
      <trkpt lat="47.120551" lon="11.452086">
        <ele>998.250847</ele>
        <time>2026-08-14T17:25:22.128Z</time>
      </trkpt>
      <trkpt lat="47.120472" lon="11.452105">
        <ele>998.384612</ele>
        <time>2026-08-14T17:25:24.407Z</time>
      </trkpt>
      <trkpt lat="47.120126" lon="11.452058">
        <ele>998.965242</ele>
        <time>2026-08-14T17:25:35.030Z</time>
      </trkpt>
      <trkpt lat="47.120034" lon="11.452007">
        <ele>999.129547</ele>
        <time>2026-08-14T17:25:38.217Z</time>
      </trkpt>
      <trkpt lat="47.119932" lon="11.451938">
        <ele>999.323516</ele>
        <time>2026-08-14T17:25:41.962Z</time>
      </trkpt>
      <trkpt lat="47.119618" lon="11.451762">
        <ele>1000.001272</ele>
        <time>2026-08-14T17:25:52.917Z</time>
      </trkpt>
      <trkpt lat="47.118796" lon="11.451572">
        <ele>1001.679420</ele>
        <time>2026-08-14T17:26:14.349Z</time>
      </trkpt>
      <trkpt lat="47.118221" lon="11.451527">
        <ele>1002.840694</ele>
        <time>2026-08-14T17:26:29.149Z</time>
      </trkpt>
      <trkpt lat="47.118079" lon="11.451562">
        <ele>1003.073404</ele>
        <time>2026-08-14T17:26:32.622Z</time>
      </trkpt>
      <trkpt lat="47.117279" lon="11.451792">
        <ele>1004.280697</ele>
        <time>2026-08-14T17:26:50.864Z</time>
      </trkpt>
      <trkpt lat="47.116520" lon="11.451921">
        <ele>1005.412299</ele>
        <time>2026-08-14T17:27:09.693Z</time>
      </trkpt>
      <trkpt lat="47.115656" lon="11.452231">
        <ele>1007.054846</ele>
        <time>2026-08-14T17:27:30.926Z</time>
      </trkpt>
      <trkpt lat="47.115142" lon="11.452440">
        <ele>1008.067835</ele>
        <time>2026-08-14T17:27:44.524Z</time>
      </trkpt>
      <trkpt lat="47.114897" lon="11.452502">
        <ele>1008.540043</ele>
        <time>2026-08-14T17:27:51.612Z</time>
      </trkpt>
      <trkpt lat="47.114721" lon="11.452500">
        <ele>1008.874350</ele>
        <time>2026-08-14T17:27:56.628Z</time>
      </trkpt>
      <trkpt lat="47.114198" lon="11.452353">
        <ele>1009.893755</ele>
        <time>2026-08-14T17:28:11.631Z</time>
      </trkpt>
      <trkpt lat="47.113923" lon="11.452298">
        <ele>1010.425640</ele>
        <time>2026-08-14T17:28:19.225Z</time>
      </trkpt>
      <trkpt lat="47.113870" lon="11.452296">
        <ele>1010.527246</ele>
        <time>2026-08-14T17:28:20.604Z</time>
      </trkpt>
      <trkpt lat="47.112432" lon="11.452349">
        <ele>1012.899536</ele>
        <time>2026-08-14T17:28:55.313Z</time>
      </trkpt>
      <trkpt lat="47.112048" lon="11.452481">
        <ele>1013.310548</ele>
        <time>2026-08-14T17:29:05.163Z</time>
      </trkpt>
      <trkpt lat="47.111520" lon="11.452756">
        <ele>1013.894380</ele>
        <time>2026-08-14T17:29:17.863Z</time>
      </trkpt>
      <trkpt lat="47.111297" lon="11.452922">
        <ele>1014.154916</ele>
        <time>2026-08-14T17:29:22.213Z</time>
      </trkpt>
      <trkpt lat="47.111082" lon="11.453183">
        <ele>1014.271173</ele>
        <time>2026-08-14T17:29:26.815Z</time>
      </trkpt>
      <trkpt lat="47.110948" lon="11.453375">
        <ele>1014.204114</ele>
        <time>2026-08-14T17:29:29.967Z</time>
      </trkpt>
      <trkpt lat="47.110726" lon="11.453792">
        <ele>1014.075017</ele>
        <time>2026-08-14T17:29:35.557Z</time>
      </trkpt>
      <trkpt lat="47.110439" lon="11.454467">
        <ele>1013.880942</ele>
        <time>2026-08-14T17:29:43.553Z</time>
      </trkpt>
      <trkpt lat="47.110305" lon="11.454783">
        <ele>1013.790154</ele>
        <time>2026-08-14T17:29:47.142Z</time>
      </trkpt>
      <trkpt lat="47.108829" lon="11.456690">
        <ele>1014.845195</ele>
        <time>2026-08-14T17:30:27.576Z</time>
      </trkpt>
      <trkpt lat="47.108282" lon="11.457222">
        <ele>1015.492661</ele>
        <time>2026-08-14T17:30:41.512Z</time>
      </trkpt>
      <trkpt lat="47.107913" lon="11.457629">
        <ele>1015.989632</ele>
        <time>2026-08-14T17:30:51.151Z</time>
      </trkpt>
      <trkpt lat="47.107291" lon="11.458186">
        <ele>1016.774204</ele>
        <time>2026-08-14T17:31:07.179Z</time>
      </trkpt>
      <trkpt lat="47.106936" lon="11.458412">
        <ele>1017.301535</ele>
        <time>2026-08-14T17:31:16.752Z</time>
      </trkpt>
      <trkpt lat="47.106586" lon="11.458551">
        <ele>1017.840942</ele>
        <time>2026-08-14T17:31:26.509Z</time>
      </trkpt>
      <trkpt lat="47.106141" lon="11.458667">
        <ele>1018.513338</ele>
        <time>2026-08-14T17:31:38.940Z</time>
      </trkpt>
      <trkpt lat="47.105953" lon="11.458803">
        <ele>1018.825105</ele>
        <time>2026-08-14T17:31:44.182Z</time>
      </trkpt>
      <trkpt lat="47.105709" lon="11.459067">
        <ele>1019.275937</ele>
        <time>2026-08-14T17:31:50.647Z</time>
      </trkpt>
      <trkpt lat="47.105578" lon="11.459328">
        <ele>1019.579688</ele>
        <time>2026-08-14T17:31:54.931Z</time>
      </trkpt>
      <trkpt lat="47.105410" lon="11.459833">
        <ele>1019.639935</ele>
        <time>2026-08-14T17:32:01.736Z</time>
      </trkpt>
      <trkpt lat="47.105516" lon="11.459883">
        <ele>1019.657467</ele>
        <time>2026-08-14T17:32:03.525Z</time>
      </trkpt>
      <trkpt lat="47.105662" lon="11.459861">
        <ele>1019.680578</ele>
        <time>2026-08-14T17:32:08.813Z</time>
      </trkpt>
      <trkpt lat="47.105719" lon="11.459860">
        <ele>1019.689555</ele>
        <time>2026-08-14T17:32:09.734Z</time>
      </trkpt>
      <trkpt lat="47.105751" lon="11.459897">
        <ele>1019.695968</ele>
        <time>2026-08-14T17:32:10.358Z</time>
      </trkpt>
      <trkpt lat="47.105909" lon="11.460240">
        <ele>1019.740359</ele>
        <time>2026-08-14T17:32:14.710Z</time>
      </trkpt>
      <trkpt lat="47.106029" lon="11.460545">
        <ele>1019.778119</ele>
        <time>2026-08-14T17:32:18.433Z</time>
      </trkpt>
      <trkpt lat="47.106171" lon="11.461038">
        <ele>1019.835497</ele>
        <time>2026-08-14T17:32:24.559Z</time>
      </trkpt>
      <trkpt lat="47.106183" lon="11.461520">
        <ele>1020.139249</ele>
        <time>2026-08-14T17:32:31.986Z</time>
      </trkpt>
      <trkpt lat="47.106127" lon="11.461892">
        <ele>1020.558722</ele>
        <time>2026-08-14T17:32:42.406Z</time>
      </trkpt>
      <trkpt lat="47.105952" lon="11.462442">
        <ele>1021.227176</ele>
        <time>2026-08-14T17:32:59.956Z</time>
      </trkpt>
      <trkpt lat="47.105028" lon="11.463450">
        <ele>1022.878178</ele>
        <time>2026-08-14T17:33:45.966Z</time>
      </trkpt>
      <trkpt lat="47.104579" lon="11.463433">
        <ele>1023.125457</ele>
        <time>2026-08-14T17:34:01.480Z</time>
      </trkpt>
      <trkpt lat="47.104344" lon="11.463515">
        <ele>1023.258435</ele>
        <time>2026-08-14T17:34:09.479Z</time>
      </trkpt>
      <trkpt lat="47.104106" lon="11.463554">
        <ele>1023.390278</ele>
        <time>2026-08-14T17:34:17.186Z</time>
      </trkpt>
      <trkpt lat="47.103720" lon="11.463776">
        <ele>1023.618493</ele>
        <time>2026-08-14T17:34:30.175Z</time>
      </trkpt>
      <trkpt lat="47.103232" lon="11.463938">
        <ele>1023.938496</ele>
        <time>2026-08-14T17:34:46.784Z</time>
      </trkpt>
      <trkpt lat="47.103018" lon="11.463967">
        <ele>1024.096101</ele>
        <time>2026-08-14T17:34:54.136Z</time>
      </trkpt>
      <trkpt lat="47.102796" lon="11.463940">
        <ele>1024.259465</ele>
        <time>2026-08-14T17:35:01.839Z</time>
      </trkpt>
      <trkpt lat="47.101914" lon="11.463935">
        <ele>1024.906294</ele>
        <time>2026-08-14T17:35:33.289Z</time>
      </trkpt>
      <trkpt lat="47.101734" lon="11.464040">
        <ele>1025.048325</ele>
        <time>2026-08-14T17:35:40.338Z</time>
      </trkpt>
      <trkpt lat="47.101596" lon="11.464263">
        <ele>1025.284434</ele>
        <time>2026-08-14T17:35:47.911Z</time>
      </trkpt>
      <trkpt lat="47.101362" lon="11.464898">
        <ele>1025.902246</ele>
        <time>2026-08-14T17:36:06.219Z</time>
      </trkpt>
      <trkpt lat="47.101238" lon="11.465106">
        <ele>1026.138814</ele>
        <time>2026-08-14T17:36:13.345Z</time>
      </trkpt>
      <trkpt lat="47.100725" lon="11.465383">
        <ele>1026.825802</ele>
        <time>2026-08-14T17:36:34.059Z</time>
      </trkpt>
      <trkpt lat="47.100120" lon="11.465512">
        <ele>1027.685250</ele>
        <time>2026-08-14T17:36:57.041Z</time>
      </trkpt>
      <trkpt lat="47.099417" lon="11.465569">
        <ele>1028.886591</ele>
        <time>2026-08-14T17:37:24.003Z</time>
      </trkpt>
      <trkpt lat="47.099198" lon="11.465651">
        <ele>1029.272213</ele>
        <time>2026-08-14T17:37:32.890Z</time>
      </trkpt>
      <trkpt lat="47.099040" lon="11.465815">
        <ele>1029.602313</ele>
        <time>2026-08-14T17:37:40.659Z</time>
      </trkpt>
      <trkpt lat="47.098906" lon="11.466005">
        <ele>1029.920088</ele>
        <time>2026-08-14T17:37:48.259Z</time>
      </trkpt>
      <trkpt lat="47.098764" lon="11.466343">
        <ele>1030.381430</ele>
        <time>2026-08-14T17:37:59.453Z</time>
      </trkpt>
      <trkpt lat="47.098618" lon="11.466594">
        <ele>1030.833240</ele>
        <time>2026-08-14T17:38:08.844Z</time>
      </trkpt>
      <trkpt lat="47.098460" lon="11.466786">
        <ele>1031.250209</ele>
        <time>2026-08-14T17:38:17.623Z</time>
      </trkpt>
      <trkpt lat="47.098335" lon="11.466908">
        <ele>1031.555380</ele>
        <time>2026-08-14T17:38:24.109Z</time>
      </trkpt>
      <trkpt lat="47.097888" lon="11.467175">
        <ele>1032.536607</ele>
        <time>2026-08-14T17:38:45.000Z</time>
      </trkpt>
      <trkpt lat="47.097763" lon="11.467265">
        <ele>1032.819680</ele>
        <time>2026-08-14T17:38:48.807Z</time>
      </trkpt>
      <trkpt lat="47.097467" lon="11.467423">
        <ele>1033.460092</ele>
        <time>2026-08-14T17:38:56.904Z</time>
      </trkpt>
      <trkpt lat="47.096859" lon="11.467666">
        <ele>1034.524775</ele>
        <time>2026-08-14T17:39:10.911Z</time>
      </trkpt>
      <trkpt lat="47.096256" lon="11.467835">
        <ele>1035.372696</ele>
        <time>2026-08-14T17:39:23.835Z</time>
      </trkpt>
      <trkpt lat="47.095970" lon="11.467916">
        <ele>1035.775011</ele>
        <time>2026-08-14T17:39:30.214Z</time>
      </trkpt>
      <trkpt lat="47.095743" lon="11.468022">
        <ele>1036.104018</ele>
        <time>2026-08-14T17:39:35.688Z</time>
      </trkpt>
      <trkpt lat="47.095264" lon="11.468398">
        <ele>1037.189194</ele>
        <time>2026-08-14T17:39:50.038Z</time>
      </trkpt>
      <trkpt lat="47.094866" lon="11.468504">
        <ele>1038.364081</ele>
        <time>2026-08-14T17:40:02.101Z</time>
      </trkpt>
      <trkpt lat="47.094264" lon="11.468479">
        <ele>1040.113362</ele>
        <time>2026-08-14T17:40:20.006Z</time>
      </trkpt>
      <trkpt lat="47.093920" lon="11.468312">
        <ele>1041.165709</ele>
        <time>2026-08-14T17:40:30.882Z</time>
      </trkpt>
      <trkpt lat="47.093829" lon="11.468202">
        <ele>1041.508025</ele>
        <time>2026-08-14T17:40:34.474Z</time>
      </trkpt>
      <trkpt lat="47.093815" lon="11.468185">
        <ele>1041.560786</ele>
        <time>2026-08-14T17:40:35.079Z</time>
      </trkpt>
      <trkpt lat="47.093762" lon="11.468096">
        <ele>1041.797879</ele>
        <time>2026-08-14T17:40:37.893Z</time>
      </trkpt>
      <trkpt lat="47.093352" lon="11.468326">
        <ele>1043.283127</ele>
        <time>2026-08-14T17:40:55.823Z</time>
      </trkpt>
      <trkpt lat="47.092890" lon="11.468636">
        <ele>1045.002018</ele>
        <time>2026-08-14T17:41:18.152Z</time>
      </trkpt>
      <trkpt lat="47.092462" lon="11.469630">
        <ele>1047.711764</ele>
        <time>2026-08-14T17:41:44.503Z</time>
      </trkpt>
      <trkpt lat="47.092245" lon="11.469638">
        <ele>1047.807866</ele>
        <time>2026-08-14T17:41:49.188Z</time>
      </trkpt>
      <trkpt lat="47.092021" lon="11.469589">
        <ele>1047.737319</ele>
        <time>2026-08-14T17:41:54.292Z</time>
      </trkpt>
      <trkpt lat="47.091380" lon="11.469693">
        <ele>1047.536431</ele>
        <time>2026-08-14T17:42:05.089Z</time>
      </trkpt>
      <trkpt lat="47.091358" lon="11.469674">
        <ele>1047.528481</ele>
        <time>2026-08-14T17:42:05.448Z</time>
      </trkpt>
      <trkpt lat="47.091316" lon="11.469457">
        <ele>1047.480635</ele>
        <time>2026-08-14T17:42:07.774Z</time>
      </trkpt>
      <trkpt lat="47.091153" lon="11.469583">
        <ele>1047.423258</ele>
        <time>2026-08-14T17:42:10.363Z</time>
      </trkpt>
      <trkpt lat="47.090746" lon="11.469651">
        <ele>1047.321689</ele>
        <time>2026-08-14T17:42:17.234Z</time>
      </trkpt>
      <trkpt lat="47.090007" lon="11.469818">
        <ele>1048.144852</ele>
        <time>2026-08-14T17:42:35.393Z</time>
      </trkpt>
      <trkpt lat="47.089809" lon="11.469893">
        <ele>1048.369969</ele>
        <time>2026-08-14T17:42:40.507Z</time>
      </trkpt>
      <trkpt lat="47.089589" lon="11.469978">
        <ele>1048.620414</ele>
        <time>2026-08-14T17:42:45.887Z</time>
      </trkpt>
      <trkpt lat="47.088297" lon="11.470277">
        <ele>1050.245863</ele>
        <time>2026-08-14T17:43:14.206Z</time>
      </trkpt>
      <trkpt lat="47.087607" lon="11.470755">
        <ele>1051.285823</ele>
        <time>2026-08-14T17:43:31.960Z</time>
      </trkpt>
      <trkpt lat="47.086148" lon="11.471953">
        <ele>1054.395262</ele>
        <time>2026-08-14T17:44:15.770Z</time>
      </trkpt>
      <trkpt lat="47.085596" lon="11.472490">
        <ele>1055.510256</ele>
        <time>2026-08-14T17:44:32.776Z</time>
      </trkpt>
      <trkpt lat="47.085569" lon="11.472557">
        <ele>1055.564742</ele>
        <time>2026-08-14T17:44:34.212Z</time>
      </trkpt>
      <trkpt lat="47.085155" lon="11.472913">
        <ele>1056.057821</ele>
        <time>2026-08-14T17:44:46.860Z</time>
      </trkpt>
      <trkpt lat="47.084718" lon="11.473254">
        <ele>1056.566431</ele>
        <time>2026-08-14T17:44:58.579Z</time>
      </trkpt>
      <trkpt lat="47.084622" lon="11.473452">
        <ele>1056.736539</ele>
        <time>2026-08-14T17:45:01.732Z</time>
      </trkpt>
      <trkpt lat="47.084501" lon="11.474008">
        <ele>1057.145043</ele>
        <time>2026-08-14T17:45:08.056Z</time>
      </trkpt>
      <trkpt lat="47.084326" lon="11.474170">
        <ele>1056.842684</ele>
        <time>2026-08-14T17:45:11.087Z</time>
      </trkpt>
      <trkpt lat="47.084171" lon="11.474146">
        <ele>1056.612228</ele>
        <time>2026-08-14T17:45:13.742Z</time>
      </trkpt>
      <trkpt lat="47.083990" lon="11.474011">
        <ele>1056.312060</ele>
        <time>2026-08-14T17:45:17.275Z</time>
      </trkpt>
      <trkpt lat="47.083847" lon="11.473791">
        <ele>1056.005839</ele>
        <time>2026-08-14T17:45:20.802Z</time>
      </trkpt>
      <trkpt lat="47.083763" lon="11.473581">
        <ele>1055.760623</ele>
        <time>2026-08-14T17:45:23.508Z</time>
      </trkpt>
      <trkpt lat="47.083726" lon="11.473083">
        <ele>1055.256244</ele>
        <time>2026-08-14T17:45:28.826Z</time>
      </trkpt>
      <trkpt lat="47.083781" lon="11.472766">
        <ele>1054.926880</ele>
        <time>2026-08-14T17:45:32.291Z</time>
      </trkpt>
      <trkpt lat="47.083868" lon="11.472573">
        <ele>1054.693839</ele>
        <time>2026-08-14T17:45:34.845Z</time>
      </trkpt>
      <trkpt lat="47.084373" lon="11.472059">
        <ele>1055.538122</ele>
        <time>2026-08-14T17:45:45.428Z</time>
      </trkpt>
      <trkpt lat="47.084432" lon="11.471943">
        <ele>1055.756512</ele>
        <time>2026-08-14T17:45:46.915Z</time>
      </trkpt>
      <trkpt lat="47.084475" lon="11.471771">
        <ele>1056.032879</ele>
        <time>2026-08-14T17:45:48.907Z</time>
      </trkpt>
      <trkpt lat="47.084505" lon="11.471453">
        <ele>1056.517111</ele>
        <time>2026-08-14T17:45:52.866Z</time>
      </trkpt>
      <trkpt lat="47.084456" lon="11.471085">
        <ele>1057.082692</ele>
        <time>2026-08-14T17:45:59.305Z</time>
      </trkpt>
      <trkpt lat="47.084721" lon="11.470413">
        <ele>1058.254002</ele>
        <time>2026-08-14T17:46:19.619Z</time>
      </trkpt>
      <trkpt lat="47.084568" lon="11.470205">
        <ele>1059.916520</ele>
        <time>2026-08-14T17:46:31.369Z</time>
      </trkpt>
      <trkpt lat="47.084533" lon="11.470122">
        <ele>1060.786596</ele>
        <time>2026-08-14T17:46:35.399Z</time>
      </trkpt>
      <trkpt lat="47.084459" lon="11.469859">
        <ele>1063.322744</ele>
        <time>2026-08-14T17:46:48.127Z</time>
      </trkpt>
      <trkpt lat="47.084477" lon="11.469772">
        <ele>1064.133111</ele>
        <time>2026-08-14T17:46:52.569Z</time>
      </trkpt>
      <trkpt lat="47.084590" lon="11.469539">
        <ele>1066.682525</ele>
        <time>2026-08-14T17:47:06.990Z</time>
      </trkpt>
      <trkpt lat="47.084728" lon="11.469143">
        <ele>1070.647109</ele>
        <time>2026-08-14T17:47:32.622Z</time>
      </trkpt>
      <trkpt lat="47.084992" lon="11.468897">
        <ele>1074.739322</ele>
        <time>2026-08-14T17:48:01.678Z</time>
      </trkpt>
      <trkpt lat="47.085142" lon="11.468683">
        <ele>1077.476451</ele>
        <time>2026-08-14T17:48:21.732Z</time>
      </trkpt>
      <trkpt lat="47.085179" lon="11.468575">
        <ele>1078.553924</ele>
        <time>2026-08-14T17:48:29.726Z</time>
      </trkpt>
      <trkpt lat="47.085216" lon="11.468262">
        <ele>1081.385142</ele>
        <time>2026-08-14T17:48:50.368Z</time>
      </trkpt>
      <trkpt lat="47.085336" lon="11.467998">
        <ele>1084.357414</ele>
        <time>2026-08-14T17:49:10.398Z</time>
      </trkpt>
      <trkpt lat="47.085663" lon="11.467651">
        <ele>1089.981703</ele>
        <time>2026-08-14T17:49:45.459Z</time>
      </trkpt>
      <trkpt lat="47.085705" lon="11.467532">
        <ele>1091.254062</ele>
        <time>2026-08-14T17:49:52.976Z</time>
      </trkpt>
      <trkpt lat="47.085344" lon="11.467588">
        <ele>1096.314842</ele>
        <time>2026-08-14T17:50:21.537Z</time>
      </trkpt>
      <trkpt lat="47.085205" lon="11.467661">
        <ele>1098.372849</ele>
        <time>2026-08-14T17:50:32.790Z</time>
      </trkpt>
      <trkpt lat="47.084917" lon="11.467975">
        <ele>1103.373402</ele>
        <time>2026-08-14T17:50:59.838Z</time>
      </trkpt>
      <trkpt lat="47.084774" lon="11.468035">
        <ele>1105.446764</ele>
        <time>2026-08-14T17:51:11.489Z</time>
      </trkpt>
      <trkpt lat="47.084181" lon="11.468044">
        <ele>1114.970736</ele>
        <time>2026-08-14T17:52:00.316Z</time>
      </trkpt>
      <trkpt lat="47.083156" lon="11.468184">
        <ele>1132.043311</ele>
        <time>2026-08-14T17:53:42.565Z</time>
      </trkpt>
      <trkpt lat="47.083023" lon="11.468197">
        <ele>1134.253942</ele>
        <time>2026-08-14T17:53:57.391Z</time>
      </trkpt>
      <trkpt lat="47.082521" lon="11.468532">
        <ele>1143.328160</ele>
        <time>2026-08-14T17:54:56.890Z</time>
      </trkpt>
      <trkpt lat="47.082201" lon="11.468819">
        <ele>1149.479033</ele>
        <time>2026-08-14T17:55:34.768Z</time>
      </trkpt>
      <trkpt lat="47.082095" lon="11.469019">
        <ele>1152.310055</ele>
        <time>2026-08-14T17:55:50.966Z</time>
      </trkpt>
      <trkpt lat="47.082047" lon="11.469341">
        <ele>1155.992106</ele>
        <time>2026-08-14T17:56:10.430Z</time>
      </trkpt>
      <trkpt lat="47.081982" lon="11.469472">
        <ele>1157.802702</ele>
        <time>2026-08-14T17:56:19.994Z</time>
      </trkpt>
      <trkpt lat="47.081877" lon="11.469529">
        <ele>1159.639056</ele>
        <time>2026-08-14T17:56:29.686Z</time>
      </trkpt>
      <trkpt lat="47.081837" lon="11.469474">
        <ele>1160.537951</ele>
        <time>2026-08-14T17:56:34.257Z</time>
      </trkpt>
      <trkpt lat="47.081875" lon="11.469219">
        <ele>1163.453828</ele>
        <time>2026-08-14T17:56:49.363Z</time>
      </trkpt>
      <trkpt lat="47.081918" lon="11.468581">
        <ele>1169.767142</ele>
        <time>2026-08-14T17:57:28.506Z</time>
      </trkpt>
      <trkpt lat="47.082047" lon="11.468287">
        <ele>1172.883474</ele>
        <time>2026-08-14T17:57:48.532Z</time>
      </trkpt>
      <trkpt lat="47.082121" lon="11.468004">
        <ele>1175.584580</ele>
        <time>2026-08-14T17:58:04.724Z</time>
      </trkpt>
      <trkpt lat="47.082085" lon="11.467748">
        <ele>1177.913721</ele>
        <time>2026-08-14T17:58:18.008Z</time>
      </trkpt>
      <trkpt lat="47.081847" lon="11.467488">
        <ele>1181.795119</ele>
        <time>2026-08-14T17:58:40.090Z</time>
      </trkpt>
      <trkpt lat="47.081746" lon="11.467463">
        <ele>1183.135341</ele>
        <time>2026-08-14T17:58:48.010Z</time>
      </trkpt>
      <trkpt lat="47.081620" lon="11.467566">
        <ele>1185.022271</ele>
        <time>2026-08-14T17:58:58.752Z</time>
      </trkpt>
      <trkpt lat="47.081217" lon="11.468323">
        <ele>1193.230326</ele>
        <time>2026-08-14T17:59:48.458Z</time>
      </trkpt>
      <trkpt lat="47.081024" lon="11.468613">
        <ele>1196.490994</ele>
        <time>2026-08-14T18:00:10.185Z</time>
      </trkpt>
      <trkpt lat="47.080799" lon="11.468835">
        <ele>1199.691922</ele>
        <time>2026-08-14T18:00:31.752Z</time>
      </trkpt>
      <trkpt lat="47.080554" lon="11.468894">
        <ele>1202.623651</ele>
        <time>2026-08-14T18:00:51.861Z</time>
      </trkpt>
      <trkpt lat="47.079982" lon="11.468772">
        <ele>1209.448994</ele>
        <time>2026-08-14T18:01:36.015Z</time>
      </trkpt>
      <trkpt lat="47.079726" lon="11.468807">
        <ele>1211.576582</ele>
        <time>2026-08-14T18:01:52.287Z</time>
      </trkpt>
      <trkpt lat="47.079630" lon="11.468865">
        <ele>1211.937410</ele>
        <time>2026-08-14T18:01:57.730Z</time>
      </trkpt>
      <trkpt lat="47.079544" lon="11.468926">
        <ele>1212.269385</ele>
        <time>2026-08-14T18:02:02.753Z</time>
      </trkpt>
      <trkpt lat="47.079153" lon="11.469402">
        <ele>1214.034780</ele>
        <time>2026-08-14T18:02:21.260Z</time>
      </trkpt>
      <trkpt lat="47.078991" lon="11.469528">
        <ele>1214.671989</ele>
        <time>2026-08-14T18:02:26.481Z</time>
      </trkpt>
      <trkpt lat="47.078433" lon="11.469883">
        <ele>1216.785767</ele>
        <time>2026-08-14T18:02:38.451Z</time>
      </trkpt>
      <trkpt lat="47.078365" lon="11.469888">
        <ele>1217.022426</ele>
        <time>2026-08-14T18:02:39.702Z</time>
      </trkpt>
      <trkpt lat="47.078242" lon="11.469819">
        <ele>1217.511035</ele>
        <time>2026-08-14T18:02:42.416Z</time>
      </trkpt>
      <trkpt lat="47.077947" lon="11.469607">
        <ele>1219.809500</ele>
        <time>2026-08-14T18:02:49.967Z</time>
      </trkpt>
      <trkpt lat="47.077715" lon="11.469537">
        <ele>1221.467019</ele>
        <time>2026-08-14T18:02:57.310Z</time>
      </trkpt>
      <trkpt lat="47.077571" lon="11.469545">
        <ele>1222.475491</ele>
        <time>2026-08-14T18:03:02.722Z</time>
      </trkpt>
      <trkpt lat="47.077321" lon="11.469298">
        <ele>1224.584217</ele>
        <time>2026-08-14T18:03:17.628Z</time>
      </trkpt>
      <trkpt lat="47.077015" lon="11.469214">
        <ele>1226.762787</ele>
        <time>2026-08-14T18:03:37.140Z</time>
      </trkpt>
      <trkpt lat="47.076811" lon="11.469000">
        <ele>1228.517323</ele>
        <time>2026-08-14T18:03:54.512Z</time>
      </trkpt>
      <trkpt lat="47.076719" lon="11.468735">
        <ele>1229.934941</ele>
        <time>2026-08-14T18:04:10.378Z</time>
      </trkpt>
      <trkpt lat="47.076681" lon="11.468500">
        <ele>1232.768277</ele>
        <time>2026-08-14T18:04:24.750Z</time>
      </trkpt>
      <trkpt lat="47.076695" lon="11.468105">
        <ele>1237.676047</ele>
        <time>2026-08-14T18:04:50.172Z</time>
      </trkpt>
      <trkpt lat="47.076673" lon="11.467813">
        <ele>1241.321271</ele>
        <time>2026-08-14T18:05:09.785Z</time>
      </trkpt>
      <trkpt lat="47.076880" lon="11.467032">
        <ele>1251.719900</ele>
        <time>2026-08-14T18:06:14.059Z</time>
      </trkpt>
      <trkpt lat="47.076858" lon="11.466910">
        <ele>1253.285833</ele>
        <time>2026-08-14T18:06:24.596Z</time>
      </trkpt>
      <trkpt lat="47.076782" lon="11.466830">
        <ele>1254.989565</ele>
        <time>2026-08-14T18:06:36.066Z</time>
      </trkpt>
      <trkpt lat="47.076546" lon="11.466792">
        <ele>1259.315182</ele>
        <time>2026-08-14T18:07:05.111Z</time>
      </trkpt>
      <trkpt lat="47.076192" lon="11.466537">
        <ele>1266.197126</ele>
        <time>2026-08-14T18:07:47.586Z</time>
      </trkpt>
      <trkpt lat="47.076085" lon="11.466390">
        <ele>1268.648378</ele>
        <time>2026-08-14T18:08:01.302Z</time>
      </trkpt>
      <trkpt lat="47.076018" lon="11.466187">
        <ele>1271.218366</ele>
        <time>2026-08-14T18:08:14.437Z</time>
      </trkpt>
      <trkpt lat="47.075923" lon="11.466038">
        <ele>1273.543692</ele>
        <time>2026-08-14T18:08:25.655Z</time>
      </trkpt>
      <trkpt lat="47.075820" lon="11.465982">
        <ele>1275.381061</ele>
        <time>2026-08-14T18:08:34.353Z</time>
      </trkpt>
      <trkpt lat="47.075671" lon="11.466021">
        <ele>1277.912916</ele>
        <time>2026-08-14T18:08:46.618Z</time>
      </trkpt>
      <trkpt lat="47.075554" lon="11.466128">
        <ele>1280.218742</ele>
        <time>2026-08-14T18:08:58.610Z</time>
      </trkpt>
      <trkpt lat="47.075422" lon="11.466182">
        <ele>1282.511018</ele>
        <time>2026-08-14T18:09:10.806Z</time>
      </trkpt>
      <trkpt lat="47.074957" lon="11.466106">
        <ele>1290.337865</ele>
        <time>2026-08-14T18:09:57.761Z</time>
      </trkpt>
      <trkpt lat="47.074665" lon="11.465843">
        <ele>1295.723475</ele>
        <time>2026-08-14T18:10:33.683Z</time>
      </trkpt>
      <trkpt lat="47.074344" lon="11.465442">
        <ele>1302.007188</ele>
        <time>2026-08-14T18:11:14.735Z</time>
      </trkpt>
      <trkpt lat="47.074221" lon="11.465391">
        <ele>1303.912781</ele>
        <time>2026-08-14T18:11:26.767Z</time>
      </trkpt>
      <trkpt lat="47.074044" lon="11.465376">
        <ele>1306.556166</ele>
        <time>2026-08-14T18:11:43.264Z</time>
      </trkpt>
      <trkpt lat="47.073974" lon="11.465406">
        <ele>1307.643384</ele>
        <time>2026-08-14T18:11:51.424Z</time>
      </trkpt>
      <trkpt lat="47.073779" lon="11.465642">
        <ele>1311.411075</ele>
        <time>2026-08-14T18:12:13.783Z</time>
      </trkpt>
      <trkpt lat="47.073739" lon="11.465815">
        <ele>1313.266235</ele>
        <time>2026-08-14T18:12:24.372Z</time>
      </trkpt>
      <trkpt lat="47.073726" lon="11.465953">
        <ele>1314.680863</ele>
        <time>2026-08-14T18:12:32.286Z</time>
      </trkpt>
      <trkpt lat="47.073816" lon="11.466217">
        <ele>1317.678673</ele>
        <time>2026-08-14T18:12:48.159Z</time>
      </trkpt>
      <trkpt lat="47.073843" lon="11.466383">
        <ele>1319.411680</ele>
        <time>2026-08-14T18:12:56.943Z</time>
      </trkpt>
      <trkpt lat="47.073834" lon="11.466532">
        <ele>1320.638133</ele>
        <time>2026-08-14T18:13:04.082Z</time>
      </trkpt>
      <trkpt lat="47.073654" lon="11.467012">
        <ele>1324.865192</ele>
        <time>2026-08-14T18:13:24.076Z</time>
      </trkpt>
      <trkpt lat="47.073586" lon="11.467115">
        <ele>1325.971810</ele>
        <time>2026-08-14T18:13:28.943Z</time>
      </trkpt>
      <trkpt lat="47.073497" lon="11.467166">
        <ele>1327.053959</ele>
        <time>2026-08-14T18:13:33.810Z</time>
      </trkpt>
      <trkpt lat="47.073262" lon="11.467149">
        <ele>1329.719017</ele>
        <time>2026-08-14T18:13:47.420Z</time>
      </trkpt>
      <trkpt lat="47.073013" lon="11.467267">
        <ele>1332.682685</ele>
        <time>2026-08-14T18:14:07.210Z</time>
      </trkpt>
      <trkpt lat="47.072893" lon="11.467349">
        <ele>1334.181908</ele>
        <time>2026-08-14T18:14:18.591Z</time>
      </trkpt>
      <trkpt lat="47.072652" lon="11.467639">
        <ele>1337.711319</ele>
        <time>2026-08-14T18:14:45.454Z</time>
      </trkpt>
      <trkpt lat="47.072288" lon="11.467946">
        <ele>1341.950692</ele>
        <time>2026-08-14T18:15:20.013Z</time>
      </trkpt>
      <trkpt lat="47.072115" lon="11.468039">
        <ele>1343.585446</ele>
        <time>2026-08-14T18:15:34.214Z</time>
      </trkpt>
      <trkpt lat="47.071932" lon="11.468088">
        <ele>1345.236062</ele>
        <time>2026-08-14T18:15:47.329Z</time>
      </trkpt>
      <trkpt lat="47.071832" lon="11.468180">
        <ele>1346.283207</ele>
        <time>2026-08-14T18:15:55.062Z</time>
      </trkpt>
      <trkpt lat="47.071695" lon="11.468427">
        <ele>1348.208335</ele>
        <time>2026-08-14T18:16:08.514Z</time>
      </trkpt>
      <trkpt lat="47.071490" lon="11.468717">
        <ele>1350.734328</ele>
        <time>2026-08-14T18:16:24.767Z</time>
      </trkpt>
      <trkpt lat="47.071246" lon="11.468879">
        <ele>1353.110514</ele>
        <time>2026-08-14T18:16:38.267Z</time>
      </trkpt>
      <trkpt lat="47.071061" lon="11.469091">
        <ele>1355.192908</ele>
        <time>2026-08-14T18:16:47.035Z</time>
      </trkpt>
      <trkpt lat="47.070862" lon="11.469627">
        <ele>1357.690993</ele>
        <time>2026-08-14T18:17:01.858Z</time>
      </trkpt>
      <trkpt lat="47.070551" lon="11.469973">
        <ele>1359.698769</ele>
        <time>2026-08-14T18:17:16.547Z</time>
      </trkpt>
      <trkpt lat="47.070137" lon="11.470261">
        <ele>1362.056024</ele>
        <time>2026-08-14T18:17:36.025Z</time>
      </trkpt>
      <trkpt lat="47.069527" lon="11.470465">
        <ele>1365.275177</ele>
        <time>2026-08-14T18:18:05.306Z</time>
      </trkpt>
      <trkpt lat="47.067397" lon="11.471068">
        <ele>1377.447531</ele>
        <time>2026-08-14T18:19:54.571Z</time>
      </trkpt>
      <trkpt lat="47.067067" lon="11.471243">
        <ele>1377.895755</ele>
        <time>2026-08-14T18:20:07.437Z</time>
      </trkpt>
      <trkpt lat="47.066856" lon="11.471454">
        <ele>1378.221891</ele>
        <time>2026-08-14T18:20:14.341Z</time>
      </trkpt>
      <trkpt lat="47.066534" lon="11.471994">
        <ele>1378.846383</ele>
        <time>2026-08-14T18:20:22.967Z</time>
      </trkpt>
      <trkpt lat="47.066310" lon="11.472307">
        <ele>1379.241430</ele>
        <time>2026-08-14T18:20:27.646Z</time>
      </trkpt>
      <trkpt lat="47.066120" lon="11.472483">
        <ele>1378.202414</ele>
        <time>2026-08-14T18:20:30.837Z</time>
      </trkpt>
      <trkpt lat="47.065894" lon="11.472608">
        <ele>1376.874826</ele>
        <time>2026-08-14T18:20:34.141Z</time>
      </trkpt>
      <trkpt lat="47.065529" lon="11.472678">
        <ele>1374.851337</ele>
        <time>2026-08-14T18:20:39.071Z</time>
      </trkpt>
      <trkpt lat="47.065401" lon="11.472762">
        <ele>1374.080608</ele>
        <time>2026-08-14T18:20:40.931Z</time>
      </trkpt>
      <trkpt lat="47.065284" lon="11.472907">
        <ele>1373.238919</ele>
        <time>2026-08-14T18:20:42.964Z</time>
      </trkpt>
      <trkpt lat="47.064347" lon="11.473687">
        <ele>1367.548963</ele>
        <time>2026-08-14T18:20:57.493Z</time>
      </trkpt>
      <trkpt lat="47.063827" lon="11.473900">
        <ele>1364.912313</ele>
        <time>2026-08-14T18:21:04.914Z</time>
      </trkpt>
      <trkpt lat="47.063126" lon="11.474294">
        <ele>1361.246328</ele>
        <time>2026-08-14T18:21:15.651Z</time>
      </trkpt>
      <trkpt lat="47.062585" lon="11.474455">
        <ele>1358.253043</ele>
        <time>2026-08-14T18:21:23.729Z</time>
      </trkpt>
      <trkpt lat="47.062056" lon="11.474763">
        <ele>1355.071754</ele>
        <time>2026-08-14T18:21:31.771Z</time>
      </trkpt>
      <trkpt lat="47.061563" lon="11.475106">
        <ele>1352.021952</ele>
        <time>2026-08-14T18:21:39.090Z</time>
      </trkpt>
      <trkpt lat="47.061013" lon="11.475437">
        <ele>1348.201526</ele>
        <time>2026-08-14T18:21:46.683Z</time>
      </trkpt>
      <trkpt lat="47.060818" lon="11.475647">
        <ele>1346.486570</ele>
        <time>2026-08-14T18:21:49.734Z</time>
      </trkpt>
      <trkpt lat="47.060763" lon="11.475794">
        <ele>1345.676418</ele>
        <time>2026-08-14T18:21:51.180Z</time>
      </trkpt>
      <trkpt lat="47.060718" lon="11.476087">
        <ele>1344.225528</ele>
        <time>2026-08-14T18:21:53.777Z</time>
      </trkpt>
      <trkpt lat="47.060666" lon="11.476228">
        <ele>1343.451006</ele>
        <time>2026-08-14T18:21:55.167Z</time>
      </trkpt>
      <trkpt lat="47.060592" lon="11.476348">
        <ele>1342.669103</ele>
        <time>2026-08-14T18:21:56.585Z</time>
      </trkpt>
      <trkpt lat="47.060391" lon="11.476511">
        <ele>1341.040766</ele>
        <time>2026-08-14T18:21:59.598Z</time>
      </trkpt>
      <trkpt lat="47.060093" lon="11.476928">
        <ele>1338.121334</ele>
        <time>2026-08-14T18:22:05.189Z</time>
      </trkpt>
      <trkpt lat="47.059993" lon="11.477032">
        <ele>1337.641894</ele>
        <time>2026-08-14T18:22:06.919Z</time>
      </trkpt>
      <trkpt lat="47.059405" lon="11.477243">
        <ele>1336.416179</ele>
        <time>2026-08-14T18:22:16.478Z</time>
      </trkpt>
      <trkpt lat="47.059021" lon="11.477336">
        <ele>1335.628097</ele>
        <time>2026-08-14T18:22:23.526Z</time>
      </trkpt>
      <trkpt lat="47.058743" lon="11.477309">
        <ele>1335.063937</ele>
        <time>2026-08-14T18:22:28.646Z</time>
      </trkpt>
      <trkpt lat="47.058457" lon="11.477214">
        <ele>1334.470166</ele>
        <time>2026-08-14T18:22:33.796Z</time>
      </trkpt>
      <trkpt lat="47.058171" lon="11.477200">
        <ele>1333.867081</ele>
        <time>2026-08-14T18:22:38.646Z</time>
      </trkpt>
      <trkpt lat="47.057581" lon="11.477284">
        <ele>1332.559627</ele>
        <time>2026-08-14T18:22:48.100Z</time>
      </trkpt>
      <trkpt lat="47.057498" lon="11.477284">
        <ele>1332.376557</ele>
        <time>2026-08-14T18:22:49.142Z</time>
      </trkpt>
      <trkpt lat="47.057264" lon="11.477083">
        <ele>1331.778551</ele>
        <time>2026-08-14T18:22:52.521Z</time>
      </trkpt>
      <trkpt lat="47.057132" lon="11.477042">
        <ele>1331.480955</ele>
        <time>2026-08-14T18:22:54.192Z</time>
      </trkpt>
      <trkpt lat="47.056950" lon="11.477054">
        <ele>1331.079118</ele>
        <time>2026-08-14T18:22:56.473Z</time>
      </trkpt>
      <trkpt lat="47.056748" lon="11.477196">
        <ele>1330.585112</ele>
        <time>2026-08-14T18:22:59.375Z</time>
      </trkpt>
      <trkpt lat="47.056550" lon="11.477639">
        <ele>1330.516597</ele>
        <time>2026-08-14T18:23:04.410Z</time>
      </trkpt>
      <trkpt lat="47.056188" lon="11.477973">
        <ele>1331.291982</ele>
        <time>2026-08-14T18:23:11.310Z</time>
      </trkpt>
      <trkpt lat="47.055405" lon="11.478237">
        <ele>1332.748887</ele>
        <time>2026-08-14T18:23:33.094Z</time>
      </trkpt>
      <trkpt lat="47.055066" lon="11.478285">
        <ele>1333.366498</ele>
        <time>2026-08-14T18:23:46.452Z</time>
      </trkpt>
      <trkpt lat="47.054873" lon="11.478373">
        <ele>1334.359556</ele>
        <time>2026-08-14T18:23:55.101Z</time>
      </trkpt>
      <trkpt lat="47.054589" lon="11.478616">
        <ele>1336.275679</ele>
        <time>2026-08-14T18:24:09.656Z</time>
      </trkpt>
      <trkpt lat="47.054005" lon="11.479047">
        <ele>1340.085801</ele>
        <time>2026-08-14T18:24:40.487Z</time>
      </trkpt>
      <trkpt lat="47.053520" lon="11.479326">
        <ele>1343.122156</ele>
        <time>2026-08-14T18:25:04.173Z</time>
      </trkpt>
      <trkpt lat="47.053496" lon="11.479340">
        <ele>1343.272691</ele>
        <time>2026-08-14T18:25:05.306Z</time>
      </trkpt>
      <trkpt lat="47.053109" lon="11.479437">
        <ele>1344.806556</ele>
        <time>2026-08-14T18:25:21.590Z</time>
      </trkpt>
      <trkpt lat="47.052284" lon="11.479522">
        <ele>1347.391663</ele>
        <time>2026-08-14T18:25:49.212Z</time>
      </trkpt>
      <trkpt lat="47.051942" lon="11.479499">
        <ele>1348.461799</ele>
        <time>2026-08-14T18:25:57.739Z</time>
      </trkpt>
      <trkpt lat="47.051471" lon="11.479467">
        <ele>1349.769529</ele>
        <time>2026-08-14T18:26:07.441Z</time>
      </trkpt>
      <trkpt lat="47.050089" lon="11.479150">
        <ele>1352.228083</ele>
        <time>2026-08-14T18:26:37.292Z</time>
      </trkpt>
      <trkpt lat="47.049742" lon="11.479102">
        <ele>1353.030369</ele>
        <time>2026-08-14T18:26:49.350Z</time>
      </trkpt>
      <trkpt lat="47.049361" lon="11.479105">
        <ele>1354.731471</ele>
        <time>2026-08-14T18:27:04.643Z</time>
      </trkpt>
      <trkpt lat="47.048701" lon="11.478988">
        <ele>1357.699638</ele>
        <time>2026-08-14T18:27:35.193Z</time>
      </trkpt>
      <trkpt lat="47.047951" lon="11.479069">
        <ele>1360.497505</ele>
        <time>2026-08-14T18:28:03.341Z</time>
      </trkpt>
      <trkpt lat="47.047542" lon="11.479076">
        <ele>1359.017646</ele>
        <time>2026-08-14T18:28:10.900Z</time>
      </trkpt>
      <trkpt lat="47.047381" lon="11.479040">
        <ele>1358.428428</ele>
        <time>2026-08-14T18:28:13.182Z</time>
      </trkpt>
      <trkpt lat="47.047211" lon="11.478841">
        <ele>1357.641678</ele>
        <time>2026-08-14T18:28:16.090Z</time>
      </trkpt>
      <trkpt lat="47.046727" lon="11.477939">
        <ele>1354.811273</ele>
        <time>2026-08-14T18:28:24.884Z</time>
      </trkpt>
      <trkpt lat="47.046599" lon="11.477648">
        <ele>1353.426080</ele>
        <time>2026-08-14T18:28:27.374Z</time>
      </trkpt>
      <trkpt lat="47.046483" lon="11.477515">
        <ele>1351.894383</ele>
        <time>2026-08-14T18:28:28.906Z</time>
      </trkpt>
      <trkpt lat="47.046084" lon="11.477257">
        <ele>1347.357567</ele>
        <time>2026-08-14T18:28:33.443Z</time>
      </trkpt>
      <trkpt lat="47.045735" lon="11.476812">
        <ele>1342.546928</ele>
        <time>2026-08-14T18:28:38.230Z</time>
      </trkpt>
      <trkpt lat="47.045138" lon="11.476241">
        <ele>1335.398062</ele>
        <time>2026-08-14T18:28:45.491Z</time>
      </trkpt>
      <trkpt lat="47.044736" lon="11.475777">
        <ele>1333.675595</ele>
        <time>2026-08-14T18:28:51.081Z</time>
      </trkpt>
      <trkpt lat="47.044619" lon="11.475641">
        <ele>1333.172920</ele>
        <time>2026-08-14T18:28:52.889Z</time>
      </trkpt>
      <trkpt lat="47.044509" lon="11.475419">
        <ele>1332.542989</ele>
        <time>2026-08-14T18:28:55.308Z</time>
      </trkpt>
      <trkpt lat="47.044503" lon="11.475250">
        <ele>1332.154615</ele>
        <time>2026-08-14T18:28:56.861Z</time>
      </trkpt>
      <trkpt lat="47.044543" lon="11.475086">
        <ele>1331.754859</ele>
        <time>2026-08-14T18:28:58.537Z</time>
      </trkpt>
      <trkpt lat="47.044903" lon="11.474702">
        <ele>1330.255992</ele>
        <time>2026-08-14T18:29:05.906Z</time>
      </trkpt>
      <trkpt lat="47.045181" lon="11.474485">
        <ele>1329.474418</ele>
        <time>2026-08-14T18:29:13.925Z</time>
      </trkpt>
      <trkpt lat="47.045265" lon="11.474345">
        <ele>1329.484913</ele>
        <time>2026-08-14T18:29:18.135Z</time>
      </trkpt>
      <trkpt lat="47.045276" lon="11.474235">
        <ele>1329.491168</ele>
        <time>2026-08-14T18:29:20.787Z</time>
      </trkpt>
      <trkpt lat="47.045244" lon="11.474092">
        <ele>1329.499636</ele>
        <time>2026-08-14T18:29:24.609Z</time>
      </trkpt>
      <trkpt lat="47.045161" lon="11.474048">
        <ele>1329.506923</ele>
        <time>2026-08-14T18:29:28.102Z</time>
      </trkpt>
      <trkpt lat="47.044736" lon="11.473947">
        <ele>1329.542470</ele>
        <time>2026-08-14T18:29:41.547Z</time>
      </trkpt>
      <trkpt lat="47.044363" lon="11.473717">
        <ele>1329.575876</ele>
        <time>2026-08-14T18:29:48.131Z</time>
      </trkpt>
      <trkpt lat="47.043947" lon="11.473611">
        <ele>1329.610738</ele>
        <time>2026-08-14T18:29:53.516Z</time>
      </trkpt>
      <trkpt lat="47.043666" lon="11.473587">
        <ele>1327.907921</ele>
        <time>2026-08-14T18:29:56.799Z</time>
      </trkpt>
      <trkpt lat="47.043500" lon="11.473647">
        <ele>1326.547572</ele>
        <time>2026-08-14T18:29:58.760Z</time>
      </trkpt>
      <trkpt lat="47.043305" lon="11.473811">
        <ele>1324.759186</ele>
        <time>2026-08-14T18:30:01.307Z</time>
      </trkpt>
      <trkpt lat="47.043185" lon="11.473992">
        <ele>1323.389896</ele>
        <time>2026-08-14T18:30:03.227Z</time>
      </trkpt>
      <trkpt lat="47.043015" lon="11.474352">
        <ele>1321.014976</ele>
        <time>2026-08-14T18:30:06.443Z</time>
      </trkpt>
      <trkpt lat="47.042881" lon="11.474510">
        <ele>1319.647179</ele>
        <time>2026-08-14T18:30:08.241Z</time>
      </trkpt>
      <trkpt lat="47.042656" lon="11.474560">
        <ele>1317.836428</ele>
        <time>2026-08-14T18:30:10.601Z</time>
      </trkpt>
      <trkpt lat="47.042362" lon="11.474540">
        <ele>1315.494539</ele>
        <time>2026-08-14T18:30:13.630Z</time>
      </trkpt>
      <trkpt lat="47.041633" lon="11.474551">
        <ele>1308.317493</ele>
        <time>2026-08-14T18:30:21.159Z</time>
      </trkpt>
      <trkpt lat="47.041513" lon="11.474535">
        <ele>1307.123572</ele>
        <time>2026-08-14T18:30:22.398Z</time>
      </trkpt>
      <trkpt lat="47.041231" lon="11.474496">
        <ele>1304.316987</ele>
        <time>2026-08-14T18:30:25.323Z</time>
      </trkpt>
      <trkpt lat="47.040733" lon="11.474286">
        <ele>1299.182839</ele>
        <time>2026-08-14T18:30:30.807Z</time>
      </trkpt>
      <trkpt lat="47.040232" lon="11.473994">
        <ele>1295.222528</ele>
        <time>2026-08-14T18:30:36.965Z</time>
      </trkpt>
      <trkpt lat="47.040068" lon="11.473847">
        <ele>1294.040635</ele>
        <time>2026-08-14T18:30:39.176Z</time>
      </trkpt>
      <trkpt lat="47.039759" lon="11.473475">
        <ele>1291.582537</ele>
        <time>2026-08-14T18:30:43.646Z</time>
      </trkpt>
      <trkpt lat="47.039589" lon="11.473311">
        <ele>1290.331319</ele>
        <time>2026-08-14T18:30:45.957Z</time>
      </trkpt>
      <trkpt lat="47.039228" lon="11.473150">
        <ele>1288.010872</ele>
        <time>2026-08-14T18:30:50.290Z</time>
      </trkpt>
      <trkpt lat="47.039096" lon="11.473109">
        <ele>1287.181077</ele>
        <time>2026-08-14T18:30:51.846Z</time>
      </trkpt>
      <trkpt lat="47.038803" lon="11.473095">
        <ele>1285.551794</ele>
        <time>2026-08-14T18:30:55.213Z</time>
      </trkpt>
      <trkpt lat="47.038317" lon="11.472790">
        <ele>1282.842400</ele>
        <time>2026-08-14T18:31:01.167Z</time>
      </trkpt>
      <trkpt lat="47.038058" lon="11.472702">
        <ele>1281.479704</ele>
        <time>2026-08-14T18:31:04.212Z</time>
      </trkpt>
      <trkpt lat="47.037705" lon="11.472717">
        <ele>1279.669554</ele>
        <time>2026-08-14T18:31:08.508Z</time>
      </trkpt>
      <trkpt lat="47.037428" lon="11.472680">
        <ele>1278.243848</ele>
        <time>2026-08-14T18:31:11.917Z</time>
      </trkpt>
      <trkpt lat="47.037268" lon="11.472659">
        <ele>1277.420453</ele>
        <time>2026-08-14T18:31:13.836Z</time>
      </trkpt>
      <trkpt lat="47.037029" lon="11.472613">
        <ele>1276.239975</ele>
        <time>2026-08-14T18:31:16.660Z</time>
      </trkpt>
      <trkpt lat="47.036939" lon="11.472592">
        <ele>1275.798170</ele>
        <time>2026-08-14T18:31:17.707Z</time>
      </trkpt>
      <trkpt lat="47.036771" lon="11.472620">
        <ele>1274.978464</ele>
        <time>2026-08-14T18:31:19.635Z</time>
      </trkpt>
      <trkpt lat="47.036461" lon="11.472843">
        <ele>1273.304677</ele>
        <time>2026-08-14T18:31:23.610Z</time>
      </trkpt>
      <trkpt lat="47.036299" lon="11.472886">
        <ele>1272.506549</ele>
        <time>2026-08-14T18:31:25.513Z</time>
      </trkpt>
      <trkpt lat="47.035840" lon="11.472834">
        <ele>1270.274682</ele>
        <time>2026-08-14T18:31:30.781Z</time>
      </trkpt>
      <trkpt lat="47.035657" lon="11.472759">
        <ele>1269.353533</ele>
        <time>2026-08-14T18:31:32.995Z</time>
      </trkpt>
      <trkpt lat="47.035422" lon="11.472549">
        <ele>1268.302493</ele>
        <time>2026-08-14T18:31:36.307Z</time>
      </trkpt>
      <trkpt lat="47.035209" lon="11.472419">
        <ele>1267.869188</ele>
        <time>2026-08-14T18:31:39.224Z</time>
      </trkpt>
      <trkpt lat="47.034969" lon="11.472324">
        <ele>1267.402285</ele>
        <time>2026-08-14T18:31:42.602Z</time>
      </trkpt>
      <trkpt lat="47.034791" lon="11.472126">
        <ele>1266.982731</ele>
        <time>2026-08-14T18:31:45.955Z</time>
      </trkpt>
      <trkpt lat="47.034653" lon="11.471860">
        <ele>1266.554783</ele>
        <time>2026-08-14T18:31:49.470Z</time>
      </trkpt>
      <trkpt lat="47.034488" lon="11.471337">
        <ele>1265.817013</ele>
        <time>2026-08-14T18:31:55.110Z</time>
      </trkpt>
      <trkpt lat="47.034187" lon="11.470989">
        <ele>1265.095432</ele>
        <time>2026-08-14T18:32:00.891Z</time>
      </trkpt>
      <trkpt lat="47.034004" lon="11.470408">
        <ele>1264.025569</ele>
        <time>2026-08-14T18:32:07.343Z</time>
      </trkpt>
      <trkpt lat="47.033946" lon="11.470321">
        <ele>1263.822142</ele>
        <time>2026-08-14T18:32:08.565Z</time>
      </trkpt>
      <trkpt lat="47.033512" lon="11.469988">
        <ele>1262.620985</ele>
        <time>2026-08-14T18:32:15.297Z</time>
      </trkpt>
      <trkpt lat="47.033336" lon="11.469746">
        <ele>1262.029415</ele>
        <time>2026-08-14T18:32:18.254Z</time>
      </trkpt>
      <trkpt lat="47.033038" lon="11.469243">
        <ele>1260.915369</ele>
        <time>2026-08-14T18:32:23.776Z</time>
      </trkpt>
      <trkpt lat="47.032872" lon="11.469109">
        <ele>1260.418678</ele>
        <time>2026-08-14T18:32:26.093Z</time>
      </trkpt>
      <trkpt lat="47.032705" lon="11.469041">
        <ele>1259.937188</ele>
        <time>2026-08-14T18:32:28.216Z</time>
      </trkpt>
      <trkpt lat="47.032405" lon="11.468719">
        <ele>1258.904522</ele>
        <time>2026-08-14T18:32:32.832Z</time>
      </trkpt>
      <trkpt lat="47.032218" lon="11.468429">
        <ele>1258.148583</ele>
        <time>2026-08-14T18:32:36.181Z</time>
      </trkpt>
      <trkpt lat="47.032014" lon="11.467794">
        <ele>1256.819297</ele>
        <time>2026-08-14T18:32:42.213Z</time>
      </trkpt>
      <trkpt lat="47.031807" lon="11.467435">
        <ele>1255.928885</ele>
        <time>2026-08-14T18:32:46.869Z</time>
      </trkpt>
      <trkpt lat="47.031706" lon="11.467385">
        <ele>1255.709224</ele>
        <time>2026-08-14T18:32:48.530Z</time>
      </trkpt>
      <trkpt lat="47.031676" lon="11.467375">
        <ele>1255.728878</ele>
        <time>2026-08-14T18:32:49.013Z</time>
      </trkpt>
      <trkpt lat="47.031514" lon="11.467307">
        <ele>1255.836527</ele>
        <time>2026-08-14T18:32:51.750Z</time>
      </trkpt>
      <trkpt lat="47.031421" lon="11.467227">
        <ele>1255.905401</ele>
        <time>2026-08-14T18:32:53.548Z</time>
      </trkpt>
      <trkpt lat="47.031320" lon="11.467068">
        <ele>1256.000044</ele>
        <time>2026-08-14T18:32:56.070Z</time>
      </trkpt>
      <trkpt lat="47.031082" lon="11.466525">
        <ele>1256.281163</ele>
        <time>2026-08-14T18:33:04.204Z</time>
      </trkpt>
      <trkpt lat="47.030830" lon="11.466079">
        <ele>1256.533427</ele>
        <time>2026-08-14T18:33:13.774Z</time>
      </trkpt>
      <trkpt lat="47.030666" lon="11.465892">
        <ele>1256.666124</ele>
        <time>2026-08-14T18:33:19.602Z</time>
      </trkpt>
      <trkpt lat="47.030382" lon="11.465768">
        <ele>1256.854978</ele>
        <time>2026-08-14T18:33:26.983Z</time>
      </trkpt>
      <trkpt lat="47.030283" lon="11.465689">
        <ele>1256.924145</ele>
        <time>2026-08-14T18:33:29.534Z</time>
      </trkpt>
      <trkpt lat="47.030210" lon="11.465573">
        <ele>1256.990193</ele>
        <time>2026-08-14T18:33:31.857Z</time>
      </trkpt>
      <trkpt lat="47.030094" lon="11.465296">
        <ele>1257.126196</ele>
        <time>2026-08-14T18:33:36.751Z</time>
      </trkpt>
      <trkpt lat="47.029998" lon="11.465162">
        <ele>1257.207523</ele>
        <time>2026-08-14T18:33:39.815Z</time>
      </trkpt>
      <trkpt lat="47.029874" lon="11.465074">
        <ele>1257.292064</ele>
        <time>2026-08-14T18:33:43.219Z</time>
      </trkpt>
      <trkpt lat="47.029393" lon="11.464896">
        <ele>1257.596525</ele>
        <time>2026-08-14T18:33:55.329Z</time>
      </trkpt>
      <trkpt lat="47.029146" lon="11.464687">
        <ele>1257.771528</ele>
        <time>2026-08-14T18:34:00.332Z</time>
      </trkpt>
      <trkpt lat="47.029037" lon="11.464571">
        <ele>1257.854175</ele>
        <time>2026-08-14T18:34:02.275Z</time>
      </trkpt>
      <trkpt lat="47.028904" lon="11.464367">
        <ele>1257.878259</ele>
        <time>2026-08-14T18:34:04.790Z</time>
      </trkpt>
      <trkpt lat="47.028743" lon="11.464062">
        <ele>1257.416220</ele>
        <time>2026-08-14T18:34:08.257Z</time>
      </trkpt>
      <trkpt lat="47.028615" lon="11.463813">
        <ele>1257.042683</ele>
        <time>2026-08-14T18:34:11.384Z</time>
      </trkpt>
      <trkpt lat="47.028594" lon="11.463766">
        <ele>1256.975374</ele>
        <time>2026-08-14T18:34:11.931Z</time>
      </trkpt>
      <trkpt lat="47.028445" lon="11.463436">
        <ele>1256.501276</ele>
        <time>2026-08-14T18:34:15.701Z</time>
      </trkpt>
      <trkpt lat="47.028432" lon="11.463387">
        <ele>1256.438298</ele>
        <time>2026-08-14T18:34:16.165Z</time>
      </trkpt>
      <trkpt lat="47.028371" lon="11.463154">
        <ele>1256.139351</ele>
        <time>2026-08-14T18:34:18.356Z</time>
      </trkpt>
      <trkpt lat="47.028252" lon="11.462955">
        <ele>1255.822282</ele>
        <time>2026-08-14T18:34:20.538Z</time>
      </trkpt>
      <trkpt lat="47.028104" lon="11.462707">
        <ele>1255.427489</ele>
        <time>2026-08-14T18:34:23.875Z</time>
      </trkpt>
      <trkpt lat="47.027962" lon="11.462557">
        <ele>1255.120023</ele>
        <time>2026-08-14T18:34:26.531Z</time>
      </trkpt>
      <trkpt lat="47.027575" lon="11.462569">
        <ele>1255.889958</ele>
        <time>2026-08-14T18:34:33.476Z</time>
      </trkpt>
      <trkpt lat="47.027286" lon="11.462490">
        <ele>1257.528302</ele>
        <time>2026-08-14T18:34:41.797Z</time>
      </trkpt>
      <trkpt lat="47.027219" lon="11.462485">
        <ele>1257.902181</ele>
        <time>2026-08-14T18:34:44.500Z</time>
      </trkpt>
      <trkpt lat="47.027118" lon="11.462515">
        <ele>1258.476485</ele>
        <time>2026-08-14T18:34:47.929Z</time>
      </trkpt>
      <trkpt lat="47.027073" lon="11.462554">
        <ele>1258.767768</ele>
        <time>2026-08-14T18:34:49.842Z</time>
      </trkpt>
      <trkpt lat="47.026977" lon="11.462317">
        <ele>1259.815078</ele>
        <time>2026-08-14T18:34:55.814Z</time>
      </trkpt>
      <trkpt lat="47.026550" lon="11.461714">
        <ele>1263.118194</ele>
        <time>2026-08-14T18:35:26.596Z</time>
      </trkpt>
      <trkpt lat="47.026351" lon="11.461434">
        <ele>1264.654896</ele>
        <time>2026-08-14T18:35:46.493Z</time>
      </trkpt>
      <trkpt lat="47.026307" lon="11.461378">
        <ele>1265.217584</ele>
        <time>2026-08-14T18:35:50.769Z</time>
      </trkpt>
      <trkpt lat="47.026071" lon="11.461377">
        <ele>1268.395670</ele>
        <time>2026-08-14T18:36:09.423Z</time>
      </trkpt>
      <trkpt lat="47.025984" lon="11.461442">
        <ele>1269.710438</ele>
        <time>2026-08-14T18:36:17.385Z</time>
      </trkpt>
      <trkpt lat="47.025722" lon="11.461664">
        <ele>1273.784887</ele>
        <time>2026-08-14T18:36:42.778Z</time>
      </trkpt>
      <trkpt lat="47.025607" lon="11.461762">
        <ele>1275.575856</ele>
        <time>2026-08-14T18:36:54.216Z</time>
      </trkpt>
      <trkpt lat="47.025276" lon="11.461969">
        <ele>1280.421370</ele>
        <time>2026-08-14T18:37:25.513Z</time>
      </trkpt>
      <trkpt lat="47.025199" lon="11.462078">
        <ele>1281.862332</ele>
        <time>2026-08-14T18:37:34.721Z</time>
      </trkpt>
      <trkpt lat="47.025202" lon="11.462185">
        <ele>1282.845394</ele>
        <time>2026-08-14T18:37:40.800Z</time>
      </trkpt>
      <trkpt lat="47.025531" lon="11.462821">
        <ele>1290.166888</ele>
        <time>2026-08-14T18:38:23.113Z</time>
      </trkpt>
      <trkpt lat="47.025993" lon="11.463544">
        <ele>1299.203882</ele>
        <time>2026-08-14T18:39:14.622Z</time>
      </trkpt>
      <trkpt lat="47.026121" lon="11.463826">
        <ele>1302.293395</ele>
        <time>2026-08-14T18:39:33.017Z</time>
      </trkpt>
      <trkpt lat="47.026191" lon="11.464680">
        <ele>1310.137157</ele>
        <time>2026-08-14T18:40:18.240Z</time>
      </trkpt>
      <trkpt lat="47.026489" lon="11.465259">
        <ele>1316.510531</ele>
        <time>2026-08-14T18:40:57.895Z</time>
      </trkpt>
      <trkpt lat="47.026564" lon="11.465670">
        <ele>1320.133244</ele>
        <time>2026-08-14T18:41:20.358Z</time>
      </trkpt>
      <trkpt lat="47.026847" lon="11.466301">
        <ele>1326.564527</ele>
        <time>2026-08-14T18:41:58.112Z</time>
      </trkpt>
      <trkpt lat="47.026948" lon="11.466657">
        <ele>1329.847751</ele>
        <time>2026-08-14T18:42:15.613Z</time>
      </trkpt>
      <trkpt lat="47.026978" lon="11.467030">
        <ele>1333.045689</ele>
        <time>2026-08-14T18:42:32.149Z</time>
      </trkpt>
      <trkpt lat="47.027036" lon="11.467176">
        <ele>1334.484508</ele>
        <time>2026-08-14T18:42:40.137Z</time>
      </trkpt>
      <trkpt lat="47.027298" lon="11.467617">
        <ele>1339.960328</ele>
        <time>2026-08-14T18:43:09.533Z</time>
      </trkpt>
      <trkpt lat="47.027344" lon="11.467789">
        <ele>1341.732919</ele>
        <time>2026-08-14T18:43:19.613Z</time>
      </trkpt>
      <trkpt lat="47.027347" lon="11.468105">
        <ele>1344.764844</ele>
        <time>2026-08-14T18:43:38.320Z</time>
      </trkpt>
      <trkpt lat="47.027517" lon="11.468308">
        <ele>1347.849905</ele>
        <time>2026-08-14T18:43:56.575Z</time>
      </trkpt>
      <trkpt lat="47.027550" lon="11.468403">
        <ele>1348.872830</ele>
        <time>2026-08-14T18:44:02.269Z</time>
      </trkpt>
      <trkpt lat="47.027606" lon="11.468848">
        <ele>1353.214182</ele>
        <time>2026-08-14T18:44:26.422Z</time>
      </trkpt>
      <trkpt lat="47.027601" lon="11.469617">
        <ele>1360.592090</ele>
        <time>2026-08-14T18:45:10.878Z</time>
      </trkpt>
      <trkpt lat="47.027521" lon="11.469513">
        <ele>1362.218637</ele>
        <time>2026-08-14T18:45:20.903Z</time>
      </trkpt>
      <trkpt lat="47.027482" lon="11.469418">
        <ele>1363.389012</ele>
        <time>2026-08-14T18:45:27.841Z</time>
      </trkpt>
      <trkpt lat="47.027382" lon="11.469019">
        <ele>1367.875501</ele>
        <time>2026-08-14T18:45:55.560Z</time>
      </trkpt>
      <trkpt lat="47.027339" lon="11.468931">
        <ele>1369.018188</ele>
        <time>2026-08-14T18:46:02.525Z</time>
      </trkpt>
      <trkpt lat="47.027179" lon="11.468739">
        <ele>1372.218556</ele>
        <time>2026-08-14T18:46:21.435Z</time>
      </trkpt>
      <trkpt lat="47.026883" lon="11.468560">
        <ele>1377.175454</ele>
        <time>2026-08-14T18:46:48.734Z</time>
      </trkpt>
      <trkpt lat="47.026791" lon="11.468262">
        <ele>1380.627978</ele>
        <time>2026-08-14T18:47:07.303Z</time>
      </trkpt>
      <trkpt lat="47.026766" lon="11.468237">
        <ele>1381.096411</ele>
        <time>2026-08-14T18:47:10.155Z</time>
      </trkpt>
      <trkpt lat="47.026711" lon="11.468253">
        <ele>1381.964527</ele>
        <time>2026-08-14T18:47:15.254Z</time>
      </trkpt>
      <trkpt lat="47.026691" lon="11.468298">
        <ele>1382.531475</ele>
        <time>2026-08-14T18:47:18.933Z</time>
      </trkpt>
      <trkpt lat="47.026737" lon="11.468608">
        <ele>1385.879750</ele>
        <time>2026-08-14T18:47:40.315Z</time>
      </trkpt>
      <trkpt lat="47.026872" lon="11.468998">
        <ele>1390.066665</ele>
        <time>2026-08-14T18:48:09.012Z</time>
      </trkpt>
      <trkpt lat="47.026942" lon="11.469943">
        <ele>1397.669174</ele>
        <time>2026-08-14T18:49:02.236Z</time>
      </trkpt>
      <trkpt lat="47.026927" lon="11.470121">
        <ele>1399.103637</ele>
        <time>2026-08-14T18:49:11.216Z</time>
      </trkpt>
      <trkpt lat="47.026840" lon="11.470413">
        <ele>1401.652367</ele>
        <time>2026-08-14T18:49:25.908Z</time>
      </trkpt>
      <trkpt lat="47.026843" lon="11.470494">
        <ele>1402.301153</ele>
        <time>2026-08-14T18:49:29.545Z</time>
      </trkpt>
      <trkpt lat="47.026885" lon="11.470612">
        <ele>1403.365818</ele>
        <time>2026-08-14T18:49:35.167Z</time>
      </trkpt>
      <trkpt lat="47.027107" lon="11.470697">
        <ele>1406.057811</ele>
        <time>2026-08-14T18:49:49.010Z</time>
      </trkpt>
      <trkpt lat="47.027192" lon="11.470793">
        <ele>1407.316436</ele>
        <time>2026-08-14T18:49:54.778Z</time>
      </trkpt>
      <trkpt lat="47.027207" lon="11.470958">
        <ele>1408.647766</ele>
        <time>2026-08-14T18:50:01.038Z</time>
      </trkpt>
      <trkpt lat="47.027188" lon="11.471167">
        <ele>1410.323479</ele>
        <time>2026-08-14T18:50:08.801Z</time>
      </trkpt>
      <trkpt lat="47.027201" lon="11.471709">
        <ele>1414.570043</ele>
        <time>2026-08-14T18:50:28.904Z</time>
      </trkpt>
      <trkpt lat="47.027378" lon="11.472253">
        <ele>1419.290003</ele>
        <time>2026-08-14T18:50:53.763Z</time>
      </trkpt>
      <trkpt lat="47.027394" lon="11.472751">
        <ele>1423.193729</ele>
        <time>2026-08-14T18:51:18.546Z</time>
      </trkpt>
      <trkpt lat="47.027459" lon="11.473501">
        <ele>1429.113586</ele>
        <time>2026-08-14T18:52:00.190Z</time>
      </trkpt>
      <trkpt lat="47.027459" lon="11.473665">
        <ele>1430.397723</ele>
        <time>2026-08-14T18:52:10.267Z</time>
      </trkpt>
      <trkpt lat="47.027410" lon="11.474009">
        <ele>1434.341877</ele>
        <time>2026-08-14T18:52:32.904Z</time>
      </trkpt>
      <trkpt lat="47.027462" lon="11.474281">
        <ele>1437.544804</ele>
        <time>2026-08-14T18:52:51.940Z</time>
      </trkpt>
      <trkpt lat="47.027462" lon="11.474394">
        <ele>1438.825997</ele>
        <time>2026-08-14T18:52:59.694Z</time>
      </trkpt>
      <trkpt lat="47.027310" lon="11.475104">
        <ele>1447.263665</ele>
        <time>2026-08-14T18:53:51.542Z</time>
      </trkpt>
      <trkpt lat="47.027319" lon="11.475806">
        <ele>1455.224361</ele>
        <time>2026-08-14T18:54:40.256Z</time>
      </trkpt>
      <trkpt lat="47.027287" lon="11.476175">
        <ele>1459.441812</ele>
        <time>2026-08-14T18:55:03.977Z</time>
      </trkpt>
      <trkpt lat="47.027268" lon="11.476203">
        <ele>1459.889762</ele>
        <time>2026-08-14T18:55:06.482Z</time>
      </trkpt>
      <trkpt lat="47.027200" lon="11.476197">
        <ele>1460.875074</ele>
        <time>2026-08-14T18:55:12.501Z</time>
      </trkpt>
      <trkpt lat="47.027109" lon="11.475653">
        <ele>1465.706837</ele>
        <time>2026-08-14T18:55:43.900Z</time>
      </trkpt>
      <trkpt lat="47.027047" lon="11.475619">
        <ele>1466.544442</ele>
        <time>2026-08-14T18:55:48.882Z</time>
      </trkpt>
      <trkpt lat="47.027012" lon="11.475629">
        <ele>1466.995672</ele>
        <time>2026-08-14T18:55:51.580Z</time>
      </trkpt>
      <trkpt lat="47.026989" lon="11.475677">
        <ele>1467.501782</ele>
        <time>2026-08-14T18:55:54.565Z</time>
      </trkpt>
      <trkpt lat="47.026977" lon="11.476592">
        <ele>1475.396035</ele>
        <time>2026-08-14T18:56:38.319Z</time>
      </trkpt>
      <trkpt lat="47.027043" lon="11.476836">
        <ele>1477.660433</ele>
        <time>2026-08-14T18:56:50.612Z</time>
      </trkpt>
      <trkpt lat="47.027077" lon="11.477082">
        <ele>1479.825606</ele>
        <time>2026-08-14T18:57:02.388Z</time>
      </trkpt>
      <trkpt lat="47.027184" lon="11.477363">
        <ele>1482.602060</ele>
        <time>2026-08-14T18:57:17.466Z</time>
      </trkpt>
      <trkpt lat="47.027167" lon="11.477669">
        <ele>1485.730066</ele>
        <time>2026-08-14T18:57:32.780Z</time>
      </trkpt>
      <trkpt lat="47.027183" lon="11.478000">
        <ele>1489.251189</ele>
        <time>2026-08-14T18:57:50.787Z</time>
      </trkpt>
      <trkpt lat="47.027153" lon="11.478123">
        <ele>1490.637399</ele>
        <time>2026-08-14T18:57:58.287Z</time>
      </trkpt>
      <trkpt lat="47.026868" lon="11.478450">
        <ele>1496.269722</ele>
        <time>2026-08-14T18:58:31.855Z</time>
      </trkpt>
      <trkpt lat="47.026663" lon="11.478637">
        <ele>1500.027554</ele>
        <time>2026-08-14T18:58:56.872Z</time>
      </trkpt>
      <trkpt lat="47.026188" lon="11.478932">
        <ele>1508.057141</ele>
        <time>2026-08-14T18:59:49.037Z</time>
      </trkpt>
      <trkpt lat="47.025702" lon="11.479177">
        <ele>1515.714453</ele>
        <time>2026-08-14T19:00:36.041Z</time>
      </trkpt>
      <trkpt lat="47.025574" lon="11.479282">
        <ele>1517.837569</ele>
        <time>2026-08-14T19:00:48.974Z</time>
      </trkpt>
      <trkpt lat="47.025160" lon="11.479804">
        <ele>1525.740744</ele>
        <time>2026-08-14T19:01:36.723Z</time>
      </trkpt>
      <trkpt lat="47.024724" lon="11.480618">
        <ele>1535.957108</ele>
        <time>2026-08-14T19:02:35.541Z</time>
      </trkpt>
      <trkpt lat="47.024576" lon="11.480608">
        <ele>1537.766319</ele>
        <time>2026-08-14T19:02:46.647Z</time>
      </trkpt>
      <trkpt lat="47.024134" lon="11.480356">
        <ele>1542.063833</ele>
        <time>2026-08-14T19:03:18.702Z</time>
      </trkpt>
      <trkpt lat="47.024029" lon="11.480360">
        <ele>1543.015716</ele>
        <time>2026-08-14T19:03:24.726Z</time>
      </trkpt>
      <trkpt lat="47.023940" lon="11.480428">
        <ele>1543.925122</ele>
        <time>2026-08-14T19:03:30.228Z</time>
      </trkpt>
      <trkpt lat="47.023926" lon="11.480489">
        <ele>1544.322754</ele>
        <time>2026-08-14T19:03:32.539Z</time>
      </trkpt>
      <trkpt lat="47.023946" lon="11.480660">
        <ele>1545.394600</ele>
        <time>2026-08-14T19:03:38.854Z</time>
      </trkpt>
      <trkpt lat="47.024137" lon="11.481233">
        <ele>1549.335028</ele>
        <time>2026-08-14T19:04:01.959Z</time>
      </trkpt>
      <trkpt lat="47.024166" lon="11.481393">
        <ele>1550.357819</ele>
        <time>2026-08-14T19:04:07.614Z</time>
      </trkpt>
      <trkpt lat="47.024148" lon="11.481540">
        <ele>1551.280492</ele>
        <time>2026-08-14T19:04:12.512Z</time>
      </trkpt>
      <trkpt lat="47.024071" lon="11.481685">
        <ele>1552.415995</ele>
        <time>2026-08-14T19:04:18.342Z</time>
      </trkpt>
      <trkpt lat="47.023951" lon="11.481778">
        <ele>1553.721216</ele>
        <time>2026-08-14T19:04:24.523Z</time>
      </trkpt>
      <trkpt lat="47.023838" lon="11.481803">
        <ele>1555.308820</ele>
        <time>2026-08-14T19:04:29.973Z</time>
      </trkpt>
      <trkpt lat="47.023251" lon="11.481883">
        <ele>1563.498824</ele>
        <time>2026-08-14T19:05:08.539Z</time>
      </trkpt>
      <trkpt lat="47.022876" lon="11.481850">
        <ele>1568.717870</ele>
        <time>2026-08-14T19:05:43.006Z</time>
      </trkpt>
      <trkpt lat="47.022776" lon="11.481870">
        <ele>1570.119971</ele>
        <time>2026-08-14T19:05:53.264Z</time>
      </trkpt>
      <trkpt lat="47.022432" lon="11.482173">
        <ele>1575.694341</ele>
        <time>2026-08-14T19:06:36.088Z</time>
      </trkpt>
      <trkpt lat="47.022161" lon="11.482372">
        <ele>1579.938958</ele>
        <time>2026-08-14T19:07:07.020Z</time>
      </trkpt>
      <trkpt lat="47.021977" lon="11.482550">
        <ele>1583.075530</ele>
        <time>2026-08-14T19:07:28.363Z</time>
      </trkpt>
      <trkpt lat="47.021733" lon="11.482868">
        <ele>1587.720300</ele>
        <time>2026-08-14T19:07:59.589Z</time>
      </trkpt>
      <trkpt lat="47.021734" lon="11.482962">
        <ele>1588.632333</ele>
        <time>2026-08-14T19:08:05.592Z</time>
      </trkpt>
      <trkpt lat="47.021841" lon="11.483169">
        <ele>1591.152505</ele>
        <time>2026-08-14T19:08:21.363Z</time>
      </trkpt>
      <trkpt lat="47.021896" lon="11.483355">
        <ele>1593.119377</ele>
        <time>2026-08-14T19:08:33.224Z</time>
      </trkpt>
      <trkpt lat="47.021882" lon="11.483840">
        <ele>1597.828708</ele>
        <time>2026-08-14T19:08:59.266Z</time>
      </trkpt>
      <trkpt lat="47.021951" lon="11.484830">
        <ele>1605.728113</ele>
        <time>2026-08-14T19:09:44.578Z</time>
      </trkpt>
      <trkpt lat="47.021833" lon="11.485789">
        <ele>1610.295107</ele>
        <time>2026-08-14T19:10:19.846Z</time>
      </trkpt>
      <trkpt lat="47.021834" lon="11.486005">
        <ele>1611.307420</ele>
        <time>2026-08-14T19:10:27.556Z</time>
      </trkpt>
      <trkpt lat="47.021880" lon="11.486439">
        <ele>1613.365808</ele>
        <time>2026-08-14T19:10:40.614Z</time>
      </trkpt>
      <trkpt lat="47.021851" lon="11.486794">
        <ele>1615.041426</ele>
        <time>2026-08-14T19:10:49.624Z</time>
      </trkpt>
      <trkpt lat="47.021806" lon="11.487019">
        <ele>1616.140337</ele>
        <time>2026-08-14T19:10:55.363Z</time>
      </trkpt>
      <trkpt lat="47.021641" lon="11.487372">
        <ele>1618.034509</ele>
        <time>2026-08-14T19:11:05.359Z</time>
      </trkpt>
      <trkpt lat="47.021571" lon="11.487513">
        <ele>1618.798041</ele>
        <time>2026-08-14T19:11:09.680Z</time>
      </trkpt>
      <trkpt lat="47.021544" lon="11.487626">
        <ele>1619.322189</ele>
        <time>2026-08-14T19:11:12.609Z</time>
      </trkpt>
      <trkpt lat="47.021562" lon="11.487688">
        <ele>1619.617174</ele>
        <time>2026-08-14T19:11:14.375Z</time>
      </trkpt>
      <trkpt lat="47.021681" lon="11.487845">
        <ele>1620.644878</ele>
        <time>2026-08-14T19:11:20.980Z</time>
      </trkpt>
      <trkpt lat="47.021710" lon="11.487948">
        <ele>1621.132689</ele>
        <time>2026-08-14T19:11:24.211Z</time>
      </trkpt>
      <trkpt lat="47.021702" lon="11.488039">
        <ele>1621.534329</ele>
        <time>2026-08-14T19:11:27.042Z</time>
      </trkpt>
      <trkpt lat="47.021439" lon="11.488755">
        <ele>1625.094551</ele>
        <time>2026-08-14T19:11:54.912Z</time>
      </trkpt>
      <trkpt lat="47.021078" lon="11.489116">
        <ele>1627.899967</ele>
        <time>2026-08-14T19:12:18.253Z</time>
      </trkpt>
      <trkpt lat="47.020557" lon="11.489791">
        <ele>1633.597976</ele>
        <time>2026-08-14T19:13:07.109Z</time>
      </trkpt>
      <trkpt lat="47.020392" lon="11.490198">
        <ele>1636.257610</ele>
        <time>2026-08-14T19:13:29.549Z</time>
      </trkpt>
      <trkpt lat="47.019997" lon="11.490634">
        <ele>1640.330383</ele>
        <time>2026-08-14T19:13:57.963Z</time>
      </trkpt>
      <trkpt lat="47.019945" lon="11.490689">
        <ele>1640.858559</ele>
        <time>2026-08-14T19:14:01.354Z</time>
      </trkpt>
      <trkpt lat="47.019846" lon="11.490896">
        <ele>1642.278785</ele>
        <time>2026-08-14T19:14:08.675Z</time>
      </trkpt>
      <trkpt lat="47.019785" lon="11.491420">
        <ele>1642.820752</ele>
        <time>2026-08-14T19:14:19.589Z</time>
      </trkpt>
      <trkpt lat="47.019527" lon="11.491819">
        <ele>1642.820752</ele>
        <time>2026-08-14T19:14:26.026Z</time>
      </trkpt>
      <trkpt lat="47.019474" lon="11.491989">
        <ele>1642.820752</ele>
        <time>2026-08-14T19:14:27.771Z</time>
      </trkpt>
      <trkpt lat="47.019559" lon="11.492143">
        <ele>1642.820752</ele>
        <time>2026-08-14T19:14:30.985Z</time>
      </trkpt>
      <trkpt lat="47.019785" lon="11.492263">
        <ele>1642.820752</ele>
        <time>2026-08-14T19:14:36.565Z</time>
      </trkpt>
      <trkpt lat="47.019923" lon="11.492398">
        <ele>1642.820752</ele>
        <time>2026-08-14T19:14:40.401Z</time>
      </trkpt>
      <trkpt lat="47.020309" lon="11.493062">
        <ele>1642.820752</ele>
        <time>2026-08-14T19:14:54.228Z</time>
      </trkpt>
      <trkpt lat="47.020274" lon="11.493122">
        <ele>1642.820752</ele>
        <time>2026-08-14T19:14:55.533Z</time>
      </trkpt>
      <trkpt lat="47.020282" lon="11.493283">
        <ele>1642.820752</ele>
        <time>2026-08-14T19:14:58.143Z</time>
      </trkpt>
    </trkseg>
  </trk>
</gpx>